사고번호,사고일시,요일,시군구,사고내용,사망자수,중상자수,경상자수,부상신고자수,사고유형,법규위반,노면상태,기상상태,도로형태,가해운전자 차종,가해운전자 성별,가해운전자 연령,가해운전자 상해정도,피해운전자 차종,피해운전자 성별,피해운전자 연령,피해운전자 상해정도
2022011000100257,2022년 1월 10일 13시,월요일,대구광역시 북구 침산동,경상사고,0,0,2,0,차대차 - 기타,신호위반,건조,맑음,단일로 - 기타,승용,남,51세,상해없음,승용,여,29세,경상
2022011000100258,2022년 1월 10일 13시,월요일,대구광역시 북구 읍내동,경상사고,0,0,2,0,차대차 - 측면충돌,기타,건조,맑음,단일로 - 기타,승용,남,27세,경상,승용,여,32세,경상
2022011000100288,2022년 1월 10일 14시,월요일,대구광역시 달성군 현풍읍,경상사고,0,0,1,0,차대차 - 정면충돌,안전운전불이행,건조,맑음,단일로 - 기타,승용,여,62세,상해없음,승용,여,43세,경상
2022011000100321,2022년 1월 10일 15시,월요일,대구광역시 북구 태전동,경상사고,0,0,1,0,차대차 - 측면충돌,신호위반,건조,맑음,교차로 - 교차로안,승용,남,33세,상해없음,승용,남,37세,경상
2022011000100354,2022년 1월 10일 16시,월요일,대구광역시 수성구 범어동,경상사고,0,0,2,0,차대차 - 측면충돌,교차로운행방법위반,건조,맑음,교차로 - 교차로안,승용,여,43세,경상,승용,여,40세,경상
2022011000100355,2022년 1월 10일 16시,월요일,대구광역시 북구 산격동,경상사고,0,0,1,0,차대사람 - 횡단중,안전운전불이행,건조,맑음,단일로 - 기타,승용,남,19세,상해없음,보행자,여,57세,경상
2022011000100381,2022년 1월 10일 17시,월요일,대구광역시 북구 팔달동,경상사고,0,0,1,0,차대차 - 측면충돌,차로위반,건조,맑음,단일로 - 기타,승용,남,76세,상해없음,승합,남,53세,경상
2022011000100420,2022년 1월 10일 18시,월요일,대구광역시 남구 대명동,중상사고,0,1,0,0,차대사람 - 기타,보행자보호의무위반,건조,맑음,교차로 - 교차로안,승용,남,42세,상해없음,보행자,여,33세,중상
2022011000100421,2022년 1월 10일 18시,월요일,대구광역시 서구 이현동,경상사고,0,0,1,0,차량단독 - 전도전복 - 전도,안전운전불이행,건조,맑음,단일로 - 기타,이륜,남,73세,경상,,,,
2022011000100422,2022년 1월 10일 18시,월요일,대구광역시 달서구 본리동,경상사고,0,0,2,0,차대차 - 측면충돌,안전거리미확보,건조,맑음,교차로 - 교차로횡단보도내,승용,남,47세,상해없음,승용,남,34세,경상
2022011000100460,2022년 1월 10일 19시,월요일,대구광역시 수성구 욱수동,경상사고,0,0,5,0,차대차 - 추돌,안전운전불이행,건조,맑음,교차로 - 교차로부근,승용,남,46세,상해없음,승용,남,22세,경상
2022011000100479,2022년 1월 10일 20시,월요일,대구광역시 남구 대명동,경상사고,0,0,1,0,차대차 - 기타,안전운전불이행,건조,맑음,교차로 - 교차로안,이륜,남,25세,경상,승용,여,53세,상해없음
2022011000100480,2022년 1월 10일 20시,월요일,대구광역시 달성군 다사읍,경상사고,0,0,2,0,차대차 - 측면충돌,안전운전불이행,건조,맑음,교차로 - 교차로부근,원동기,남,17세,상해없음,승용,남,40세,경상
2022011000100481,2022년 1월 10일 20시,월요일,대구광역시 서구 내당동,경상사고,0,0,1,0,차대차 - 추돌,교차로운행방법위반,건조,맑음,교차로 - 교차로안,이륜,남,22세,상해없음,이륜,남,20세,상해없음
2022011000100482,2022년 1월 10일 20시,월요일,대구광역시 북구 국우동,중상사고,0,1,0,0,차대차 - 측면충돌,안전거리미확보,건조,맑음,단일로 - 기타,승용,여,19세,상해없음,승용,남,39세,중상
2022011000100514,2022년 1월 10일 21시,월요일,대구광역시 북구 노원동3가,경상사고,0,0,3,0,차대차 - 측면충돌,중앙선침범,건조,맑음,교차로 - 교차로부근,이륜,남,49세,상해없음,승용,남,39세,경상
2022011000100515,2022년 1월 10일 21시,월요일,대구광역시 달서구 두류동,부상신고사고,0,0,0,1,차대차 - 기타,안전운전불이행,건조,맑음,단일로 - 기타,이륜,남,25세,부상신고,승합,남,47세,상해없음
2022011000100544,2022년 1월 10일 22시,월요일,대구광역시 동구 신천동,경상사고,0,0,1,0,차대차 - 기타,안전운전불이행,건조,맑음,교차로 - 교차로횡단보도내,개인형이동수단(PM),여,51세,경상,승용,남,55세,상해없음
2022011000100545,2022년 1월 10일 22시,월요일,대구광역시 수성구 연호동,중상사고,0,1,0,0,차대차 - 측면충돌,안전운전불이행,건조,맑음,교차로 - 교차로횡단보도내,이륜,남,18세,상해없음,승용,여,27세,중상
2022011100100015,2022년 1월 11일 01시,화요일,대구광역시 수성구 매호동,경상사고,0,0,1,0,차대차 - 측면충돌,안전거리미확보,건조,맑음,단일로 - 기타,승용,여,60세,상해없음,승용,여,46세,경상
2022011100100065,2022년 1월 11일 07시,화요일,대구광역시 달성군 논공읍,경상사고,0,0,1,0,차대사람 - 길가장자리구역통행중,안전운전불이행,건조,맑음,교차로 - 교차로안,승용,남,55세,상해없음,보행자,남,60세,경상
2022011100100093,2022년 1월 11일 08시,화요일,대구광역시 달서구 월암동,경상사고,0,0,2,0,차대차 - 측면충돌,안전운전불이행,건조,맑음,기타 - 기타,승용,남,59세,경상,승용,여,36세,경상
2022011100100094,2022년 1월 11일 08시,화요일,대구광역시 달서구 진천동,경상사고,0,0,1,0,차대차 - 추돌,안전운전불이행,건조,맑음,교차로 - 교차로부근,승용,남,33세,상해없음,승용,남,32세,경상
2022011100100095,2022년 1월 11일 08시,화요일,대구광역시 북구 읍내동,경상사고,0,0,1,0,차대차 - 추돌,안전운전불이행,건조,맑음,교차로 - 교차로부근,화물,남,35세,상해없음,화물,남,64세,경상
2022011100100154,2022년 1월 11일 10시,화요일,대구광역시 남구 대명동,중상사고,0,1,0,0,차량단독 - 기타,기타,건조,맑음,단일로 - 기타,승합,남,30세,상해없음,,,,
2022011100100214,2022년 1월 11일 12시,화요일,대구광역시 달서구 진천동,경상사고,0,0,1,0,차대차 - 추돌,안전운전불이행,건조,맑음,기타 - 기타,화물,남,57세,상해없음,건설기계,남,52세,경상
2022011100100215,2022년 1월 11일 12시,화요일,대구광역시 중구 태평로3가,중상사고,0,1,0,0,차대차 - 측면충돌,신호위반,건조,맑음,교차로 - 교차로안,승합,남,62세,상해없음,이륜,남,81세,중상
2022011100100254,2022년 1월 11일 13시,화요일,대구광역시 서구 중리동,경상사고,0,0,1,0,차대차 - 기타,안전운전불이행,건조,맑음,교차로 - 교차로부근,승합,남,59세,상해없음,승용,여,45세,경상
2022011100100293,2022년 1월 11일 14시,화요일,대구광역시 수성구 사월동,경상사고,0,0,2,0,차대차 - 기타,교차로운행방법위반,건조,맑음,교차로 - 교차로안,이륜,남,44세,경상,승용,남,32세,경상
2022011100100294,2022년 1월 11일 14시,화요일,대구광역시 달성군 화원읍,경상사고,0,0,2,0,차대차 - 기타,안전운전불이행,건조,맑음,단일로 - 기타,화물,남,57세,경상,화물,남,48세,경상
2022011100100295,2022년 1월 11일 14시,화요일,대구광역시 중구 삼덕동2가,경상사고,0,0,1,0,차대차 - 측면충돌,안전거리미확보,건조,맑음,단일로 - 기타,이륜,남,24세,상해없음,이륜,남,40세,경상
2022011100100324,2022년 1월 11일 15시,화요일,대구광역시 남구 봉덕동,경상사고,0,0,1,0,차대차 - 후진중충돌,불법유턴,건조,맑음,주차장 - 주차장,화물,남,54세,상해없음,승용,여,58세,경상
2022011100100381,2022년 1월 11일 17시,화요일,대구광역시 동구 신천동,경상사고,0,0,1,0,차대차 - 측면충돌,안전운전불이행,건조,맑음,단일로 - 기타,특수,남,53세,상해없음,승용,남,60세,경상
2022011100100382,2022년 1월 11일 17시,화요일,대구광역시 수성구 만촌동,경상사고,0,0,1,0,차대사람 - 횡단중,보행자보호의무위반,건조,맑음,단일로 - 기타,기타불명,기타불명,미분류,기타불명,보행자,여,52세,경상
2022011100100428,2022년 1월 11일 18시,화요일,대구광역시 동구 동호동,경상사고,0,0,1,0,차대차 - 측면충돌,직진우회전진행방해,건조,맑음,교차로 - 교차로부근,승용,여,58세,상해없음,이륜,남,60세,경상
2022011100100429,2022년 1월 11일 18시,화요일,대구광역시 동구 지저동,경상사고,0,0,1,0,차대차 - 측면충돌,안전운전불이행,건조,맑음,교차로 - 교차로안,승용,남,64세,상해없음,자전거,남,50세,경상
2022011100100430,2022년 1월 11일 18시,화요일,대구광역시 북구 칠성동2가,경상사고,0,0,1,0,차대차 - 측면충돌,안전운전불이행,건조,맑음,단일로 - 기타,승용,여,63세,상해없음,승용,여,51세,경상
2022011100100431,2022년 1월 11일 18시,화요일,대구광역시 서구 내당동,경상사고,0,0,1,0,차대차 - 측면충돌,안전거리미확보,건조,맑음,단일로 - 기타,승용,남,69세,상해없음,이륜,남,25세,경상
2022011100100476,2022년 1월 11일 19시,화요일,대구광역시 중구 향촌동,중상사고,0,1,0,0,차대사람 - 기타,안전운전불이행,건조,맑음,단일로 - 기타,화물,남,59세,상해없음,보행자,남,67세,중상
2022011100100477,2022년 1월 11일 19시,화요일,대구광역시 달서구 두류동,중상사고,0,1,0,0,차대차 - 기타,안전운전불이행,건조,흐림,교차로 - 교차로부근,승용,여,55세,상해없음,이륜,남,29세,중상
2022011100100503,2022년 1월 11일 20시,화요일,대구광역시 남구 대명동,경상사고,0,0,5,0,차대차 - 추돌,안전운전불이행,건조,맑음,교차로 - 교차로부근,승용,남,20세,상해없음,승용,남,57세,경상
2022011100100504,2022년 1월 11일 20시,화요일,대구광역시 수성구 욱수동,경상사고,0,0,2,0,차대차 - 추돌,안전운전불이행,건조,맑음,단일로 - 기타,승용,남,62세,상해없음,승용,여,23세,경상
2022011100100505,2022년 1월 11일 20시,화요일,대구광역시 수성구 범물동,경상사고,0,0,1,0,차대사람 - 기타,안전운전불이행,건조,맑음,단일로 - 기타,기타불명,기타불명,미분류,기타불명,보행자,여,7세,경상
2022011100100506,2022년 1월 11일 20시,화요일,대구광역시 달성군 현풍읍,경상사고,0,0,1,0,차대차 - 측면충돌,안전운전불이행,건조,맑음,교차로 - 교차로부근,승용,남,32세,상해없음,승용,남,42세,경상
2022011100100507,2022년 1월 11일 20시,화요일,대구광역시 달서구 본리동,경상사고,0,0,2,0,차대차 - 추돌,안전거리미확보,건조,맑음,교차로 - 교차로부근,승용,남,34세,상해없음,승용,남,67세,경상
2022011100100542,2022년 1월 11일 21시,화요일,대구광역시 서구 상리동,경상사고,0,0,2,0,차대차 - 측면충돌,안전운전불이행,건조,맑음,단일로 - 기타,승용,남,35세,상해없음,승용,여,62세,경상
2022011100100544,2022년 1월 11일 21시,화요일,대구광역시 동구 신암동,중상사고,0,1,0,0,차대사람 - 횡단중,안전운전불이행,건조,맑음,단일로 - 기타,승용,남,33세,상해없음,보행자,남,52세,중상
2022011100100545,2022년 1월 11일 21시,화요일,대구광역시 수성구 만촌동,경상사고,0,0,1,0,차대차 - 측면충돌,안전운전불이행,건조,맑음,단일로 - 기타,이륜,남,32세,상해없음,승용,여,45세,경상
2022011200100010,2022년 1월 12일 01시,수요일,대구광역시 동구 율하동,경상사고,0,0,1,0,차대사람 - 기타,안전운전불이행,건조,맑음,단일로 - 기타,승용,남,68세,상해없음,보행자,남,24세,경상
2022011200100020,2022년 1월 12일 05시,수요일,대구광역시 동구 검사동,중상사고,0,1,0,0,차대차 - 측면충돌,안전거리미확보,건조,맑음,단일로 - 교량,화물,남,32세,상해없음,이륜,남,60세,중상
2022011200100059,2022년 1월 12일 07시,수요일,대구광역시 북구 매천동,경상사고,0,0,2,0,차대차 - 측면충돌,직진우회전진행방해,건조,맑음,교차로 - 교차로안,화물,남,57세,경상,화물,남,40세,경상
2022011200100086,2022년 1월 12일 08시,수요일,대구광역시 수성구 성동,경상사고,0,0,1,0,차대차 - 측면충돌,신호위반,건조,맑음,교차로 - 교차로안,화물,남,71세,상해없음,승용,여,28세,경상
2022011200100087,2022년 1월 12일 08시,수요일,대구광역시 달성군 논공읍,중상사고,0,1,0,0,차대차 - 측면충돌,신호위반,건조,맑음,기타 - 기타,승합,남,26세,상해없음,개인형이동수단(PM),여,36세,중상
2022011200100151,2022년 1월 12일 10시,수요일,대구광역시 동구 신암동,경상사고,0,0,2,0,차대차 - 추돌,안전운전불이행,건조,맑음,단일로 - 기타,승용,여,29세,상해없음,승용,여,39세,경상
2022011200100179,2022년 1월 12일 11시,수요일,대구광역시 동구 신암동,경상사고,0,0,1,0,차대차 - 측면충돌,신호위반,건조,맑음,교차로 - 교차로안,승용,여,53세,상해없음,승용,남,72세,경상
2022011200100218,2022년 1월 12일 12시,수요일,대구광역시 수성구 노변동,경상사고,0,0,1,0,차대차 - 추돌,안전거리미확보,건조,맑음,단일로 - 기타,화물,남,28세,상해없음,승용,여,31세,경상
2022011200100219,2022년 1월 12일 12시,수요일,대구광역시 수성구 범어동,경상사고,0,0,2,0,차대차 - 측면충돌,안전거리미확보,건조,맑음,단일로 - 기타,자전거,남,60세,경상,이륜,남,23세,경상
2022011200100251,2022년 1월 12일 13시,수요일,대구광역시 동구 신암동,부상신고사고,0,0,0,1,차대차 - 측면충돌,안전거리미확보,건조,맑음,단일로 - 기타,승합,남,52세,상해없음,화물,남,65세,부상신고
2022011200100252,2022년 1월 12일 13시,수요일,대구광역시 달서구 진천동,경상사고,0,0,1,0,차대차 - 측면충돌,안전운전불이행,건조,맑음,단일로 - 기타,승용,남,74세,상해없음,승용,여,54세,경상
2022011200100318,2022년 1월 12일 15시,수요일,대구광역시 남구 대명동,경상사고,0,0,1,0,차대차 - 측면충돌,안전운전불이행,건조,맑음,교차로 - 교차로횡단보도내,승용,남,71세,상해없음,이륜,남,23세,경상
2022011200100319,2022년 1월 12일 15시,수요일,대구광역시 동구 효목동,경상사고,0,0,2,0,차대차 - 측면충돌,안전운전불이행,건조,맑음,기타 - 기타,승용,남,40세,경상,화물,남,56세,경상
2022011200100320,2022년 1월 12일 15시,수요일,대구광역시 서구 내당동,경상사고,0,0,1,0,차대사람 - 횡단중,보행자보호의무위반,건조,맑음,교차로 - 교차로부근,승용,여,64세,상해없음,보행자,여,67세,경상
2022011200100352,2022년 1월 12일 16시,수요일,대구광역시 동구 각산동,경상사고,0,0,4,0,차대차 - 측면충돌,신호위반,건조,맑음,교차로 - 교차로안,승용,여,39세,상해없음,승용,남,57세,경상
2022011200100353,2022년 1월 12일 16시,수요일,대구광역시 수성구 수성동2가,경상사고,0,0,1,0,차대차 - 추돌,안전거리미확보,건조,맑음,단일로 - 기타,승용,남,18세,상해없음,승용,여,40세,경상
2022011200100354,2022년 1월 12일 16시,수요일,대구광역시 달서구 성당동,경상사고,0,0,1,0,차대차 - 측면충돌,신호위반,건조,맑음,단일로 - 기타,승용,남,50세,기타불명,이륜,남,42세,경상
2022011200100393,2022년 1월 12일 17시,수요일,대구광역시 달성군 다사읍,중상사고,0,1,0,0,차대차 - 기타,안전운전불이행,건조,맑음,단일로 - 기타,승용,남,48세,상해없음,이륜,남,58세,중상
2022011200100441,2022년 1월 12일 18시,수요일,대구광역시 남구 봉덕동,부상신고사고,0,0,0,1,차대차 - 측면충돌,중앙선침범,건조,맑음,단일로 - 기타,개인형이동수단(PM),남,50세,부상신고,화물,남,52세,상해없음
2022011200100442,2022년 1월 12일 18시,수요일,대구광역시 달서구 유천동,중상사고,0,1,0,0,차대사람 - 기타,안전운전불이행,건조,맑음,단일로 - 기타,이륜,남,27세,상해없음,보행자,여,11세,중상
2022011200100475,2022년 1월 12일 19시,수요일,대구광역시 서구 내당동,경상사고,0,0,2,0,차대차 - 측면충돌,신호위반,건조,맑음,단일로 - 기타,승용,남,36세,상해없음,승용,여,29세,경상
2022011200100550,2022년 1월 12일 21시,수요일,대구광역시 수성구 만촌동,중상사고,0,1,1,0,차대차 - 정면충돌,안전운전불이행,건조,맑음,교차로 - 교차로안,승용,남,31세,기타불명,승용,남,60세,경상
2022011200100551,2022년 1월 12일 21시,수요일,대구광역시 달서구 대곡동,경상사고,0,0,1,0,차대차 - 측면충돌,교차로운행방법위반,건조,맑음,교차로 - 교차로안,승용,남,23세,상해없음,승용,여,29세,상해없음
2022011200100552,2022년 1월 12일 21시,수요일,대구광역시 달서구 이곡동,중상사고,0,1,0,0,차대사람 - 횡단중,보행자보호의무위반,건조,맑음,교차로 - 교차로횡단보도내,화물,남,60세,상해없음,보행자,여,72세,중상
2022011300100022,2022년 1월 13일 05시,목요일,대구광역시 달서구 도원동,경상사고,0,0,1,0,차대차 - 추돌,안전운전불이행,건조,맑음,교차로 - 교차로안,화물,남,64세,상해없음,승용,남,67세,경상
2022011300100038,2022년 1월 13일 06시,목요일,대구광역시 북구 산격동,중상사고,0,1,0,0,차대차 - 측면충돌,안전운전불이행,건조,맑음,단일로 - 기타,화물,남,64세,상해없음,승용,여,24세,중상
2022011300100057,2022년 1월 13일 07시,목요일,대구광역시 수성구 상동,중상사고,0,1,0,0,차대차 - 기타,안전운전불이행,건조,맑음,단일로 - 기타,승용,남,41세,상해없음,자전거,남,71세,중상
2022011300100058,2022년 1월 13일 07시,목요일,대구광역시 수성구 신매동,경상사고,0,0,2,0,차대차 - 측면충돌,차로위반,건조,맑음,교차로 - 교차로부근,승용,여,53세,상해없음,승용,남,35세,경상
2022011300100091,2022년 1월 13일 08시,목요일,대구광역시 수성구 수성동1가,경상사고,0,0,1,0,차대차 - 측면충돌,안전운전불이행,건조,맑음,단일로 - 기타,승용,남,53세,상해없음,자전거,남,62세,경상
2022011300100092,2022년 1월 13일 08시,목요일,대구광역시 서구 평리동,경상사고,0,0,3,1,차대차 - 정면충돌,중앙선침범,건조,맑음,교차로 - 교차로부근,승용,남,49세,부상신고,승용,여,40세,경상
2022011300100114,2022년 1월 13일 09시,목요일,대구광역시 북구 침산동,경상사고,0,0,1,0,차대차 - 측면충돌,신호위반,건조,맑음,단일로 - 기타,화물,남,49세,기타불명,승용,여,36세,경상
2022011300100144,2022년 1월 13일 10시,목요일,대구광역시 수성구 범어동,경상사고,0,0,2,0,차대차 - 측면충돌,안전거리미확보,건조,맑음,단일로 - 기타,승용,남,35세,상해없음,승용,남,59세,경상
2022011300100145,2022년 1월 13일 10시,목요일,대구광역시 달서구 송현동,경상사고,0,0,3,0,차대차 - 측면충돌,신호위반,건조,맑음,교차로 - 교차로안,이륜,남,20세,경상,승용,남,24세,경상
2022011300100146,2022년 1월 13일 10시,목요일,대구광역시 달서구 상인동,경상사고,0,0,1,0,차대차 - 측면충돌,신호위반,건조,맑음,교차로 - 교차로부근,승용,남,71세,상해없음,승용,여,56세,경상
2022011300100147,2022년 1월 13일 10시,목요일,대구광역시 중구 동인동2가,부상신고사고,0,0,0,1,차대차 - 기타,안전거리미확보,건조,맑음,단일로 - 기타,승용,여,40세,부상신고,승합,남,60세,상해없음
2022011300100187,2022년 1월 13일 11시,목요일,대구광역시 달성군 화원읍,중상사고,0,1,0,0,차대사람 - 기타,안전운전불이행,건조,맑음,기타 - 기타,승용,남,79세,상해없음,보행자,여,71세,중상
2022011300100224,2022년 1월 13일 12시,목요일,대구광역시 수성구 범어동,경상사고,0,0,2,0,차대차 - 추돌,안전운전불이행,건조,맑음,교차로 - 교차로부근,승용,여,44세,기타불명,승용,여,35세,경상
2022011300100225,2022년 1월 13일 12시,목요일,대구광역시 달서구 본리동,경상사고,0,0,1,0,차대차 - 측면충돌,중앙선침범,건조,맑음,단일로 - 기타,승용,남,28세,상해없음,이륜,남,53세,경상
2022011300100226,2022년 1월 13일 12시,목요일,대구광역시 중구 동성로3가,경상사고,0,0,1,0,차대사람 - 횡단중,보행자보호의무위반,건조,맑음,단일로 - 기타,이륜,남,21세,상해없음,보행자,여,25세,경상
2022011300100227,2022년 1월 13일 12시,목요일,대구광역시 달서구 죽전동,경상사고,0,0,2,0,차대차 - 측면충돌,안전운전불이행,건조,맑음,기타 - 기타,승용,여,64세,기타불명,승용,여,44세,경상
2022011300100228,2022년 1월 13일 12시,목요일,대구광역시 달서구 성당동,경상사고,0,0,1,0,차대차 - 기타,신호위반,건조,맑음,교차로 - 교차로부근,승용,남,64세,상해없음,이륜,남,39세,경상
2022011300100257,2022년 1월 13일 13시,목요일,대구광역시 동구 효목동,경상사고,0,0,1,0,차대사람 - 길가장자리구역통행중,안전운전불이행,건조,맑음,단일로 - 기타,승용,여,34세,상해없음,보행자,여,66세,경상
2022011300100258,2022년 1월 13일 13시,목요일,대구광역시 서구 상리동,경상사고,0,0,1,0,차대차 - 측면충돌,안전거리미확보,건조,맑음,단일로 - 고가도로위,승용,남,41세,상해없음,승용,남,42세,경상
2022011300100297,2022년 1월 13일 14시,목요일,대구광역시 동구 신암동,경상사고,0,0,1,0,차대차 - 측면충돌,안전거리미확보,건조,맑음,단일로 - 기타,승용,여,31세,기타불명,승용,여,59세,경상
2022011300100298,2022년 1월 13일 14시,목요일,대구광역시 동구 동호동,부상신고사고,0,0,0,1,차대차 - 측면충돌,안전운전불이행,건조,맑음,단일로 - 기타,이륜,여,20세,부상신고,화물,남,62세,상해없음
2022011300100328,2022년 1월 13일 15시,목요일,대구광역시 동구 신암동,경상사고,0,0,2,0,차대차 - 기타,안전운전불이행,건조,맑음,단일로 - 기타,화물,남,69세,상해없음,승용,남,30세,경상
2022011300100329,2022년 1월 13일 15시,목요일,대구광역시 수성구 두산동,경상사고,0,0,1,0,차대차 - 후진중충돌,안전운전불이행,건조,맑음,단일로 - 기타,승용,남,60세,상해없음,승용,남,48세,경상
2022011300100330,2022년 1월 13일 15시,목요일,대구광역시 북구 매천동,경상사고,0,0,1,0,차대차 - 추돌,안전운전불이행,건조,맑음,교차로 - 교차로부근,승용,남,70세,상해없음,승용,여,60세,경상
2022011300100386,2022년 1월 13일 17시,목요일,대구광역시 동구 신천동,경상사고,0,0,1,0,차대차 - 기타,교차로운행방법위반,건조,맑음,교차로 - 교차로안,승용,남,49세,상해없음,원동기,남,21세,경상
2022011300100387,2022년 1월 13일 17시,목요일,대구광역시 달서구 호산동,경상사고,0,0,1,0,차대차 - 기타,안전거리미확보,건조,맑음,단일로 - 기타,기타불명,기타불명,미분류,기타불명,승용,여,53세,경상
2022011300100388,2022년 1월 13일 17시,목요일,대구광역시 북구 금호동,경상사고,0,0,1,0,차대차 - 추돌,안전운전불이행,건조,맑음,교차로 - 교차로부근,승용,남,76세,상해없음,승용,여,65세,경상
2022011300100433,2022년 1월 13일 18시,목요일,대구광역시 동구 지저동,경상사고,0,0,2,0,차대차 - 추돌,안전운전불이행,건조,맑음,교차로 - 교차로안,승용,여,28세,상해없음,승용,여,32세,경상
2022011300100434,2022년 1월 13일 18시,목요일,대구광역시 수성구 시지동,경상사고,0,0,1,0,차대차 - 측면충돌,신호위반,건조,맑음,교차로 - 교차로안,승용,여,30세,상해없음,승용,남,82세,경상
2022011300100435,2022년 1월 13일 18시,목요일,대구광역시 중구 남산동,중상사고,0,1,0,0,차대차 - 측면충돌,안전운전불이행,건조,맑음,단일로 - 기타,승용,여,59세,상해없음,이륜,남,47세,중상
2022011300100469,2022년 1월 13일 19시,목요일,대구광역시 수성구 범어동,경상사고,0,0,1,0,차대차 - 기타,안전운전불이행,건조,맑음,단일로 - 기타,승용,여,44세,상해없음,이륜,남,39세,경상
2022011300100470,2022년 1월 13일 19시,목요일,대구광역시 달서구 이곡동,경상사고,0,0,1,0,차대차 - 추돌,안전운전불이행,건조,맑음,단일로 - 기타,이륜,남,47세,기타불명,승용,남,57세,경상
2022011300100496,2022년 1월 13일 20시,목요일,대구광역시 달서구 대천동,경상사고,0,0,1,0,차대차 - 추돌,안전거리미확보,건조,맑음,단일로 - 기타,승용,여,50세,상해없음,승합,남,51세,경상
2022011300100527,2022년 1월 13일 21시,목요일,대구광역시 수성구 시지동,경상사고,0,0,1,0,차대차 - 후진중충돌,안전운전불이행,건조,맑음,단일로 - 기타,승용,남,64세,상해없음,승용,남,53세,경상
2022011300100528,2022년 1월 13일 21시,목요일,대구광역시 수성구 두산동,경상사고,0,0,1,0,차대차 - 측면충돌,교차로운행방법위반,건조,맑음,교차로 - 교차로안,승용,여,42세,상해없음,이륜,남,33세,경상
2022011300100529,2022년 1월 13일 21시,목요일,대구광역시 달성군 현풍읍,경상사고,0,0,1,0,차대차 - 정면충돌,신호위반,건조,맑음,기타 - 기타,승용,남,22세,상해없음,승용,남,50세,경상
2022011300100553,2022년 1월 13일 22시,목요일,대구광역시 동구 지저동,경상사고,0,0,1,0,차대차 - 추돌,안전운전불이행,건조,맑음,교차로 - 교차로부근,승용,남,44세,상해없음,화물,남,42세,경상
2022011400100008,2022년 1월 14일 00시,금요일,대구광역시 남구 대명동,경상사고,0,0,1,0,차대차 - 기타,안전운전불이행,건조,맑음,단일로 - 기타,승용,남,22세,상해없음,승용,여,35세,경상
2022011400100038,2022년 1월 14일 06시,금요일,대구광역시 북구 복현동,중상사고,0,1,0,0,차대사람 - 횡단중,보행자보호의무위반,건조,맑음,교차로 - 교차로횡단보도내,승용,남,31세,상해없음,보행자,여,80세,중상
2022011400100039,2022년 1월 14일 06시,금요일,대구광역시 달서구 용산동,중상사고,0,1,0,0,차대차 - 측면충돌,안전운전불이행,건조,맑음,단일로 - 기타,승합,남,61세,상해없음,개인형이동수단(PM),남,46세,중상
2022011400100040,2022년 1월 14일 06시,금요일,대구광역시 달서구 호산동,중상사고,0,1,0,0,차대차 - 정면충돌,신호위반,건조,맑음,교차로 - 교차로안,승용,남,47세,상해없음,개인형이동수단(PM),남,45세,중상
2022011400100095,2022년 1월 14일 08시,금요일,대구광역시 동구 율하동,중상사고,0,1,0,0,차대사람 - 횡단중,신호위반,건조,맑음,교차로 - 교차로횡단보도내,승용,여,60세,상해없음,보행자,남,30세,중상
2022011400100156,2022년 1월 14일 10시,금요일,대구광역시 남구 봉덕동,경상사고,0,0,1,0,차대차 - 측면충돌,안전운전불이행,건조,맑음,교차로 - 교차로부근,승용,여,59세,상해없음,승용,남,50세,경상
2022011400100157,2022년 1월 14일 10시,금요일,대구광역시 북구 산격동,경상사고,0,0,2,0,차대차 - 추돌,안전운전불이행,건조,맑음,단일로 - 기타,승용,남,52세,상해없음,승용,여,49세,경상
2022011400100158,2022년 1월 14일 10시,금요일,대구광역시 중구 남산동,경상사고,0,0,1,1,차대차 - 측면충돌,안전운전불이행,건조,맑음,단일로 - 기타,승용,여,39세,부상신고,승용,남,62세,경상
2022011400100194,2022년 1월 14일 11시,금요일,대구광역시 동구 신기동,중상사고,0,1,0,0,차량단독 - 기타,안전운전불이행,건조,맑음,단일로 - 기타,자전거,남,76세,중상,,,,
2022011400100195,2022년 1월 14일 11시,금요일,대구광역시 동구 방촌동,중상사고,0,1,0,0,차대차 - 후진중충돌,불법유턴,건조,맑음,교차로 - 교차로안,화물,남,70세,상해없음,승합,남,31세,중상
2022011400100196,2022년 1월 14일 11시,금요일,대구광역시 수성구 만촌동,경상사고,0,0,1,0,차대차 - 측면충돌,직진우회전진행방해,서리/결빙,흐림,단일로 - 기타,승용,남,55세,상해없음,이륜,남,62세,경상
2022011400100197,2022년 1월 14일 11시,금요일,대구광역시 달서구 상인동,부상신고사고,0,0,0,1,차대차 - 추돌,안전운전불이행,건조,맑음,기타 - 기타,승용,남,68세,상해없음,승용,여,33세,부상신고
2022011400100198,2022년 1월 14일 11시,금요일,대구광역시 북구 노원동3가,경상사고,0,0,1,0,차대차 - 기타,신호위반,건조,맑음,교차로 - 교차로안,자전거,남,79세,경상,화물,남,40세,상해없음
2022011400100199,2022년 1월 14일 11시,금요일,대구광역시 북구 침산동,경상사고,0,0,1,0,차대차 - 추돌,안전운전불이행,건조,맑음,단일로 - 기타,화물,남,37세,상해없음,승용,남,29세,경상
2022011400100231,2022년 1월 14일 12시,금요일,대구광역시 달서구 두류동,중상사고,0,1,0,0,차대차 - 측면충돌,안전거리미확보,건조,맑음,단일로 - 기타,건설기계,남,66세,상해없음,승용,여,56세,중상