사고번호,사고일시,요일,시군구,사고내용,사망자수,중상자수,경상자수,부상신고자수,사고유형,법규위반,노면상태,기상상태,도로형태,가해운전자 차종,가해운전자 성별,가해운전자 연령,가해운전자 상해정도,피해운전자 차종,피해운전자 성별,피해운전자 연령,피해운전자 상해정도
2022011400100232,2022년 1월 14일 12시,금요일,대구광역시 달서구 감삼동,경상사고,0,0,1,0,차대차 - 측면충돌,안전운전불이행,건조,맑음,교차로 - 교차로횡단보도내,승용,남,39세,상해없음,승용,남,68세,경상
2022011400100267,2022년 1월 14일 13시,금요일,대구광역시 수성구 성동,부상신고사고,0,0,0,1,차대사람 - 기타,안전운전불이행,건조,맑음,교차로 - 교차로부근,자전거,남,50세,부상신고,보행자,여,65세,상해없음
2022011400100295,2022년 1월 14일 14시,금요일,대구광역시 수성구 만촌동,중상사고,0,1,0,0,차대차 - 측면충돌,교차로운행방법위반,건조,맑음,교차로 - 교차로안,승용,여,38세,상해없음,이륜,남,41세,중상
2022011400100296,2022년 1월 14일 14시,금요일,대구광역시 수성구 상동,경상사고,0,0,2,0,차량단독 - 기타,안전운전불이행,건조,맑음,단일로 - 기타,승합,남,53세,상해없음,,,,
2022011400100297,2022년 1월 14일 14시,금요일,대구광역시 북구 칠성동2가,경상사고,0,0,1,0,차대차 - 추돌,안전운전불이행,건조,맑음,단일로 - 기타,승용,여,60세,상해없음,승용,여,41세,경상
2022011400100298,2022년 1월 14일 14시,금요일,대구광역시 중구 봉산동,중상사고,0,1,0,0,차대차 - 측면충돌,안전운전불이행,건조,맑음,교차로 - 교차로안,자전거,남,75세,중상,승용,남,51세,상해없음
2022011400100336,2022년 1월 14일 15시,금요일,대구광역시 수성구 만촌동,경상사고,0,0,1,0,차대차 - 기타,안전운전불이행,건조,맑음,교차로 - 교차로안,승용,남,68세,상해없음,승합,남,43세,상해없음
2022011400100370,2022년 1월 14일 16시,금요일,대구광역시 북구 산격동,경상사고,0,0,1,0,차대차 - 측면충돌,안전거리미확보,건조,맑음,교차로 - 교차로부근,이륜,남,28세,상해없음,승용,남,23세,경상
2022011400100415,2022년 1월 14일 17시,금요일,대구광역시 북구 구암동,경상사고,0,0,1,0,차대차 - 측면충돌,불법유턴,건조,맑음,교차로 - 교차로부근,승용,남,49세,상해없음,이륜,남,22세,경상
2022011400100474,2022년 1월 14일 18시,금요일,대구광역시 남구 대명동,중상사고,0,1,0,0,차대차 - 추돌,안전운전불이행,건조,맑음,단일로 - 기타,이륜,남,64세,중상,승용,남,54세,상해없음
2022011400100475,2022년 1월 14일 18시,금요일,대구광역시 달서구 진천동,경상사고,0,0,1,0,차대차 - 측면충돌,차로위반,건조,맑음,단일로 - 기타,승용,남,52세,상해없음,승용,남,69세,상해없음
2022011400100476,2022년 1월 14일 18시,금요일,대구광역시 서구 원대동3가,경상사고,0,0,2,0,차대차 - 추돌,안전거리미확보,건조,맑음,교차로 - 교차로부근,승용,남,60세,상해없음,승용,여,58세,경상
2022011400100477,2022년 1월 14일 18시,금요일,대구광역시 중구 동인동3가,경상사고,0,0,1,0,차대차 - 추돌,안전거리미확보,건조,맑음,단일로 - 기타,승용,남,31세,상해없음,승용,남,39세,경상
2022011400100478,2022년 1월 14일 18시,금요일,대구광역시 달서구 죽전동,경상사고,0,0,1,0,차대차 - 기타,신호위반,건조,맑음,기타 - 기타,승용,여,62세,상해없음,이륜,남,60세,경상
2022011400100532,2022년 1월 14일 19시,금요일,대구광역시 달성군 현풍읍,경상사고,0,0,1,0,차대차 - 기타,안전운전불이행,건조,맑음,단일로 - 기타,승용,남,36세,상해없음,승용,남,27세,경상
2022011400100533,2022년 1월 14일 19시,금요일,대구광역시 서구 비산동,경상사고,0,0,1,0,차대차 - 측면충돌,교차로운행방법위반,건조,맑음,교차로 - 교차로안,승용,남,61세,기타불명,승용,남,38세,경상
2022011400100534,2022년 1월 14일 19시,금요일,대구광역시 북구 읍내동,부상신고사고,0,0,0,1,차대차 - 추돌,안전운전불이행,건조,맑음,교차로 - 교차로안,기타불명,기타불명,미분류,기타불명,이륜,남,23세,부상신고
2022011400100535,2022년 1월 14일 19시,금요일,대구광역시 북구 서변동,중상사고,0,1,0,0,차대차 - 측면충돌,불법유턴,건조,맑음,단일로 - 기타,승용,남,60세,상해없음,이륜,남,52세,중상
2022011400100577,2022년 1월 14일 20시,금요일,대구광역시 중구 삼덕동1가,경상사고,0,0,1,0,차대사람 - 길가장자리구역통행중,안전운전불이행,건조,맑음,단일로 - 기타,승용,남,31세,상해없음,보행자,남,18세,경상
2022011400100628,2022년 1월 14일 21시,금요일,대구광역시 북구 산격동,경상사고,0,0,1,0,차대차 - 측면충돌,안전운전불이행,건조,맑음,단일로 - 기타,승용,여,27세,기타불명,승용,남,55세,상해없음
2022011400100629,2022년 1월 14일 21시,금요일,대구광역시 달서구 죽전동,경상사고,0,0,1,0,차대차 - 기타,안전운전불이행,건조,맑음,교차로 - 교차로안,승용,남,51세,상해없음,승용,남,38세,경상
2022011400100630,2022년 1월 14일 21시,금요일,대구광역시 북구 사수동,경상사고,0,0,1,0,차대차 - 측면충돌,안전거리미확보,건조,맑음,단일로 - 기타,승용,남,20세,상해없음,승용,여,22세,경상
2022011400100662,2022년 1월 14일 22시,금요일,대구광역시 수성구 범어동,중상사고,0,1,0,0,차대차 - 추돌,안전거리미확보,건조,맑음,단일로 - 기타,승용,남,41세,상해없음,이륜,남,30세,중상
2022011400100663,2022년 1월 14일 22시,금요일,대구광역시 달서구 송현동,경상사고,0,0,1,0,차대차 - 측면충돌,안전운전불이행,건조,맑음,단일로 - 기타,화물,여,39세,상해없음,이륜,남,33세,경상
2022011400100675,2022년 1월 14일 23시,금요일,대구광역시 달서구 월성동,중상사고,0,1,0,0,차대사람 - 횡단중,안전운전불이행,건조,맑음,단일로 - 기타,이륜,남,34세,상해없음,보행자,남,30세,중상
2022011500100010,2022년 1월 15일 00시,토요일,대구광역시 수성구 황금동,경상사고,0,0,2,0,차대차 - 추돌,안전운전불이행,건조,맑음,교차로 - 교차로부근,승용,남,41세,상해없음,승용,남,46세,경상
2022011500100011,2022년 1월 15일 00시,토요일,대구광역시 북구 동천동,중상사고,0,1,0,0,차대차 - 측면충돌,안전운전불이행,건조,맑음,단일로 - 지하차도(도로)내,원동기,남,48세,중상,승용,남,44세,상해없음
2022011500100014,2022년 1월 15일 01시,토요일,대구광역시 수성구 두산동,경상사고,0,0,1,0,차대차 - 측면충돌,신호위반,건조,맑음,교차로 - 교차로안,승용,남,29세,상해없음,승용,남,48세,경상
2022011500100020,2022년 1월 15일 03시,토요일,대구광역시 수성구 두산동,경상사고,0,0,2,0,차대차 - 측면충돌,안전운전불이행,건조,맑음,단일로 - 기타,승용,남,29세,상해없음,승용,남,21세,경상
2022011500100037,2022년 1월 15일 06시,토요일,대구광역시 서구 비산동,경상사고,0,0,1,0,차대차 - 측면충돌,중앙선침범,건조,맑음,교차로 - 교차로부근,자전거,남,69세,경상,승용,남,57세,상해없음
2022011500100047,2022년 1월 15일 07시,토요일,대구광역시 수성구 이천동,경상사고,0,0,1,0,차대차 - 측면충돌,안전운전불이행,건조,맑음,단일로 - 기타,화물,남,51세,상해없음,자전거,남,46세,경상
2022011500100065,2022년 1월 15일 08시,토요일,대구광역시 달서구 본동,경상사고,0,0,2,0,차대차 - 측면충돌,신호위반,건조,맑음,교차로 - 교차로부근,승용,남,56세,상해없음,승용,남,25세,경상
2022011500100087,2022년 1월 15일 09시,토요일,대구광역시 수성구 수성동2가,경상사고,0,0,1,0,차대사람 - 횡단중,보행자보호의무위반,건조,맑음,교차로 - 교차로횡단보도내,승용,남,38세,상해없음,보행자,여,11세,경상
2022011500100112,2022년 1월 15일 10시,토요일,대구광역시 동구 신천동,중상사고,0,1,2,0,차대차 - 추돌,안전운전불이행,건조,맑음,교차로 - 교차로부근,승용,여,42세,상해없음,승용,남,60세,경상
2022011500100144,2022년 1월 15일 11시,토요일,대구광역시 수성구 지산동,경상사고,0,0,1,0,차대차 - 추돌,안전운전불이행,건조,맑음,단일로 - 지하차도(도로)내,승용,남,19세,기타불명,승용,남,22세,경상
2022011500100145,2022년 1월 15일 11시,토요일,대구광역시 북구 대현동,중상사고,0,1,0,0,차대차 - 기타,중앙선침범,건조,맑음,단일로 - 기타,승용,여,46세,상해없음,승용,여,58세,중상
2022011500100174,2022년 1월 15일 12시,토요일,대구광역시 남구 대명동,경상사고,0,0,1,1,차대차 - 추돌,안전운전불이행,건조,맑음,단일로 - 기타,이륜,남,23세,부상신고,화물,남,35세,상해없음
2022011500100206,2022년 1월 15일 13시,토요일,대구광역시 동구 신암동,중상사고,0,1,0,0,차대차 - 측면충돌,직진우회전진행방해,건조,맑음,교차로 - 교차로안,승용,여,42세,상해없음,이륜,남,39세,중상
2022011500100207,2022년 1월 15일 13시,토요일,대구광역시 달서구 본리동,경상사고,0,0,1,0,차대사람 - 횡단중,안전운전불이행,건조,맑음,단일로 - 기타,승용,남,72세,상해없음,보행자,남,27세,경상
2022011500100237,2022년 1월 15일 14시,토요일,대구광역시 북구 태전동,경상사고,0,0,3,0,차대차 - 측면충돌,신호위반,건조,맑음,교차로 - 교차로안,승용,여,40세,경상,승용,남,47세,경상
2022011500100266,2022년 1월 15일 15시,토요일,대구광역시 달성군 논공읍,중상사고,0,1,1,0,차대차 - 측면충돌,안전운전불이행,건조,맑음,단일로 - 기타,승용,여,52세,상해없음,원동기,여,42세,중상
2022011500100301,2022년 1월 15일 16시,토요일,대구광역시 동구 효목동,경상사고,0,0,2,0,차대차 - 추돌,안전거리미확보,건조,맑음,단일로 - 기타,승용,남,52세,상해없음,승용,남,62세,경상
2022011500100302,2022년 1월 15일 16시,토요일,대구광역시 달서구 송현동,중상사고,0,1,0,0,차대사람 - 차도통행중,안전운전불이행,건조,맑음,교차로 - 교차로횡단보도내,승용,남,27세,상해없음,보행자,여,80세,중상
2022011500100331,2022년 1월 15일 17시,토요일,대구광역시 중구 남산동,경상사고,0,0,1,0,차대차 - 측면충돌,안전운전불이행,건조,맑음,교차로 - 교차로부근,승용,여,54세,상해없음,이륜,남,27세,경상
2022011500100332,2022년 1월 15일 17시,토요일,대구광역시 동구 신천동,경상사고,0,0,2,0,차대차 - 기타,안전거리미확보,건조,맑음,단일로 - 기타,승용,남,59세,경상,승용,여,57세,경상
2022011500100333,2022년 1월 15일 17시,토요일,대구광역시 달서구 상인동,경상사고,0,0,6,0,차대차 - 측면충돌,신호위반,건조,맑음,교차로 - 교차로안,승용,여,47세,상해없음,자전거,남,62세,상해없음
2022011500100334,2022년 1월 15일 17시,토요일,대구광역시 달서구 상인동,경상사고,0,0,1,0,차대차 - 측면충돌,차로위반,건조,맑음,단일로 - 기타,승용,남,32세,상해없음,승용,남,28세,경상
2022011500100335,2022년 1월 15일 17시,토요일,대구광역시 서구 평리동,경상사고,0,0,1,0,차대차 - 측면충돌,직진우회전진행방해,건조,맑음,교차로 - 교차로안,승용,남,69세,상해없음,이륜,여,57세,경상
2022011500100336,2022년 1월 15일 17시,토요일,대구광역시 서구 내당동,중상사고,0,1,0,0,차량단독 - 기타,안전운전불이행,건조,맑음,단일로 - 기타,승합,남,63세,상해없음,,,,
2022011500100384,2022년 1월 15일 18시,토요일,대구광역시 수성구 만촌동,경상사고,0,0,1,0,차대차 - 기타,안전운전불이행,건조,맑음,교차로 - 교차로부근,승용,남,23세,상해없음,승용,여,32세,경상
2022011500100385,2022년 1월 15일 18시,토요일,대구광역시 달성군 다사읍,경상사고,0,0,2,0,차대차 - 기타,중앙선침범,건조,맑음,단일로 - 기타,승용,남,71세,상해없음,승용,남,42세,경상
2022011500100386,2022년 1월 15일 18시,토요일,대구광역시 중구 대봉동,중상사고,0,1,1,0,차대차 - 측면충돌,안전운전불이행,건조,맑음,교차로 - 교차로안,이륜,남,58세,경상,이륜,남,31세,중상
2022011500100437,2022년 1월 15일 19시,토요일,대구광역시 남구 대명동,경상사고,0,0,1,0,차대차 - 측면충돌,안전운전불이행,건조,맑음,교차로 - 교차로안,승용,남,60세,상해없음,이륜,남,40세,경상
2022011500100438,2022년 1월 15일 19시,토요일,대구광역시 수성구 두산동,경상사고,0,0,1,1,차대차 - 측면충돌,신호위반,건조,맑음,단일로 - 기타,승용,남,28세,상해없음,화물,남,60세,경상
2022011500100439,2022년 1월 15일 19시,토요일,대구광역시 달서구 월성동,경상사고,0,0,2,0,차대차 - 측면충돌,안전거리미확보,건조,맑음,단일로 - 기타,승용,남,74세,경상,화물,남,44세,경상
2022011500100466,2022년 1월 15일 20시,토요일,대구광역시 달서구 성당동,경상사고,0,0,1,0,차대차 - 측면충돌,신호위반,건조,맑음,교차로 - 교차로안,화물,남,42세,상해없음,승용,여,42세,경상
2022011500100540,2022년 1월 15일 22시,토요일,대구광역시 달서구 진천동,경상사고,0,0,1,0,차대차 - 측면충돌,안전운전불이행,건조,맑음,교차로 - 교차로안,승용,남,63세,상해없음,승용,남,29세,경상
2022011500100541,2022년 1월 15일 22시,토요일,대구광역시 북구 매천동,경상사고,0,0,1,0,차량단독 - 공작물충돌,안전운전불이행,건조,맑음,교차로 - 교차로안,승용,남,45세,경상,,,,
2022011600100005,2022년 1월 16일 00시,일요일,대구광역시 중구 남일동,경상사고,0,0,1,0,차량단독 - 기타,안전운전불이행,건조,맑음,단일로 - 기타,이륜,남,15세,경상,,,,
2022011600100006,2022년 1월 16일 00시,일요일,대구광역시 중구 동인동4가,부상신고사고,0,0,0,1,차대차 - 기타,안전거리미확보,건조,맑음,단일로 - 기타,기타불명,기타불명,미분류,기타불명,승용,남,73세,부상신고
2022011600100034,2022년 1월 16일 07시,일요일,대구광역시 동구 율하동,경상사고,0,0,1,0,차대차 - 측면충돌,신호위반,건조,맑음,교차로 - 교차로횡단보도내,이륜,남,52세,상해없음,자전거,여,57세,경상
2022011600100055,2022년 1월 16일 09시,일요일,대구광역시 수성구 만촌동,경상사고,0,0,5,0,차대차 - 추돌,안전운전불이행,건조,맑음,기타 - 기타,승용,남,26세,상해없음,승용,남,62세,경상
2022011600100072,2022년 1월 16일 10시,일요일,대구광역시 동구 동호동,경상사고,0,0,1,0,차대차 - 측면충돌,신호위반,건조,맑음,단일로 - 지하차도(도로)내,승용,남,63세,상해없음,승합,남,58세,상해없음
2022011600100097,2022년 1월 16일 11시,일요일,대구광역시 달서구 신당동,경상사고,0,0,1,0,차대차 - 측면충돌,안전운전불이행,건조,맑음,교차로 - 교차로안,화물,남,72세,상해없음,이륜,남,30세,경상
2022011600100098,2022년 1월 16일 11시,일요일,대구광역시 북구 구암동,중상사고,0,1,0,0,차대차 - 측면충돌,신호위반,건조,맑음,교차로 - 교차로안,승합,남,52세,상해없음,이륜,여,29세,중상
2022011600100122,2022년 1월 16일 12시,일요일,대구광역시 수성구 황금동,경상사고,0,0,1,0,차대차 - 측면충돌,신호위반,건조,맑음,기타 - 기타,이륜,남,31세,기타불명,자전거,남,24세,경상
2022011600100123,2022년 1월 16일 12시,일요일,대구광역시 북구 복현동,경상사고,0,0,1,0,차대차 - 측면충돌,안전운전불이행,건조,맑음,기타 - 기타,자전거,남,8세,기타불명,자전거,남,72세,경상
2022011600100146,2022년 1월 16일 13시,일요일,대구광역시 수성구 수성동1가,중상사고,0,1,0,0,차대차 - 추돌,안전운전불이행,건조,맑음,단일로 - 기타,승용,남,31세,상해없음,승용,여,69세,중상
2022011600100201,2022년 1월 16일 15시,일요일,대구광역시 북구 산격동,경상사고,0,0,2,0,차대차 - 추돌,안전운전불이행,건조,맑음,단일로 - 기타,승용,남,57세,상해없음,승용,남,42세,상해없음
2022011600100228,2022년 1월 16일 16시,일요일,대구광역시 달서구 이곡동,경상사고,0,0,1,0,차대차 - 측면충돌,기타,건조,맑음,단일로 - 기타,화물,남,27세,상해없음,이륜,남,56세,경상
2022011600100310,2022년 1월 16일 19시,일요일,대구광역시 달서구 이곡동,경상사고,0,0,2,0,차대차 - 측면충돌,차로위반,건조,맑음,단일로 - 기타,승용,남,59세,상해없음,승용,남,28세,경상
2022011600100327,2022년 1월 16일 20시,일요일,대구광역시 북구 노원동1가,경상사고,0,0,1,0,차대사람 - 기타,안전운전불이행,건조,맑음,단일로 - 기타,승용,남,47세,상해없음,보행자,여,79세,경상
2022011600100348,2022년 1월 16일 21시,일요일,대구광역시 달서구 두류동,경상사고,0,0,2,0,차대차 - 기타,안전운전불이행,건조,맑음,단일로 - 기타,승용,남,39세,상해없음,승용,여,61세,경상
2022011600100370,2022년 1월 16일 22시,일요일,대구광역시 수성구 범어동,경상사고,0,0,4,1,차대차 - 기타,안전운전불이행,건조,맑음,단일로 - 기타,승용,남,20세,부상신고,승용,여,45세,경상
2022011600100381,2022년 1월 16일 23시,일요일,대구광역시 달서구 두류동,중상사고,0,1,2,0,차대차 - 정면충돌,신호위반,건조,맑음,교차로 - 교차로안,승용,남,31세,상해없음,승용,여,54세,경상
2022011700100002,2022년 1월 17일 00시,월요일,대구광역시 북구 침산동,중상사고,0,2,0,0,차대차 - 측면충돌,중앙선침범,건조,맑음,단일로 - 교량,이륜,남,27세,상해없음,이륜,남,18세,중상
2022011700100033,2022년 1월 17일 06시,월요일,대구광역시 북구 산격동,경상사고,0,0,1,0,차대차 - 측면충돌,안전운전불이행,건조,맑음,교차로 - 교차로횡단보도내,승용,남,49세,상해없음,자전거,여,62세,경상
2022011700100084,2022년 1월 17일 08시,월요일,대구광역시 달서구 도원동,경상사고,0,0,1,0,차대차 - 측면충돌,교차로운행방법위반,건조,맑음,교차로 - 교차로부근,승용,여,63세,상해없음,승용,여,28세,경상
2022011700100085,2022년 1월 17일 08시,월요일,대구광역시 달서구 상인동,경상사고,0,0,1,0,차대사람 - 횡단중,안전운전불이행,건조,맑음,단일로 - 기타,승용,여,55세,상해없음,보행자,남,86세,경상
2022011700100086,2022년 1월 17일 08시,월요일,대구광역시 달서구 신당동,경상사고,0,0,2,0,차대차 - 측면충돌,교차로운행방법위반,건조,맑음,교차로 - 교차로안,승용,남,41세,기타불명,승용,여,39세,경상
2022011700100087,2022년 1월 17일 08시,월요일,대구광역시 달서구 장기동,중상사고,0,1,0,0,차대차 - 정면충돌,교차로운행방법위반,건조,맑음,교차로 - 교차로안,승용,남,26세,상해없음,승용,남,67세,중상
2022011700100109,2022년 1월 17일 09시,월요일,대구광역시 동구 용계동,중상사고,0,1,0,1,차대차 - 측면충돌,안전거리미확보,건조,맑음,단일로 - 기타,화물,남,75세,부상신고,승용,남,30세,중상
2022011700100131,2022년 1월 17일 10시,월요일,대구광역시 달서구 상인동,경상사고,0,0,2,0,차대차 - 측면충돌,신호위반,건조,맑음,교차로 - 교차로안,승용,남,74세,상해없음,승용,남,41세,경상
2022011700100151,2022년 1월 17일 11시,월요일,대구광역시 동구 입석동,경상사고,0,0,2,0,차대차 - 측면충돌,안전거리미확보,건조,맑음,교차로 - 교차로부근,승용,남,70세,상해없음,화물,남,30세,경상
2022011700100176,2022년 1월 17일 12시,월요일,대구광역시 달서구 본동,중상사고,0,1,1,0,차대차 - 측면충돌,안전운전불이행,건조,맑음,교차로 - 교차로안,승용,여,23세,중상,승용,남,46세,경상
2022011700100177,2022년 1월 17일 12시,월요일,대구광역시 북구 매천동,중상사고,0,1,1,0,차대차 - 측면충돌,불법유턴,건조,맑음,교차로 - 교차로부근,승용,남,67세,경상,이륜,남,58세,중상
2022011700100203,2022년 1월 17일 13시,월요일,대구광역시 수성구 만촌동,경상사고,0,0,1,0,차대차 - 측면충돌,안전운전불이행,건조,맑음,단일로 - 기타,승용,남,30세,상해없음,이륜,남,46세,경상
2022011700100204,2022년 1월 17일 13시,월요일,대구광역시 달서구 유천동,경상사고,0,0,2,0,차대차 - 후진중충돌,안전운전불이행,건조,맑음,단일로 - 기타,화물,남,43세,상해없음,승용,여,47세,경상
2022011700100205,2022년 1월 17일 13시,월요일,대구광역시 북구 동천동,중상사고,0,1,2,0,차대차 - 측면충돌,신호위반,건조,맑음,단일로 - 교량,승용,여,43세,상해없음,승용,남,40세,중상
2022011700100240,2022년 1월 17일 14시,월요일,대구광역시 수성구 범어동,경상사고,0,0,1,0,차대차 - 추돌,안전운전불이행,건조,맑음,단일로 - 기타,원동기,남,23세,기타불명,원동기,남,26세,경상
2022011700100241,2022년 1월 17일 14시,월요일,대구광역시 달서구 대천동,경상사고,0,0,1,0,차대차 - 측면충돌,신호위반,건조,맑음,교차로 - 교차로안,승용,남,45세,상해없음,승용,남,33세,경상
2022011700100242,2022년 1월 17일 14시,월요일,대구광역시 북구 침산동,부상신고사고,0,0,0,1,차량단독 - 전도전복 - 전도,안전운전불이행,건조,맑음,교차로 - 교차로안,이륜,남,36세,부상신고,,,,
2022011700100243,2022년 1월 17일 14시,월요일,대구광역시 달서구 두류동,경상사고,0,0,1,0,차대차 - 측면충돌,신호위반,건조,맑음,단일로 - 기타,승용,남,74세,상해없음,이륜,남,53세,경상
2022011700100291,2022년 1월 17일 15시,월요일,대구광역시 수성구 두산동,경상사고,0,0,2,0,차대차 - 기타,안전거리미확보,건조,맑음,단일로 - 기타,승용,여,56세,상해없음,승용,여,32세,경상
2022011700100292,2022년 1월 17일 15시,월요일,대구광역시 서구 평리동,부상신고사고,0,0,0,1,차대차 - 측면충돌,안전운전불이행,건조,맑음,단일로 - 기타,화물,남,41세,상해없음,이륜,남,80세,부상신고
2022011700100318,2022년 1월 17일 16시,월요일,대구광역시 동구 신암동,경상사고,0,0,1,0,차대사람 - 기타,안전운전불이행,건조,맑음,단일로 - 지하차도(도로)내,기타불명,기타불명,미분류,기타불명,보행자,남,36세,경상
2022011700100320,2022년 1월 17일 16시,월요일,대구광역시 달성군 현풍읍,경상사고,0,0,1,0,차대차 - 기타,안전거리미확보,건조,맑음,교차로 - 교차로안,승용,남,58세,상해없음,승용,남,37세,경상
2022011700100321,2022년 1월 17일 16시,월요일,대구광역시 중구 대봉동,경상사고,0,0,3,0,차대차 - 기타,안전거리미확보,건조,맑음,단일로 - 기타,승용,여,27세,경상,승용,남,51세,경상
2022011700100347,2022년 1월 17일 17시,월요일,대구광역시 수성구 황금동,경상사고,0,0,1,0,차대차 - 기타,안전운전불이행,건조,맑음,교차로 - 교차로부근,승용,여,59세,상해없음,승용,여,67세,경상
2022011700100348,2022년 1월 17일 17시,월요일,대구광역시 달성군 옥포읍,경상사고,0,0,2,0,차대차 - 기타,기타,건조,맑음,단일로 - 기타,승용,남,27세,상해없음,승용,남,58세,경상
2022011700100349,2022년 1월 17일 17시,월요일,대구광역시 북구 태전동,부상신고사고,0,0,0,1,차대차 - 측면충돌,신호위반,건조,맑음,교차로 - 교차로부근,승용,남,39세,상해없음,이륜,남,27세,부상신고
2022011700100396,2022년 1월 17일 18시,월요일,대구광역시 남구 대명동,경상사고,0,0,1,0,차대차 - 기타,안전운전불이행,건조,맑음,단일로 - 기타,이륜,남,31세,상해없음,자전거,남,75세,경상
2022011700100422,2022년 1월 17일 19시,월요일,대구광역시 북구 노원동3가,경상사고,0,0,1,0,차량단독 - 공작물충돌,안전운전불이행,건조,맑음,교차로 - 교차로부근,이륜,남,37세,경상,,,,
2022011700100423,2022년 1월 17일 19시,월요일,대구광역시 달서구 신당동,경상사고,0,0,1,0,차대차 - 기타,안전운전불이행,건조,맑음,단일로 - 기타,승용,남,41세,경상,화물,남,30세,기타불명
2022011700100424,2022년 1월 17일 19시,월요일,대구광역시 북구 태전동,중상사고,0,1,0,0,차대차 - 측면충돌,안전운전불이행,건조,맑음,교차로 - 교차로안,승합,남,47세,상해없음,승용,여,66세,중상
2022011700100451,2022년 1월 17일 20시,월요일,대구광역시 북구 태전동,경상사고,0,0,2,0,차대차 - 측면충돌,교차로운행방법위반,건조,맑음,교차로 - 교차로안,승용,남,62세,상해없음,이륜,남,25세,경상
2022011700100478,2022년 1월 17일 21시,월요일,대구광역시 서구 내당동,경상사고,0,0,1,0,차대차 - 추돌,안전거리미확보,건조,맑음,단일로 - 기타,승용,남,31세,기타불명,승용,남,69세,경상
2022011800100014,2022년 1월 18일 04시,화요일,대구광역시 수성구 수성동3가,중상사고,0,1,0,0,차대차 - 측면충돌,신호위반,건조,맑음,교차로 - 교차로안,승용,남,22세,상해없음,화물,남,55세,중상
2022011800100100,2022년 1월 18일 08시,화요일,대구광역시 동구 용계동,중상사고,0,2,2,0,차대차 - 측면충돌,신호위반,건조,맑음,단일로 - 기타,특수,남,61세,중상,승용,남,77세,경상
2022011800100103,2022년 1월 18일 08시,화요일,대구광역시 달성군 다사읍,경상사고,0,0,2,0,차대차 - 측면충돌,차로위반,건조,맑음,단일로 - 기타,승용,남,50세,경상,승용,여,32세,경상
2022011800100130,2022년 1월 18일 09시,화요일,대구광역시 서구 비산동,경상사고,0,0,1,0,차대차 - 측면충돌,교차로운행방법위반,건조,맑음,교차로 - 교차로안,건설기계,남,44세,상해없음,승용,여,40세,경상
2022011800100152,2022년 1월 18일 10시,화요일,대구광역시 동구 효목동,경상사고,0,0,1,0,차대차 - 후진중충돌,안전운전불이행,건조,맑음,단일로 - 기타,화물,남,71세,상해없음,승용,남,39세,경상
2022011800100153,2022년 1월 18일 10시,화요일,대구광역시 달서구 진천동,경상사고,0,0,2,0,차량단독 - 공작물충돌,안전운전불이행,건조,맑음,단일로 - 기타,승용,남,57세,상해없음,,,,
2022011800100154,2022년 1월 18일 10시,화요일,대구광역시 달서구 상인동,경상사고,0,0,3,0,차대차 - 측면충돌,교차로운행방법위반,건조,맑음,교차로 - 교차로안,승용,남,71세,경상,화물,남,62세,경상
2022011800100155,2022년 1월 18일 10시,화요일,대구광역시 서구 내당동,경상사고,0,0,1,0,차대차 - 측면충돌,안전운전불이행,건조,맑음,교차로 - 교차로부근,승용,남,59세,상해없음,승용,남,54세,상해없음
2022011800100189,2022년 1월 18일 11시,화요일,대구광역시 동구 신천동,중상사고,0,1,0,0,차대차 - 측면충돌,안전운전불이행,건조,맑음,교차로 - 교차로부근,승용,남,66세,상해없음,자전거,남,67세,중상
2022011800100190,2022년 1월 18일 11시,화요일,대구광역시 달서구 본동,경상사고,0,0,1,0,차대차 - 측면충돌,안전거리미확보,건조,맑음,단일로 - 기타,화물,남,66세,상해없음,이륜,남,49세,경상
2022011800100191,2022년 1월 18일 11시,화요일,대구광역시 북구 침산동,부상신고사고,0,0,0,1,차대차 - 측면충돌,신호위반,건조,맑음,교차로 - 교차로안,이륜,남,26세,부상신고,화물,남,34세,상해없음
2022011800100262,2022년 1월 18일 13시,화요일,대구광역시 동구 율하동,경상사고,0,0,1,0,차대사람 - 보도통행중,보행자보호의무위반,건조,맑음,교차로 - 교차로횡단보도내,승용,남,32세,상해없음,보행자,남,23세,경상
2022011800100263,2022년 1월 18일 13시,화요일,대구광역시 수성구 황금동,경상사고,0,0,2,0,차대차 - 후진중충돌,안전운전불이행,건조,맑음,단일로 - 기타,승용,여,48세,기타불명,승용,여,44세,경상
2022011800100299,2022년 1월 18일 14시,화요일,대구광역시 동구 신암동,중상사고,0,1,0,0,차대사람 - 길가장자리구역통행중,안전운전불이행,건조,맑음,단일로 - 기타,승합,남,54세,상해없음,보행자,여,66세,중상
2022011800100300,2022년 1월 18일 14시,화요일,대구광역시 달서구 상인동,경상사고,0,0,3,0,차대차 - 측면충돌,교차로운행방법위반,건조,맑음,기타 - 기타,승용,여,61세,경상,승용,남,25세,경상
2022011800100301,2022년 1월 18일 14시,화요일,대구광역시 달성군 유가읍,경상사고,0,0,1,0,차대차 - 추돌,안전운전불이행,건조,맑음,교차로 - 교차로부근,승용,여,37세,상해없음,승용,여,21세,경상
2022011800100343,2022년 1월 18일 15시,화요일,대구광역시 수성구 황금동,중상사고,0,1,1,0,차대차 - 추돌,안전운전불이행,건조,맑음,단일로 - 기타,승용,남,72세,경상,승용,여,52세,중상