사고번호,사고일시,요일,시군구,사고내용,사망자수,중상자수,경상자수,부상신고자수,사고유형,법규위반,노면상태,기상상태,도로형태,가해운전자 차종,가해운전자 성별,가해운전자 연령,가해운전자 상해정도,피해운전자 차종,피해운전자 성별,피해운전자 연령,피해운전자 상해정도
2022011800100344,2022년 1월 18일 15시,화요일,대구광역시 수성구 수성동3가,경상사고,0,0,1,0,차대차 - 측면충돌,안전운전불이행,건조,맑음,주차장 - 주차장,승용,여,61세,상해없음,화물,남,39세,경상
2022011800100345,2022년 1월 18일 15시,화요일,대구광역시 중구 동성로2가,부상신고사고,0,0,0,1,차대사람 - 기타,안전운전불이행,건조,맑음,단일로 - 기타,원동기,남,24세,상해없음,보행자,여,50세,부상신고
2022011800100346,2022년 1월 18일 15시,화요일,대구광역시 달서구 성당동,경상사고,0,0,1,0,차대차 - 기타,안전운전불이행,건조,맑음,기타 - 기타,승용,여,48세,상해없음,이륜,남,62세,경상
2022011800100387,2022년 1월 18일 16시,화요일,대구광역시 수성구 범어동,경상사고,0,0,1,0,차대차 - 추돌,안전운전불이행,건조,맑음,교차로 - 교차로부근,승용,남,24세,상해없음,승용,여,49세,경상
2022011800100388,2022년 1월 18일 16시,화요일,대구광역시 북구 고성동3가,경상사고,0,0,1,0,차대사람 - 차도통행중,교차로운행방법위반,건조,맑음,교차로 - 교차로안,승용,남,25세,상해없음,보행자,여,72세,경상
2022011800100390,2022년 1월 18일 16시,화요일,대구광역시 북구 서변동,중상사고,0,1,0,0,차대사람 - 횡단중,안전운전불이행,건조,맑음,교차로 - 교차로부근,화물,남,49세,상해없음,보행자,남,10세,중상
2022011800100484,2022년 1월 18일 18시,화요일,대구광역시 달서구 상인동,경상사고,0,0,1,0,차대차 - 측면충돌,안전운전불이행,건조,맑음,단일로 - 기타,승용,남,49세,상해없음,이륜,남,19세,경상
2022011800100485,2022년 1월 18일 18시,화요일,대구광역시 달서구 장동,중상사고,0,1,2,0,차대차 - 추돌,안전운전불이행,건조,맑음,단일로 - 기타,승용,남,81세,상해없음,승용,여,33세,중상
2022011800100487,2022년 1월 18일 18시,화요일,대구광역시 중구 삼덕동1가,부상신고사고,0,0,0,1,차대사람 - 기타,안전운전불이행,건조,맑음,단일로 - 기타,승용,여,36세,상해없음,보행자,남,21세,부상신고
2022011800100488,2022년 1월 18일 18시,화요일,대구광역시 중구 북성로1가,경상사고,0,0,2,1,차대차 - 측면충돌,안전거리미확보,건조,맑음,교차로 - 교차로부근,승용,남,72세,부상신고,승용,남,33세,경상
2022011800100489,2022년 1월 18일 18시,화요일,대구광역시 중구 계산동2가,경상사고,0,0,2,0,차대차 - 후진중충돌,안전운전불이행,건조,맑음,교차로 - 교차로부근,승용,남,68세,상해없음,승용,여,48세,경상
2022011800100490,2022년 1월 18일 18시,화요일,대구광역시 달서구 감삼동,경상사고,0,0,2,0,차대차 - 기타,안전운전불이행,건조,맑음,교차로 - 교차로안,승합,남,61세,경상,승용,남,39세,경상
2022011800100539,2022년 1월 18일 19시,화요일,대구광역시 수성구 두산동,경상사고,0,0,1,0,차대차 - 기타,교차로운행방법위반,건조,맑음,교차로 - 교차로안,승용,여,47세,상해없음,자전거,남,57세,경상
2022011800100574,2022년 1월 18일 20시,화요일,대구광역시 동구 효목동,경상사고,0,0,1,0,차대차 - 기타,안전거리미확보,건조,맑음,단일로 - 기타,이륜,남,34세,상해없음,개인형이동수단(PM),남,40세,경상
2022011800100575,2022년 1월 18일 20시,화요일,대구광역시 수성구 상동,경상사고,0,0,2,0,차대차 - 추돌,안전운전불이행,건조,맑음,교차로 - 교차로안,이륜,남,63세,상해없음,승용,남,45세,경상
2022011800100576,2022년 1월 18일 20시,화요일,대구광역시 북구 대현동,경상사고,0,0,1,0,차대차 - 측면충돌,안전운전불이행,건조,맑음,단일로 - 기타,승용,여,41세,상해없음,이륜,남,27세,경상
2022011800100613,2022년 1월 18일 21시,화요일,대구광역시 동구 신암동,부상신고사고,0,0,0,1,차대차 - 측면충돌,안전운전불이행,건조,맑음,단일로 - 기타,승용,남,26세,상해없음,승용,남,51세,부상신고
2022011800100614,2022년 1월 18일 21시,화요일,대구광역시 북구 복현동,중상사고,0,1,0,0,차대사람 - 횡단중,안전운전불이행,건조,맑음,단일로 - 기타,승용,남,65세,상해없음,보행자,남,67세,중상
2022011800100615,2022년 1월 18일 21시,화요일,대구광역시 북구 대현동,경상사고,0,0,1,0,차대차 - 측면충돌,안전운전불이행,건조,맑음,단일로 - 기타,승용,남,26세,상해없음,승용,남,21세,상해없음
2022011800100616,2022년 1월 18일 21시,화요일,대구광역시 중구 동인동4가,경상사고,0,0,3,0,차대차 - 추돌,안전운전불이행,건조,맑음,단일로 - 기타,승용,남,61세,상해없음,승용,남,42세,경상
2022011800100659,2022년 1월 18일 23시,화요일,대구광역시 수성구 황금동,경상사고,0,0,1,0,차대차 - 기타,교차로운행방법위반,건조,맑음,교차로 - 교차로안,승용,여,38세,상해없음,이륜,남,21세,경상
2022011800100660,2022년 1월 18일 23시,화요일,대구광역시 달서구 상인동,부상신고사고,0,0,0,1,차대차 - 측면충돌,안전운전불이행,건조,맑음,단일로 - 기타,이륜,남,35세,부상신고,자전거,남,60세,상해없음
2022011800100661,2022년 1월 18일 23시,화요일,대구광역시 달서구 월성동,중상사고,0,1,0,0,차대차 - 추돌,중앙선침범,건조,맑음,단일로 - 기타,이륜,남,30세,상해없음,이륜,남,34세,중상
2022011900100026,2022년 1월 19일 05시,수요일,대구광역시 달서구 두류동,사망사고,1,0,0,0,차대사람 - 횡단중,기타,건조,맑음,교차로 - 교차로횡단보도내,승용,남,60세,상해없음,보행자,남,78세,사망
2022011900100093,2022년 1월 19일 08시,수요일,대구광역시 수성구 황금동,경상사고,0,0,1,0,차대차 - 측면충돌,차로위반,건조,맑음,단일로 - 기타,승용,남,50세,상해없음,이륜,남,57세,경상
2022011900100119,2022년 1월 19일 09시,수요일,대구광역시 달서구 송현동,경상사고,0,0,2,0,차대차 - 추돌,안전운전불이행,건조,맑음,단일로 - 기타,승용,여,70세,상해없음,승용,남,64세,경상
2022011900100152,2022년 1월 19일 10시,수요일,대구광역시 동구 방촌동,경상사고,0,0,1,0,차대사람 - 횡단중,안전운전불이행,건조,맑음,교차로 - 교차로안,승용,남,59세,상해없음,보행자,여,91세,경상
2022011900100153,2022년 1월 19일 10시,수요일,대구광역시 수성구 만촌동,경상사고,0,0,2,0,차대차 - 측면충돌,안전운전불이행,건조,맑음,단일로 - 기타,화물,남,59세,상해없음,승용,여,39세,경상
2022011900100154,2022년 1월 19일 10시,수요일,대구광역시 달서구 장기동,중상사고,0,1,0,0,차대차 - 기타,안전운전불이행,건조,맑음,단일로 - 기타,건설기계,남,53세,상해없음,승용,여,64세,중상
2022011900100155,2022년 1월 19일 10시,수요일,대구광역시 북구 동천동,경상사고,0,0,1,0,차대사람 - 횡단중,보행자보호의무위반,건조,맑음,교차로 - 교차로안,승용,남,30세,상해없음,보행자,여,47세,경상
2022011900100188,2022년 1월 19일 11시,수요일,대구광역시 수성구 수성동3가,경상사고,0,0,1,0,차대차 - 추돌,안전거리미확보,건조,맑음,단일로 - 기타,승용,여,18세,상해없음,승용,여,43세,경상
2022011900100189,2022년 1월 19일 11시,수요일,대구광역시 중구 계산동2가,중상사고,0,1,1,0,차대사람 - 기타,안전운전불이행,건조,흐림,기타 - 기타,이륜,남,25세,중상,보행자,남,41세,경상
2022011900100190,2022년 1월 19일 11시,수요일,대구광역시 중구 동인동4가,경상사고,0,0,3,0,차대차 - 추돌,안전운전불이행,건조,흐림,기타 - 기타,승용,여,34세,상해없음,승용,남,55세,경상
2022011900100191,2022년 1월 19일 11시,수요일,대구광역시 달서구 장동,중상사고,0,1,0,0,차대차 - 측면충돌,안전운전불이행,건조,맑음,단일로 - 기타,화물,남,53세,상해없음,승용,남,36세,중상
2022011900100211,2022년 1월 19일 12시,수요일,대구광역시 달성군 다사읍,경상사고,0,0,1,0,차대차 - 측면충돌,안전운전불이행,건조,맑음,교차로 - 교차로안,승용,남,56세,상해없음,승용,여,55세,경상
2022011900100230,2022년 1월 19일 13시,수요일,대구광역시 달서구 갈산동,경상사고,0,0,1,0,차대차 - 측면충돌,안전거리미확보,건조,맑음,단일로 - 기타,화물,남,28세,상해없음,승용,남,57세,경상
2022011900100255,2022년 1월 19일 14시,수요일,대구광역시 동구 율하동,경상사고,0,0,1,0,차대사람 - 기타,보행자보호의무위반,건조,맑음,단일로 - 기타,개인형이동수단(PM),여,14세,상해없음,보행자,여,78세,경상
2022011900100256,2022년 1월 19일 14시,수요일,대구광역시 달서구 장기동,중상사고,0,2,0,0,차대차 - 추돌,안전운전불이행,건조,맑음,단일로 - 기타,승용,여,61세,상해없음,화물,남,59세,상해없음
2022011900100284,2022년 1월 19일 15시,수요일,대구광역시 수성구 수성동4가,경상사고,0,0,1,0,차대차 - 측면충돌,안전운전불이행,건조,맑음,교차로 - 교차로부근,승용,남,52세,상해없음,이륜,남,35세,경상
2022011900100300,2022년 1월 19일 16시,수요일,대구광역시 남구 대명동,경상사고,0,0,1,0,차대차 - 측면충돌,안전운전불이행,건조,맑음,단일로 - 지하차도(도로)내,승합,남,51세,상해없음,승용,남,79세,상해없음
2022011900100335,2022년 1월 19일 17시,수요일,대구광역시 서구 이현동,경상사고,0,0,3,0,차대차 - 측면충돌,안전운전불이행,건조,맑음,교차로 - 교차로부근,승용,남,65세,경상,승합,남,63세,경상
2022011900100382,2022년 1월 19일 18시,수요일,대구광역시 북구 동천동,경상사고,0,0,2,0,차대차 - 측면충돌,교차로운행방법위반,건조,맑음,교차로 - 교차로안,승용,여,36세,기타불명,승용,남,24세,경상
2022011900100406,2022년 1월 19일 19시,수요일,대구광역시 수성구 황금동,경상사고,0,0,1,0,차대차 - 후진중충돌,안전운전불이행,건조,맑음,단일로 - 기타,승용,남,48세,상해없음,승용,남,36세,경상
2022011900100407,2022년 1월 19일 19시,수요일,대구광역시 달서구 상인동,경상사고,0,0,1,0,차대사람 - 횡단중,보행자보호의무위반,건조,맑음,단일로 - 기타,승용,남,63세,상해없음,보행자,남,53세,경상
2022011900100428,2022년 1월 19일 20시,수요일,대구광역시 동구 효목동,중상사고,0,1,0,0,차대사람 - 차도통행중,안전운전불이행,건조,맑음,단일로 - 기타,승용,여,48세,상해없음,보행자,남,65세,중상
2022011900100429,2022년 1월 19일 20시,수요일,대구광역시 달서구 월성동,경상사고,0,0,2,0,차대차 - 기타,신호위반,건조,맑음,교차로 - 교차로부근,승용,남,31세,상해없음,승용,남,59세,경상
2022011900100492,2022년 1월 19일 23시,수요일,대구광역시 동구 용계동,경상사고,0,0,2,0,차대차 - 추돌,안전거리미확보,건조,맑음,단일로 - 기타,승합,남,49세,상해없음,승용,남,36세,경상
2022012000100006,2022년 1월 20일 01시,목요일,대구광역시 수성구 두산동,중상사고,0,2,1,1,차대차 - 추돌,안전운전불이행,건조,맑음,단일로 - 기타,승용,남,27세,중상,승용,남,53세,상해없음
2022012000100017,2022년 1월 20일 04시,목요일,대구광역시 동구 봉무동,경상사고,0,0,2,0,차대차 - 측면충돌,안전운전불이행,건조,맑음,단일로 - 기타,화물,여,51세,상해없음,승용,여,63세,경상
2022012000100037,2022년 1월 20일 06시,목요일,대구광역시 달서구 신당동,사망사고,1,1,0,0,차대사람 - 기타,기타,건조,맑음,단일로 - 기타,승용,남,52세,상해없음,보행자,여,64세,사망
2022012000100076,2022년 1월 20일 08시,목요일,대구광역시 서구 평리동,경상사고,0,0,1,0,차대차 - 측면충돌,안전거리미확보,건조,맑음,단일로 - 기타,화물,남,66세,상해없음,승용,남,72세,경상
2022012000100101,2022년 1월 20일 09시,목요일,대구광역시 수성구 신매동,경상사고,0,0,2,0,차대차 - 측면충돌,안전운전불이행,건조,맑음,교차로 - 교차로안,화물,남,59세,상해없음,승용,여,28세,경상
2022012000100131,2022년 1월 20일 10시,목요일,대구광역시 북구 노원동1가,경상사고,0,0,2,0,차대차 - 추돌,중앙선침범,건조,맑음,단일로 - 기타,승용,여,41세,상해없음,이륜,남,38세,경상
2022012000100132,2022년 1월 20일 10시,목요일,대구광역시 중구 수창동,부상신고사고,0,0,0,1,차대차 - 기타,교차로운행방법위반,건조,맑음,교차로 - 교차로안,이륜,남,52세,상해없음,승용,여,29세,상해없음
2022012000100167,2022년 1월 20일 11시,목요일,대구광역시 수성구 이천동,경상사고,0,0,1,0,차대차 - 추돌,안전운전불이행,건조,맑음,단일로 - 기타,승용,남,52세,상해없음,승용,여,56세,경상
2022012000100168,2022년 1월 20일 11시,목요일,대구광역시 달서구 상인동,경상사고,0,0,1,0,차대차 - 측면충돌,안전거리미확보,건조,맑음,단일로 - 기타,승용,남,79세,상해없음,승용,남,64세,상해없음
2022012000100204,2022년 1월 20일 12시,목요일,대구광역시 달서구 송현동,경상사고,0,0,1,0,차대사람 - 횡단중,보행자보호의무위반,건조,맑음,교차로 - 교차로횡단보도내,승합,남,60세,상해없음,보행자,여,21세,경상
2022012000100205,2022년 1월 20일 12시,목요일,대구광역시 달성군 다사읍,부상신고사고,0,0,0,1,차량단독 - 기타,안전운전불이행,건조,맑음,단일로 - 기타,승합,남,63세,상해없음,,,,
2022012000100229,2022년 1월 20일 13시,목요일,대구광역시 달서구 상인동,경상사고,0,0,1,0,차대차 - 측면충돌,안전운전불이행,건조,맑음,기타 - 기타,승용,남,33세,기타불명,승용,여,60세,경상
2022012000100257,2022년 1월 20일 14시,목요일,대구광역시 달서구 대천동,경상사고,0,0,2,0,차대차 - 측면충돌,교차로운행방법위반,건조,맑음,교차로 - 교차로안,승용,여,72세,상해없음,화물,남,23세,경상
2022012000100258,2022년 1월 20일 14시,목요일,대구광역시 달서구 장기동,경상사고,0,0,3,0,차대차 - 측면충돌,안전운전불이행,건조,맑음,단일로 - 기타,승용,여,29세,경상,승용,여,47세,경상
2022012000100287,2022년 1월 20일 15시,목요일,대구광역시 수성구 이천동,부상신고사고,0,0,0,1,차대차 - 추돌,안전운전불이행,건조,맑음,단일로 - 기타,이륜,남,94세,부상신고,승용,남,66세,상해없음
2022012000100288,2022년 1월 20일 15시,목요일,대구광역시 달서구 신당동,경상사고,0,0,1,0,차대차 - 측면충돌,안전운전불이행,건조,맑음,단일로 - 기타,승용,남,56세,상해없음,이륜,남,49세,경상
2022012000100325,2022년 1월 20일 16시,목요일,대구광역시 달서구 대천동,경상사고,0,0,1,0,차대차 - 후진중충돌,안전운전불이행,건조,맑음,단일로 - 기타,승용,여,50세,상해없음,화물,남,33세,경상
2022012000100326,2022년 1월 20일 16시,목요일,대구광역시 달서구 감삼동,경상사고,0,0,2,0,차대차 - 측면충돌,안전거리미확보,건조,맑음,단일로 - 기타,승용,남,58세,상해없음,승용,남,53세,경상
2022012000100359,2022년 1월 20일 17시,목요일,대구광역시 달서구 상인동,경상사고,0,0,1,0,차대사람 - 기타,기타,건조,맑음,단일로 - 기타,승용,남,23세,상해없음,보행자,여,20세,경상
2022012000100360,2022년 1월 20일 17시,목요일,대구광역시 북구 침산동,경상사고,0,0,1,0,차대차 - 측면충돌,차로위반,건조,맑음,교차로 - 교차로부근,승용,남,58세,상해없음,승용,남,35세,경상
2022012000100361,2022년 1월 20일 17시,목요일,대구광역시 서구 중리동,경상사고,0,0,1,0,차대차 - 측면충돌,안전운전불이행,건조,맑음,교차로 - 교차로안,화물,남,65세,상해없음,승용,남,53세,경상
2022012000100500,2022년 1월 20일 20시,목요일,대구광역시 달성군 현풍읍,중상사고,0,1,0,0,차대차 - 기타,안전운전불이행,건조,맑음,기타 - 기타,승용,남,46세,상해없음,이륜,남,38세,중상
2022012000100535,2022년 1월 20일 21시,목요일,대구광역시 남구 대명동,경상사고,0,0,1,0,차대차 - 측면충돌,안전운전불이행,건조,맑음,교차로 - 교차로부근,승용,남,66세,상해없음,화물,남,51세,상해없음
2022012000100569,2022년 1월 20일 22시,목요일,대구광역시 달서구 대곡동,중상사고,0,1,0,0,차대차 - 추돌,안전운전불이행,건조,맑음,기타 - 기타,이륜,남,40세,중상,승용,남,35세,상해없음
2022012100100005,2022년 1월 21일 00시,금요일,대구광역시 수성구 범어동,경상사고,0,0,1,0,차대차 - 추돌,안전운전불이행,건조,맑음,단일로 - 기타,승용,남,18세,상해없음,승용,남,44세,경상
2022012100100006,2022년 1월 21일 00시,금요일,대구광역시 수성구 만촌동,중상사고,0,2,0,0,차량단독 - 기타,안전운전불이행,건조,맑음,단일로 - 기타,승용,여,20세,중상,,,,
2022012100100033,2022년 1월 21일 05시,금요일,대구광역시 달성군 화원읍,중상사고,0,1,0,0,차대차 - 측면충돌,신호위반,건조,맑음,단일로 - 기타,기타불명,기타불명,미분류,기타불명,자전거,남,67세,중상
2022012100100077,2022년 1월 21일 07시,금요일,대구광역시 중구 북성로2가,중상사고,0,1,0,0,차대사람 - 기타,안전운전불이행,건조,맑음,단일로 - 기타,승용,남,70세,상해없음,보행자,남,61세,중상
2022012100100125,2022년 1월 21일 08시,금요일,대구광역시 수성구 두산동,중상사고,0,1,0,0,차대사람 - 횡단중,안전운전불이행,건조,맑음,단일로 - 기타,승용,남,57세,상해없음,보행자,여,65세,중상
2022012100100126,2022년 1월 21일 08시,금요일,대구광역시 수성구 범물동,경상사고,0,0,2,0,차대차 - 측면충돌,안전거리미확보,건조,맑음,기타 - 기타,승용,여,52세,경상,승용,여,28세,경상
2022012100100127,2022년 1월 21일 08시,금요일,대구광역시 달성군 옥포읍,경상사고,0,0,1,0,차대사람 - 보도통행중,보행자보호의무위반,건조,맑음,교차로 - 교차로안,화물,남,38세,상해없음,보행자,남,8세,경상
2022012100100157,2022년 1월 21일 09시,금요일,대구광역시 달서구 월성동,경상사고,0,0,1,0,차대차 - 측면충돌,안전거리미확보,건조,맑음,단일로 - 기타,화물,남,56세,상해없음,승용,남,59세,경상
2022012100100158,2022년 1월 21일 09시,금요일,대구광역시 달성군 현풍읍,경상사고,0,0,1,0,차대차 - 측면충돌,신호위반,건조,맑음,교차로 - 교차로횡단보도내,승용,여,71세,상해없음,개인형이동수단(PM),여,22세,경상
2022012100100190,2022년 1월 21일 10시,금요일,대구광역시 동구 지묘동,경상사고,0,0,1,0,차대차 - 측면충돌,교차로운행방법위반,건조,맑음,교차로 - 교차로안,승용,남,76세,상해없음,승용,여,49세,경상
2022012100100191,2022년 1월 21일 10시,금요일,대구광역시 서구 비산동,경상사고,0,0,1,0,차대사람 - 횡단중,보행자보호의무위반,건조,맑음,교차로 - 교차로횡단보도내,화물,남,51세,상해없음,보행자,여,57세,경상
2022012100100192,2022년 1월 21일 10시,금요일,대구광역시 중구 대신동,중상사고,0,1,0,0,차대사람 - 기타,안전운전불이행,건조,맑음,단일로 - 기타,화물,남,34세,상해없음,보행자,여,78세,중상
2022012100100226,2022년 1월 21일 11시,금요일,대구광역시 수성구 대흥동,경상사고,0,0,1,0,차대차 - 측면충돌,안전운전불이행,건조,맑음,단일로 - 기타,승용,남,27세,상해없음,승용,남,36세,경상
2022012100100227,2022년 1월 21일 11시,금요일,대구광역시 북구 고성동3가,부상신고사고,0,0,0,1,차대차 - 추돌,안전운전불이행,건조,맑음,교차로 - 교차로횡단보도내,자전거,남,88세,부상신고,승용,남,63세,상해없음
2022012100100228,2022년 1월 21일 11시,금요일,대구광역시 북구 태전동,경상사고,0,0,1,0,차대차 - 기타,안전운전불이행,건조,맑음,단일로 - 기타,승용,남,48세,상해없음,승용,남,29세,경상
2022012100100274,2022년 1월 21일 12시,금요일,대구광역시 수성구 범어동,경상사고,0,0,1,0,차대차 - 측면충돌,안전운전불이행,건조,맑음,단일로 - 기타,건설기계,남,62세,기타불명,승용,남,54세,경상
2022012100100275,2022년 1월 21일 12시,금요일,대구광역시 수성구 지산동,경상사고,0,0,1,0,차대차 - 기타,안전운전불이행,건조,맑음,단일로 - 기타,승용,남,44세,상해없음,이륜,남,38세,경상
2022012100100276,2022년 1월 21일 12시,금요일,대구광역시 달서구 성당동,경상사고,0,0,1,0,차대사람 - 기타,안전운전불이행,건조,맑음,단일로 - 기타,승용,남,30세,상해없음,보행자,남,61세,경상
2022012100100277,2022년 1월 21일 12시,금요일,대구광역시 북구 태전동,경상사고,0,0,1,0,차대차 - 측면충돌,안전운전불이행,건조,맑음,단일로 - 기타,승용,여,60세,기타불명,승용,여,56세,경상
2022012100100313,2022년 1월 21일 13시,금요일,대구광역시 북구 태전동,경상사고,0,0,2,0,차대차 - 측면충돌,교차로운행방법위반,건조,맑음,교차로 - 교차로안,승용,여,39세,상해없음,승용,남,24세,경상
2022012100100378,2022년 1월 21일 15시,금요일,대구광역시 남구 봉덕동,경상사고,0,0,1,0,차대차 - 추돌,안전운전불이행,건조,맑음,단일로 - 기타,승용,남,69세,상해없음,승용,남,34세,경상
2022012100100379,2022년 1월 21일 15시,금요일,대구광역시 동구 용계동,경상사고,0,0,1,0,차대차 - 후진중충돌,안전운전불이행,건조,맑음,기타 - 기타,승용,남,67세,상해없음,승용,여,54세,경상
2022012100100380,2022년 1월 21일 15시,금요일,대구광역시 북구 침산동,부상신고사고,0,0,0,2,차대차 - 추돌,안전거리미확보,건조,맑음,단일로 - 기타,승용,남,29세,상해없음,승용,남,60세,부상신고
2022012100100381,2022년 1월 21일 15시,금요일,대구광역시 서구 내당동,중상사고,0,1,0,0,차대사람 - 기타,안전운전불이행,건조,맑음,단일로 - 기타,승용,남,66세,상해없음,보행자,남,68세,중상
2022012100100382,2022년 1월 21일 15시,금요일,대구광역시 달서구 두류동,경상사고,0,0,1,0,차대사람 - 횡단중,보행자보호의무위반,건조,맑음,단일로 - 기타,승용,남,71세,상해없음,보행자,남,77세,경상
2022012100100429,2022년 1월 21일 16시,금요일,대구광역시 북구 금호동,경상사고,0,0,2,0,차대차 - 추돌,안전운전불이행,건조,맑음,단일로 - 기타,승용,남,32세,상해없음,승용,여,59세,경상
2022012100100433,2022년 1월 21일 16시,금요일,대구광역시 동구 효목동,경상사고,0,0,2,0,차대차 - 측면충돌,안전운전불이행,건조,맑음,교차로 - 교차로횡단보도내,화물,남,61세,상해없음,승용,남,30세,경상
2022012100100434,2022년 1월 21일 16시,금요일,대구광역시 동구 동내동,경상사고,0,0,3,0,차대차 - 추돌,안전운전불이행,건조,맑음,교차로 - 교차로횡단보도내,승용,남,42세,상해없음,승용,남,56세,경상
2022012100100435,2022년 1월 21일 16시,금요일,대구광역시 수성구 파동,경상사고,0,0,1,2,차대차 - 기타,교차로운행방법위반,건조,맑음,교차로 - 교차로안,승용,여,39세,부상신고,승용,남,31세,경상
2022012100100436,2022년 1월 21일 16시,금요일,대구광역시 달서구 상인동,경상사고,0,0,1,0,차대차 - 측면충돌,교차로운행방법위반,건조,맑음,교차로 - 교차로안,승용,남,63세,상해없음,자전거,여,57세,경상
2022012100100437,2022년 1월 21일 16시,금요일,대구광역시 북구 읍내동,경상사고,0,0,5,0,차대차 - 측면충돌,교차로운행방법위반,건조,맑음,교차로 - 교차로안,승용,남,62세,상해없음,승용,남,20세,경상
2022012100100476,2022년 1월 21일 17시,금요일,대구광역시 수성구 시지동,부상신고사고,0,0,0,1,차대차 - 측면충돌,안전거리미확보,건조,맑음,단일로 - 기타,승합,남,47세,상해없음,승합,남,30세,부상신고
2022012100100477,2022년 1월 21일 17시,금요일,대구광역시 수성구 범어동,중상사고,0,1,1,0,차대차 - 기타,안전운전불이행,건조,맑음,단일로 - 기타,승용,남,65세,상해없음,승용,여,30세,중상
2022012100100478,2022년 1월 21일 17시,금요일,대구광역시 달서구 상인동,경상사고,0,0,1,0,차대차 - 추돌,안전운전불이행,건조,맑음,교차로 - 교차로부근,승용,남,61세,상해없음,승용,여,36세,상해없음
2022012100100479,2022년 1월 21일 17시,금요일,대구광역시 중구 동인동2가,경상사고,0,0,1,0,차대차 - 측면충돌,안전운전불이행,건조,맑음,단일로 - 기타,승용,남,69세,상해없음,승용,남,29세,경상
2022012100100534,2022년 1월 21일 18시,금요일,대구광역시 달서구 유천동,중상사고,0,1,0,0,차대사람 - 기타,안전운전불이행,건조,맑음,단일로 - 기타,승용,남,52세,상해없음,보행자,여,50세,중상
2022012100100535,2022년 1월 21일 18시,금요일,대구광역시 달성군 다사읍,경상사고,0,0,1,0,차대사람 - 보도통행중,안전운전불이행,기타,맑음,기타 - 기타,기타불명,기타불명,미분류,기타불명,보행자,남,55세,경상
2022012100100536,2022년 1월 21일 18시,금요일,대구광역시 달성군 다사읍,중상사고,0,2,0,0,차대차 - 기타,안전운전불이행,건조,기타,기타 - 기타,승용,남,50세,상해없음,승용,여,48세,중상
2022012100100537,2022년 1월 21일 18시,금요일,대구광역시 북구 산격동,경상사고,0,0,1,0,차대차 - 추돌,안전운전불이행,건조,맑음,단일로 - 기타,이륜,남,55세,기타불명,이륜,남,36세,경상
2022012100100538,2022년 1월 21일 18시,금요일,대구광역시 중구 삼덕동3가,부상신고사고,0,0,0,1,차대차 - 측면충돌,안전거리미확보,건조,맑음,단일로 - 기타,승용,여,57세,상해없음,승용,남,31세,부상신고
2022012100100595,2022년 1월 21일 19시,금요일,대구광역시 달서구 신당동,중상사고,0,1,0,0,차대차 - 측면충돌,안전운전불이행,건조,맑음,교차로 - 교차로부근,이륜,남,48세,기타불명,이륜,남,26세,중상
2022012100100596,2022년 1월 21일 19시,금요일,대구광역시 달서구 성당동,경상사고,0,0,1,0,차대차 - 측면충돌,안전거리미확보,건조,맑음,단일로 - 기타,승용,남,59세,상해없음,이륜,남,30세,경상
2022012100100629,2022년 1월 21일 20시,금요일,대구광역시 수성구 만촌동,중상사고,0,1,0,0,차대차 - 측면충돌,안전운전불이행,건조,맑음,단일로 - 기타,승용,여,65세,기타불명,승용,남,52세,중상
2022012100100630,2022년 1월 21일 20시,금요일,대구광역시 달서구 송현동,경상사고,0,0,1,0,차대차 - 추돌,안전거리미확보,건조,맑음,단일로 - 지하차도(도로)내,원동기,여,32세,상해없음,승용,남,68세,경상
2022012100100680,2022년 1월 21일 21시,금요일,대구광역시 중구 교동,경상사고,0,0,1,0,차대사람 - 기타,안전운전불이행,건조,맑음,단일로 - 기타,승용,남,37세,상해없음,보행자,남,20세,경상
2022012100100723,2022년 1월 21일 23시,금요일,대구광역시 북구 침산동,경상사고,0,0,1,0,차대차 - 추돌,안전운전불이행,건조,맑음,단일로 - 기타,화물,남,35세,상해없음,승용,남,32세,경상
2022012200100007,2022년 1월 22일 00시,토요일,대구광역시 달서구 죽전동,경상사고,0,0,4,0,차대차 - 측면충돌,안전운전불이행,건조,맑음,단일로 - 기타,승용,남,24세,경상,승용,남,28세,경상
2022012200100031,2022년 1월 22일 05시,토요일,대구광역시 동구 효목동,중상사고,0,1,0,0,차대사람 - 횡단중,보행자보호의무위반,건조,맑음,교차로 - 교차로횡단보도내,화물,남,59세,상해없음,보행자,여,60세,중상
2022012200100064,2022년 1월 22일 08시,토요일,대구광역시 서구 평리동,경상사고,0,0,1,1,차대차 - 추돌,안전운전불이행,건조,맑음,단일로 - 기타,이륜,남,28세,부상신고,승용,남,61세,경상
2022012200100065,2022년 1월 22일 08시,토요일,대구광역시 달서구 감삼동,중상사고,0,1,3,0,차대차 - 측면충돌,차로위반,건조,맑음,교차로 - 교차로안,건설기계,남,53세,상해없음,승용,남,64세,경상
2022012200100082,2022년 1월 22일 09시,토요일,대구광역시 수성구 수성동3가,중상사고,0,2,0,0,차대차 - 측면충돌,안전운전불이행,건조,맑음,교차로 - 교차로부근,승용,남,68세,기타불명,승용,여,44세,중상
2022012200100083,2022년 1월 22일 09시,토요일,대구광역시 달성군 화원읍,경상사고,0,0,4,0,차대차 - 측면충돌,안전운전불이행,건조,맑음,교차로 - 교차로부근,승용,남,68세,상해없음,승용,여,53세,경상