사고번호,사고일시,요일,시군구,사고내용,사망자수,중상자수,경상자수,부상신고자수,사고유형,법규위반,노면상태,기상상태,도로형태,가해운전자 차종,가해운전자 성별,가해운전자 연령,가해운전자 상해정도,피해운전자 차종,피해운전자 성별,피해운전자 연령,피해운전자 상해정도
2022013100100169,2022년 1월 31일 15시,월요일,대구광역시 달서구 성당동,경상사고,0,0,1,0,차대차 - 추돌,안전운전불이행,건조,맑음,교차로 - 교차로부근,승용,남,26세,상해없음,승용,남,46세,경상
2022013100100189,2022년 1월 31일 16시,월요일,대구광역시 동구 진인동,경상사고,0,0,1,0,차대차 - 측면충돌,안전거리미확보,건조,맑음,단일로 - 지하차도(도로)내,화물,남,65세,기타불명,승용,남,32세,경상
2022013100100190,2022년 1월 31일 16시,월요일,대구광역시 수성구 수성동1가,경상사고,0,0,1,0,차대차 - 기타,안전운전불이행,건조,맑음,교차로 - 교차로횡단보도내,승용,여,57세,상해없음,이륜,남,73세,경상
2022013100100192,2022년 1월 31일 16시,월요일,대구광역시 서구 중리동,경상사고,0,0,1,0,차대사람 - 기타,안전운전불이행,건조,맑음,단일로 - 기타,승용,남,44세,상해없음,보행자,남,61세,경상
2022013100100193,2022년 1월 31일 16시,월요일,대구광역시 달서구 감삼동,경상사고,0,0,1,0,차대사람 - 길가장자리구역통행중,안전운전불이행,건조,맑음,단일로 - 기타,승용,남,29세,상해없음,보행자,여,54세,경상
2022013100100210,2022년 1월 31일 17시,월요일,대구광역시 수성구 연호동,경상사고,0,0,1,0,차대차 - 추돌,안전운전불이행,건조,맑음,기타 - 기타,승용,여,51세,상해없음,승용,남,66세,경상
2022013100100211,2022년 1월 31일 17시,월요일,대구광역시 북구 침산동,경상사고,0,0,1,1,차대차 - 추돌,기타,건조,맑음,단일로 - 기타,승용,여,61세,부상신고,승용,남,69세,경상
2022013100100229,2022년 1월 31일 18시,월요일,대구광역시 수성구 지산동,경상사고,0,0,1,0,차대차 - 기타,안전운전불이행,건조,맑음,단일로 - 기타,이륜,남,49세,경상,승용,남,38세,상해없음
2022013100100230,2022년 1월 31일 18시,월요일,대구광역시 북구 매천동,중상사고,0,1,0,0,차대사람 - 횡단중,보행자보호의무위반,건조,맑음,교차로 - 교차로횡단보도내,화물,남,63세,기타불명,보행자,남,61세,중상
2022013100100277,2022년 1월 31일 20시,월요일,대구광역시 달서구 상인동,경상사고,0,0,1,0,차대사람 - 횡단중,신호위반,건조,맑음,단일로 - 기타,승용,남,72세,상해없음,보행자,여,29세,경상
2022013100100308,2022년 1월 31일 21시,월요일,대구광역시 중구 삼덕동3가,경상사고,0,0,2,0,차대차 - 정면충돌,신호위반,건조,맑음,단일로 - 기타,승용,남,56세,상해없음,이륜,남,28세,경상
2022013100100309,2022년 1월 31일 21시,월요일,대구광역시 달서구 호산동,중상사고,0,1,2,0,차대차 - 기타,안전운전불이행,건조,맑음,교차로 - 교차로안,이륜,남,37세,중상,승용,남,24세,경상
2022013100100324,2022년 1월 31일 22시,월요일,대구광역시 중구 동문동,부상신고사고,0,0,0,1,차대차 - 기타,안전운전불이행,건조,맑음,단일로 - 기타,개인형이동수단(PM),남,25세,부상신고,승용,남,31세,상해없음
2022013100100332,2022년 1월 31일 23시,월요일,대구광역시 북구 산격동,경상사고,0,0,1,0,차대차 - 추돌,안전거리미확보,건조,맑음,교차로 - 교차로부근,승용,여,59세,상해없음,이륜,남,38세,경상
2022020100100001,2022년 2월 1일 00시,화요일,대구광역시 달서구 감삼동,경상사고,0,0,3,0,차대차 - 추돌,안전거리미확보,건조,맑음,단일로 - 기타,승용,여,31세,경상,승용,남,25세,경상
2022020100100028,2022년 2월 1일 08시,화요일,대구광역시 달서구 본동,중상사고,0,2,1,0,차대차 - 측면충돌,신호위반,건조,맑음,교차로 - 교차로안,승용,남,71세,상해없음,승용,남,64세,경상
2022020100100101,2022년 2월 1일 13시,화요일,대구광역시 수성구 시지동,경상사고,0,0,1,0,차대사람 - 차도통행중,기타,건조,맑음,단일로 - 기타,개인형이동수단(PM),남,32세,상해없음,보행자,남,81세,경상
2022020100100102,2022년 2월 1일 13시,화요일,대구광역시 달성군 옥포읍,경상사고,0,0,2,0,차대차 - 추돌,안전운전불이행,건조,맑음,단일로 - 기타,화물,남,58세,상해없음,화물,남,37세,경상
2022020100100103,2022년 2월 1일 13시,화요일,대구광역시 중구 삼덕동3가,경상사고,0,0,3,0,차대차 - 추돌,안전거리미확보,건조,맑음,단일로 - 기타,화물,남,18세,상해없음,승용,여,44세,경상
2022020100100148,2022년 2월 1일 16시,화요일,대구광역시 서구 비산동,경상사고,0,0,1,0,차대차 - 후진중충돌,안전운전불이행,건조,맑음,단일로 - 기타,승용,남,58세,상해없음,승용,남,62세,경상
2022020100100166,2022년 2월 1일 17시,화요일,대구광역시 동구 신기동,경상사고,0,0,1,0,차대사람 - 횡단중,보행자보호의무위반,건조,맑음,교차로 - 교차로안,승용,남,28세,상해없음,보행자,남,26세,경상
2022020100100179,2022년 2월 1일 18시,화요일,대구광역시 동구 신서동,중상사고,0,1,0,0,차대차 - 측면충돌,직진우회전진행방해,건조,맑음,단일로 - 지하차도(도로)내,승용,여,55세,상해없음,이륜,남,32세,중상
2022020100100180,2022년 2월 1일 18시,화요일,대구광역시 달서구 본리동,경상사고,0,0,1,0,차대차 - 측면충돌,직진우회전진행방해,건조,맑음,교차로 - 교차로안,승용,여,48세,기타불명,승용,남,63세,경상
2022020100100195,2022년 2월 1일 19시,화요일,대구광역시 달서구 진천동,경상사고,0,0,1,0,차대차 - 측면충돌,안전운전불이행,건조,맑음,교차로 - 교차로부근,이륜,남,55세,상해없음,승용,남,45세,경상
2022020100100196,2022년 2월 1일 19시,화요일,대구광역시 북구 대현동,경상사고,0,0,1,0,차대차 - 기타,교차로운행방법위반,건조,맑음,교차로 - 교차로안,승용,여,24세,상해없음,승용,남,61세,경상
2022020100100208,2022년 2월 1일 20시,화요일,대구광역시 동구 불로동,중상사고,0,1,2,0,차대차 - 측면충돌,안전운전불이행,건조,맑음,단일로 - 지하차도(도로)내,승용,남,44세,중상,승용,남,47세,경상
2022020100100231,2022년 2월 1일 21시,화요일,대구광역시 달서구 송현동,경상사고,0,0,1,0,차대차 - 측면충돌,안전운전불이행,건조,맑음,단일로 - 기타,승용,여,25세,상해없음,승용,남,43세,경상
2022020100100232,2022년 2월 1일 21시,화요일,대구광역시 중구 삼덕동1가,중상사고,0,1,0,0,차대사람 - 기타,안전운전불이행,건조,흐림,단일로 - 기타,승용,남,38세,상해없음,보행자,남,21세,중상
2022020100100233,2022년 2월 1일 21시,화요일,대구광역시 중구 삼덕동1가,경상사고,0,0,1,0,차대사람 - 기타,안전운전불이행,건조,맑음,단일로 - 기타,승용,남,26세,상해없음,보행자,남,18세,경상
2022020100100244,2022년 2월 1일 22시,화요일,대구광역시 중구 대봉동,중상사고,0,1,1,0,차대차 - 기타,안전운전불이행,건조,맑음,단일로 - 기타,승용,남,31세,상해없음,승용,남,52세,중상
2022020200100012,2022년 2월 2일 01시,수요일,대구광역시 남구 봉덕동,경상사고,0,0,2,0,차대차 - 측면충돌,안전운전불이행,건조,맑음,교차로 - 교차로부근,승용,남,30세,상해없음,승용,남,59세,경상
2022020200100013,2022년 2월 2일 01시,수요일,대구광역시 북구 복현동,경상사고,0,0,1,0,차대차 - 측면충돌,중앙선침범,건조,맑음,교차로 - 교차로안,이륜,남,17세,경상,승용,여,39세,상해없음
2022020200100039,2022년 2월 2일 09시,수요일,대구광역시 남구 대명동,경상사고,0,0,1,0,차대차 - 측면충돌,차로위반,건조,맑음,단일로 - 기타,승용,남,74세,상해없음,승용,남,76세,경상
2022020200100051,2022년 2월 2일 10시,수요일,대구광역시 수성구 만촌동,경상사고,0,0,2,0,차대차 - 측면충돌,신호위반,건조,맑음,교차로 - 교차로안,승용,남,43세,상해없음,승용,남,59세,경상
2022020200100077,2022년 2월 2일 12시,수요일,대구광역시 북구 서변동,중상사고,0,1,1,0,차대차 - 측면충돌,안전운전불이행,건조,맑음,단일로 - 기타,승합,남,43세,상해없음,승용,남,39세,상해없음
2022020200100131,2022년 2월 2일 14시,수요일,대구광역시 서구 비산동,중상사고,0,1,0,0,차대사람 - 기타,안전운전불이행,건조,맑음,교차로 - 교차로안,기타불명,기타불명,미분류,기타불명,보행자,여,82세,중상
2022020200100154,2022년 2월 2일 15시,수요일,대구광역시 달성군 유가읍,경상사고,0,0,6,0,차대차 - 기타,안전운전불이행,건조,맑음,단일로 - 기타,승용,남,30세,상해없음,승용,여,37세,경상
2022020200100191,2022년 2월 2일 17시,수요일,대구광역시 수성구 가천동,부상신고사고,0,0,0,1,차대차 - 기타,안전거리미확보,건조,맑음,단일로 - 기타,자전거,기타불명,미분류,기타불명,자전거,남,61세,부상신고
2022020200100192,2022년 2월 2일 17시,수요일,대구광역시 서구 내당동,경상사고,0,0,1,0,차대차 - 측면충돌,기타,건조,맑음,단일로 - 기타,승용,남,58세,상해없음,이륜,남,46세,경상
2022020200100220,2022년 2월 2일 18시,수요일,대구광역시 달서구 감삼동,중상사고,0,1,0,0,차대차 - 측면충돌,안전거리미확보,건조,맑음,단일로 - 기타,승용,남,34세,상해없음,이륜,남,25세,중상
2022020200100236,2022년 2월 2일 19시,수요일,대구광역시 수성구 황금동,경상사고,0,0,1,0,차대차 - 추돌,안전운전불이행,건조,맑음,단일로 - 기타,이륜,남,28세,상해없음,승용,남,63세,경상
2022020200100237,2022년 2월 2일 19시,수요일,대구광역시 달성군 논공읍,경상사고,0,0,1,0,차대차 - 기타,안전운전불이행,건조,맑음,단일로 - 기타,승용,남,21세,상해없음,승용,남,33세,경상
2022020200100238,2022년 2월 2일 19시,수요일,대구광역시 중구 남산동,경상사고,0,0,1,0,차대사람 - 기타,안전운전불이행,건조,맑음,교차로 - 교차로안,승용,남,53세,상해없음,보행자,남,75세,경상
2022020200100239,2022년 2월 2일 19시,수요일,대구광역시 달서구 이곡동,경상사고,0,0,1,0,차대차 - 측면충돌,안전운전불이행,건조,맑음,교차로 - 교차로안,승용,남,42세,상해없음,이륜,남,46세,경상
2022020200100316,2022년 2월 2일 22시,수요일,대구광역시 동구 신암동,경상사고,0,0,1,0,차대차 - 추돌,안전거리미확보,건조,맑음,단일로 - 기타,승용,여,51세,상해없음,승용,남,57세,경상
2022020200100317,2022년 2월 2일 22시,수요일,대구광역시 북구 산격동,중상사고,0,2,0,0,차대차 - 측면충돌,직진우회전진행방해,건조,맑음,교차로 - 교차로안,이륜,남,38세,중상,이륜,남,29세,중상
2022020200100327,2022년 2월 2일 23시,수요일,대구광역시 남구 봉덕동,경상사고,0,0,1,0,차대차 - 정면충돌,기타,건조,맑음,교차로 - 교차로안,승용,남,25세,상해없음,개인형이동수단(PM),남,63세,경상
2022020200100328,2022년 2월 2일 23시,수요일,대구광역시 동구 용계동,중상사고,0,1,0,0,차대차 - 추돌,안전운전불이행,건조,맑음,단일로 - 기타,승합,남,55세,상해없음,승용,남,50세,중상
2022020200100329,2022년 2월 2일 23시,수요일,대구광역시 북구 대현동,경상사고,0,0,1,0,차량단독 - 공작물충돌,안전운전불이행,건조,맑음,교차로 - 교차로부근,원동기,남,23세,경상,,,,
2022020300100005,2022년 2월 3일 01시,목요일,대구광역시 수성구 범어동,중상사고,0,1,1,0,차대차 - 추돌,안전운전불이행,건조,맑음,교차로 - 교차로부근,승용,남,29세,경상,이륜,남,24세,중상
2022020300100014,2022년 2월 3일 04시,목요일,대구광역시 동구 입석동,경상사고,0,0,1,0,차대차 - 측면충돌,안전운전불이행,건조,맑음,교차로 - 교차로안,이륜,남,21세,상해없음,승용,남,18세,경상
2022020300100016,2022년 2월 3일 05시,목요일,대구광역시 동구 서호동,경상사고,0,0,1,0,차대차 - 측면충돌,안전운전불이행,건조,맑음,교차로 - 교차로안,승합,남,36세,상해없음,승용,여,51세,경상
2022020300100065,2022년 2월 3일 08시,목요일,대구광역시 달성군 구지면,중상사고,0,1,1,0,차대차 - 측면충돌,중앙선침범,건조,맑음,단일로 - 기타,승용,남,61세,상해없음,승용,남,46세,중상
2022020300100096,2022년 2월 3일 09시,목요일,대구광역시 달서구 진천동,경상사고,0,0,1,0,차대사람 - 차도통행중,안전운전불이행,건조,맑음,단일로 - 기타,승용,여,33세,상해없음,보행자,여,53세,경상
2022020300100124,2022년 2월 3일 10시,목요일,대구광역시 수성구 시지동,중상사고,0,1,0,0,차대사람 - 횡단중,보행자보호의무위반,건조,맑음,교차로 - 교차로횡단보도내,승용,남,75세,상해없음,보행자,여,36세,중상
2022020300100153,2022년 2월 3일 11시,목요일,대구광역시 수성구 지산동,경상사고,0,0,1,0,차대차 - 측면충돌,안전운전불이행,건조,맑음,교차로 - 교차로안,승용,여,71세,상해없음,승용,여,46세,경상
2022020300100154,2022년 2월 3일 11시,목요일,대구광역시 달서구 유천동,경상사고,0,0,1,0,차대차 - 측면충돌,중앙선침범,건조,맑음,단일로 - 기타,자전거,남,52세,상해없음,이륜,남,39세,경상
2022020300100180,2022년 2월 3일 12시,목요일,대구광역시 남구 봉덕동,중상사고,0,1,1,0,차대사람 - 횡단중,보행자보호의무위반,건조,맑음,교차로 - 교차로안,이륜,남,30세,상해없음,보행자,남,51세,경상
2022020300100181,2022년 2월 3일 12시,목요일,대구광역시 달성군 하빈면,경상사고,0,0,2,0,차대차 - 기타,안전운전불이행,건조,맑음,단일로 - 기타,건설기계,남,56세,상해없음,화물,남,73세,경상
2022020300100209,2022년 2월 3일 13시,목요일,대구광역시 달서구 상인동,경상사고,0,0,1,0,차대사람 - 차도통행중,안전운전불이행,건조,맑음,교차로 - 교차로안,승용,남,66세,상해없음,보행자,남,57세,경상
2022020300100235,2022년 2월 3일 14시,목요일,대구광역시 북구 읍내동,경상사고,0,0,2,0,차대차 - 추돌,안전거리미확보,건조,맑음,단일로 - 기타,이륜,남,52세,경상,승용,남,28세,경상
2022020300100236,2022년 2월 3일 14시,목요일,대구광역시 북구 서변동,경상사고,0,0,1,0,차대차 - 측면충돌,차로위반,건조,맑음,단일로 - 기타,승용,남,61세,상해없음,승용,남,40세,경상
2022020300100271,2022년 2월 3일 15시,목요일,대구광역시 수성구 이천동,경상사고,0,0,1,0,차대차 - 기타,안전운전불이행,건조,맑음,단일로 - 기타,이륜,남,21세,상해없음,승용,남,22세,경상
2022020300100272,2022년 2월 3일 15시,목요일,대구광역시 북구 검단동,경상사고,0,0,1,0,차대차 - 측면충돌,직진우회전진행방해,건조,맑음,교차로 - 교차로안,승용,남,33세,상해없음,승용,남,58세,경상
2022020300100321,2022년 2월 3일 17시,목요일,대구광역시 중구 동인동1가,경상사고,0,0,3,0,차대차 - 기타,신호위반,건조,맑음,교차로 - 교차로안,개인형이동수단(PM),남,26세,경상,승용,남,61세,경상
2022020300100322,2022년 2월 3일 17시,목요일,대구광역시 북구 읍내동,경상사고,0,0,1,0,차대차 - 측면충돌,교차로운행방법위반,건조,맑음,교차로 - 교차로안,승용,남,52세,상해없음,승용,여,62세,경상
2022020300100357,2022년 2월 3일 18시,목요일,대구광역시 동구 율하동,부상신고사고,0,0,0,1,차대차 - 기타,불법유턴,건조,맑음,교차로 - 교차로횡단보도내,개인형이동수단(PM),남,15세,부상신고,기타불명,기타불명,미분류,기타불명
2022020300100389,2022년 2월 3일 19시,목요일,대구광역시 달서구 상인동,경상사고,0,0,1,0,차대차 - 측면충돌,안전거리미확보,건조,맑음,단일로 - 기타,승용,남,71세,상해없음,원동기,남,28세,경상
2022020300100407,2022년 2월 3일 20시,목요일,대구광역시 동구 신천동,중상사고,0,1,0,0,차대차 - 측면충돌,신호위반,건조,맑음,단일로 - 기타,승용,남,42세,상해없음,이륜,여,63세,중상
2022020300100408,2022년 2월 3일 20시,목요일,대구광역시 동구 능성동,중상사고,0,1,0,0,차대사람 - 횡단중,안전운전불이행,건조,맑음,교차로 - 교차로안,승용,남,60세,상해없음,보행자,여,66세,중상
2022020300100429,2022년 2월 3일 21시,목요일,대구광역시 달서구 상인동,경상사고,0,0,1,0,차대사람 - 차도통행중,안전운전불이행,건조,맑음,기타 - 기타,승용,남,50세,상해없음,보행자,남,17세,경상
2022020300100430,2022년 2월 3일 21시,목요일,대구광역시 북구 노원동3가,경상사고,0,0,3,0,차대차 - 추돌,안전운전불이행,건조,맑음,교차로 - 교차로부근,승용,남,52세,상해없음,승용,남,60세,경상
2022020300100431,2022년 2월 3일 21시,목요일,대구광역시 서구 평리동,경상사고,0,0,1,0,차대사람 - 보도통행중,기타,건조,맑음,기타 - 기타,화물,남,49세,상해없음,보행자,여,21세,경상
2022020300100445,2022년 2월 3일 22시,목요일,대구광역시 중구 공평동,중상사고,0,1,0,0,차대차 - 기타,안전운전불이행,건조,맑음,단일로 - 기타,승용,남,28세,상해없음,원동기,남,53세,중상
2022020400100006,2022년 2월 4일 00시,금요일,대구광역시 동구 효목동,경상사고,0,0,1,0,차대사람 - 길가장자리구역통행중,안전운전불이행,건조,맑음,단일로 - 지하차도(도로)내,승용,여,47세,상해없음,보행자,남,40세,경상
2022020400100045,2022년 2월 4일 07시,금요일,대구광역시 서구 비산동,중상사고,0,1,0,0,차대차 - 기타,신호위반,건조,맑음,교차로 - 교차로안,화물,남,50세,상해없음,승용,남,62세,중상
2022020400100063,2022년 2월 4일 08시,금요일,대구광역시 달서구 대곡동,경상사고,0,0,2,0,차대차 - 측면충돌,안전운전불이행,건조,맑음,기타 - 기타,승용,남,71세,경상,승용,남,39세,경상
2022020400100064,2022년 2월 4일 08시,금요일,대구광역시 달서구 송현동,경상사고,0,0,2,0,차대차 - 추돌,안전운전불이행,건조,맑음,교차로 - 교차로부근,승용,여,47세,경상,승용,남,55세,경상
2022020400100065,2022년 2월 4일 08시,금요일,대구광역시 북구 복현동,중상사고,0,2,0,0,차대차 - 측면충돌,신호위반,건조,맑음,교차로 - 교차로안,승용,여,42세,상해없음,승용,남,55세,중상
2022020400100066,2022년 2월 4일 08시,금요일,대구광역시 서구 비산동,경상사고,0,0,3,0,차대차 - 추돌,안전운전불이행,건조,맑음,단일로 - 기타,승용,남,60세,상해없음,승용,남,25세,경상
2022020400100092,2022년 2월 4일 09시,금요일,대구광역시 남구 대명동,경상사고,0,0,1,0,차대차 - 추돌,안전운전불이행,건조,맑음,교차로 - 교차로부근,승용,남,43세,상해없음,화물,남,66세,상해없음
2022020400100093,2022년 2월 4일 09시,금요일,대구광역시 북구 국우동,경상사고,0,0,1,0,차대차 - 추돌,안전운전불이행,건조,맑음,단일로 - 기타,승용,남,47세,상해없음,승용,여,42세,경상
2022020400100116,2022년 2월 4일 10시,금요일,대구광역시 북구 산격동,부상신고사고,0,0,0,1,차대차 - 측면충돌,안전운전불이행,건조,맑음,교차로 - 교차로안,자전거,남,55세,부상신고,승용,남,42세,상해없음
2022020400100154,2022년 2월 4일 11시,금요일,대구광역시 수성구 시지동,경상사고,0,0,1,0,차대차 - 기타,안전운전불이행,건조,맑음,단일로 - 기타,승용,여,60세,상해없음,승용,여,41세,경상
2022020400100155,2022년 2월 4일 11시,금요일,대구광역시 수성구 가천동,경상사고,0,0,1,0,차대차 - 측면충돌,신호위반,건조,맑음,단일로 - 기타,화물,남,43세,상해없음,승용,남,46세,경상
2022020400100156,2022년 2월 4일 11시,금요일,대구광역시 달서구 상인동,중상사고,0,1,2,0,차대차 - 측면충돌,신호위반,건조,맑음,교차로 - 교차로안,승용,여,55세,경상,승용,남,77세,중상
2022020400100181,2022년 2월 4일 12시,금요일,대구광역시 중구 대신동,중상사고,0,1,0,0,차대사람 - 기타,안전운전불이행,건조,맑음,단일로 - 기타,승용,남,63세,상해없음,보행자,여,81세,중상
2022020400100232,2022년 2월 4일 14시,금요일,대구광역시 달서구 죽전동,경상사고,0,0,4,0,차대차 - 측면충돌,신호위반,건조,맑음,교차로 - 교차로안,승용,남,39세,경상,승합,남,24세,경상
2022020400100290,2022년 2월 4일 16시,금요일,대구광역시 남구 대명동,경상사고,0,0,1,0,차대차 - 측면충돌,안전운전불이행,건조,맑음,단일로 - 지하차도(도로)내,승용,남,57세,상해없음,이륜,남,34세,경상
2022020400100291,2022년 2월 4일 16시,금요일,대구광역시 서구 원대동3가,경상사고,0,0,1,0,차대차 - 측면충돌,안전운전불이행,건조,맑음,교차로 - 교차로안,화물,남,60세,상해없음,승용,남,56세,경상
2022020400100322,2022년 2월 4일 17시,금요일,대구광역시 동구 신천동,경상사고,0,0,2,0,차대차 - 측면충돌,안전거리미확보,건조,맑음,단일로 - 기타,승용,여,28세,상해없음,승용,남,49세,경상
2022020400100323,2022년 2월 4일 17시,금요일,대구광역시 중구 동산동,경상사고,0,0,1,0,차대차 - 추돌,안전운전불이행,건조,맑음,단일로 - 기타,화물,여,68세,상해없음,승용,여,33세,경상
2022020400100324,2022년 2월 4일 17시,금요일,대구광역시 북구 관음동,경상사고,0,0,1,0,차대차 - 추돌,안전거리미확보,건조,맑음,단일로 - 기타,승용,남,22세,상해없음,승용,여,48세,경상
2022020400100369,2022년 2월 4일 18시,금요일,대구광역시 동구 효목동,경상사고,0,0,1,0,차대차 - 측면충돌,안전운전불이행,건조,맑음,단일로 - 기타,승용,여,60세,상해없음,이륜,남,17세,상해없음
2022020400100370,2022년 2월 4일 18시,금요일,대구광역시 동구 각산동,경상사고,0,0,2,0,차대차 - 추돌,안전거리미확보,건조,맑음,단일로 - 기타,승용,남,21세,경상,승용,남,29세,경상
2022020400100371,2022년 2월 4일 18시,금요일,대구광역시 수성구 두산동,경상사고,0,0,1,0,차대차 - 기타,안전운전불이행,건조,맑음,기타 - 기타,승용,남,53세,상해없음,이륜,남,25세,경상
2022020400100372,2022년 2월 4일 18시,금요일,대구광역시 달서구 신당동,경상사고,0,0,3,0,차대차 - 측면충돌,불법유턴,건조,맑음,교차로 - 교차로부근,화물,남,71세,상해없음,승용,남,54세,경상
2022020400100373,2022년 2월 4일 18시,금요일,대구광역시 북구 금호동,경상사고,0,0,1,0,차대차 - 측면충돌,안전운전불이행,건조,맑음,교차로 - 교차로부근,승용,여,45세,상해없음,이륜,남,34세,경상
2022020400100404,2022년 2월 4일 19시,금요일,대구광역시 동구 방촌동,경상사고,0,0,1,0,차대사람 - 기타,안전운전불이행,건조,맑음,단일로 - 기타,승용,남,31세,상해없음,보행자,남,29세,경상
2022020400100405,2022년 2월 4일 19시,금요일,대구광역시 북구 복현동,경상사고,0,0,1,0,차대차 - 측면충돌,신호위반,건조,맑음,교차로 - 교차로부근,승용,남,30세,상해없음,이륜,남,54세,경상
2022020400100429,2022년 2월 4일 20시,금요일,대구광역시 수성구 만촌동,경상사고,0,0,1,0,차대차 - 측면충돌,중앙선침범,건조,맑음,교차로 - 교차로부근,승용,여,31세,상해없음,이륜,남,58세,경상
2022020400100430,2022년 2월 4일 20시,금요일,대구광역시 달서구 이곡동,경상사고,0,0,1,0,차대차 - 기타,신호위반,건조,맑음,단일로 - 기타,승합,여,61세,상해없음,승합,남,56세,경상
2022020400100469,2022년 2월 4일 21시,금요일,대구광역시 동구 용계동,경상사고,0,0,2,0,차대차 - 후진중충돌,안전운전불이행,건조,맑음,기타 - 기타,화물,남,41세,상해없음,승용,남,28세,경상
2022020400100470,2022년 2월 4일 21시,금요일,대구광역시 수성구 범어동,경상사고,0,0,2,0,차대차 - 추돌,안전운전불이행,건조,맑음,단일로 - 기타,승용,남,56세,상해없음,승용,남,59세,경상
2022020400100471,2022년 2월 4일 21시,금요일,대구광역시 달성군 유가읍,경상사고,0,0,1,0,차대차 - 측면충돌,안전운전불이행,건조,맑음,교차로 - 교차로안,승용,여,60세,상해없음,승용,여,29세,경상
2022020400100491,2022년 2월 4일 22시,금요일,대구광역시 서구 비산동,경상사고,0,0,1,0,차대사람 - 횡단중,안전운전불이행,건조,맑음,교차로 - 교차로안,승용,여,30세,상해없음,보행자,여,64세,경상
2022020500100120,2022년 2월 5일 12시,토요일,대구광역시 수성구 지산동,경상사고,0,0,2,0,차대차 - 측면충돌,신호위반,건조,맑음,교차로 - 교차로안,승용,여,71세,상해없음,승용,여,29세,경상
2022020500100154,2022년 2월 5일 13시,토요일,대구광역시 동구 동호동,부상신고사고,0,0,0,1,차대차 - 기타,직진우회전진행방해,건조,맑음,교차로 - 교차로안,승용,여,42세,상해없음,이륜,남,32세,부상신고
2022020500100155,2022년 2월 5일 13시,토요일,대구광역시 수성구 지산동,경상사고,0,0,1,0,차대사람 - 횡단중,안전운전불이행,건조,맑음,단일로 - 기타,승용,남,36세,상해없음,보행자,여,54세,경상
2022020500100156,2022년 2월 5일 13시,토요일,대구광역시 북구 구암동,부상신고사고,0,0,0,1,차대차 - 측면충돌,안전운전불이행,건조,맑음,교차로 - 교차로부근,이륜,남,26세,부상신고,승용,남,27세,상해없음
2022020500100179,2022년 2월 5일 14시,토요일,대구광역시 동구 신천동,경상사고,0,0,5,0,차대차 - 측면충돌,안전거리미확보,건조,맑음,단일로 - 기타,승용,여,25세,상해없음,승용,여,44세,경상
2022020500100209,2022년 2월 5일 15시,토요일,대구광역시 수성구 범어동,경상사고,0,0,1,0,차대차 - 측면충돌,안전운전불이행,건조,맑음,교차로 - 교차로부근,승용,여,60세,상해없음,승용,여,41세,경상
2022020500100231,2022년 2월 5일 16시,토요일,대구광역시 수성구 대흥동,중상사고,0,1,3,0,차대차 - 측면충돌,기타,건조,맑음,교차로 - 교차로안,승용,남,34세,상해없음,승용,여,27세,경상
2022020500100232,2022년 2월 5일 16시,토요일,대구광역시 달서구 진천동,경상사고,0,0,2,0,차대차 - 추돌,안전거리미확보,건조,맑음,단일로 - 기타,이륜,남,26세,상해없음,승용,남,30세,경상
2022020500100233,2022년 2월 5일 16시,토요일,대구광역시 북구 산격동,경상사고,0,0,1,0,차대차 - 기타,교차로운행방법위반,건조,맑음,교차로 - 교차로안,승용,남,22세,상해없음,이륜,남,29세,경상
2022020500100255,2022년 2월 5일 17시,토요일,대구광역시 수성구 범어동,경상사고,0,0,1,0,차대사람 - 기타,안전운전불이행,건조,맑음,단일로 - 기타,승용,여,45세,상해없음,보행자,여,50세,경상
2022020500100276,2022년 2월 5일 18시,토요일,대구광역시 남구 봉덕동,경상사고,0,0,2,0,차대차 - 측면충돌,안전운전불이행,건조,맑음,단일로 - 기타,승용,남,59세,상해없음,승용,남,74세,경상
2022020500100277,2022년 2월 5일 18시,토요일,대구광역시 동구 신천동,경상사고,0,0,1,0,차대사람 - 기타,안전운전불이행,건조,맑음,단일로 - 기타,승용,여,68세,상해없음,보행자,여,26세,경상
2022020500100299,2022년 2월 5일 19시,토요일,대구광역시 동구 입석동,부상신고사고,0,0,0,1,차대차 - 기타,안전운전불이행,건조,맑음,교차로 - 교차로안,자전거,남,67세,부상신고,승용,여,54세,상해없음
2022020500100300,2022년 2월 5일 19시,토요일,대구광역시 서구 내당동,경상사고,0,0,1,0,차대차 - 기타,기타,건조,맑음,단일로 - 기타,이륜,남,31세,상해없음,승용,남,60세,경상
2022020500100301,2022년 2월 5일 19시,토요일,대구광역시 달서구 장기동,경상사고,0,0,1,0,차대사람 - 횡단중,보행자보호의무위반,건조,맑음,교차로 - 교차로횡단보도내,승용,여,50세,상해없음,보행자,남,45세,경상
2022020500100328,2022년 2월 5일 20시,토요일,대구광역시 동구 괴전동,경상사고,0,0,1,0,차대차 - 측면충돌,신호위반,건조,맑음,교차로 - 교차로부근,원동기,남,21세,상해없음,자전거,남,37세,경상
2022020500100357,2022년 2월 5일 21시,토요일,대구광역시 달서구 상인동,중상사고,0,2,1,0,차대차 - 추돌,안전운전불이행,건조,맑음,단일로 - 기타,승용,남,63세,상해없음,승용,여,36세,중상
2022020500100381,2022년 2월 5일 22시,토요일,대구광역시 북구 서변동,경상사고,0,0,2,0,차대차 - 측면충돌,안전운전불이행,건조,맑음,단일로 - 기타,승합,남,49세,경상,승용,남,51세,상해없음
2022020500100384,2022년 2월 5일 22시,토요일,대구광역시 달서구 송현동,중상사고,0,1,0,0,차대차 - 추돌,안전운전불이행,건조,맑음,단일로 - 기타,승용,남,33세,상해없음,승용,남,56세,중상