사고번호,사고일시,요일,시군구,사고내용,사망자수,중상자수,경상자수,부상신고자수,사고유형,법규위반,노면상태,기상상태,도로형태,가해운전자 차종,가해운전자 성별,가해운전자 연령,가해운전자 상해정도,피해운전자 차종,피해운전자 성별,피해운전자 연령,피해운전자 상해정도
2022020600100006,2022년 2월 6일 01시,일요일,대구광역시 남구 대명동,경상사고,0,0,1,0,차대차 - 측면충돌,기타,건조,맑음,단일로 - 지하차도(도로)내,승용,남,59세,경상,승용,남,24세,상해없음
2022020600100058,2022년 2월 6일 11시,일요일,대구광역시 북구 구암동,경상사고,0,0,1,0,차대차 - 추돌,안전거리미확보,건조,맑음,단일로 - 지하차도(도로)내,승용,남,67세,경상,승용,남,31세,상해없음
2022020600100071,2022년 2월 6일 12시,일요일,대구광역시 달성군 화원읍,중상사고,0,1,0,0,차대사람 - 기타,안전운전불이행,건조,맑음,단일로 - 기타,개인형이동수단(PM),남,14세,상해없음,보행자,여,64세,중상
2022020600100072,2022년 2월 6일 12시,일요일,대구광역시 달서구 죽전동,경상사고,0,0,1,0,차대사람 - 차도통행중,안전운전불이행,건조,맑음,단일로 - 기타,승합,남,73세,상해없음,보행자,여,26세,경상
2022020600100073,2022년 2월 6일 12시,일요일,대구광역시 북구 구암동,경상사고,0,0,1,0,차대사람 - 차도통행중,안전운전불이행,건조,맑음,단일로 - 지하차도(도로)내,승용,남,67세,상해없음,보행자,남,31세,경상
2022020600100115,2022년 2월 6일 14시,일요일,대구광역시 북구 노곡동,경상사고,0,0,3,0,차대차 - 추돌,안전운전불이행,건조,맑음,단일로 - 기타,승용,남,29세,기타불명,승용,여,26세,경상
2022020600100198,2022년 2월 6일 18시,일요일,대구광역시 달성군 화원읍,경상사고,0,0,3,0,차대차 - 측면충돌,중앙선침범,건조,맑음,단일로 - 기타,승용,남,42세,상해없음,승용,남,41세,경상
2022020600100199,2022년 2월 6일 18시,일요일,대구광역시 중구 계산동2가,중상사고,0,1,0,0,차대사람 - 길가장자리구역통행중,안전운전불이행,건조,맑음,단일로 - 기타,승용,남,26세,상해없음,보행자,남,23세,중상
2022020600100200,2022년 2월 6일 18시,일요일,대구광역시 북구 관음동,경상사고,0,0,2,0,차대차 - 측면충돌,안전운전불이행,건조,맑음,단일로 - 기타,승용,남,62세,상해없음,승용,여,29세,경상
2022020600100243,2022년 2월 6일 20시,일요일,대구광역시 달성군 현풍읍,경상사고,0,0,1,0,차대차 - 측면충돌,안전운전불이행,건조,맑음,교차로 - 교차로부근,승용,남,33세,상해없음,이륜,남,30세,경상
2022020700100042,2022년 2월 7일 07시,월요일,대구광역시 서구 내당동,경상사고,0,0,1,0,차대차 - 측면충돌,안전거리미확보,건조,맑음,단일로 - 기타,건설기계,남,58세,상해없음,승용,남,67세,경상
2022020700100043,2022년 2월 7일 07시,월요일,대구광역시 서구 내당동,중상사고,0,1,0,0,차대차 - 측면충돌,안전운전불이행,건조,맑음,단일로 - 기타,승용,여,30세,상해없음,승용,남,62세,중상
2022020700100070,2022년 2월 7일 08시,월요일,대구광역시 북구 읍내동,경상사고,0,0,2,0,차대차 - 측면충돌,안전운전불이행,건조,맑음,단일로 - 기타,승용,남,35세,경상,승용,여,64세,경상
2022020700100156,2022년 2월 7일 12시,월요일,대구광역시 달서구 용산동,경상사고,0,0,2,0,차대차 - 측면충돌,교차로운행방법위반,건조,기타,교차로 - 교차로안,승용,남,25세,경상,승용,남,72세,경상
2022020700100173,2022년 2월 7일 13시,월요일,대구광역시 달성군 현풍읍,경상사고,0,0,2,0,차대차 - 측면충돌,차로위반,건조,맑음,단일로 - 기타,승용,남,61세,경상,화물,남,64세,상해없음
2022020700100174,2022년 2월 7일 13시,월요일,대구광역시 달성군 구지면,경상사고,0,0,1,1,차대차 - 측면충돌,직진우회전진행방해,건조,맑음,교차로 - 교차로안,승용,남,29세,부상신고,화물,남,42세,경상
2022020700100218,2022년 2월 7일 15시,월요일,대구광역시 동구 신암동,중상사고,0,1,1,0,차대차 - 추돌,안전운전불이행,건조,맑음,교차로 - 교차로부근,승용,남,21세,상해없음,승용,남,70세,경상
2022020700100219,2022년 2월 7일 15시,월요일,대구광역시 수성구 연호동,경상사고,0,0,4,0,차대차 - 추돌,안전운전불이행,건조,맑음,단일로 - 기타,화물,남,66세,상해없음,승용,남,45세,경상
2022020700100220,2022년 2월 7일 15시,월요일,대구광역시 달서구 송현동,경상사고,0,0,1,0,차대차 - 측면충돌,차로위반,건조,맑음,단일로 - 기타,승합,남,61세,상해없음,화물,남,34세,경상
2022020700100221,2022년 2월 7일 15시,월요일,대구광역시 달서구 월성동,경상사고,0,0,3,0,차대차 - 측면충돌,안전거리미확보,건조,맑음,기타 - 기타,화물,남,61세,경상,승용,남,25세,경상
2022020700100222,2022년 2월 7일 15시,월요일,대구광역시 중구 대봉동,중상사고,0,1,0,0,차대차 - 기타,안전운전불이행,건조,맑음,기타 - 기타,자전거,남,24세,상해없음,자전거,남,15세,중상
2022020700100245,2022년 2월 7일 16시,월요일,대구광역시 달서구 용산동,중상사고,0,1,0,0,차대사람 - 차도통행중,안전운전불이행,건조,맑음,단일로 - 기타,승용,남,55세,상해없음,보행자,여,13세,중상
2022020700100246,2022년 2월 7일 16시,월요일,대구광역시 북구 태전동,경상사고,0,0,1,0,차대차 - 측면충돌,교차로운행방법위반,건조,맑음,단일로 - 기타,승용,여,52세,상해없음,승용,남,50세,경상
2022020700100278,2022년 2월 7일 17시,월요일,대구광역시 동구 율하동,경상사고,0,0,1,0,차대사람 - 기타,기타,건조,맑음,단일로 - 기타,승합,남,69세,상해없음,보행자,남,56세,경상
2022020700100312,2022년 2월 7일 18시,월요일,대구광역시 동구 효목동,경상사고,0,0,1,0,차대차 - 측면충돌,안전운전불이행,건조,맑음,단일로 - 기타,승용,남,79세,경상,화물,남,52세,기타불명
2022020700100327,2022년 2월 7일 19시,월요일,대구광역시 달서구 상인동,경상사고,0,0,1,0,차대차 - 측면충돌,안전운전불이행,건조,맑음,단일로 - 기타,승용,여,51세,상해없음,승용,남,62세,경상
2022020700100343,2022년 2월 7일 20시,월요일,대구광역시 달서구 상인동,경상사고,0,0,1,0,차대차 - 추돌,중앙선침범,건조,맑음,단일로 - 기타,이륜,남,18세,상해없음,승용,남,44세,경상
2022020700100382,2022년 2월 7일 21시,월요일,대구광역시 수성구 만촌동,중상사고,0,1,0,0,차대차 - 추돌,안전운전불이행,건조,맑음,교차로 - 교차로부근,이륜,남,22세,상해없음,승용,남,59세,중상
2022020800100018,2022년 2월 8일 01시,화요일,대구광역시 달서구 도원동,경상사고,0,0,2,0,차대차 - 측면충돌,차로위반,건조,맑음,교차로 - 교차로부근,승용,남,18세,상해없음,승용,남,36세,경상
2022020800100019,2022년 2월 8일 01시,화요일,대구광역시 달성군 유가읍,경상사고,0,0,1,0,차대차 - 기타,안전운전불이행,건조,맑음,단일로 - 기타,승용,남,45세,상해없음,승용,여,34세,경상
2022020800100023,2022년 2월 8일 03시,화요일,대구광역시 달서구 호산동,경상사고,0,0,1,0,차대차 - 측면충돌,안전운전불이행,건조,맑음,단일로 - 기타,승용,남,39세,상해없음,이륜,남,33세,경상
2022020800100033,2022년 2월 8일 05시,화요일,대구광역시 달서구 월성동,중상사고,0,1,0,0,차대차 - 측면충돌,신호위반,건조,맑음,교차로 - 교차로안,화물,남,68세,상해없음,이륜,남,39세,중상
2022020800100092,2022년 2월 8일 08시,화요일,대구광역시 달성군 논공읍,중상사고,0,1,2,0,차대차 - 기타,안전운전불이행,건조,맑음,기타 - 기타,화물,남,51세,상해없음,승용,남,40세,경상
2022020800100117,2022년 2월 8일 09시,화요일,대구광역시 서구 평리동,경상사고,0,0,2,0,차대차 - 측면충돌,안전운전불이행,건조,맑음,단일로 - 기타,이륜,남,34세,상해없음,승용,남,62세,경상
2022020800100138,2022년 2월 8일 10시,화요일,대구광역시 수성구 수성동1가,경상사고,0,0,2,0,차대차 - 측면충돌,안전거리미확보,건조,맑음,단일로 - 기타,승용,여,53세,경상,승용,여,59세,경상
2022020800100139,2022년 2월 8일 10시,화요일,대구광역시 수성구 수성동2가,경상사고,0,0,1,0,차대차 - 측면충돌,안전거리미확보,건조,맑음,단일로 - 기타,승용,남,63세,상해없음,승용,여,48세,경상
2022020800100160,2022년 2월 8일 11시,화요일,대구광역시 북구 구암동,경상사고,0,0,1,0,차대차 - 측면충돌,신호위반,건조,맑음,단일로 - 고가도로위,승용,남,21세,상해없음,승용,남,36세,경상
2022020800100208,2022년 2월 8일 13시,화요일,대구광역시 남구 대명동,경상사고,0,0,1,0,차대차 - 기타,안전운전불이행,건조,맑음,교차로 - 교차로횡단보도내,이륜,남,44세,상해없음,자전거,남,63세,경상
2022020800100209,2022년 2월 8일 13시,화요일,대구광역시 북구 관음동,중상사고,0,1,0,0,차대사람 - 차도통행중,안전운전불이행,건조,맑음,교차로 - 교차로안,승용,여,51세,상해없음,보행자,여,40세,중상
2022020800100243,2022년 2월 8일 14시,화요일,대구광역시 동구 지묘동,경상사고,0,0,1,0,차대차 - 측면충돌,교차로운행방법위반,건조,맑음,교차로 - 교차로안,승용,남,48세,상해없음,개인형이동수단(PM),여,61세,경상
2022020800100277,2022년 2월 8일 15시,화요일,대구광역시 달서구 진천동,경상사고,0,0,2,0,차대차 - 기타,안전운전불이행,건조,맑음,교차로 - 교차로부근,승용,남,56세,상해없음,승용,남,39세,경상
2022020800100278,2022년 2월 8일 15시,화요일,대구광역시 달서구 대곡동,경상사고,0,0,1,0,차대차 - 기타,안전운전불이행,건조,맑음,교차로 - 교차로안,승용,여,39세,상해없음,승용,남,51세,경상
2022020800100279,2022년 2월 8일 15시,화요일,대구광역시 북구 침산동,중상사고,0,1,0,0,차대사람 - 횡단중,신호위반,건조,맑음,단일로 - 기타,승용,여,46세,상해없음,보행자,남,73세,중상
2022020800100376,2022년 2월 8일 18시,화요일,대구광역시 수성구 신매동,중상사고,0,1,6,0,차대차 - 기타,안전거리미확보,건조,맑음,단일로 - 기타,승용,여,16세,상해없음,승합,남,45세,경상
2022020800100377,2022년 2월 8일 18시,화요일,대구광역시 수성구 만촌동,중상사고,0,1,0,0,차대차 - 측면충돌,안전거리미확보,건조,맑음,교차로 - 교차로부근,승용,남,28세,상해없음,이륜,남,32세,중상
2022020800100419,2022년 2월 8일 19시,화요일,대구광역시 북구 동천동,경상사고,0,0,1,0,차대차 - 추돌,안전거리미확보,건조,맑음,단일로 - 기타,이륜,남,33세,상해없음,이륜,남,25세,경상
2022020800100452,2022년 2월 8일 20시,화요일,대구광역시 중구 삼덕동3가,경상사고,0,0,1,0,차대사람 - 기타,안전운전불이행,건조,맑음,단일로 - 기타,승용,남,35세,상해없음,보행자,남,62세,경상
2022020800100453,2022년 2월 8일 20시,화요일,대구광역시 북구 학정동,경상사고,0,0,1,0,차대차 - 측면충돌,교차로운행방법위반,건조,맑음,교차로 - 교차로횡단보도내,승합,남,58세,기타불명,자전거,남,60세,경상
2022020800100481,2022년 2월 8일 21시,화요일,대구광역시 남구 봉덕동,경상사고,0,0,2,0,차대차 - 기타,안전운전불이행,건조,맑음,단일로 - 기타,승용,남,37세,기타불명,특수,남,43세,경상
2022020800100482,2022년 2월 8일 21시,화요일,대구광역시 수성구 사월동,경상사고,0,0,1,0,차대사람 - 횡단중,보행자보호의무위반,건조,맑음,단일로 - 기타,승용,여,58세,상해없음,보행자,남,7세,경상
2022020800100483,2022년 2월 8일 21시,화요일,대구광역시 달서구 감삼동,경상사고,0,0,3,0,차대차 - 추돌,안전운전불이행,건조,흐림,기타 - 기타,승용,남,68세,기타불명,승용,여,36세,경상
2022020800100484,2022년 2월 8일 21시,화요일,대구광역시 북구 읍내동,경상사고,0,0,1,0,차대차 - 측면충돌,안전운전불이행,건조,맑음,교차로 - 교차로부근,승용,여,64세,상해없음,이륜,남,45세,경상
2022020800100502,2022년 2월 8일 22시,화요일,대구광역시 중구 공평동,경상사고,0,0,1,0,차대차 - 기타,안전운전불이행,건조,맑음,교차로 - 교차로안,기타불명,기타불명,미분류,기타불명,자전거,남,56세,경상
2022020900100007,2022년 2월 9일 00시,수요일,대구광역시 수성구 수성동3가,경상사고,0,0,1,0,차대차 - 측면충돌,신호위반,건조,맑음,교차로 - 교차로안,승용,여,41세,상해없음,승용,남,55세,경상
2022020900100111,2022년 2월 9일 09시,수요일,대구광역시 북구 읍내동,경상사고,0,0,1,0,차대차 - 측면충돌,안전거리미확보,건조,맑음,단일로 - 기타,승합,남,62세,상해없음,승용,여,37세,경상
2022020900100162,2022년 2월 9일 11시,수요일,대구광역시 수성구 범어동,경상사고,0,0,1,0,차대차 - 측면충돌,안전운전불이행,건조,맑음,교차로 - 교차로부근,승용,여,42세,상해없음,승용,남,36세,경상
2022020900100163,2022년 2월 9일 11시,수요일,대구광역시 북구 사수동,중상사고,0,2,0,0,차대차 - 측면충돌,신호위반,건조,맑음,교차로 - 교차로안,승용,여,59세,상해없음,승용,남,48세,중상
2022020900100245,2022년 2월 9일 14시,수요일,대구광역시 서구 내당동,경상사고,0,0,1,0,차대차 - 측면충돌,안전운전불이행,건조,맑음,단일로 - 기타,승용,남,47세,상해없음,이륜,남,21세,경상
2022020900100246,2022년 2월 9일 14시,수요일,대구광역시 서구 상리동,중상사고,0,1,0,0,차량단독 - 전도전복 - 전도,안전운전불이행,건조,맑음,교차로 - 교차로부근,승합,남,56세,상해없음,,,,
2022020900100279,2022년 2월 9일 15시,수요일,대구광역시 동구 용계동,경상사고,0,0,1,0,차대차 - 측면충돌,신호위반,건조,맑음,교차로 - 교차로부근,화물,남,48세,상해없음,이륜,남,18세,경상
2022020900100280,2022년 2월 9일 15시,수요일,대구광역시 수성구 두산동,경상사고,0,0,1,0,차대차 - 기타,안전운전불이행,건조,맑음,단일로 - 기타,화물,남,51세,상해없음,승용,여,24세,경상
2022020900100281,2022년 2월 9일 15시,수요일,대구광역시 달서구 송현동,경상사고,0,0,1,0,차대차 - 기타,교차로운행방법위반,건조,맑음,교차로 - 교차로안,화물,남,53세,상해없음,승용,여,47세,경상
2022020900100309,2022년 2월 9일 16시,수요일,대구광역시 수성구 중동,경상사고,0,0,4,0,차대차 - 측면충돌,신호위반,건조,맑음,단일로 - 기타,승용,남,55세,경상,승용,남,31세,경상
2022020900100339,2022년 2월 9일 17시,수요일,대구광역시 남구 대명동,경상사고,0,0,2,0,차대차 - 측면충돌,신호위반,건조,맑음,교차로 - 교차로안,이륜,여,35세,경상,승용,여,48세,경상
2022020900100340,2022년 2월 9일 17시,수요일,대구광역시 동구 신천동,중상사고,0,1,4,0,차대차 - 추돌,안전운전불이행,건조,맑음,단일로 - 기타,승용,남,62세,상해없음,승용,남,49세,경상
2022020900100385,2022년 2월 9일 18시,수요일,대구광역시 수성구 두산동,경상사고,0,0,1,0,차대차 - 정면충돌,신호위반,건조,맑음,교차로 - 교차로안,이륜,남,36세,상해없음,이륜,남,26세,경상
2022020900100386,2022년 2월 9일 18시,수요일,대구광역시 서구 평리동,경상사고,0,0,1,0,차대차 - 측면충돌,신호위반,건조,맑음,단일로 - 기타,승용,여,39세,상해없음,화물,남,62세,경상
2022020900100387,2022년 2월 9일 18시,수요일,대구광역시 북구 태전동,부상신고사고,0,0,0,1,차대차 - 측면충돌,안전운전불이행,건조,맑음,교차로 - 교차로부근,승용,남,52세,기타불명,이륜,여,27세,부상신고
2022020900100427,2022년 2월 9일 19시,수요일,대구광역시 동구 신천동,중상사고,0,1,0,0,차대사람 - 횡단중,신호위반,건조,맑음,교차로 - 교차로횡단보도내,자전거,남,36세,상해없음,보행자,남,24세,중상
2022020900100428,2022년 2월 9일 19시,수요일,대구광역시 수성구 상동,경상사고,0,0,2,0,차대차 - 측면충돌,안전운전불이행,건조,맑음,단일로 - 기타,승용,여,62세,상해없음,승용,남,48세,경상
2022020900100429,2022년 2월 9일 19시,수요일,대구광역시 중구 덕산동,중상사고,0,1,0,0,차대차 - 기타,신호위반,건조,흐림,교차로 - 교차로안,화물,남,29세,상해없음,이륜,남,40세,중상
2022020900100430,2022년 2월 9일 19시,수요일,대구광역시 달서구 성당동,경상사고,0,0,1,0,차량단독 - 전도전복 - 전도,안전운전불이행,건조,맑음,단일로 - 기타,이륜,남,61세,경상,,,,
2022020900100431,2022년 2월 9일 19시,수요일,대구광역시 북구 태전동,중상사고,0,1,0,0,차대사람 - 차도통행중,안전운전불이행,건조,맑음,단일로 - 기타,화물,남,69세,상해없음,보행자,남,43세,중상
2022020900100464,2022년 2월 9일 20시,수요일,대구광역시 달서구 진천동,경상사고,0,0,1,0,차대차 - 추돌,안전운전불이행,건조,맑음,기타 - 기타,승용,남,69세,상해없음,승용,여,58세,경상
2022020900100509,2022년 2월 9일 21시,수요일,대구광역시 수성구 만촌동,경상사고,0,0,1,0,차대차 - 기타,교차로운행방법위반,건조,맑음,교차로 - 교차로안,승용,남,24세,상해없음,이륜,남,69세,경상
2022020900100534,2022년 2월 9일 23시,수요일,대구광역시 중구 삼덕동1가,경상사고,0,0,1,0,차대차 - 추돌,안전운전불이행,건조,맑음,단일로 - 기타,승용,남,36세,상해없음,승용,남,58세,경상
2022021000100074,2022년 2월 10일 08시,목요일,대구광역시 동구 용계동,경상사고,0,0,2,0,차대차 - 기타,기타,건조,맑음,교차로 - 교차로부근,승용,여,28세,경상,승용,여,41세,경상
2022021000100075,2022년 2월 10일 08시,목요일,대구광역시 북구 칠성동2가,부상신고사고,0,0,0,1,차량단독 - 전도전복 - 전도,안전운전불이행,건조,맑음,교차로 - 교차로안,이륜,남,77세,부상신고,,,,
2022021000100100,2022년 2월 10일 09시,목요일,대구광역시 달서구 호산동,경상사고,0,0,1,0,차대차 - 추돌,안전운전불이행,건조,맑음,단일로 - 기타,화물,남,66세,상해없음,승용,남,44세,경상
2022021000100133,2022년 2월 10일 10시,목요일,대구광역시 남구 대명동,중상사고,0,1,2,0,차대차 - 측면충돌,안전거리미확보,건조,맑음,단일로 - 기타,승용,여,32세,경상,이륜,남,46세,중상
2022021000100165,2022년 2월 10일 11시,목요일,대구광역시 서구 비산동,경상사고,0,0,1,0,차대차 - 측면충돌,불법유턴,건조,맑음,단일로 - 기타,자전거,남,67세,경상,승용,남,62세,상해없음
2022021000100186,2022년 2월 10일 12시,목요일,대구광역시 동구 신천동,경상사고,0,0,1,0,차대차 - 추돌,안전운전불이행,건조,맑음,단일로 - 기타,이륜,남,56세,상해없음,승용,남,40세,경상
2022021000100187,2022년 2월 10일 12시,목요일,대구광역시 달성군 다사읍,경상사고,0,0,3,0,차대차 - 기타,교차로운행방법위반,건조,맑음,교차로 - 교차로안,승용,여,64세,상해없음,승용,여,52세,경상
2022021000100188,2022년 2월 10일 12시,목요일,대구광역시 서구 비산동,경상사고,0,0,1,0,차대차 - 측면충돌,신호위반,건조,맑음,교차로 - 교차로부근,승용,남,29세,상해없음,승용,남,44세,경상
2022021000100189,2022년 2월 10일 12시,목요일,대구광역시 중구 동인동2가,부상신고사고,0,0,0,1,차대차 - 측면충돌,차로위반,건조,맑음,단일로 - 기타,자전거,여,76세,부상신고,승용,남,21세,상해없음
2022021000100214,2022년 2월 10일 13시,목요일,대구광역시 서구 원대동1가,경상사고,0,0,1,0,차대차 - 기타,신호위반,건조,맑음,교차로 - 교차로부근,승용,남,69세,상해없음,자전거,여,60세,경상
2022021000100215,2022년 2월 10일 13시,목요일,대구광역시 달서구 이곡동,중상사고,0,2,0,0,차대차 - 추돌,안전거리미확보,건조,맑음,단일로 - 기타,승용,남,22세,상해없음,화물,남,63세,중상
2022021000100216,2022년 2월 10일 13시,목요일,대구광역시 달서구 본리동,경상사고,0,0,2,0,차대차 - 추돌,안전운전불이행,건조,맑음,교차로 - 교차로부근,승용,남,60세,기타불명,화물,남,33세,경상
2022021000100250,2022년 2월 10일 14시,목요일,대구광역시 서구 중리동,중상사고,0,3,2,0,차대차 - 추돌,안전운전불이행,건조,맑음,교차로 - 교차로부근,승합,남,53세,상해없음,승용,여,49세,중상
2022021000100273,2022년 2월 10일 15시,목요일,대구광역시 동구 신천동,경상사고,0,0,1,0,차대차 - 정면충돌,안전운전불이행,건조,맑음,교차로 - 교차로안,화물,남,60세,상해없음,자전거,여,66세,경상
2022021000100274,2022년 2월 10일 15시,목요일,대구광역시 동구 신서동,경상사고,0,0,1,0,차대차 - 측면충돌,차로위반,건조,맑음,단일로 - 기타,승용,여,32세,상해없음,승용,남,73세,경상
2022021000100276,2022년 2월 10일 15시,목요일,대구광역시 서구 비산동,부상신고사고,0,0,0,1,차대사람 - 기타,기타,건조,맑음,단일로 - 기타,기타불명,남,53세,상해없음,보행자,여,81세,부상신고
2022021000100328,2022년 2월 10일 17시,목요일,대구광역시 달서구 도원동,경상사고,0,0,2,0,차대차 - 추돌,안전운전불이행,건조,맑음,교차로 - 교차로부근,승용,남,21세,상해없음,승용,여,22세,경상
2022021000100371,2022년 2월 10일 18시,목요일,대구광역시 동구 율하동,경상사고,0,0,1,0,차대차 - 측면충돌,안전거리미확보,건조,맑음,교차로 - 교차로안,화물,남,74세,상해없음,승합,남,35세,상해없음
2022021000100373,2022년 2월 10일 18시,목요일,대구광역시 북구 대현동,부상신고사고,0,0,0,1,차대차 - 기타,안전운전불이행,건조,맑음,단일로 - 기타,승용,여,55세,상해없음,이륜,남,21세,부상신고
2022021000100374,2022년 2월 10일 18시,목요일,대구광역시 서구 비산동,경상사고,0,0,1,0,차대차 - 기타,안전거리미확보,건조,맑음,단일로 - 기타,승용,여,57세,상해없음,승합,남,62세,상해없음
2022021000100397,2022년 2월 10일 19시,목요일,대구광역시 달서구 신당동,경상사고,0,0,1,0,차대차 - 기타,신호위반,건조,맑음,교차로 - 교차로안,이륜,남,44세,상해없음,이륜,남,42세,경상
2022021000100473,2022년 2월 10일 21시,목요일,대구광역시 남구 대명동,경상사고,0,0,1,0,차대차 - 추돌,안전운전불이행,건조,맑음,단일로 - 기타,승용,남,41세,상해없음,승용,여,47세,경상
2022021000100494,2022년 2월 10일 22시,목요일,대구광역시 수성구 상동,경상사고,0,0,1,0,차대차 - 측면충돌,신호위반,건조,맑음,교차로 - 교차로안,승용,여,48세,상해없음,이륜,남,54세,경상
2022021000100495,2022년 2월 10일 22시,목요일,대구광역시 중구 삼덕동1가,경상사고,0,0,1,0,차대사람 - 길가장자리구역통행중,안전운전불이행,건조,맑음,단일로 - 기타,승용,남,18세,상해없음,보행자,남,35세,경상
2022021100100012,2022년 2월 11일 01시,금요일,대구광역시 동구 신서동,경상사고,0,0,1,0,차대사람 - 보도통행중,안전운전불이행,건조,맑음,단일로 - 기타,승용,여,41세,상해없음,보행자,남,63세,경상
2022021100100019,2022년 2월 11일 05시,금요일,대구광역시 동구 신암동,중상사고,0,1,0,0,차대사람 - 횡단중,신호위반,건조,맑음,단일로 - 기타,승합,남,61세,상해없음,보행자,남,37세,중상
2022021100100073,2022년 2월 11일 08시,금요일,대구광역시 달성군 다사읍,중상사고,0,1,0,0,차대사람 - 횡단중,안전운전불이행,건조,맑음,교차로 - 교차로부근,화물,남,59세,상해없음,보행자,여,43세,중상
2022021100100100,2022년 2월 11일 09시,금요일,대구광역시 달서구 월성동,중상사고,0,1,1,0,차대차 - 측면충돌,기타,건조,맑음,교차로 - 교차로안,승용,남,45세,경상,승용,남,80세,중상
2022021100100130,2022년 2월 11일 10시,금요일,대구광역시 동구 괴전동,경상사고,0,0,1,0,차대차 - 기타,안전운전불이행,건조,맑음,단일로 - 기타,화물,남,38세,상해없음,승용,여,70세,경상
2022021100100131,2022년 2월 11일 10시,금요일,대구광역시 달서구 대천동,경상사고,0,0,2,0,차대차 - 기타,안전운전불이행,건조,맑음,교차로 - 교차로부근,화물,남,33세,경상,승용,남,52세,경상
2022021100100132,2022년 2월 11일 10시,금요일,대구광역시 달성군 다사읍,경상사고,0,0,1,0,차대차 - 기타,신호위반,건조,맑음,교차로 - 교차로부근,이륜,남,70세,경상,승용,남,81세,상해없음
2022021100100133,2022년 2월 11일 10시,금요일,대구광역시 북구 서변동,경상사고,0,0,1,0,차대차 - 측면충돌,안전거리미확보,건조,맑음,단일로 - 교량,이륜,남,79세,경상,승용,남,49세,상해없음
2022021100100158,2022년 2월 11일 11시,금요일,대구광역시 동구 용계동,경상사고,0,0,2,0,차대차 - 측면충돌,차로위반,건조,맑음,교차로 - 교차로부근,승용,여,61세,기타불명,화물,남,38세,경상
2022021100100159,2022년 2월 11일 11시,금요일,대구광역시 수성구 황금동,경상사고,0,0,1,0,차대차 - 측면충돌,안전운전불이행,건조,맑음,단일로 - 기타,승용,남,44세,상해없음,승용,여,46세,경상
2022021100100160,2022년 2월 11일 11시,금요일,대구광역시 달서구 장동,경상사고,0,0,1,0,차대차 - 측면충돌,안전거리미확보,건조,맑음,단일로 - 기타,승용,남,63세,상해없음,승합,남,66세,경상
2022021100100161,2022년 2월 11일 11시,금요일,대구광역시 서구 내당동,경상사고,0,0,1,0,차대사람 - 기타,안전운전불이행,건조,맑음,단일로 - 기타,건설기계,남,55세,상해없음,보행자,남,83세,경상
2022021100100219,2022년 2월 11일 13시,금요일,대구광역시 달성군 유가읍,경상사고,0,0,1,0,차대사람 - 횡단중,보행자보호의무위반,건조,맑음,교차로 - 교차로횡단보도내,승합,여,33세,상해없음,보행자,남,7세,경상
2022021100100220,2022년 2월 11일 13시,금요일,대구광역시 서구 내당동,부상신고사고,0,0,0,1,차대차 - 측면충돌,안전운전불이행,건조,맑음,교차로 - 교차로안,이륜,남,30세,부상신고,승용,남,38세,상해없음
2022021100100278,2022년 2월 11일 15시,금요일,대구광역시 동구 효목동,경상사고,0,0,1,0,차대차 - 측면충돌,안전운전불이행,건조,맑음,기타 - 기타,승합,남,58세,상해없음,화물,남,50세,경상
2022021100100279,2022년 2월 11일 15시,금요일,대구광역시 동구 입석동,경상사고,0,0,1,0,차대차 - 기타,안전운전불이행,건조,맑음,교차로 - 교차로안,승용,남,70세,상해없음,승합,남,50세,경상
2022021100100280,2022년 2월 11일 15시,금요일,대구광역시 동구 신기동,경상사고,0,0,1,0,차대차 - 측면충돌,직진우회전진행방해,건조,맑음,교차로 - 교차로안,승합,여,47세,기타불명,승용,남,29세,경상
2022021100100282,2022년 2월 11일 15시,금요일,대구광역시 달서구 갈산동,경상사고,0,0,1,0,차대차 - 기타,안전운전불이행,건조,맑음,교차로 - 교차로부근,화물,남,59세,상해없음,개인형이동수단(PM),남,22세,경상
2022021100100283,2022년 2월 11일 15시,금요일,대구광역시 북구 동천동,경상사고,0,0,1,0,차대차 - 측면충돌,차로위반,건조,맑음,교차로 - 교차로안,승용,여,62세,상해없음,승용,여,59세,경상
2022021100100308,2022년 2월 11일 16시,금요일,대구광역시 서구 원대동1가,경상사고,0,0,2,1,차대차 - 측면충돌,직진우회전진행방해,건조,맑음,교차로 - 교차로안,승용,남,60세,부상신고,이륜,남,23세,경상
2022021100100309,2022년 2월 11일 16시,금요일,대구광역시 중구 대신동,중상사고,0,1,0,0,차대차 - 측면충돌,신호위반,건조,맑음,교차로 - 교차로안,승용,여,26세,상해없음,이륜,남,51세,중상
2022021100100336,2022년 2월 11일 17시,금요일,대구광역시 동구 신암동,경상사고,0,0,1,0,차대차 - 기타,안전운전불이행,기타,맑음,교차로 - 교차로부근,이륜,남,28세,경상,이륜,남,28세,상해없음
2022021100100337,2022년 2월 11일 17시,금요일,대구광역시 수성구 만촌동,중상사고,0,2,0,0,차대차 - 측면충돌,신호위반,건조,맑음,교차로 - 교차로부근,승용,여,44세,상해없음,승합,남,63세,중상
2022021100100338,2022년 2월 11일 17시,금요일,대구광역시 수성구 만촌동,경상사고,0,0,1,0,차대차 - 기타,안전운전불이행,건조,맑음,단일로 - 기타,승용,여,24세,상해없음,승용,여,63세,경상