사고번호,사고일시,요일,시군구,사고내용,사망자수,중상자수,경상자수,부상신고자수,사고유형,법규위반,노면상태,기상상태,도로형태,가해운전자 차종,가해운전자 성별,가해운전자 연령,가해운전자 상해정도,피해운전자 차종,피해운전자 성별,피해운전자 연령,피해운전자 상해정도
2022021100100339,2022년 2월 11일 17시,금요일,대구광역시 북구 읍내동,경상사고,0,0,1,0,차대사람 - 차도통행중,안전운전불이행,건조,맑음,단일로 - 지하차도(도로)내,승용,여,69세,상해없음,보행자,남,24세,경상
2022021100100380,2022년 2월 11일 18시,금요일,대구광역시 남구 대명동,경상사고,0,0,1,0,차대차 - 추돌,안전운전불이행,건조,맑음,교차로 - 교차로부근,승용,여,26세,상해없음,승용,여,36세,경상
2022021100100381,2022년 2월 11일 18시,금요일,대구광역시 달성군 유가읍,경상사고,0,0,1,0,차대사람 - 기타,안전운전불이행,건조,맑음,단일로 - 기타,승용,남,71세,상해없음,보행자,남,34세,경상
2022021100100382,2022년 2월 11일 18시,금요일,대구광역시 달서구 호산동,경상사고,0,0,2,0,차대차 - 기타,신호위반,건조,맑음,기타 - 기타,이륜,남,51세,경상,승용,남,28세,경상
2022021100100383,2022년 2월 11일 18시,금요일,대구광역시 북구 구암동,경상사고,0,0,2,0,차대차 - 측면충돌,안전운전불이행,건조,맑음,교차로 - 교차로부근,승용,여,68세,기타불명,승합,남,66세,경상
2022021100100384,2022년 2월 11일 18시,금요일,대구광역시 북구 읍내동,중상사고,0,1,0,0,차대차 - 측면충돌,교차로운행방법위반,건조,맑음,교차로 - 교차로부근,승합,남,50세,상해없음,이륜,남,33세,중상
2022021100100431,2022년 2월 11일 19시,금요일,대구광역시 중구 삼덕동1가,경상사고,0,0,1,0,차대차 - 측면충돌,안전거리미확보,건조,맑음,단일로 - 기타,승용,남,52세,기타불명,승용,남,56세,경상
2022021100100432,2022년 2월 11일 19시,금요일,대구광역시 북구 팔달동,경상사고,0,0,1,0,차대차 - 추돌,안전운전불이행,건조,맑음,단일로 - 교량,승용,남,58세,기타불명,승용,남,24세,경상
2022021100100458,2022년 2월 11일 20시,금요일,대구광역시 동구 신서동,경상사고,0,0,3,0,차대차 - 측면충돌,신호위반,건조,맑음,교차로 - 교차로안,승용,여,44세,상해없음,승용,남,25세,경상
2022021100100459,2022년 2월 11일 20시,금요일,대구광역시 수성구 범물동,경상사고,0,0,1,0,차대차 - 추돌,안전운전불이행,건조,맑음,단일로 - 지하차도(도로)내,승용,남,56세,상해없음,이륜,남,58세,경상
2022021100100460,2022년 2월 11일 20시,금요일,대구광역시 수성구 범물동,경상사고,0,0,1,0,차대차 - 측면충돌,안전거리미확보,건조,맑음,단일로 - 기타,승용,남,69세,상해없음,이륜,남,49세,경상
2022021100100461,2022년 2월 11일 20시,금요일,대구광역시 북구 동천동,부상신고사고,0,0,0,1,차대차 - 측면충돌,안전운전불이행,건조,맑음,교차로 - 교차로안,승용,남,61세,상해없음,이륜,남,33세,부상신고
2022021100100488,2022년 2월 11일 21시,금요일,대구광역시 달서구 도원동,경상사고,0,0,5,0,차대차 - 측면충돌,안전운전불이행,건조,맑음,교차로 - 교차로부근,승용,남,46세,상해없음,승합,남,52세,경상
2022021100100489,2022년 2월 11일 21시,금요일,대구광역시 달서구 용산동,경상사고,0,0,2,0,차대차 - 측면충돌,차로위반,건조,맑음,단일로 - 기타,승용,여,64세,상해없음,승용,남,61세,경상
2022021100100490,2022년 2월 11일 21시,금요일,대구광역시 달서구 본리동,부상신고사고,0,0,0,1,차대차 - 측면충돌,안전운전불이행,건조,맑음,교차로 - 교차로부근,이륜,남,48세,부상신고,승용,남,미분류,상해없음
2022021100100491,2022년 2월 11일 21시,금요일,대구광역시 달서구 용산동,경상사고,0,0,1,0,차대차 - 측면충돌,안전운전불이행,건조,맑음,교차로 - 교차로횡단보도내,이륜,남,17세,상해없음,자전거,남,26세,경상
2022021100100511,2022년 2월 11일 22시,금요일,대구광역시 수성구 삼덕동,경상사고,0,0,1,0,차대차 - 후진중충돌,안전운전불이행,건조,맑음,단일로 - 기타,승용,남,55세,상해없음,승용,남,23세,경상
2022021100100512,2022년 2월 11일 22시,금요일,대구광역시 수성구 범어동,경상사고,0,0,2,1,차대차 - 추돌,직진우회전진행방해,건조,맑음,교차로 - 교차로안,승용,남,47세,기타불명,승용,남,34세,경상
2022021200100025,2022년 2월 12일 03시,토요일,대구광역시 동구 신암동,부상신고사고,0,0,0,1,차량단독 - 공작물충돌,기타,건조,맑음,교차로 - 교차로안,이륜,남,17세,부상신고,,,,
2022021200100048,2022년 2월 12일 07시,토요일,대구광역시 수성구 시지동,중상사고,0,1,0,0,차량단독 - 공작물충돌,안전운전불이행,건조,맑음,기타 - 기타,승용,남,50세,중상,,,,
2022021200100049,2022년 2월 12일 07시,토요일,대구광역시 달서구 성당동,경상사고,0,0,2,0,차대차 - 측면충돌,신호위반,건조,맑음,교차로 - 교차로안,이륜,남,25세,경상,승합,남,36세,경상
2022021200100058,2022년 2월 12일 08시,토요일,대구광역시 달서구 두류동,중상사고,0,1,0,0,차대차 - 기타,기타,건조,맑음,단일로 - 기타,승용,여,47세,상해없음,자전거,남,79세,중상
2022021200100101,2022년 2월 12일 10시,토요일,대구광역시 수성구 만촌동,경상사고,0,0,1,0,차대차 - 측면충돌,안전운전불이행,건조,맑음,단일로 - 기타,승용,여,55세,상해없음,승용,남,36세,경상
2022021200100233,2022년 2월 12일 15시,토요일,대구광역시 동구 신평동,중상사고,0,1,0,0,차대차 - 기타,안전운전불이행,건조,맑음,기타 - 기타,기타불명,기타불명,미분류,기타불명,자전거,여,76세,중상
2022021200100234,2022년 2월 12일 15시,토요일,대구광역시 수성구 노변동,경상사고,0,0,1,1,차대차 - 측면충돌,안전운전불이행,건조,맑음,교차로 - 교차로안,승용,남,75세,부상신고,승용,여,56세,경상
2022021200100235,2022년 2월 12일 15시,토요일,대구광역시 서구 이현동,중상사고,0,2,4,0,차대차 - 추돌,안전운전불이행,건조,맑음,단일로 - 기타,승용,남,34세,상해없음,승용,여,53세,경상
2022021200100265,2022년 2월 12일 16시,토요일,대구광역시 남구 대명동,경상사고,0,0,1,0,차대사람 - 기타,보행자보호의무위반,건조,맑음,단일로 - 기타,승용,남,24세,상해없음,보행자,여,19세,경상
2022021200100266,2022년 2월 12일 16시,토요일,대구광역시 동구 효목동,경상사고,0,0,1,0,차대사람 - 보도통행중,기타,건조,맑음,단일로 - 기타,승용,여,64세,상해없음,보행자,여,7세,경상
2022021200100267,2022년 2월 12일 16시,토요일,대구광역시 달서구 송현동,경상사고,0,0,3,0,차대차 - 측면충돌,안전운전불이행,건조,맑음,단일로 - 기타,승합,남,60세,상해없음,승용,남,29세,경상
2022021200100268,2022년 2월 12일 16시,토요일,대구광역시 중구 태평로3가,경상사고,0,0,1,0,차대차 - 기타,안전운전불이행,건조,맑음,교차로 - 교차로안,승합,남,46세,기타불명,자전거,여,79세,경상
2022021200100269,2022년 2월 12일 16시,토요일,대구광역시 중구 북성로1가,경상사고,0,0,2,0,차대차 - 측면충돌,안전운전불이행,건조,맑음,단일로 - 기타,승용,남,74세,상해없음,승용,남,61세,상해없음
2022021200100288,2022년 2월 12일 17시,토요일,대구광역시 북구 산격동,경상사고,0,0,1,0,차대차 - 측면충돌,안전거리미확보,건조,맑음,교차로 - 교차로부근,기타불명,기타불명,미분류,기타불명,이륜,남,28세,경상
2022021200100371,2022년 2월 12일 20시,토요일,대구광역시 수성구 황금동,부상신고사고,0,0,0,1,차대차 - 기타,안전운전불이행,기타,맑음,교차로 - 교차로안,기타불명,기타불명,미분류,기타불명,승용,남,39세,부상신고
2022021200100372,2022년 2월 12일 20시,토요일,대구광역시 달서구 신당동,경상사고,0,0,2,0,차대차 - 정면충돌,안전운전불이행,건조,맑음,교차로 - 교차로부근,이륜,남,25세,경상,승용,남,26세,경상
2022021200100407,2022년 2월 12일 21시,토요일,대구광역시 중구 삼덕동1가,경상사고,0,0,1,0,차대사람 - 기타,안전운전불이행,건조,맑음,단일로 - 기타,승용,남,24세,상해없음,보행자,남,27세,경상
2022021200100433,2022년 2월 12일 23시,토요일,대구광역시 북구 산격동,경상사고,0,0,2,0,차대차 - 추돌,안전운전불이행,건조,맑음,교차로 - 교차로부근,승용,남,28세,기타불명,승용,여,31세,경상
2022021300100016,2022년 2월 13일 04시,일요일,대구광역시 동구 신천동,사망사고,1,0,0,0,차대사람 - 횡단중,안전운전불이행,건조,맑음,단일로 - 기타,승용,여,46세,상해없음,보행자,남,77세,사망
2022021300100018,2022년 2월 13일 05시,일요일,대구광역시 서구 평리동,부상신고사고,0,0,0,1,차량단독 - 기타,안전운전불이행,건조,맑음,기타 - 기타,개인형이동수단(PM),남,19세,부상신고,,,,
2022021300100041,2022년 2월 13일 09시,일요일,대구광역시 동구 효목동,경상사고,0,0,1,0,차량단독 - 공작물충돌,안전운전불이행,건조,맑음,단일로 - 기타,승합,남,53세,상해없음,,,,
2022021300100042,2022년 2월 13일 09시,일요일,대구광역시 수성구 수성동1가,경상사고,0,0,1,0,차대차 - 기타,신호위반,건조,맑음,교차로 - 교차로부근,승용,남,52세,상해없음,승용,남,65세,상해없음
2022021300100043,2022년 2월 13일 09시,일요일,대구광역시 수성구 지산동,경상사고,0,0,1,0,차대차 - 기타,교차로운행방법위반,건조,맑음,단일로 - 기타,승용,여,65세,상해없음,화물,남,70세,경상
2022021300100049,2022년 2월 13일 10시,일요일,대구광역시 남구 대명동,중상사고,0,1,0,0,차대사람 - 횡단중,신호위반,건조,맑음,기타 - 기타,이륜,남,35세,상해없음,보행자,여,69세,중상
2022021300100050,2022년 2월 13일 10시,일요일,대구광역시 달서구 성당동,중상사고,0,1,0,0,차대차 - 측면충돌,안전운전불이행,건조,맑음,기타 - 기타,승용,여,48세,상해없음,자전거,남,41세,중상
2022021300100067,2022년 2월 13일 11시,일요일,대구광역시 동구 방촌동,중상사고,0,3,1,0,차대사람 - 기타,신호위반,건조,맑음,교차로 - 교차로안,승용,남,48세,중상,보행자,남,53세,중상
2022021300100068,2022년 2월 13일 11시,일요일,대구광역시 달서구 송현동,경상사고,0,0,1,0,차대사람 - 횡단중,안전운전불이행,건조,맑음,단일로 - 기타,승용,남,48세,상해없음,보행자,남,52세,경상
2022021300100088,2022년 2월 13일 12시,일요일,대구광역시 수성구 범어동,경상사고,0,0,1,0,차대차 - 측면충돌,안전운전불이행,건조,맑음,교차로 - 교차로안,이륜,남,43세,상해없음,승용,남,52세,경상
2022021300100089,2022년 2월 13일 12시,일요일,대구광역시 북구 매천동,경상사고,0,0,1,0,차대차 - 측면충돌,안전운전불이행,건조,맑음,교차로 - 교차로안,화물,남,47세,상해없음,승용,남,37세,경상
2022021300100104,2022년 2월 13일 13시,일요일,대구광역시 달서구 신당동,중상사고,0,1,0,0,차대차 - 기타,안전운전불이행,건조,맑음,단일로 - 기타,승용,여,51세,상해없음,자전거,남,75세,중상
2022021300100127,2022년 2월 13일 14시,일요일,대구광역시 달성군 화원읍,중상사고,0,1,0,0,차대차 - 기타,교차로운행방법위반,건조,맑음,교차로 - 교차로안,화물,남,39세,상해없음,이륜,여,64세,중상
2022021300100151,2022년 2월 13일 15시,일요일,대구광역시 동구 지묘동,경상사고,0,0,1,0,차대차 - 기타,안전운전불이행,건조,맑음,단일로 - 기타,승용,남,66세,상해없음,승용,남,37세,경상
2022021300100152,2022년 2월 13일 15시,일요일,대구광역시 수성구 가천동,경상사고,0,0,1,0,차대차 - 추돌,안전운전불이행,건조,맑음,단일로 - 교량,자전거,남,70세,경상,승용,남,34세,상해없음
2022021300100153,2022년 2월 13일 15시,일요일,대구광역시 달서구 신당동,경상사고,0,0,1,0,차대차 - 기타,안전운전불이행,건조,맑음,단일로 - 기타,승용,여,54세,상해없음,기타불명,남,22세,경상
2022021300100154,2022년 2월 13일 15시,일요일,대구광역시 북구 동천동,부상신고사고,0,0,0,1,차대사람 - 횡단중,안전운전불이행,건조,맑음,단일로 - 기타,승용,여,51세,상해없음,보행자,여,43세,부상신고
2022021300100202,2022년 2월 13일 17시,일요일,대구광역시 달서구 두류동,경상사고,0,0,2,0,차대차 - 측면충돌,안전운전불이행,건조,맑음,단일로 - 기타,승용,남,46세,상해없음,승용,여,72세,경상
2022021300100250,2022년 2월 13일 19시,일요일,대구광역시 동구 방촌동,경상사고,0,0,1,0,차대사람 - 기타,안전운전불이행,건조,맑음,단일로 - 기타,자전거,남,58세,상해없음,보행자,여,65세,경상
2022021300100280,2022년 2월 13일 20시,일요일,대구광역시 수성구 수성동3가,경상사고,0,0,3,0,차대차 - 추돌,안전운전불이행,건조,맑음,교차로 - 교차로부근,승용,남,63세,상해없음,승용,남,40세,경상
2022021300100281,2022년 2월 13일 20시,일요일,대구광역시 달서구 유천동,중상사고,0,1,2,0,차대차 - 측면충돌,안전거리미확보,건조,맑음,단일로 - 기타,이륜,남,56세,중상,승용,남,26세,경상
2022021300100282,2022년 2월 13일 20시,일요일,대구광역시 달성군 현풍읍,중상사고,0,1,0,0,차대차 - 측면충돌,차로위반,건조,맑음,단일로 - 기타,승용,남,56세,상해없음,이륜,남,37세,중상
2022021400100062,2022년 2월 14일 07시,월요일,대구광역시 동구 도학동,중상사고,0,1,0,0,차량단독 - 기타,안전운전불이행,건조,맑음,단일로 - 기타,승용,여,75세,중상,,,,
2022021400100063,2022년 2월 14일 07시,월요일,대구광역시 달성군 화원읍,경상사고,0,0,1,0,차대차 - 기타,안전운전불이행,건조,맑음,단일로 - 기타,승용,여,60세,상해없음,승용,남,30세,경상
2022021400100082,2022년 2월 14일 08시,월요일,대구광역시 동구 방촌동,경상사고,0,0,1,0,차대차 - 기타,안전운전불이행,건조,맑음,단일로 - 기타,화물,남,39세,상해없음,자전거,남,67세,경상
2022021400100083,2022년 2월 14일 08시,월요일,대구광역시 북구 태전동,경상사고,0,0,1,0,차대차 - 측면충돌,교차로운행방법위반,건조,맑음,교차로 - 교차로안,승용,여,51세,상해없음,승용,남,27세,경상
2022021400100103,2022년 2월 14일 09시,월요일,대구광역시 남구 봉덕동,경상사고,0,0,1,0,차대사람 - 기타,안전운전불이행,건조,맑음,단일로 - 기타,승용,남,77세,상해없음,보행자,남,77세,경상
2022021400100104,2022년 2월 14일 09시,월요일,대구광역시 북구 침산동,중상사고,0,1,0,0,차대차 - 추돌,안전운전불이행,건조,맑음,단일로 - 기타,승용,여,24세,상해없음,이륜,남,41세,중상
2022021400100134,2022년 2월 14일 10시,월요일,대구광역시 동구 신천동,경상사고,0,0,1,2,차대차 - 기타,안전운전불이행,건조,맑음,단일로 - 기타,승용,남,49세,부상신고,승용,여,39세,경상
2022021400100135,2022년 2월 14일 10시,월요일,대구광역시 수성구 황금동,경상사고,0,0,1,0,차대차 - 추돌,안전운전불이행,건조,맑음,교차로 - 교차로안,화물,남,23세,상해없음,자전거,남,67세,경상
2022021400100136,2022년 2월 14일 10시,월요일,대구광역시 달서구 호산동,경상사고,0,0,1,0,차대차 - 후진중충돌,안전운전불이행,건조,맑음,주차장 - 주차장,화물,남,35세,상해없음,승용,남,37세,경상
2022021400100195,2022년 2월 14일 12시,월요일,대구광역시 달성군 논공읍,경상사고,0,0,2,0,차대차 - 기타,기타,건조,맑음,교차로 - 교차로안,승용,남,40세,상해없음,승용,남,71세,경상
2022021400100254,2022년 2월 14일 14시,월요일,대구광역시 동구 신암동,경상사고,0,0,3,0,차대차 - 추돌,안전운전불이행,건조,맑음,단일로 - 기타,승용,여,38세,상해없음,승용,남,57세,경상
2022021400100255,2022년 2월 14일 14시,월요일,대구광역시 수성구 범어동,경상사고,0,0,1,0,차대차 - 측면충돌,차로위반,건조,맑음,교차로 - 교차로부근,건설기계,남,37세,상해없음,승용,남,36세,경상
2022021400100256,2022년 2월 14일 14시,월요일,대구광역시 서구 비산동,경상사고,0,0,1,0,차대차 - 기타,안전운전불이행,건조,맑음,단일로 - 기타,기타불명,기타불명,미분류,기타불명,자전거,여,51세,경상
2022021400100257,2022년 2월 14일 14시,월요일,대구광역시 중구 대신동,경상사고,0,0,1,1,차대차 - 측면충돌,신호위반,건조,맑음,교차로 - 교차로안,이륜,남,77세,부상신고,이륜,남,51세,경상
2022021400100258,2022년 2월 14일 14시,월요일,대구광역시 달서구 본리동,중상사고,0,1,0,0,차대차 - 측면충돌,불법유턴,건조,맑음,교차로 - 교차로횡단보도내,승용,남,42세,상해없음,이륜,남,32세,중상
2022021400100285,2022년 2월 14일 15시,월요일,대구광역시 중구 전동,중상사고,0,4,2,0,차대차 - 측면충돌,안전거리미확보,건조,맑음,단일로 - 기타,승용,남,49세,중상,승용,남,35세,경상
2022021400100286,2022년 2월 14일 15시,월요일,대구광역시 북구 읍내동,중상사고,0,1,0,0,차대차 - 측면충돌,안전거리미확보,건조,맑음,단일로 - 기타,자전거,남,68세,중상,이륜,남,53세,상해없음
2022021400100324,2022년 2월 14일 16시,월요일,대구광역시 수성구 만촌동,경상사고,0,0,1,0,차대차 - 추돌,신호위반,건조,맑음,교차로 - 교차로안,승용,여,26세,상해없음,이륜,남,41세,경상
2022021400100325,2022년 2월 14일 16시,월요일,대구광역시 달서구 도원동,경상사고,0,0,1,0,차량단독 - 기타,안전운전불이행,건조,맑음,단일로 - 기타,이륜,남,66세,경상,,,,
2022021400100326,2022년 2월 14일 16시,월요일,대구광역시 달서구 상인동,경상사고,0,0,1,0,차대차 - 측면충돌,신호위반,건조,맑음,교차로 - 교차로안,승용,여,61세,상해없음,승용,남,68세,경상
2022021400100347,2022년 2월 14일 17시,월요일,대구광역시 남구 봉덕동,경상사고,0,0,4,0,차대차 - 추돌,안전운전불이행,건조,맑음,단일로 - 기타,승용,남,42세,경상,승용,남,32세,상해없음
2022021400100348,2022년 2월 14일 17시,월요일,대구광역시 남구 봉덕동,경상사고,0,0,1,0,차대차 - 측면충돌,안전운전불이행,건조,맑음,단일로 - 기타,승용,남,40세,상해없음,화물,남,27세,경상
2022021400100349,2022년 2월 14일 17시,월요일,대구광역시 달서구 월성동,경상사고,0,0,1,0,차대차 - 기타,안전운전불이행,건조,맑음,단일로 - 기타,자전거,남,55세,경상,승용,남,71세,상해없음
2022021400100391,2022년 2월 14일 18시,월요일,대구광역시 동구 숙천동,경상사고,0,0,1,0,차대차 - 추돌,안전운전불이행,건조,맑음,단일로 - 기타,화물,남,53세,상해없음,승용,여,37세,경상
2022021400100392,2022년 2월 14일 18시,월요일,대구광역시 동구 신천동,중상사고,0,1,0,0,차대사람 - 기타,기타,건조,맑음,단일로 - 기타,승합,남,44세,상해없음,보행자,여,67세,중상
2022021400100419,2022년 2월 14일 19시,월요일,대구광역시 남구 봉덕동,경상사고,0,0,1,0,차대차 - 기타,안전운전불이행,건조,맑음,기타 - 기타,승용,남,44세,상해없음,승용,여,33세,경상
2022021400100420,2022년 2월 14일 19시,월요일,대구광역시 달성군 다사읍,경상사고,0,0,1,0,차대차 - 추돌,안전운전불이행,건조,맑음,기타 - 기타,승용,여,45세,상해없음,승용,여,43세,경상
2022021400100421,2022년 2월 14일 19시,월요일,대구광역시 달성군 화원읍,경상사고,0,0,1,0,차대차 - 기타,안전운전불이행,건조,맑음,단일로 - 기타,화물,남,41세,상해없음,승용,남,35세,경상
2022021400100422,2022년 2월 14일 19시,월요일,대구광역시 달서구 두류동,중상사고,0,1,0,0,차대차 - 기타,안전거리미확보,건조,맑음,단일로 - 기타,승용,여,68세,상해없음,이륜,남,28세,중상
2022021400100446,2022년 2월 14일 20시,월요일,대구광역시 동구 불로동,경상사고,0,0,1,0,차대차 - 추돌,안전거리미확보,건조,맑음,교차로 - 교차로부근,이륜,남,17세,상해없음,승용,남,29세,경상
2022021400100470,2022년 2월 14일 21시,월요일,대구광역시 달서구 송현동,경상사고,0,0,1,0,차대차 - 추돌,안전운전불이행,건조,맑음,단일로 - 기타,승용,남,57세,상해없음,승용,남,71세,경상
2022021500100058,2022년 2월 15일 08시,화요일,대구광역시 북구 침산동,경상사고,0,0,1,0,차대차 - 측면충돌,교차로운행방법위반,건조,맑음,교차로 - 교차로부근,화물,남,57세,상해없음,승합,남,45세,상해없음
2022021500100059,2022년 2월 15일 08시,화요일,대구광역시 서구 평리동,경상사고,0,0,1,0,차대차 - 추돌,안전거리미확보,건조,맑음,단일로 - 기타,승용,여,41세,기타불명,승용,남,55세,경상
2022021500100082,2022년 2월 15일 09시,화요일,대구광역시 남구 대명동,경상사고,0,0,1,0,차대차 - 정면충돌,안전운전불이행,건조,맑음,교차로 - 교차로횡단보도내,승용,여,62세,상해없음,자전거,여,52세,경상
2022021500100083,2022년 2월 15일 09시,화요일,대구광역시 수성구 매호동,부상신고사고,0,0,0,1,차량단독 - 기타,안전운전불이행,건조,맑음,교차로 - 교차로안,자전거,남,85세,부상신고,,,,
2022021500100084,2022년 2월 15일 09시,화요일,대구광역시 서구 상리동,경상사고,0,0,1,0,차대차 - 측면충돌,안전거리미확보,건조,맑음,단일로 - 기타,화물,남,68세,상해없음,승용,남,23세,경상
2022021500100095,2022년 2월 15일 10시,화요일,대구광역시 중구 동인동1가,중상사고,0,1,0,0,차대차 - 측면충돌,직진우회전진행방해,건조,맑음,교차로 - 교차로안,승용,남,61세,상해없음,자전거,여,77세,중상
2022021500100150,2022년 2월 15일 12시,화요일,대구광역시 수성구 신매동,부상신고사고,0,0,0,1,차대차 - 측면충돌,안전운전불이행,건조,맑음,단일로 - 기타,자전거,남,13세,부상신고,승용,여,54세,상해없음
2022021500100151,2022년 2월 15일 12시,화요일,대구광역시 수성구 범어동,경상사고,0,0,1,0,차대사람 - 기타,안전운전불이행,건조,맑음,단일로 - 기타,승용,남,63세,상해없음,보행자,남,49세,경상
2022021500100152,2022년 2월 15일 12시,화요일,대구광역시 달서구 상인동,경상사고,0,0,2,0,차대차 - 기타,교차로운행방법위반,건조,맑음,교차로 - 교차로안,승용,남,60세,경상,이륜,남,21세,경상
2022021500100153,2022년 2월 15일 12시,화요일,대구광역시 중구 동인동3가,경상사고,0,0,1,0,차대차 - 측면충돌,안전운전불이행,건조,맑음,교차로 - 교차로안,이륜,남,42세,경상,승용,남,82세,상해없음
2022021500100215,2022년 2월 15일 14시,화요일,대구광역시 수성구 매호동,경상사고,0,0,2,0,차대차 - 추돌,안전운전불이행,건조,맑음,단일로 - 기타,화물,남,42세,경상,승용,남,59세,경상
2022021500100240,2022년 2월 15일 15시,화요일,대구광역시 북구 칠성동2가,중상사고,0,1,0,0,차대차 - 측면충돌,안전운전불이행,건조,맑음,단일로 - 기타,승합,남,39세,상해없음,자전거,여,74세,중상
2022021500100267,2022년 2월 15일 16시,화요일,대구광역시 달서구 진천동,경상사고,0,0,1,0,차대차 - 측면충돌,안전운전불이행,건조,맑음,기타 - 기타,승용,여,46세,상해없음,승용,여,56세,경상
2022021500100268,2022년 2월 15일 16시,화요일,대구광역시 달성군 다사읍,경상사고,0,0,1,1,차대차 - 측면충돌,안전운전불이행,건조,맑음,교차로 - 교차로안,이륜,남,51세,부상신고,승용,남,35세,경상
2022021500100269,2022년 2월 15일 16시,화요일,대구광역시 북구 서변동,경상사고,0,0,2,0,차대차 - 측면충돌,안전거리미확보,건조,맑음,교차로 - 교차로부근,승용,여,44세,상해없음,승용,남,71세,경상
2022021500100293,2022년 2월 15일 17시,화요일,대구광역시 달서구 월암동,중상사고,0,1,0,0,차대차 - 측면충돌,안전운전불이행,건조,맑음,교차로 - 교차로안,승용,남,72세,상해없음,자전거,여,48세,중상
2022021500100294,2022년 2월 15일 17시,화요일,대구광역시 서구 평리동,경상사고,0,0,1,1,차대차 - 측면충돌,직진우회전진행방해,건조,맑음,교차로 - 교차로안,화물,남,67세,상해없음,승용,남,33세,경상
2022021500100295,2022년 2월 15일 17시,화요일,대구광역시 서구 내당동,중상사고,0,1,0,0,차대사람 - 기타,기타,건조,맑음,기타 - 기타,자전거,남,52세,상해없음,보행자,남,62세,중상
2022021500100296,2022년 2월 15일 17시,화요일,대구광역시 북구 동변동,중상사고,0,1,2,0,차대차 - 측면충돌,직진우회전진행방해,건조,맑음,교차로 - 교차로안,이륜,남,63세,중상,승용,남,19세,경상
2022021500100331,2022년 2월 15일 18시,화요일,대구광역시 남구 이천동,경상사고,0,0,1,0,차대차 - 측면충돌,차로위반,건조,맑음,교차로 - 교차로부근,승용,여,51세,상해없음,이륜,남,45세,경상
2022021500100332,2022년 2월 15일 18시,화요일,대구광역시 달서구 대곡동,경상사고,0,0,2,0,차대차 - 측면충돌,안전운전불이행,건조,맑음,기타 - 기타,화물,남,30세,상해없음,승용,여,31세,경상
2022021500100369,2022년 2월 15일 19시,화요일,대구광역시 동구 각산동,경상사고,0,0,1,0,차대차 - 추돌,안전거리미확보,건조,맑음,단일로 - 기타,승용,남,28세,상해없음,승용,남,50세,경상
2022021500100370,2022년 2월 15일 19시,화요일,대구광역시 서구 평리동,중상사고,0,1,0,0,차대차 - 측면충돌,안전운전불이행,건조,맑음,단일로 - 기타,승용,여,52세,기타불명,이륜,남,23세,중상
2022021500100395,2022년 2월 15일 20시,화요일,대구광역시 수성구 노변동,경상사고,0,0,2,0,차대차 - 기타,안전운전불이행,건조,맑음,교차로 - 교차로안,이륜,남,48세,경상,승용,남,41세,경상
2022021500100396,2022년 2월 15일 20시,화요일,대구광역시 달성군 화원읍,경상사고,0,0,1,0,차대차 - 추돌,안전운전불이행,건조,맑음,단일로 - 기타,승용,남,40세,상해없음,승용,여,21세,경상
2022021500100425,2022년 2월 15일 21시,화요일,대구광역시 남구 대명동,경상사고,0,0,1,0,차대차 - 추돌,안전운전불이행,건조,맑음,교차로 - 교차로부근,승용,남,42세,상해없음,승용,남,25세,경상
2022021600100065,2022년 2월 16일 08시,수요일,대구광역시 서구 비산동,경상사고,0,0,1,0,차대차 - 측면충돌,안전운전불이행,건조,맑음,단일로 - 기타,승용,여,45세,경상,승용,여,52세,기타불명
2022021600100106,2022년 2월 16일 10시,수요일,대구광역시 북구 복현동,경상사고,0,0,1,0,차대차 - 측면충돌,안전운전불이행,건조,맑음,단일로 - 기타,화물,남,66세,상해없음,승용,남,61세,경상
2022021600100127,2022년 2월 16일 11시,수요일,대구광역시 북구 동천동,경상사고,0,0,2,0,차대차 - 측면충돌,신호위반,건조,맑음,교차로 - 교차로안,원동기,남,43세,경상,승용,남,52세,경상
2022021600100149,2022년 2월 16일 12시,수요일,대구광역시 달서구 상인동,중상사고,0,1,0,0,차대차 - 측면충돌,안전운전불이행,건조,맑음,단일로 - 기타,승용,남,44세,상해없음,승용,여,69세,중상
2022021600100150,2022년 2월 16일 12시,수요일,대구광역시 북구 산격동,부상신고사고,0,0,0,1,차대차 - 측면충돌,안전운전불이행,건조,맑음,교차로 - 교차로부근,이륜,남,79세,부상신고,승용,여,34세,상해없음
2022021600100151,2022년 2월 16일 12시,수요일,대구광역시 중구 삼덕동3가,경상사고,0,0,1,0,차대사람 - 차도통행중,안전운전불이행,건조,맑음,단일로 - 기타,승용,남,39세,상해없음,보행자,남,26세,경상
2022021600100182,2022년 2월 16일 13시,수요일,대구광역시 북구 서변동,경상사고,0,0,1,0,차대차 - 추돌,안전운전불이행,건조,맑음,교차로 - 교차로부근,승용,여,47세,상해없음,화물,남,55세,경상
2022021600100202,2022년 2월 16일 14시,수요일,대구광역시 달서구 본리동,경상사고,0,0,1,0,차대차 - 추돌,안전운전불이행,건조,맑음,교차로 - 교차로부근,이륜,남,41세,상해없음,승용,남,47세,경상
2022021600100229,2022년 2월 16일 15시,수요일,대구광역시 북구 산격동,경상사고,0,0,3,0,차대차 - 측면충돌,안전거리미확보,건조,맑음,단일로 - 기타,승용,남,41세,상해없음,승용,남,26세,경상