사고번호,사고일시,요일,시군구,사고내용,사망자수,중상자수,경상자수,부상신고자수,사고유형,법규위반,노면상태,기상상태,도로형태,가해운전자 차종,가해운전자 성별,가해운전자 연령,가해운전자 상해정도,피해운전자 차종,피해운전자 성별,피해운전자 연령,피해운전자 상해정도
2022022100100082,2022년 2월 21일 08시,월요일,대구광역시 북구 대현동,경상사고,0,0,1,0,차대차 - 추돌,안전운전불이행,건조,맑음,단일로 - 기타,승용,남,75세,상해없음,승용,남,49세,경상
2022022100100083,2022년 2월 21일 08시,월요일,대구광역시 서구 비산동,경상사고,0,0,2,0,차대차 - 추돌,안전거리미확보,건조,맑음,단일로 - 기타,화물,남,63세,상해없음,화물,남,84세,경상
2022022100100108,2022년 2월 21일 09시,월요일,대구광역시 중구 동인동3가,경상사고,0,0,1,0,차대차 - 기타,직진우회전진행방해,건조,맑음,교차로 - 교차로안,자전거,남,29세,경상,화물,남,68세,상해없음
2022022100100133,2022년 2월 21일 10시,월요일,대구광역시 북구 고성동3가,중상사고,0,1,0,0,차대사람 - 횡단중,안전운전불이행,건조,맑음,단일로 - 기타,승용,여,61세,상해없음,보행자,여,80세,중상
2022022100100134,2022년 2월 21일 10시,월요일,대구광역시 서구 평리동,경상사고,0,0,1,0,차대차 - 추돌,안전거리미확보,건조,맑음,교차로 - 교차로부근,건설기계,남,56세,상해없음,승용,여,49세,경상
2022022100100135,2022년 2월 21일 10시,월요일,대구광역시 중구 남산동,중상사고,0,1,0,0,차대사람 - 기타,기타,건조,맑음,단일로 - 기타,승용,남,33세,상해없음,보행자,여,70세,중상
2022022100100136,2022년 2월 21일 10시,월요일,대구광역시 중구 공평동,경상사고,0,0,1,0,차대차 - 측면충돌,안전거리미확보,건조,맑음,단일로 - 기타,이륜,남,41세,상해없음,자전거,여,76세,경상
2022022100100169,2022년 2월 21일 11시,월요일,대구광역시 수성구 두산동,경상사고,0,0,1,0,차대차 - 측면충돌,안전운전불이행,건조,맑음,교차로 - 교차로안,화물,남,58세,상해없음,승용,남,31세,경상
2022022100100170,2022년 2월 21일 11시,월요일,대구광역시 수성구 범어동,경상사고,0,0,1,0,차대차 - 기타,안전거리미확보,건조,맑음,단일로 - 기타,승용,남,44세,상해없음,승용,남,34세,경상
2022022100100202,2022년 2월 21일 12시,월요일,대구광역시 달서구 두류동,경상사고,0,0,1,0,차대차 - 기타,안전운전불이행,건조,맑음,교차로 - 교차로횡단보도내,승용,남,63세,상해없음,이륜,남,25세,경상
2022022100100235,2022년 2월 21일 13시,월요일,대구광역시 서구 비산동,경상사고,0,0,1,0,차대차 - 측면충돌,안전거리미확보,건조,맑음,단일로 - 기타,승용,여,57세,상해없음,승용,여,55세,경상
2022022100100236,2022년 2월 21일 13시,월요일,대구광역시 달서구 이곡동,중상사고,0,1,0,0,차대사람 - 기타,안전운전불이행,건조,맑음,주차장 - 주차장,승용,여,54세,상해없음,보행자,남,67세,중상
2022022100100263,2022년 2월 21일 14시,월요일,대구광역시 달성군 구지면,중상사고,0,1,0,0,차대차 - 추돌,안전운전불이행,건조,맑음,단일로 - 기타,특수,남,26세,상해없음,화물,남,55세,중상
2022022100100268,2022년 2월 21일 14시,월요일,대구광역시 수성구 지산동,경상사고,0,0,1,0,차대사람 - 차도통행중,안전운전불이행,건조,맑음,교차로 - 교차로안,화물,남,53세,상해없음,보행자,남,20세,경상
2022022100100269,2022년 2월 21일 14시,월요일,대구광역시 수성구 매호동,중상사고,0,1,0,0,차대사람 - 차도통행중,신호위반,건조,맑음,교차로 - 교차로횡단보도내,승용,여,61세,상해없음,보행자,여,18세,중상
2022022100100270,2022년 2월 21일 14시,월요일,대구광역시 북구 복현동,중상사고,0,1,3,0,차대차 - 기타,중앙선침범,건조,맑음,단일로 - 기타,승용,여,59세,상해없음,화물,남,64세,경상
2022022100100271,2022년 2월 21일 14시,월요일,대구광역시 북구 읍내동,경상사고,0,0,4,0,차대차 - 측면충돌,안전거리미확보,건조,맑음,단일로 - 지하차도(도로)내,승합,남,51세,경상,승용,여,61세,경상
2022022100100303,2022년 2월 21일 15시,월요일,대구광역시 동구 신암동,중상사고,0,1,0,0,차대차 - 측면충돌,안전운전불이행,건조,맑음,교차로 - 교차로횡단보도내,화물,남,52세,상해없음,자전거,여,71세,중상
2022022100100304,2022년 2월 21일 15시,월요일,대구광역시 수성구 연호동,중상사고,0,1,1,0,차대차 - 기타,안전운전불이행,건조,맑음,단일로 - 기타,화물,남,51세,기타불명,승용,여,41세,경상
2022022100100305,2022년 2월 21일 15시,월요일,대구광역시 수성구 만촌동,경상사고,0,0,2,0,차대차 - 추돌,안전운전불이행,건조,맑음,단일로 - 기타,승용,남,73세,상해없음,승용,여,39세,경상
2022022100100306,2022년 2월 21일 15시,월요일,대구광역시 수성구 지산동,경상사고,0,0,1,0,차대차 - 측면충돌,안전운전불이행,건조,맑음,기타 - 기타,승용,여,58세,상해없음,승용,남,29세,경상
2022022100100307,2022년 2월 21일 15시,월요일,대구광역시 북구 침산동,경상사고,0,0,1,0,차대차 - 측면충돌,교차로운행방법위반,건조,맑음,교차로 - 교차로부근,승용,여,43세,상해없음,승용,남,46세,경상
2022022100100308,2022년 2월 21일 15시,월요일,대구광역시 달서구 장기동,경상사고,0,0,2,0,차대차 - 측면충돌,안전운전불이행,건조,맑음,단일로 - 기타,화물,남,42세,상해없음,승용,남,41세,경상
2022022100100309,2022년 2월 21일 15시,월요일,대구광역시 달서구 신당동,경상사고,0,0,1,0,차대차 - 측면충돌,안전운전불이행,건조,맑음,단일로 - 기타,승용,남,21세,기타불명,이륜,남,43세,경상
2022022100100342,2022년 2월 21일 16시,월요일,대구광역시 달서구 월암동,경상사고,0,0,1,0,차대차 - 측면충돌,안전운전불이행,건조,맑음,교차로 - 교차로부근,승용,여,66세,상해없음,승용,남,42세,경상
2022022100100373,2022년 2월 21일 17시,월요일,대구광역시 수성구 노변동,경상사고,0,0,1,0,차대사람 - 기타,안전운전불이행,건조,맑음,단일로 - 기타,기타불명,기타불명,미분류,기타불명,보행자,여,37세,경상
2022022100100374,2022년 2월 21일 17시,월요일,대구광역시 북구 관음동,경상사고,0,0,1,0,차대사람 - 보도통행중,안전운전불이행,건조,맑음,주차장 - 주차장,승용,남,52세,상해없음,보행자,남,38세,경상
2022022100100409,2022년 2월 21일 18시,월요일,대구광역시 수성구 범어동,경상사고,0,0,1,0,차대차 - 측면충돌,신호위반,건조,맑음,교차로 - 교차로안,승용,남,50세,상해없음,승용,여,49세,경상
2022022100100410,2022년 2월 21일 18시,월요일,대구광역시 달서구 용산동,경상사고,0,0,1,0,차대차 - 기타,안전운전불이행,건조,맑음,단일로 - 기타,화물,남,61세,상해없음,이륜,남,43세,경상
2022022100100455,2022년 2월 21일 19시,월요일,대구광역시 중구 대봉동,경상사고,0,0,2,0,차량단독 - 기타,안전운전불이행,건조,맑음,단일로 - 기타,승용,남,51세,상해없음,,,,
2022022100100474,2022년 2월 21일 20시,월요일,대구광역시 달서구 갈산동,경상사고,0,0,1,0,차대차 - 측면충돌,교차로운행방법위반,건조,맑음,교차로 - 교차로안,승용,여,56세,경상,승용,여,37세,상해없음
2022022100100499,2022년 2월 21일 21시,월요일,대구광역시 달서구 장동,경상사고,0,0,1,0,차대차 - 측면충돌,안전거리미확보,건조,맑음,기타 - 기타,승용,여,45세,기타불명,승용,남,26세,경상
2022022100100500,2022년 2월 21일 21시,월요일,대구광역시 북구 침산동,중상사고,0,1,0,0,차대차 - 측면충돌,안전거리미확보,건조,맑음,단일로 - 기타,승용,여,46세,상해없음,이륜,남,32세,중상
2022022100100525,2022년 2월 21일 22시,월요일,대구광역시 북구 노원동2가,경상사고,0,0,1,1,차대차 - 측면충돌,안전운전불이행,건조,맑음,교차로 - 교차로안,승용,여,59세,부상신고,승용,남,42세,경상
2022022100100526,2022년 2월 21일 22시,월요일,대구광역시 중구 삼덕동1가,부상신고사고,0,0,0,1,차대사람 - 차도통행중,안전운전불이행,건조,맑음,단일로 - 기타,승용,남,30세,상해없음,보행자,여,18세,부상신고
2022022100100527,2022년 2월 21일 22시,월요일,대구광역시 북구 국우동,중상사고,0,1,0,0,차대사람 - 보도통행중,안전운전불이행,건조,맑음,단일로 - 기타,승용,여,41세,상해없음,보행자,여,16세,중상
2022022100100539,2022년 2월 21일 23시,월요일,대구광역시 남구 대명동,경상사고,0,0,1,0,차대차 - 측면충돌,안전운전불이행,건조,맑음,교차로 - 교차로안,승용,여,24세,상해없음,승용,남,65세,경상
2022022100100540,2022년 2월 21일 23시,월요일,대구광역시 동구 서호동,경상사고,0,0,1,0,차대차 - 추돌,안전운전불이행,건조,맑음,단일로 - 기타,승용,여,51세,상해없음,승용,여,55세,경상
2022022100100541,2022년 2월 21일 23시,월요일,대구광역시 수성구 중동,경상사고,0,0,2,1,차대차 - 추돌,안전운전불이행,건조,맑음,교차로 - 교차로부근,승용,남,41세,상해없음,승용,남,19세,경상
2022022200100005,2022년 2월 22일 00시,화요일,대구광역시 동구 율하동,경상사고,0,0,2,1,차대차 - 측면충돌,안전거리미확보,건조,맑음,단일로 - 기타,승용,여,57세,상해없음,승용,남,39세,경상
2022022200100019,2022년 2월 22일 05시,화요일,대구광역시 동구 용계동,중상사고,0,1,0,0,차대차 - 정면충돌,신호위반,건조,맑음,교차로 - 교차로안,화물,남,60세,상해없음,승용,여,43세,중상
2022022200100031,2022년 2월 22일 06시,화요일,대구광역시 서구 평리동,경상사고,0,0,1,0,차대차 - 측면충돌,안전운전불이행,건조,맑음,교차로 - 교차로안,자전거,남,67세,경상,승용,여,64세,상해없음
2022022200100052,2022년 2월 22일 07시,화요일,대구광역시 동구 신암동,경상사고,0,0,1,0,차대차 - 측면충돌,안전거리미확보,건조,맑음,단일로 - 교량,승용,여,59세,상해없음,승용,여,55세,경상
2022022200100079,2022년 2월 22일 08시,화요일,대구광역시 북구 복현동,경상사고,0,0,1,0,차대차 - 추돌,교차로운행방법위반,건조,맑음,교차로 - 교차로부근,승용,여,41세,상해없음,승용,남,38세,상해없음
2022022200100080,2022년 2월 22일 08시,화요일,대구광역시 북구 산격동,경상사고,0,0,1,0,차대차 - 기타,신호위반,건조,맑음,교차로 - 교차로부근,기타불명,기타불명,미분류,기타불명,승용,남,37세,경상
2022022200100081,2022년 2월 22일 08시,화요일,대구광역시 북구 관음동,경상사고,0,0,1,1,차대차 - 측면충돌,안전운전불이행,건조,맑음,단일로 - 기타,승용,남,38세,부상신고,승용,여,31세,경상
2022022200100096,2022년 2월 22일 09시,화요일,대구광역시 수성구 삼덕동,경상사고,0,0,2,0,차대차 - 추돌,안전거리미확보,건조,맑음,단일로 - 기타,승용,남,21세,상해없음,승용,남,50세,경상
2022022200100098,2022년 2월 22일 09시,화요일,대구광역시 북구 서변동,경상사고,0,0,1,0,차대차 - 추돌,안전운전불이행,건조,맑음,단일로 - 기타,승용,여,40세,상해없음,승용,남,39세,경상
2022022200100124,2022년 2월 22일 10시,화요일,대구광역시 달서구 월성동,부상신고사고,0,0,0,1,차대차 - 기타,신호위반,건조,맑음,교차로 - 교차로안,기타불명,기타불명,미분류,기타불명,승용,남,62세,부상신고
2022022200100221,2022년 2월 22일 13시,화요일,대구광역시 남구 대명동,경상사고,0,0,2,0,차대차 - 측면충돌,직진우회전진행방해,건조,맑음,교차로 - 교차로안,이륜,남,35세,경상,이륜,남,23세,경상
2022022200100256,2022년 2월 22일 14시,화요일,대구광역시 수성구 범어동,경상사고,0,0,1,0,차대차 - 측면충돌,교차로운행방법위반,건조,맑음,교차로 - 교차로부근,승용,남,46세,상해없음,자전거,남,78세,경상
2022022200100277,2022년 2월 22일 15시,화요일,대구광역시 수성구 만촌동,경상사고,0,0,1,0,차대차 - 측면충돌,안전운전불이행,건조,맑음,단일로 - 기타,화물,남,74세,상해없음,승용,여,46세,경상
2022022200100278,2022년 2월 22일 15시,화요일,대구광역시 수성구 황금동,경상사고,0,0,1,0,차대차 - 측면충돌,안전운전불이행,건조,맑음,단일로 - 기타,승합,남,63세,기타불명,승용,남,52세,경상
2022022200100301,2022년 2월 22일 16시,화요일,대구광역시 남구 봉덕동,경상사고,0,0,2,0,차대차 - 기타,안전운전불이행,건조,맑음,단일로 - 기타,화물,남,54세,상해없음,승용,남,30세,경상
2022022200100302,2022년 2월 22일 16시,화요일,대구광역시 북구 사수동,경상사고,0,0,1,0,차대차 - 측면충돌,안전운전불이행,건조,맑음,단일로 - 지하차도(도로)내,승용,남,71세,상해없음,승용,여,28세,경상
2022022200100369,2022년 2월 22일 18시,화요일,대구광역시 동구 지저동,중상사고,0,1,0,0,차대차 - 측면충돌,안전운전불이행,건조,맑음,단일로 - 기타,기타불명,기타불명,미분류,기타불명,승용,여,51세,중상
2022022200100370,2022년 2월 22일 18시,화요일,대구광역시 동구 효목동,중상사고,0,2,0,0,차대차 - 측면충돌,안전운전불이행,건조,맑음,교차로 - 교차로부근,화물,남,29세,상해없음,승용,남,38세,중상
2022022200100371,2022년 2월 22일 18시,화요일,대구광역시 북구 침산동,부상신고사고,0,0,0,1,차대차 - 추돌,안전운전불이행,건조,맑음,단일로 - 기타,자전거,여,58세,부상신고,승용,여,29세,상해없음
2022022200100372,2022년 2월 22일 18시,화요일,대구광역시 서구 내당동,경상사고,0,0,1,0,차대차 - 측면충돌,안전거리미확보,건조,맑음,단일로 - 기타,승용,여,62세,상해없음,승용,남,32세,경상
2022022200100373,2022년 2월 22일 18시,화요일,대구광역시 중구 동인동2가,경상사고,0,0,1,0,차대사람 - 기타,보행자보호의무위반,건조,맑음,단일로 - 기타,승용,여,28세,상해없음,보행자,남,40세,경상
2022022200100374,2022년 2월 22일 18시,화요일,대구광역시 달서구 감삼동,경상사고,0,0,1,0,차대차 - 측면충돌,신호위반,건조,맑음,교차로 - 교차로횡단보도내,이륜,남,43세,기타불명,자전거,남,72세,경상
2022022200100375,2022년 2월 22일 18시,화요일,대구광역시 북구 동변동,경상사고,0,0,1,0,차대차 - 측면충돌,안전운전불이행,건조,맑음,단일로 - 기타,승용,남,58세,기타불명,이륜,남,22세,경상
2022022200100414,2022년 2월 22일 19시,화요일,대구광역시 남구 이천동,부상신고사고,0,0,0,1,차대차 - 기타,기타,건조,맑음,단일로 - 기타,기타불명,기타불명,미분류,기타불명,원동기,남,47세,부상신고
2022022200100438,2022년 2월 22일 20시,화요일,대구광역시 달성군 논공읍,중상사고,0,1,0,0,차대차 - 기타,안전운전불이행,건조,맑음,단일로 - 기타,이륜,남,32세,상해없음,이륜,남,43세,중상
2022022200100439,2022년 2월 22일 20시,화요일,대구광역시 달서구 두류동,경상사고,0,0,1,0,차대차 - 기타,안전운전불이행,건조,맑음,단일로 - 기타,승용,남,65세,상해없음,이륜,남,53세,경상
2022022200100463,2022년 2월 22일 21시,화요일,대구광역시 남구 대명동,중상사고,0,1,0,0,차대차 - 측면충돌,신호위반,건조,맑음,교차로 - 교차로횡단보도내,이륜,남,24세,중상,이륜,남,31세,상해없음
2022022200100487,2022년 2월 22일 22시,화요일,대구광역시 달서구 상인동,경상사고,0,0,1,0,차대차 - 정면충돌,중앙선침범,건조,맑음,단일로 - 기타,승용,여,44세,상해없음,승용,남,49세,경상
2022022200100488,2022년 2월 22일 22시,화요일,대구광역시 서구 평리동,중상사고,0,1,0,2,차대차 - 기타,안전거리미확보,건조,맑음,교차로 - 교차로부근,승용,남,51세,상해없음,이륜,남,34세,중상
2022022200100501,2022년 2월 22일 23시,화요일,대구광역시 수성구 중동,경상사고,0,0,1,0,차대사람 - 횡단중,보행자보호의무위반,건조,맑음,단일로 - 기타,승용,남,37세,상해없음,보행자,남,66세,경상
2022022300100002,2022년 2월 23일 00시,수요일,대구광역시 달서구 성당동,경상사고,0,0,1,0,차대차 - 측면충돌,교차로운행방법위반,건조,맑음,교차로 - 교차로안,승용,남,59세,기타불명,승용,남,18세,경상
2022022300100014,2022년 2월 23일 05시,수요일,대구광역시 동구 숙천동,중상사고,0,1,0,0,차량단독 - 공작물충돌,안전운전불이행,건조,맑음,단일로 - 기타,승용,남,33세,중상,,,,
2022022300100040,2022년 2월 23일 07시,수요일,대구광역시 달성군 구지면,중상사고,0,2,1,0,차대차 - 측면충돌,신호위반,건조,맑음,교차로 - 교차로안,승용,여,47세,경상,승용,남,52세,중상
2022022300100059,2022년 2월 23일 08시,수요일,대구광역시 서구 비산동,경상사고,0,0,1,0,차대차 - 기타,안전운전불이행,건조,맑음,단일로 - 기타,승용,남,54세,기타불명,승용,남,52세,경상
2022022300100105,2022년 2월 23일 10시,수요일,대구광역시 수성구 수성동1가,중상사고,0,1,0,0,차대차 - 측면충돌,안전운전불이행,건조,맑음,단일로 - 기타,승용,남,31세,상해없음,자전거,남,82세,중상
2022022300100106,2022년 2월 23일 10시,수요일,대구광역시 달성군 화원읍,중상사고,0,1,0,0,차대차 - 측면충돌,안전운전불이행,건조,맑음,단일로 - 기타,승용,남,57세,상해없음,이륜,남,39세,중상
2022022300100107,2022년 2월 23일 10시,수요일,대구광역시 달서구 호산동,경상사고,0,0,1,0,차대차 - 기타,중앙선침범,기타,맑음,기타 - 기타,승용,남,31세,상해없음,이륜,남,18세,경상
2022022300100134,2022년 2월 23일 11시,수요일,대구광역시 수성구 범어동,경상사고,0,0,1,0,차대차 - 기타,안전운전불이행,건조,맑음,교차로 - 교차로부근,승용,남,26세,상해없음,승합,남,66세,상해없음
2022022300100162,2022년 2월 23일 12시,수요일,대구광역시 동구 율하동,경상사고,0,0,1,0,차대차 - 기타,차로위반,건조,맑음,단일로 - 기타,승용,남,33세,상해없음,이륜,남,18세,경상
2022022300100163,2022년 2월 23일 12시,수요일,대구광역시 동구 동호동,중상사고,0,1,1,0,차대차 - 측면충돌,불법유턴,건조,맑음,단일로 - 기타,화물,남,49세,상해없음,이륜,남,35세,경상
2022022300100164,2022년 2월 23일 12시,수요일,대구광역시 북구 읍내동,경상사고,0,0,3,0,차대차 - 측면충돌,안전운전불이행,건조,맑음,단일로 - 기타,승용,여,49세,상해없음,승용,남,33세,경상
2022022300100193,2022년 2월 23일 13시,수요일,대구광역시 수성구 연호동,경상사고,0,0,1,0,차대차 - 추돌,안전운전불이행,건조,맑음,교차로 - 교차로부근,승용,남,70세,상해없음,승용,여,53세,경상
2022022300100194,2022년 2월 23일 13시,수요일,대구광역시 달서구 진천동,부상신고사고,0,0,0,1,차대사람 - 기타,기타,건조,맑음,교차로 - 교차로안,기타불명,기타불명,미분류,기타불명,보행자,남,51세,부상신고
2022022300100195,2022년 2월 23일 13시,수요일,대구광역시 북구 팔달동,경상사고,0,0,1,0,차대차 - 측면충돌,안전거리미확보,건조,맑음,단일로 - 터널,화물,남,72세,상해없음,이륜,남,55세,경상
2022022300100225,2022년 2월 23일 14시,수요일,대구광역시 북구 관음동,경상사고,0,0,1,0,차대차 - 기타,불법유턴,건조,맑음,교차로 - 교차로부근,승용,남,55세,상해없음,이륜,남,31세,경상
2022022300100226,2022년 2월 23일 14시,수요일,대구광역시 북구 사수동,경상사고,0,0,1,0,차대차 - 추돌,안전거리미확보,건조,맑음,교차로 - 교차로부근,승용,여,38세,상해없음,승용,여,68세,경상
2022022300100252,2022년 2월 23일 15시,수요일,대구광역시 동구 신암동,경상사고,0,0,1,0,차대차 - 측면충돌,교차로운행방법위반,건조,맑음,교차로 - 교차로안,승용,남,75세,상해없음,승용,여,39세,경상
2022022300100253,2022년 2월 23일 15시,수요일,대구광역시 달서구 송현동,경상사고,0,0,3,0,차대차 - 측면충돌,교차로운행방법위반,건조,맑음,단일로 - 기타,승용,남,62세,상해없음,승용,남,73세,상해없음
2022022300100282,2022년 2월 23일 16시,수요일,대구광역시 달서구 장기동,경상사고,0,0,1,0,차대차 - 기타,안전운전불이행,건조,맑음,교차로 - 교차로안,승용,남,50세,상해없음,승용,여,49세,경상
2022022300100323,2022년 2월 23일 17시,수요일,대구광역시 동구 입석동,경상사고,0,0,1,0,차대차 - 측면충돌,직진우회전진행방해,건조,맑음,교차로 - 교차로안,이륜,남,38세,상해없음,이륜,남,40세,경상
2022022300100324,2022년 2월 23일 17시,수요일,대구광역시 수성구 삼덕동,경상사고,0,0,3,0,차대차 - 측면충돌,안전거리미확보,건조,맑음,단일로 - 기타,승용,남,44세,상해없음,승용,여,70세,경상
2022022300100325,2022년 2월 23일 17시,수요일,대구광역시 서구 평리동,경상사고,0,0,1,0,차대사람 - 길가장자리구역통행중,안전운전불이행,건조,맑음,단일로 - 기타,승용,여,59세,상해없음,보행자,여,58세,경상
2022022300100326,2022년 2월 23일 17시,수요일,대구광역시 달서구 신당동,경상사고,0,0,1,0,차대차 - 측면충돌,안전거리미확보,건조,맑음,교차로 - 교차로안,승용,남,45세,상해없음,승용,여,28세,경상
2022022300100365,2022년 2월 23일 18시,수요일,대구광역시 달서구 용산동,경상사고,0,0,1,0,차대차 - 측면충돌,차로위반,건조,맑음,기타 - 기타,승용,남,47세,상해없음,이륜,남,23세,경상
2022022300100366,2022년 2월 23일 18시,수요일,대구광역시 달서구 이곡동,경상사고,0,0,2,0,차대차 - 측면충돌,안전거리미확보,건조,맑음,단일로 - 기타,승용,남,28세,기타불명,화물,남,50세,경상
2022022300100389,2022년 2월 23일 19시,수요일,대구광역시 달서구 월성동,경상사고,0,0,3,0,차대차 - 측면충돌,안전거리미확보,건조,맑음,교차로 - 교차로횡단보도내,승용,남,62세,상해없음,승용,남,19세,경상
2022022300100390,2022년 2월 23일 19시,수요일,대구광역시 달서구 상인동,경상사고,0,0,1,0,차대차 - 기타,교차로운행방법위반,건조,맑음,교차로 - 교차로안,승용,남,49세,상해없음,원동기,남,20세,경상
2022022300100391,2022년 2월 23일 19시,수요일,대구광역시 달성군 다사읍,경상사고,0,0,1,0,차대차 - 기타,안전운전불이행,건조,맑음,교차로 - 교차로부근,이륜,남,51세,상해없음,승용,여,39세,경상
2022022300100392,2022년 2월 23일 19시,수요일,대구광역시 달서구 감삼동,경상사고,0,0,1,0,차대사람 - 차도통행중,안전운전불이행,건조,맑음,단일로 - 기타,승용,여,55세,상해없음,보행자,남,42세,경상
2022022300100411,2022년 2월 23일 20시,수요일,대구광역시 달서구 월성동,중상사고,0,1,0,0,차대사람 - 기타,안전운전불이행,건조,맑음,단일로 - 기타,승용,여,53세,상해없음,보행자,남,30세,중상
2022022300100460,2022년 2월 23일 22시,수요일,대구광역시 달성군 다사읍,경상사고,0,0,1,0,차대차 - 기타,안전운전불이행,건조,맑음,기타 - 기타,승용,남,61세,상해없음,이륜,남,56세,경상
2022022300100461,2022년 2월 23일 22시,수요일,대구광역시 달서구 죽전동,중상사고,0,1,0,0,차대차 - 추돌,안전운전불이행,건조,맑음,단일로 - 기타,승용,남,60세,상해없음,승용,여,31세,중상
2022022400100019,2022년 2월 24일 05시,목요일,대구광역시 서구 비산동,경상사고,0,0,1,0,차대차 - 측면충돌,교차로운행방법위반,건조,맑음,교차로 - 교차로안,승용,남,30세,상해없음,승용,남,59세,경상
2022022400100089,2022년 2월 24일 08시,목요일,대구광역시 동구 방촌동,경상사고,0,0,1,0,차대차 - 기타,안전운전불이행,건조,맑음,교차로 - 교차로안,승용,여,48세,상해없음,자전거,남,25세,경상
2022022400100120,2022년 2월 24일 09시,목요일,대구광역시 달서구 상인동,경상사고,0,0,1,0,차대차 - 추돌,안전운전불이행,건조,맑음,기타 - 기타,승용,남,33세,상해없음,승용,여,44세,경상
2022022400100141,2022년 2월 24일 10시,목요일,대구광역시 달서구 대천동,경상사고,0,0,3,0,차대차 - 측면충돌,중앙선침범,건조,맑음,단일로 - 기타,승용,남,70세,상해없음,승용,남,23세,경상
2022022400100142,2022년 2월 24일 10시,목요일,대구광역시 북구 산격동,경상사고,0,0,1,0,차대차 - 측면충돌,안전거리미확보,건조,맑음,단일로 - 기타,승용,여,45세,상해없음,승용,여,52세,경상
2022022400100163,2022년 2월 24일 11시,목요일,대구광역시 북구 침산동,부상신고사고,0,0,0,1,차량단독 - 기타,안전운전불이행,건조,맑음,단일로 - 기타,화물,남,66세,부상신고,,,,
2022022400100164,2022년 2월 24일 11시,목요일,대구광역시 달서구 두류동,경상사고,0,0,1,0,차대차 - 기타,안전운전불이행,건조,맑음,교차로 - 교차로횡단보도내,이륜,남,72세,경상,승용,남,43세,상해없음
2022022400100256,2022년 2월 24일 14시,목요일,대구광역시 수성구 만촌동,중상사고,0,1,0,0,차대사람 - 횡단중,안전운전불이행,건조,맑음,교차로 - 교차로횡단보도내,승용,남,50세,상해없음,보행자,남,82세,중상
2022022400100257,2022년 2월 24일 14시,목요일,대구광역시 북구 태전동,경상사고,0,0,1,0,차대사람 - 횡단중,보행자보호의무위반,건조,맑음,단일로 - 지하차도(도로)내,승용,여,64세,상해없음,보행자,여,9세,경상
2022022400100293,2022년 2월 24일 15시,목요일,대구광역시 수성구 시지동,부상신고사고,0,0,0,1,차대차 - 기타,안전운전불이행,건조,맑음,단일로 - 기타,승용,남,73세,상해없음,승용,남,32세,부상신고
2022022400100294,2022년 2월 24일 15시,목요일,대구광역시 달서구 도원동,경상사고,0,0,1,0,차대차 - 추돌,안전운전불이행,건조,맑음,단일로 - 기타,화물,남,54세,상해없음,승용,남,47세,경상
2022022400100295,2022년 2월 24일 15시,목요일,대구광역시 북구 칠성동2가,부상신고사고,0,0,0,1,차대차 - 측면충돌,안전운전불이행,건조,맑음,교차로 - 교차로안,자전거,남,77세,부상신고,승용,남,32세,상해없음
2022022400100296,2022년 2월 24일 15시,목요일,대구광역시 서구 내당동,경상사고,0,0,1,0,차대차 - 정면충돌,안전운전불이행,건조,맑음,교차로 - 교차로안,이륜,남,24세,상해없음,승용,남,30세,경상
2022022400100328,2022년 2월 24일 16시,목요일,대구광역시 달성군 현풍읍,경상사고,0,0,1,0,차대차 - 기타,안전운전불이행,건조,맑음,단일로 - 기타,승용,남,56세,상해없음,이륜,남,47세,경상
2022022400100329,2022년 2월 24일 16시,목요일,대구광역시 달서구 죽전동,경상사고,0,0,1,0,차대차 - 측면충돌,안전거리미확보,건조,맑음,단일로 - 기타,승용,남,48세,상해없음,이륜,남,64세,경상
2022022400100364,2022년 2월 24일 17시,목요일,대구광역시 남구 대명동,중상사고,0,1,0,0,차대사람 - 횡단중,보행자보호의무위반,건조,맑음,단일로 - 지하차도(도로)내,화물,남,62세,상해없음,보행자,남,64세,중상
2022022400100365,2022년 2월 24일 17시,목요일,대구광역시 동구 검사동,경상사고,0,0,1,1,차대차 - 측면충돌,직진우회전진행방해,건조,맑음,교차로 - 교차로안,이륜,남,21세,부상신고,이륜,여,53세,경상
2022022400100366,2022년 2월 24일 17시,목요일,대구광역시 북구 침산동,중상사고,0,1,0,0,차대차 - 정면충돌,안전운전불이행,건조,맑음,교차로 - 교차로안,승용,여,58세,상해없음,자전거,남,43세,중상
2022022400100367,2022년 2월 24일 17시,목요일,대구광역시 달서구 신당동,경상사고,0,0,1,0,차대차 - 측면충돌,안전거리미확보,건조,맑음,단일로 - 기타,승용,남,63세,상해없음,이륜,남,47세,경상
2022022400100406,2022년 2월 24일 18시,목요일,대구광역시 중구 남산동,중상사고,0,1,0,0,차대차 - 측면충돌,교차로운행방법위반,건조,맑음,단일로 - 기타,승용,남,66세,상해없음,승용,남,45세,중상
2022022400100407,2022년 2월 24일 18시,목요일,대구광역시 동구 방촌동,중상사고,0,1,0,0,차대사람 - 기타,보행자보호의무위반,건조,맑음,교차로 - 교차로횡단보도내,승용,남,42세,상해없음,보행자,남,53세,중상
2022022400100408,2022년 2월 24일 18시,목요일,대구광역시 수성구 수성동4가,중상사고,0,1,1,0,차대차 - 기타,안전운전불이행,건조,맑음,주차장 - 주차장,승용,남,61세,경상,승용,여,44세,중상