사고번호,사고일시,요일,시군구,사고내용,사망자수,중상자수,경상자수,부상신고자수,사고유형,법규위반,노면상태,기상상태,도로형태,가해운전자 차종,가해운전자 성별,가해운전자 연령,가해운전자 상해정도,피해운전자 차종,피해운전자 성별,피해운전자 연령,피해운전자 상해정도
2022030600100147,2022년 3월 6일 14시,일요일,대구광역시 달서구 월성동,경상사고,0,0,3,0,차대차 - 정면충돌,안전운전불이행,건조,맑음,주차장 - 주차장,승용,남,29세,상해없음,승용,남,21세,경상
2022030600100148,2022년 3월 6일 14시,일요일,대구광역시 달성군 구지면,경상사고,0,0,1,0,차대차 - 기타,중앙선침범,건조,맑음,교차로 - 교차로안,승용,남,51세,상해없음,승용,여,42세,경상
2022030600100183,2022년 3월 6일 15시,일요일,대구광역시 남구 대명동,경상사고,0,0,1,3,차대차 - 측면충돌,안전운전불이행,건조,맑음,교차로 - 교차로부근,승용,여,54세,상해없음,승용,남,65세,경상
2022030600100210,2022년 3월 6일 16시,일요일,대구광역시 달성군 현풍읍,경상사고,0,0,2,0,차대차 - 기타,안전운전불이행,건조,맑음,단일로 - 기타,승용,남,35세,상해없음,승용,남,60세,경상
2022030600100214,2022년 3월 6일 16시,일요일,대구광역시 달성군 논공읍,중상사고,0,1,0,0,차대사람 - 기타,안전운전불이행,건조,맑음,주차장 - 주차장,승용,남,36세,상해없음,보행자,여,84세,중상
2022030600100240,2022년 3월 6일 17시,일요일,대구광역시 달서구 월성동,경상사고,0,0,1,0,차대차 - 측면충돌,안전운전불이행,건조,맑음,교차로 - 교차로안,자전거,남,12세,경상,승용,남,55세,상해없음
2022030600100261,2022년 3월 6일 18시,일요일,대구광역시 달성군 현풍읍,경상사고,0,0,1,0,차대차 - 측면충돌,안전운전불이행,건조,맑음,단일로 - 기타,화물,남,73세,상해없음,승용,남,54세,경상
2022030600100335,2022년 3월 6일 23시,일요일,대구광역시 남구 대명동,중상사고,0,1,0,0,차대사람 - 기타,안전운전불이행,건조,맑음,단일로 - 기타,승용,여,58세,상해없음,보행자,여,54세,중상
2022030600100336,2022년 3월 6일 23시,일요일,대구광역시 달성군 유가읍,중상사고,0,1,0,0,차대차 - 측면충돌,직진우회전진행방해,건조,맑음,교차로 - 교차로안,승용,남,47세,상해없음,이륜,남,45세,중상
2022030700100005,2022년 3월 7일 00시,월요일,대구광역시 수성구 범어동,경상사고,0,0,1,0,차대차 - 추돌,안전운전불이행,건조,맑음,단일로 - 기타,이륜,남,30세,경상,승용,남,62세,상해없음
2022030700100029,2022년 3월 7일 06시,월요일,대구광역시 북구 산격동,경상사고,0,0,1,0,차대차 - 기타,교차로운행방법위반,건조,맑음,교차로 - 교차로안,승용,남,57세,상해없음,이륜,남,30세,경상
2022030700100079,2022년 3월 7일 08시,월요일,대구광역시 수성구 범어동,경상사고,0,0,1,0,차대사람 - 차도통행중,안전운전불이행,건조,맑음,단일로 - 기타,기타불명,기타불명,미분류,기타불명,보행자,여,62세,경상
2022030700100080,2022년 3월 7일 08시,월요일,대구광역시 달서구 도원동,중상사고,0,1,0,0,차대차 - 측면충돌,신호위반,건조,맑음,단일로 - 기타,승용,여,65세,상해없음,자전거,여,60세,중상
2022030700100081,2022년 3월 7일 08시,월요일,대구광역시 달성군 다사읍,경상사고,0,0,1,0,차대차 - 측면충돌,안전운전불이행,건조,맑음,교차로 - 교차로부근,화물,남,65세,상해없음,승용,여,54세,경상
2022030700100082,2022년 3월 7일 08시,월요일,대구광역시 북구 산격동,경상사고,0,0,1,0,차대차 - 측면충돌,안전운전불이행,건조,맑음,단일로 - 기타,승용,남,28세,상해없음,화물,남,48세,경상
2022030700100083,2022년 3월 7일 08시,월요일,대구광역시 중구 동인동2가,중상사고,0,1,0,0,차대사람 - 기타,기타,건조,맑음,단일로 - 기타,승합,남,50세,상해없음,보행자,여,73세,중상
2022030700100119,2022년 3월 7일 09시,월요일,대구광역시 수성구 범물동,중상사고,0,1,0,1,차대차 - 추돌,안전거리미확보,건조,맑음,단일로 - 기타,화물,남,33세,상해없음,승용,남,65세,상해없음
2022030700100120,2022년 3월 7일 09시,월요일,대구광역시 달성군 다사읍,중상사고,0,1,0,0,차대차 - 추돌,안전운전불이행,건조,맑음,단일로 - 기타,화물,남,61세,상해없음,승용,남,64세,중상
2022030700100121,2022년 3월 7일 09시,월요일,대구광역시 북구 산격동,경상사고,0,0,1,0,차대차 - 측면충돌,안전운전불이행,건조,맑음,단일로 - 기타,건설기계,남,53세,상해없음,승용,남,39세,경상
2022030700100122,2022년 3월 7일 09시,월요일,대구광역시 달서구 이곡동,중상사고,0,1,0,0,차대차 - 기타,기타,건조,맑음,단일로 - 기타,승용,남,35세,상해없음,개인형이동수단(PM),여,63세,중상
2022030700100156,2022년 3월 7일 10시,월요일,대구광역시 북구 칠성동1가,경상사고,0,0,1,0,차대차 - 측면충돌,안전거리미확보,건조,맑음,교차로 - 교차로부근,화물,남,78세,상해없음,승용,남,40세,경상
2022030700100176,2022년 3월 7일 11시,월요일,대구광역시 수성구 만촌동,경상사고,0,0,1,0,차대사람 - 기타,기타,건조,맑음,단일로 - 기타,승용,남,55세,상해없음,보행자,남,45세,경상
2022030700100189,2022년 3월 7일 12시,월요일,대구광역시 달성군 구지면,경상사고,0,0,2,0,차대차 - 기타,안전운전불이행,건조,맑음,교차로 - 교차로안,화물,남,57세,경상,승용,남,40세,경상
2022030700100190,2022년 3월 7일 12시,월요일,대구광역시 북구 칠성동1가,경상사고,0,0,2,0,차대사람 - 기타,안전운전불이행,건조,맑음,기타 - 기타,자전거,남,46세,경상,보행자,남,69세,경상
2022030700100216,2022년 3월 7일 13시,월요일,대구광역시 남구 대명동,중상사고,0,1,0,0,차대사람 - 길가장자리구역통행중,안전운전불이행,건조,맑음,단일로 - 기타,승용,여,39세,상해없음,보행자,여,60세,중상
2022030700100217,2022년 3월 7일 13시,월요일,대구광역시 동구 서호동,경상사고,0,0,1,0,차대사람 - 길가장자리구역통행중,안전운전불이행,건조,맑음,단일로 - 기타,승용,남,40세,상해없음,보행자,남,11세,경상
2022030700100218,2022년 3월 7일 13시,월요일,대구광역시 북구 구암동,경상사고,0,0,3,0,차대차 - 측면충돌,신호위반,건조,맑음,교차로 - 교차로안,승용,남,48세,기타불명,승용,남,63세,경상
2022030700100253,2022년 3월 7일 15시,월요일,대구광역시 수성구 황금동,부상신고사고,0,0,0,1,차대차 - 기타,안전운전불이행,건조,맑음,단일로 - 기타,자전거,남,67세,부상신고,승합,남,37세,상해없음
2022030700100254,2022년 3월 7일 15시,월요일,대구광역시 중구 태평로3가,중상사고,0,1,0,0,차대차 - 측면충돌,신호위반,건조,맑음,단일로 - 기타,승용,남,67세,상해없음,원동기,남,60세,중상
2022030700100278,2022년 3월 7일 16시,월요일,대구광역시 수성구 만촌동,경상사고,0,0,1,0,차대차 - 측면충돌,안전운전불이행,건조,맑음,교차로 - 교차로안,승용,여,55세,상해없음,이륜,남,49세,경상
2022030700100279,2022년 3월 7일 16시,월요일,대구광역시 북구 침산동,경상사고,0,0,1,0,차대차 - 측면충돌,불법유턴,건조,맑음,교차로 - 교차로부근,승용,남,51세,상해없음,이륜,남,41세,경상
2022030700100280,2022년 3월 7일 16시,월요일,대구광역시 달서구 감삼동,경상사고,0,0,1,0,차대사람 - 길가장자리구역통행중,안전운전불이행,건조,맑음,기타 - 기타,승용,남,60세,상해없음,보행자,남,30세,경상
2022030700100301,2022년 3월 7일 17시,월요일,대구광역시 남구 대명동,중상사고,0,2,0,0,차대사람 - 기타,안전운전불이행,건조,맑음,단일로 - 기타,승용,남,47세,상해없음,보행자,여,74세,중상
2022030700100302,2022년 3월 7일 17시,월요일,대구광역시 달성군 현풍읍,중상사고,0,1,1,0,차대차 - 측면충돌,안전운전불이행,건조,맑음,단일로 - 기타,승용,남,48세,경상,이륜,남,27세,중상
2022030700100303,2022년 3월 7일 17시,월요일,대구광역시 서구 내당동,경상사고,0,0,1,0,차대차 - 추돌,안전운전불이행,건조,맑음,교차로 - 교차로부근,이륜,남,41세,상해없음,이륜,남,21세,경상
2022030700100329,2022년 3월 7일 18시,월요일,대구광역시 동구 신서동,경상사고,0,0,1,0,차대차 - 측면충돌,안전운전불이행,건조,맑음,단일로 - 기타,이륜,남,34세,경상,승용,여,30세,상해없음
2022030700100330,2022년 3월 7일 18시,월요일,대구광역시 달서구 유천동,경상사고,0,0,1,0,차대사람 - 보도통행중,기타,건조,맑음,교차로 - 교차로부근,개인형이동수단(PM),여,21세,상해없음,보행자,여,24세,경상
2022030700100408,2022년 3월 7일 22시,월요일,대구광역시 동구 신천동,경상사고,0,0,1,1,차대차 - 추돌,안전운전불이행,건조,맑음,교차로 - 교차로안,이륜,남,21세,부상신고,이륜,남,63세,경상
2022030700100409,2022년 3월 7일 22시,월요일,대구광역시 달서구 도원동,경상사고,0,0,2,0,차대차 - 추돌,안전운전불이행,건조,맑음,교차로 - 교차로부근,승용,남,33세,상해없음,화물,남,65세,경상
2022030700100426,2022년 3월 7일 23시,월요일,대구광역시 달서구 진천동,중상사고,0,1,0,0,차대사람 - 횡단중,안전운전불이행,건조,맑음,단일로 - 기타,승용,남,53세,상해없음,보행자,여,79세,중상
2022030700100427,2022년 3월 7일 23시,월요일,대구광역시 북구 서변동,경상사고,0,0,1,0,차대사람 - 횡단중,신호위반,건조,맑음,교차로 - 교차로횡단보도내,승용,남,36세,상해없음,보행자,남,33세,경상
2022030800100012,2022년 3월 8일 02시,화요일,대구광역시 북구 산격동,경상사고,0,0,1,0,차대차 - 측면충돌,안전운전불이행,건조,맑음,교차로 - 교차로안,승용,남,53세,상해없음,승용,남,61세,경상
2022030800100037,2022년 3월 8일 07시,화요일,대구광역시 수성구 상동,경상사고,0,0,1,0,차대차 - 측면충돌,직진우회전진행방해,건조,맑음,교차로 - 교차로안,승용,남,27세,상해없음,승용,여,55세,경상
2022030800100067,2022년 3월 8일 08시,화요일,대구광역시 동구 불로동,경상사고,0,0,1,0,차대차 - 기타,안전거리미확보,건조,맑음,교차로 - 교차로안,화물,남,66세,상해없음,승용,남,26세,경상
2022030800100068,2022년 3월 8일 08시,화요일,대구광역시 수성구 만촌동,중상사고,0,1,1,0,차대차 - 측면충돌,신호위반,건조,맑음,단일로 - 고가도로위,승용,여,51세,경상,승용,여,54세,중상
2022030800100069,2022년 3월 8일 08시,화요일,대구광역시 수성구 만촌동,경상사고,0,0,1,0,차대차 - 측면충돌,안전운전불이행,건조,맑음,단일로 - 기타,승용,남,68세,상해없음,이륜,남,24세,경상
2022030800100070,2022년 3월 8일 08시,화요일,대구광역시 수성구 시지동,경상사고,0,0,1,0,차대차 - 추돌,안전운전불이행,건조,맑음,교차로 - 교차로부근,승용,남,32세,상해없음,승용,여,52세,경상
2022030800100093,2022년 3월 8일 09시,화요일,대구광역시 수성구 수성동4가,경상사고,0,0,1,0,차대차 - 추돌,안전운전불이행,건조,맑음,교차로 - 교차로안,승용,여,49세,상해없음,승용,여,49세,경상
2022030800100094,2022년 3월 8일 09시,화요일,대구광역시 수성구 두산동,중상사고,0,1,1,0,차대차 - 기타,신호위반,건조,맑음,교차로 - 교차로안,이륜,남,78세,중상,승용,남,28세,경상
2022030800100123,2022년 3월 8일 10시,화요일,대구광역시 달서구 도원동,중상사고,0,1,0,0,차대사람 - 차도통행중,안전운전불이행,건조,맑음,단일로 - 기타,승용,여,50세,상해없음,보행자,여,65세,중상
2022030800100146,2022년 3월 8일 11시,화요일,대구광역시 남구 이천동,경상사고,0,0,1,0,차대차 - 추돌,안전운전불이행,건조,맑음,교차로 - 교차로부근,승용,남,66세,상해없음,승용,남,28세,경상
2022030800100147,2022년 3월 8일 11시,화요일,대구광역시 수성구 수성동2가,경상사고,0,0,2,0,차대차 - 측면충돌,안전거리미확보,건조,맑음,교차로 - 교차로부근,화물,남,24세,상해없음,승용,남,86세,경상
2022030800100148,2022년 3월 8일 11시,화요일,대구광역시 북구 동변동,경상사고,0,0,1,0,차대차 - 추돌,안전운전불이행,건조,맑음,단일로 - 기타,건설기계,남,61세,상해없음,승용,여,49세,경상
2022030800100176,2022년 3월 8일 12시,화요일,대구광역시 동구 방촌동,중상사고,0,1,0,0,차대차 - 추돌,안전거리미확보,건조,맑음,교차로 - 교차로안,승용,여,61세,상해없음,승용,여,59세,중상
2022030800100177,2022년 3월 8일 12시,화요일,대구광역시 달서구 도원동,경상사고,0,0,1,0,차대차 - 측면충돌,안전거리미확보,건조,맑음,기타 - 기타,승용,남,69세,기타불명,승용,남,35세,경상
2022030800100226,2022년 3월 8일 14시,화요일,대구광역시 동구 신천동,경상사고,0,0,4,0,차대차 - 측면충돌,안전운전불이행,건조,맑음,단일로 - 기타,승용,남,83세,상해없음,승용,여,38세,경상
2022030800100227,2022년 3월 8일 14시,화요일,대구광역시 서구 비산동,경상사고,0,0,1,0,차대차 - 측면충돌,안전운전불이행,건조,맑음,단일로 - 기타,화물,남,64세,상해없음,이륜,남,23세,경상
2022030800100257,2022년 3월 8일 15시,화요일,대구광역시 달성군 하빈면,중상사고,0,1,0,0,차대차 - 기타,안전운전불이행,건조,맑음,교차로 - 교차로안,화물,남,75세,상해없음,자전거,여,61세,중상
2022030800100290,2022년 3월 8일 16시,화요일,대구광역시 수성구 신매동,경상사고,0,0,1,0,차대차 - 기타,신호위반,건조,맑음,교차로 - 교차로부근,승용,남,37세,상해없음,승용,여,23세,경상
2022030800100291,2022년 3월 8일 16시,화요일,대구광역시 달서구 진천동,경상사고,0,0,1,0,차대차 - 측면충돌,안전운전불이행,건조,맑음,단일로 - 기타,승용,여,18세,상해없음,승용,여,50세,경상
2022030800100328,2022년 3월 8일 17시,화요일,대구광역시 동구 지저동,경상사고,0,0,2,0,차대차 - 추돌,안전운전불이행,건조,맑음,단일로 - 기타,승용,남,56세,상해없음,승용,남,61세,경상
2022030800100329,2022년 3월 8일 17시,화요일,대구광역시 수성구 범어동,경상사고,0,0,2,0,차대차 - 측면충돌,안전운전불이행,건조,맑음,단일로 - 기타,승용,여,80세,상해없음,승용,여,50세,경상
2022030800100330,2022년 3월 8일 17시,화요일,대구광역시 달서구 장기동,중상사고,0,1,0,0,차대차 - 측면충돌,안전거리미확보,건조,맑음,단일로 - 기타,화물,남,56세,상해없음,승용,남,54세,중상
2022030800100361,2022년 3월 8일 18시,화요일,대구광역시 수성구 범물동,경상사고,0,0,1,1,차대차 - 측면충돌,안전거리미확보,건조,맑음,단일로 - 기타,승용,남,50세,상해없음,승합,남,46세,경상
2022030800100362,2022년 3월 8일 18시,화요일,대구광역시 서구 내당동,중상사고,0,1,0,0,차대차 - 측면충돌,안전거리미확보,건조,맑음,단일로 - 기타,이륜,남,30세,중상,승용,남,63세,상해없음
2022030800100400,2022년 3월 8일 19시,화요일,대구광역시 수성구 사월동,경상사고,0,0,1,0,차대차 - 측면충돌,기타,건조,맑음,교차로 - 교차로안,승합,남,59세,상해없음,승용,남,29세,상해없음
2022030800100401,2022년 3월 8일 19시,화요일,대구광역시 서구 평리동,경상사고,0,0,1,0,차대차 - 추돌,안전운전불이행,건조,맑음,교차로 - 교차로안,화물,남,69세,상해없음,이륜,남,30세,경상
2022030800100420,2022년 3월 8일 20시,화요일,대구광역시 남구 봉덕동,경상사고,0,0,1,0,차대차 - 측면충돌,신호위반,건조,맑음,교차로 - 교차로안,승용,여,42세,상해없음,이륜,남,23세,경상
2022030800100421,2022년 3월 8일 20시,화요일,대구광역시 남구 대명동,경상사고,0,0,1,0,차대차 - 측면충돌,안전운전불이행,건조,맑음,단일로 - 기타,승용,남,29세,상해없음,승용,여,27세,경상
2022030800100422,2022년 3월 8일 20시,화요일,대구광역시 북구 노원동3가,중상사고,0,1,0,0,차대사람 - 횡단중,보행자보호의무위반,건조,맑음,교차로 - 교차로안,승용,남,73세,상해없음,보행자,남,61세,중상
2022030800100488,2022년 3월 8일 23시,화요일,대구광역시 중구 삼덕동1가,경상사고,0,0,1,0,차대사람 - 기타,안전운전불이행,건조,맑음,단일로 - 기타,승용,남,20세,상해없음,보행자,남,21세,경상
2022030800100489,2022년 3월 8일 23시,화요일,대구광역시 중구 삼덕동1가,경상사고,0,0,1,0,차대차 - 추돌,신호위반,건조,맑음,단일로 - 기타,승용,남,18세,상해없음,승용,남,31세,상해없음
2022030900100015,2022년 3월 9일 00시,수요일,대구광역시 중구 삼덕동1가,부상신고사고,0,0,0,1,차대사람 - 차도통행중,안전운전불이행,건조,맑음,단일로 - 기타,승용,남,26세,상해없음,보행자,남,39세,부상신고
2022030900100056,2022년 3월 9일 07시,수요일,대구광역시 서구 중리동,경상사고,0,0,1,0,차대사람 - 길가장자리구역통행중,안전운전불이행,건조,맑음,교차로 - 교차로안,화물,남,62세,상해없음,보행자,여,67세,경상
2022030900100066,2022년 3월 9일 08시,수요일,대구광역시 달서구 장기동,경상사고,0,0,1,0,차대차 - 추돌,안전운전불이행,건조,맑음,기타 - 기타,승용,남,58세,상해없음,승용,남,65세,경상
2022030900100099,2022년 3월 9일 10시,수요일,대구광역시 중구 남산동,중상사고,0,1,0,0,차대차 - 기타,신호위반,건조,맑음,단일로 - 기타,승용,여,56세,상해없음,자전거,여,20세,중상
2022030900100129,2022년 3월 9일 11시,수요일,대구광역시 북구 산격동,경상사고,0,0,1,0,차대차 - 측면충돌,교차로운행방법위반,건조,맑음,교차로 - 교차로안,화물,남,56세,상해없음,화물,남,60세,경상
2022030900100152,2022년 3월 9일 12시,수요일,대구광역시 동구 괴전동,중상사고,0,1,0,0,차대사람 - 횡단중,신호위반,건조,맑음,교차로 - 교차로횡단보도내,이륜,남,52세,상해없음,보행자,여,65세,중상
2022030900100153,2022년 3월 9일 12시,수요일,대구광역시 북구 산격동,중상사고,0,1,0,0,차대차 - 측면충돌,안전거리미확보,건조,맑음,단일로 - 기타,승용,여,49세,상해없음,이륜,남,33세,중상
2022030900100186,2022년 3월 9일 13시,수요일,대구광역시 달서구 호산동,경상사고,0,0,1,0,차대차 - 측면충돌,안전운전불이행,건조,맑음,교차로 - 교차로횡단보도내,승용,여,39세,상해없음,자전거,남,24세,경상
2022030900100222,2022년 3월 9일 14시,수요일,대구광역시 수성구 신매동,경상사고,0,0,1,0,차대차 - 측면충돌,신호위반,건조,맑음,교차로 - 교차로안,승용,남,50세,상해없음,이륜,남,28세,경상
2022030900100223,2022년 3월 9일 14시,수요일,대구광역시 북구 태전동,경상사고,0,0,3,1,차대차 - 측면충돌,신호위반,건조,맑음,교차로 - 교차로안,이륜,남,22세,부상신고,승용,여,62세,경상
2022030900100224,2022년 3월 9일 14시,수요일,대구광역시 북구 동천동,중상사고,0,1,0,0,차대사람 - 횡단중,안전운전불이행,건조,맑음,교차로 - 교차로안,승용,남,30세,상해없음,보행자,여,81세,중상
2022030900100261,2022년 3월 9일 16시,수요일,대구광역시 동구 금강동,중상사고,0,1,0,0,차대차 - 측면충돌,안전운전불이행,건조,맑음,단일로 - 지하차도(도로)내,승용,남,28세,상해없음,이륜,남,34세,중상
2022030900100263,2022년 3월 9일 16시,수요일,대구광역시 수성구 범어동,경상사고,0,0,3,0,차대차 - 측면충돌,안전운전불이행,건조,맑음,단일로 - 기타,승용,여,43세,경상,승용,여,27세,경상
2022030900100290,2022년 3월 9일 17시,수요일,대구광역시 동구 효목동,경상사고,0,0,4,0,차대차 - 측면충돌,안전거리미확보,건조,맑음,교차로 - 교차로부근,이륜,남,39세,상해없음,승용,남,39세,경상
2022030900100291,2022년 3월 9일 17시,수요일,대구광역시 수성구 만촌동,경상사고,0,0,1,0,차대차 - 측면충돌,안전운전불이행,건조,맑음,단일로 - 기타,이륜,남,39세,경상,승용,여,44세,상해없음
2022030900100315,2022년 3월 9일 18시,수요일,대구광역시 동구 방촌동,중상사고,0,1,0,0,차대사람 - 횡단중,보행자보호의무위반,건조,맑음,단일로 - 기타,승용,여,31세,상해없음,보행자,여,61세,중상
2022030900100343,2022년 3월 9일 19시,수요일,대구광역시 중구 동인동4가,경상사고,0,0,1,0,차대차 - 측면충돌,안전거리미확보,건조,맑음,교차로 - 교차로부근,승용,남,62세,상해없음,이륜,남,42세,경상
2022030900100368,2022년 3월 9일 20시,수요일,대구광역시 남구 대명동,중상사고,0,1,0,0,차대차 - 측면충돌,안전운전불이행,건조,맑음,단일로 - 지하차도(도로)내,승용,남,25세,상해없음,개인형이동수단(PM),남,38세,중상
2022030900100369,2022년 3월 9일 20시,수요일,대구광역시 북구 서변동,경상사고,0,0,1,0,차대사람 - 횡단중,신호위반,건조,맑음,교차로 - 교차로횡단보도내,승용,여,46세,상해없음,보행자,여,51세,경상
2022030900100381,2022년 3월 9일 21시,수요일,대구광역시 수성구 수성동4가,중상사고,0,1,0,0,차량단독 - 전도전복 - 전도,안전운전불이행,건조,맑음,교차로 - 교차로안,이륜,남,29세,중상,,,,
2022030900100382,2022년 3월 9일 21시,수요일,대구광역시 중구 태평로1가,경상사고,0,0,1,1,차대차 - 기타,안전운전불이행,건조,맑음,단일로 - 기타,승용,남,61세,부상신고,승용,남,66세,경상
2022030900100396,2022년 3월 9일 22시,수요일,대구광역시 달성군 현풍읍,경상사고,0,0,1,0,차대차 - 기타,차로위반,건조,맑음,단일로 - 기타,승용,여,24세,상해없음,승용,남,29세,경상
2022030900100397,2022년 3월 9일 22시,수요일,대구광역시 달서구 장동,중상사고,0,4,1,0,차대차 - 측면충돌,기타,건조,맑음,교차로 - 교차로부근,승용,남,46세,경상,승용,남,44세,중상
2022030900100409,2022년 3월 9일 23시,수요일,대구광역시 달서구 이곡동,중상사고,0,1,0,0,차대차 - 정면충돌,안전운전불이행,건조,맑음,단일로 - 기타,승용,남,23세,상해없음,승용,남,33세,중상
2022031000100003,2022년 3월 10일 00시,목요일,대구광역시 동구 신암동,경상사고,0,0,1,0,차대차 - 추돌,안전거리미확보,건조,맑음,단일로 - 기타,승용,남,42세,상해없음,승용,남,56세,경상
2022031000100055,2022년 3월 10일 07시,목요일,대구광역시 동구 지저동,경상사고,0,0,3,0,차대차 - 측면충돌,직진우회전진행방해,건조,맑음,교차로 - 교차로안,승용,여,42세,상해없음,승용,여,51세,경상
2022031000100086,2022년 3월 10일 08시,목요일,대구광역시 남구 대명동,경상사고,0,0,1,0,차대차 - 추돌,안전운전불이행,건조,맑음,단일로 - 기타,이륜,여,61세,상해없음,승용,남,51세,경상
2022031000100181,2022년 3월 10일 12시,목요일,대구광역시 달서구 진천동,부상신고사고,0,0,0,1,차대차 - 측면충돌,안전운전불이행,건조,맑음,단일로 - 기타,이륜,남,29세,부상신고,승용,남,58세,상해없음
2022031000100182,2022년 3월 10일 12시,목요일,대구광역시 북구 노원동2가,중상사고,0,1,0,0,차대차 - 측면충돌,차로위반,건조,맑음,단일로 - 기타,이륜,여,54세,중상,승용,여,71세,상해없음
2022031000100204,2022년 3월 10일 13시,목요일,대구광역시 달서구 성당동,중상사고,0,1,0,0,차대차 - 기타,신호위반,건조,맑음,단일로 - 기타,승용,남,68세,상해없음,자전거,여,59세,중상
2022031000100205,2022년 3월 10일 13시,목요일,대구광역시 서구 비산동,경상사고,0,0,1,0,차대사람 - 기타,안전운전불이행,건조,맑음,교차로 - 교차로부근,승용,남,65세,상해없음,보행자,여,80세,경상
2022031000100237,2022년 3월 10일 14시,목요일,대구광역시 달성군 구지면,경상사고,0,0,1,0,차대차 - 기타,안전운전불이행,건조,맑음,교차로 - 교차로부근,화물,남,70세,상해없음,승용,여,72세,경상
2022031000100264,2022년 3월 10일 15시,목요일,대구광역시 북구 침산동,경상사고,0,0,1,0,차대차 - 정면충돌,안전운전불이행,건조,맑음,단일로 - 기타,개인형이동수단(PM),남,46세,상해없음,자전거,남,8세,경상
2022031000100295,2022년 3월 10일 16시,목요일,대구광역시 달서구 두류동,경상사고,0,0,1,0,차대사람 - 차도통행중,안전운전불이행,건조,맑음,단일로 - 기타,승용,여,49세,상해없음,보행자,여,30세,경상
2022031000100318,2022년 3월 10일 17시,목요일,대구광역시 동구 신천동,경상사고,0,0,1,0,차대차 - 추돌,안전거리미확보,건조,맑음,단일로 - 지하차도(도로)내,승용,남,45세,상해없음,승합,남,65세,상해없음
2022031000100347,2022년 3월 10일 18시,목요일,대구광역시 북구 복현동,경상사고,0,0,1,0,차대차 - 측면충돌,안전운전불이행,건조,맑음,단일로 - 기타,승용,남,66세,상해없음,승용,여,37세,경상
2022031000100393,2022년 3월 10일 20시,목요일,대구광역시 중구 남산동,경상사고,0,0,1,1,차대차 - 측면충돌,안전운전불이행,건조,맑음,교차로 - 교차로안,승용,남,54세,부상신고,승용,남,60세,경상
2022031000100394,2022년 3월 10일 20시,목요일,대구광역시 남구 대명동,중상사고,0,1,0,0,차대차 - 추돌,안전운전불이행,건조,맑음,교차로 - 교차로부근,승용,남,67세,상해없음,승용,여,55세,중상
2022031000100409,2022년 3월 10일 21시,목요일,대구광역시 수성구 범어동,경상사고,0,0,1,0,차대차 - 추돌,안전운전불이행,건조,맑음,단일로 - 기타,승합,남,55세,상해없음,이륜,남,35세,경상
2022031000100410,2022년 3월 10일 21시,목요일,대구광역시 달서구 진천동,중상사고,0,1,0,0,차대사람 - 횡단중,보행자보호의무위반,건조,맑음,교차로 - 교차로횡단보도내,승용,여,53세,상해없음,보행자,남,52세,중상
2022031000100424,2022년 3월 10일 22시,목요일,대구광역시 동구 각산동,경상사고,0,0,1,0,차대차 - 추돌,안전운전불이행,건조,맑음,교차로 - 교차로부근,승용,여,34세,상해없음,승용,여,51세,경상
2022031000100437,2022년 3월 10일 23시,목요일,대구광역시 수성구 상동,경상사고,0,0,2,0,차대차 - 측면충돌,안전거리미확보,건조,맑음,단일로 - 기타,승용,남,28세,경상,승용,남,22세,경상
2022031100100056,2022년 3월 11일 07시,금요일,대구광역시 북구 칠성동2가,경상사고,0,0,1,0,차대차 - 측면충돌,교차로운행방법위반,건조,맑음,교차로 - 교차로안,승용,남,60세,기타불명,승용,남,37세,경상
2022031100100081,2022년 3월 11일 08시,금요일,대구광역시 수성구 만촌동,경상사고,0,0,1,0,차대사람 - 횡단중,보행자보호의무위반,건조,맑음,단일로 - 기타,승용,남,68세,상해없음,보행자,여,65세,경상
2022031100100082,2022년 3월 11일 08시,금요일,대구광역시 북구 침산동,중상사고,0,1,2,0,차대차 - 정면충돌,안전운전불이행,건조,맑음,교차로 - 교차로안,승용,남,28세,중상,자전거,여,54세,경상
2022031100100104,2022년 3월 11일 09시,금요일,대구광역시 수성구 만촌동,경상사고,0,0,1,0,차대차 - 기타,안전거리미확보,건조,맑음,단일로 - 기타,건설기계,남,64세,상해없음,승용,여,55세,경상
2022031100100105,2022년 3월 11일 09시,금요일,대구광역시 수성구 범어동,경상사고,0,0,1,0,차대차 - 측면충돌,안전운전불이행,건조,맑음,교차로 - 교차로부근,승용,남,64세,상해없음,승용,여,31세,경상
2022031100100106,2022년 3월 11일 09시,금요일,대구광역시 수성구 만촌동,중상사고,0,1,0,0,차대사람 - 횡단중,보행자보호의무위반,건조,맑음,교차로 - 교차로횡단보도내,승용,여,51세,상해없음,보행자,여,63세,중상
2022031100100131,2022년 3월 11일 10시,금요일,대구광역시 달서구 송현동,부상신고사고,0,0,0,1,차대차 - 측면충돌,안전운전불이행,건조,맑음,단일로 - 기타,자전거,남,60세,부상신고,화물,남,52세,기타불명
2022031100100189,2022년 3월 11일 12시,금요일,대구광역시 수성구 상동,경상사고,0,0,1,0,차대사람 - 기타,안전운전불이행,건조,맑음,교차로 - 교차로안,승용,여,48세,상해없음,보행자,남,54세,경상
2022031100100190,2022년 3월 11일 12시,금요일,대구광역시 수성구 만촌동,경상사고,0,0,1,0,차대차 - 측면충돌,안전운전불이행,건조,맑음,단일로 - 기타,승용,여,61세,상해없음,승용,남,32세,경상
2022031100100219,2022년 3월 11일 13시,금요일,대구광역시 남구 대명동,경상사고,0,0,2,0,차대차 - 추돌,안전운전불이행,건조,맑음,단일로 - 기타,승합,남,55세,상해없음,승용,남,26세,경상