사고번호,사고일시,요일,시군구,사고내용,사망자수,중상자수,경상자수,부상신고자수,사고유형,법규위반,노면상태,기상상태,도로형태,가해운전자 차종,가해운전자 성별,가해운전자 연령,가해운전자 상해정도,피해운전자 차종,피해운전자 성별,피해운전자 연령,피해운전자 상해정도
2022031100100249,2022년 3월 11일 14시,금요일,대구광역시 서구 중리동,경상사고,0,0,1,0,차대차 - 측면충돌,직진우회전진행방해,건조,맑음,교차로 - 교차로안,화물,남,36세,상해없음,승용,여,44세,경상
2022031100100313,2022년 3월 11일 16시,금요일,대구광역시 동구 효목동,경상사고,0,0,2,0,차대차 - 정면충돌,기타,건조,맑음,교차로 - 교차로안,승용,여,65세,경상,승용,남,54세,경상
2022031100100350,2022년 3월 11일 17시,금요일,대구광역시 서구 내당동,경상사고,0,0,2,0,차대차 - 기타,안전운전불이행,건조,맑음,단일로 - 기타,승합,남,65세,상해없음,승용,남,58세,경상
2022031100100351,2022년 3월 11일 17시,금요일,대구광역시 달서구 본리동,경상사고,0,0,1,0,차대차 - 측면충돌,안전거리미확보,건조,맑음,단일로 - 기타,승용,여,52세,상해없음,승용,남,38세,경상
2022031100100372,2022년 3월 11일 18시,금요일,대구광역시 달성군 옥포읍,경상사고,0,0,1,0,차대차 - 측면충돌,안전운전불이행,건조,맑음,교차로 - 교차로부근,승용,남,43세,상해없음,승용,여,37세,경상
2022031100100373,2022년 3월 11일 18시,금요일,대구광역시 서구 내당동,중상사고,0,1,0,0,차대차 - 기타,직진우회전진행방해,건조,맑음,교차로 - 교차로안,이륜,남,20세,상해없음,이륜,남,30세,중상
2022031100100374,2022년 3월 11일 18시,금요일,대구광역시 달서구 장기동,중상사고,0,1,0,0,차대차 - 측면충돌,신호위반,건조,맑음,교차로 - 교차로안,승용,남,59세,상해없음,이륜,남,40세,중상
2022031100100375,2022년 3월 11일 18시,금요일,대구광역시 북구 서변동,경상사고,0,0,1,0,차대차 - 측면충돌,안전운전불이행,건조,맑음,단일로 - 기타,이륜,남,49세,상해없음,승용,여,60세,경상
2022031100100407,2022년 3월 11일 19시,금요일,대구광역시 동구 미대동,경상사고,0,0,1,0,차대차 - 측면충돌,안전거리미확보,건조,맑음,단일로 - 기타,화물,남,76세,상해없음,승용,남,68세,경상
2022031100100408,2022년 3월 11일 19시,금요일,대구광역시 서구 비산동,중상사고,0,1,0,0,차량단독 - 전도전복 - 전도,안전운전불이행,건조,맑음,교차로 - 교차로안,이륜,남,33세,중상,,,,
2022031100100409,2022년 3월 11일 19시,금요일,대구광역시 서구 비산동,경상사고,0,0,1,1,차대차 - 측면충돌,안전운전불이행,건조,맑음,교차로 - 교차로부근,승용,남,65세,부상신고,승용,여,48세,경상
2022031100100434,2022년 3월 11일 20시,금요일,대구광역시 동구 효목동,중상사고,0,1,0,0,차대차 - 측면충돌,안전거리미확보,건조,맑음,단일로 - 기타,승용,남,52세,상해없음,이륜,남,33세,중상
2022031100100435,2022년 3월 11일 20시,금요일,대구광역시 중구 태평로1가,중상사고,0,1,2,0,차대차 - 측면충돌,신호위반,건조,맑음,교차로 - 교차로안,이륜,남,25세,중상,승용,남,68세,경상
2022031100100465,2022년 3월 11일 21시,금요일,대구광역시 동구 신서동,경상사고,0,0,1,0,차대차 - 측면충돌,안전운전불이행,건조,맑음,단일로 - 기타,승용,남,60세,상해없음,승용,남,47세,경상
2022031100100466,2022년 3월 11일 21시,금요일,대구광역시 달서구 용산동,경상사고,0,0,1,0,차대차 - 측면충돌,안전거리미확보,건조,맑음,기타 - 기타,승용,남,27세,상해없음,이륜,남,22세,경상
2022031100100513,2022년 3월 11일 23시,금요일,대구광역시 달성군 옥포읍,경상사고,0,0,1,0,차대차 - 기타,안전운전불이행,건조,맑음,교차로 - 교차로안,화물,남,62세,상해없음,승용,여,31세,경상
2022031100100514,2022년 3월 11일 23시,금요일,대구광역시 달서구 성당동,중상사고,0,1,0,0,차량단독 - 전도전복 - 전도,안전운전불이행,건조,맑음,단일로 - 기타,이륜,남,39세,중상,,,,
2022031200100013,2022년 3월 12일 01시,토요일,대구광역시 동구 효목동,부상신고사고,0,0,0,1,차량단독 - 공작물충돌,안전운전불이행,건조,맑음,단일로 - 기타,이륜,남,27세,부상신고,,,,
2022031200100024,2022년 3월 12일 05시,토요일,대구광역시 수성구 수성동1가,경상사고,0,0,1,0,차대차 - 추돌,안전운전불이행,건조,맑음,단일로 - 기타,승용,남,51세,상해없음,화물,남,69세,경상
2022031200100047,2022년 3월 12일 08시,토요일,대구광역시 달성군 옥포읍,경상사고,0,0,2,0,차대차 - 측면충돌,안전운전불이행,건조,맑음,단일로 - 기타,승용,남,47세,기타불명,승용,남,33세,경상
2022031200100048,2022년 3월 12일 08시,토요일,대구광역시 서구 평리동,경상사고,0,0,1,0,차대차 - 측면충돌,신호위반,건조,맑음,교차로 - 교차로안,승용,남,74세,상해없음,승용,남,47세,경상
2022031200100083,2022년 3월 12일 10시,토요일,대구광역시 북구 읍내동,중상사고,0,1,9,0,차대차 - 추돌,안전운전불이행,건조,맑음,단일로 - 기타,화물,남,28세,상해없음,승용,남,40세,중상
2022031200100085,2022년 3월 12일 10시,토요일,대구광역시 달서구 호산동,중상사고,0,2,1,0,차대차 - 측면충돌,기타,건조,맑음,교차로 - 교차로안,화물,남,42세,경상,승용,남,45세,중상
2022031200100142,2022년 3월 12일 12시,토요일,대구광역시 달서구 파호동,중상사고,0,1,0,0,차량단독 - 기타,안전운전불이행,건조,맑음,단일로 - 기타,승합,남,57세,상해없음,,,,
2022031200100236,2022년 3월 12일 15시,토요일,대구광역시 수성구 범물동,경상사고,0,0,1,0,차대차 - 정면충돌,안전운전불이행,건조,맑음,단일로 - 기타,승용,남,43세,상해없음,승용,남,48세,경상
2022031200100237,2022년 3월 12일 15시,토요일,대구광역시 달성군 화원읍,경상사고,0,0,2,0,차대차 - 기타,안전운전불이행,건조,맑음,기타 - 기타,승용,여,64세,상해없음,승용,남,38세,경상
2022031200100238,2022년 3월 12일 15시,토요일,대구광역시 서구 비산동,경상사고,0,0,1,0,차대차 - 측면충돌,안전운전불이행,건조,맑음,교차로 - 교차로부근,승용,남,48세,상해없음,이륜,남,22세,경상
2022031200100239,2022년 3월 12일 15시,토요일,대구광역시 중구 동인동2가,중상사고,0,1,3,1,차대차 - 추돌,안전운전불이행,건조,맑음,단일로 - 기타,승용,여,34세,경상,승용,남,26세,상해없음
2022031200100301,2022년 3월 12일 17시,토요일,대구광역시 북구 국우동,경상사고,0,0,2,0,차대차 - 기타,교차로운행방법위반,건조,맑음,교차로 - 교차로안,승용,여,47세,상해없음,승용,남,47세,경상
2022031200100331,2022년 3월 12일 18시,토요일,대구광역시 수성구 상동,경상사고,0,0,1,0,차대차 - 기타,안전운전불이행,건조,맑음,교차로 - 교차로부근,승용,남,35세,상해없음,원동기,남,32세,경상
2022031200100364,2022년 3월 12일 19시,토요일,대구광역시 수성구 황금동,경상사고,0,0,1,0,차대사람 - 횡단중,신호위반,건조,맑음,교차로 - 교차로횡단보도내,승용,남,52세,상해없음,보행자,여,21세,경상
2022031200100365,2022년 3월 12일 19시,토요일,대구광역시 달서구 상인동,경상사고,0,0,1,0,차대차 - 기타,신호위반,건조,맑음,교차로 - 교차로안,승용,남,42세,상해없음,이륜,남,25세,경상
2022031200100366,2022년 3월 12일 19시,토요일,대구광역시 달서구 용산동,경상사고,0,0,2,0,차대차 - 측면충돌,교차로운행방법위반,건조,맑음,단일로 - 기타,화물,남,60세,상해없음,승용,남,51세,상해없음
2022031200100401,2022년 3월 12일 20시,토요일,대구광역시 중구 교동,경상사고,0,0,1,0,차대차 - 측면충돌,교차로운행방법위반,건조,맑음,교차로 - 교차로안,승용,남,66세,상해없음,이륜,남,25세,경상
2022031200100424,2022년 3월 12일 21시,토요일,대구광역시 달서구 진천동,경상사고,0,0,1,0,차대사람 - 기타,안전운전불이행,건조,맑음,교차로 - 교차로안,승용,남,44세,상해없음,보행자,여,13세,경상
2022031200100425,2022년 3월 12일 21시,토요일,대구광역시 달서구 대천동,경상사고,0,0,2,0,차대차 - 측면충돌,안전운전불이행,건조,맑음,단일로 - 지하차도(도로)내,원동기,남,23세,경상,자전거,남,21세,경상
2022031200100426,2022년 3월 12일 21시,토요일,대구광역시 달성군 다사읍,경상사고,0,0,1,0,차대차 - 추돌,안전운전불이행,건조,맑음,교차로 - 교차로안,화물,여,52세,상해없음,자전거,남,35세,경상
2022031200100427,2022년 3월 12일 21시,토요일,대구광역시 중구 동인동1가,경상사고,0,0,1,0,차대차 - 추돌,안전운전불이행,건조,맑음,교차로 - 교차로부근,승용,남,51세,상해없음,원동기,남,55세,경상
2022031200100428,2022년 3월 12일 21시,토요일,대구광역시 중구 동성로2가,부상신고사고,0,0,0,1,차대사람 - 기타,신호위반,건조,맑음,단일로 - 기타,개인형이동수단(PM),여,14세,상해없음,보행자,여,26세,부상신고
2022031200100452,2022년 3월 12일 22시,토요일,대구광역시 달성군 다사읍,경상사고,0,0,2,0,차대차 - 기타,안전운전불이행,건조,맑음,단일로 - 기타,승용,남,30세,상해없음,승용,남,36세,경상
2022031200100490,2022년 3월 12일 23시,토요일,대구광역시 수성구 황금동,경상사고,0,0,1,0,차대사람 - 기타,보행자보호의무위반,건조,맑음,단일로 - 기타,승용,여,30세,상해없음,보행자,남,43세,경상
2022031300100008,2022년 3월 13일 00시,일요일,대구광역시 중구 삼덕동1가,경상사고,0,0,1,0,차대사람 - 보도통행중,안전운전불이행,건조,맑음,단일로 - 기타,승용,남,25세,상해없음,보행자,남,19세,경상
2022031300100039,2022년 3월 13일 08시,일요일,대구광역시 동구 신암동,경상사고,0,0,1,0,차대차 - 추돌,안전운전불이행,건조,맑음,교차로 - 교차로부근,승용,남,67세,상해없음,화물,남,57세,경상
2022031300100063,2022년 3월 13일 10시,일요일,대구광역시 동구 검사동,경상사고,0,0,1,0,차대사람 - 차도통행중,안전운전불이행,건조,맑음,단일로 - 기타,승용,남,64세,상해없음,보행자,여,84세,경상
2022031300100077,2022년 3월 13일 11시,일요일,대구광역시 수성구 욱수동,경상사고,0,0,1,0,차대사람 - 기타,안전운전불이행,젖음/습기,흐림,단일로 - 기타,승합,남,62세,상해없음,보행자,남,48세,경상
2022031300100078,2022년 3월 13일 11시,일요일,대구광역시 서구 상리동,경상사고,0,0,2,0,차대차 - 측면충돌,안전운전불이행,건조,흐림,단일로 - 고가도로위,승용,남,35세,경상,화물,남,44세,경상
2022031300100093,2022년 3월 13일 12시,일요일,대구광역시 동구 신암동,부상신고사고,0,0,0,1,차대차 - 정면충돌,안전운전불이행,젖음/습기,비,단일로 - 지하차도(도로)내,이륜,남,43세,부상신고,승용,여,64세,상해없음
2022031300100094,2022년 3월 13일 12시,일요일,대구광역시 달서구 장기동,중상사고,0,1,0,0,차대사람 - 횡단중,안전운전불이행,젖음/습기,비,교차로 - 교차로안,승용,남,59세,상해없음,보행자,여,70세,중상
2022031300100117,2022년 3월 13일 13시,일요일,대구광역시 남구 대명동,경상사고,0,0,2,0,차대차 - 기타,직진우회전진행방해,건조,맑음,교차로 - 교차로안,승용,남,60세,경상,승용,여,30세,경상
2022031300100118,2022년 3월 13일 13시,일요일,대구광역시 수성구 범어동,경상사고,0,0,1,0,차대차 - 기타,안전운전불이행,젖음/습기,비,기타 - 기타,승용,남,55세,상해없음,이륜,남,18세,경상
2022031300100142,2022년 3월 13일 14시,일요일,대구광역시 북구 서변동,경상사고,0,0,3,0,차량단독 - 공작물충돌,안전운전불이행,젖음/습기,흐림,단일로 - 지하차도(도로)내,승용,남,63세,상해없음,,,,
2022031300100167,2022년 3월 13일 15시,일요일,대구광역시 북구 노원동3가,경상사고,0,0,1,0,차대차 - 기타,안전운전불이행,젖음/습기,흐림,단일로 - 기타,승용,남,57세,상해없음,이륜,남,59세,경상
2022031300100168,2022년 3월 13일 15시,일요일,대구광역시 달서구 신당동,중상사고,0,1,0,0,차대차 - 측면충돌,안전운전불이행,건조,맑음,교차로 - 교차로부근,승용,남,61세,상해없음,이륜,남,22세,중상
2022031300100188,2022년 3월 13일 16시,일요일,대구광역시 수성구 범어동,경상사고,0,0,3,0,차대차 - 측면충돌,안전운전불이행,젖음/습기,흐림,교차로 - 교차로안,승용,여,34세,경상,승용,여,57세,경상
2022031300100189,2022년 3월 13일 16시,일요일,대구광역시 수성구 만촌동,경상사고,0,0,1,0,차대차 - 측면충돌,안전운전불이행,건조,맑음,교차로 - 교차로안,승용,여,62세,경상,승용,남,71세,상해없음
2022031300100190,2022년 3월 13일 16시,일요일,대구광역시 서구 비산동,경상사고,0,0,1,0,차대사람 - 횡단중,보행자보호의무위반,젖음/습기,맑음,교차로 - 교차로횡단보도내,승용,여,62세,상해없음,보행자,여,62세,경상
2022031300100191,2022년 3월 13일 16시,일요일,대구광역시 북구 사수동,경상사고,0,0,2,0,차대차 - 추돌,안전운전불이행,젖음/습기,비,교차로 - 교차로부근,화물,남,56세,상해없음,화물,남,48세,경상
2022031300100210,2022년 3월 13일 17시,일요일,대구광역시 북구 복현동,부상신고사고,0,0,0,1,차대차 - 측면충돌,교차로운행방법위반,젖음/습기,비,교차로 - 교차로안,승용,남,32세,상해없음,이륜,남,18세,부상신고
2022031300100259,2022년 3월 13일 19시,일요일,대구광역시 동구 율하동,경상사고,0,0,1,2,차대차 - 정면충돌,안전운전불이행,건조,맑음,단일로 - 기타,승용,여,66세,부상신고,승용,남,62세,경상
2022031300100260,2022년 3월 13일 19시,일요일,대구광역시 수성구 노변동,경상사고,0,0,1,0,차대차 - 기타,기타,젖음/습기,흐림,교차로 - 교차로안,이륜,남,59세,경상,승용,여,51세,상해없음
2022031300100261,2022년 3월 13일 19시,일요일,대구광역시 수성구 상동,중상사고,0,1,0,0,차대사람 - 기타,안전운전불이행,젖음/습기,비,단일로 - 기타,기타불명,기타불명,미분류,기타불명,보행자,남,64세,중상
2022031300100262,2022년 3월 13일 19시,일요일,대구광역시 북구 산격동,중상사고,0,1,0,0,차대사람 - 횡단중,안전운전불이행,젖음/습기,맑음,단일로 - 기타,승용,남,42세,상해없음,보행자,여,56세,중상
2022031300100287,2022년 3월 13일 20시,일요일,대구광역시 달서구 죽전동,경상사고,0,0,1,0,차대차 - 측면충돌,안전운전불이행,젖음/습기,흐림,교차로 - 교차로부근,승용,남,25세,상해없음,이륜,남,49세,경상
2022031300100303,2022년 3월 13일 21시,일요일,대구광역시 달성군 다사읍,중상사고,0,1,0,0,차대사람 - 길가장자리구역통행중,안전운전불이행,젖음/습기,비,기타 - 기타,화물,남,53세,상해없음,보행자,여,73세,중상
2022031400100021,2022년 3월 14일 06시,월요일,대구광역시 달서구 본동,경상사고,0,0,1,0,차대차 - 측면충돌,직진우회전진행방해,건조,맑음,교차로 - 교차로안,승용,남,56세,상해없음,승용,남,67세,경상
2022031400100036,2022년 3월 14일 07시,월요일,대구광역시 북구 칠성동2가,경상사고,0,0,1,0,차대차 - 측면충돌,안전운전불이행,건조,맑음,단일로 - 기타,승용,여,52세,상해없음,자전거,여,55세,경상
2022031400100037,2022년 3월 14일 07시,월요일,대구광역시 북구 산격동,부상신고사고,0,0,0,1,차대차 - 기타,안전운전불이행,건조,맑음,교차로 - 교차로횡단보도내,자전거,남,60세,부상신고,승용,여,41세,상해없음
2022031400100066,2022년 3월 14일 08시,월요일,대구광역시 달서구 죽전동,경상사고,0,0,2,0,차대차 - 추돌,안전운전불이행,건조,맑음,교차로 - 교차로부근,화물,남,34세,상해없음,승용,남,31세,경상
2022031400100067,2022년 3월 14일 08시,월요일,대구광역시 달서구 죽전동,경상사고,0,0,2,0,차대차 - 추돌,안전운전불이행,기타,맑음,단일로 - 기타,승용,여,39세,기타불명,승용,남,61세,경상
2022031400100068,2022년 3월 14일 08시,월요일,대구광역시 달서구 장기동,경상사고,0,0,1,0,차대차 - 기타,안전운전불이행,건조,맑음,교차로 - 교차로안,승용,여,58세,상해없음,승용,남,64세,경상
2022031400100098,2022년 3월 14일 09시,월요일,대구광역시 달성군 현풍읍,중상사고,0,1,0,0,차대사람 - 기타,안전운전불이행,건조,맑음,단일로 - 기타,승용,남,35세,상해없음,보행자,여,84세,중상
2022031400100118,2022년 3월 14일 10시,월요일,대구광역시 달서구 진천동,경상사고,0,0,1,0,차대차 - 기타,안전운전불이행,건조,맑음,단일로 - 기타,화물,남,62세,상해없음,자전거,남,72세,경상
2022031400100119,2022년 3월 14일 10시,월요일,대구광역시 달서구 두류동,경상사고,0,0,1,0,차대차 - 측면충돌,안전거리미확보,건조,맑음,단일로 - 기타,승용,여,71세,상해없음,승용,남,26세,경상
2022031400100120,2022년 3월 14일 10시,월요일,대구광역시 달서구 신당동,중상사고,0,2,0,0,차대차 - 추돌,안전운전불이행,건조,맑음,교차로 - 교차로부근,특수,남,52세,기타불명,승용,남,56세,중상
2022031400100153,2022년 3월 14일 11시,월요일,대구광역시 수성구 만촌동,경상사고,0,0,1,0,차대차 - 기타,안전운전불이행,건조,맑음,단일로 - 기타,승용,남,48세,상해없음,개인형이동수단(PM),남,23세,경상
2022031400100154,2022년 3월 14일 11시,월요일,대구광역시 달성군 현풍읍,경상사고,0,0,1,0,차대차 - 기타,안전운전불이행,건조,맑음,기타 - 기타,승용,남,68세,상해없음,승용,남,37세,경상
2022031400100186,2022년 3월 14일 12시,월요일,대구광역시 달성군 유가읍,경상사고,0,0,1,0,차대차 - 기타,안전운전불이행,건조,맑음,교차로 - 교차로부근,이륜,남,31세,경상,승용,남,46세,상해없음
2022031400100187,2022년 3월 14일 12시,월요일,대구광역시 서구 이현동,경상사고,0,0,1,0,차대차 - 측면충돌,안전거리미확보,건조,맑음,단일로 - 기타,승용,남,39세,상해없음,이륜,남,30세,경상
2022031400100232,2022년 3월 14일 14시,월요일,대구광역시 수성구 만촌동,경상사고,0,0,1,0,차대사람 - 횡단중,보행자보호의무위반,건조,맑음,단일로 - 기타,이륜,남,46세,기타불명,보행자,남,74세,경상
2022031400100305,2022년 3월 14일 17시,월요일,대구광역시 수성구 만촌동,경상사고,0,0,3,0,차대차 - 측면충돌,안전거리미확보,건조,맑음,단일로 - 기타,승용,여,29세,상해없음,승용,남,73세,경상
2022031400100336,2022년 3월 14일 18시,월요일,대구광역시 동구 율암동,경상사고,0,0,1,0,차대차 - 추돌,안전운전불이행,건조,맑음,교차로 - 교차로부근,승용,여,63세,상해없음,승용,남,41세,경상
2022031400100337,2022년 3월 14일 18시,월요일,대구광역시 달서구 진천동,경상사고,0,0,1,0,차대차 - 측면충돌,안전거리미확보,건조,맑음,단일로 - 기타,승용,남,57세,상해없음,승용,남,36세,경상
2022031400100338,2022년 3월 14일 18시,월요일,대구광역시 달성군 다사읍,중상사고,0,1,0,0,차대차 - 추돌,안전운전불이행,건조,맑음,교차로 - 교차로부근,승용,남,52세,상해없음,이륜,남,47세,중상
2022031400100339,2022년 3월 14일 18시,월요일,대구광역시 북구 동천동,중상사고,0,1,1,0,차대차 - 측면충돌,신호위반,건조,맑음,교차로 - 교차로안,이륜,남,56세,중상,승용,여,51세,경상
2022031400100376,2022년 3월 14일 19시,월요일,대구광역시 수성구 범어동,경상사고,0,0,1,0,차대차 - 기타,안전운전불이행,건조,맑음,단일로 - 기타,승용,남,25세,상해없음,원동기,남,42세,경상
2022031400100377,2022년 3월 14일 19시,월요일,대구광역시 북구 침산동,부상신고사고,0,0,0,1,차대사람 - 기타,안전운전불이행,건조,맑음,기타 - 기타,자전거,남,31세,상해없음,보행자,여,88세,부상신고
2022031400100378,2022년 3월 14일 19시,월요일,대구광역시 달서구 본리동,경상사고,0,0,1,0,차대사람 - 차도통행중,안전운전불이행,건조,흐림,단일로 - 기타,기타불명,기타불명,미분류,기타불명,보행자,여,23세,경상
2022031400100398,2022년 3월 14일 20시,월요일,대구광역시 달서구 상인동,중상사고,0,1,0,0,차대차 - 측면충돌,기타,건조,맑음,교차로 - 교차로안,이륜,남,26세,중상,승용,남,57세,기타불명
2022031400100399,2022년 3월 14일 20시,월요일,대구광역시 달서구 송현동,경상사고,0,0,1,0,차대사람 - 차도통행중,안전운전불이행,건조,맑음,단일로 - 기타,승용,여,25세,상해없음,보행자,남,56세,경상
2022031400100400,2022년 3월 14일 20시,월요일,대구광역시 달성군 구지면,경상사고,0,0,1,0,차대차 - 측면충돌,안전운전불이행,건조,맑음,단일로 - 기타,승용,남,29세,상해없음,원동기,남,25세,경상
2022031400100422,2022년 3월 14일 21시,월요일,대구광역시 달서구 월성동,경상사고,0,0,1,0,차대사람 - 횡단중,보행자보호의무위반,건조,맑음,단일로 - 지하차도(도로)내,승용,남,40세,상해없음,보행자,여,16세,경상
2022031400100449,2022년 3월 14일 23시,월요일,대구광역시 남구 이천동,경상사고,0,0,2,0,차대사람 - 기타,보행자보호의무위반,건조,맑음,교차로 - 교차로횡단보도내,승용,남,43세,상해없음,보행자,여,29세,경상
2022031400100450,2022년 3월 14일 23시,월요일,대구광역시 수성구 신매동,중상사고,0,1,0,0,차대차 - 추돌,안전운전불이행,건조,맑음,교차로 - 교차로부근,승용,남,39세,상해없음,이륜,남,35세,중상
2022031400100451,2022년 3월 14일 23시,월요일,대구광역시 달성군 유가읍,중상사고,0,1,0,0,차대차 - 기타,안전운전불이행,건조,맑음,기타 - 기타,승합,여,52세,상해없음,승용,여,59세,중상
2022031400100452,2022년 3월 14일 23시,월요일,대구광역시 서구 비산동,경상사고,0,0,3,0,차대차 - 측면충돌,신호위반,건조,맑음,교차로 - 교차로안,이륜,남,48세,경상,승용,남,20세,경상
2022031400100453,2022년 3월 14일 23시,월요일,대구광역시 서구 내당동,경상사고,0,0,1,0,차대차 - 측면충돌,안전운전불이행,건조,맑음,교차로 - 교차로부근,승용,여,18세,상해없음,승용,남,38세,경상
2022031500100009,2022년 3월 15일 01시,화요일,대구광역시 서구 중리동,중상사고,0,1,1,0,차대차 - 기타,교차로운행방법위반,건조,맑음,교차로 - 교차로안,이륜,남,54세,중상,승용,남,56세,경상
2022031500100013,2022년 3월 15일 03시,화요일,대구광역시 동구 용계동,경상사고,0,0,1,0,차대차 - 정면충돌,중앙선침범,건조,맑음,단일로 - 기타,승용,남,24세,상해없음,화물,남,42세,경상
2022031500100032,2022년 3월 15일 06시,화요일,대구광역시 달서구 월성동,경상사고,0,0,1,0,차대차 - 정면충돌,안전운전불이행,건조,맑음,교차로 - 교차로횡단보도내,승용,남,29세,상해없음,원동기,남,79세,경상
2022031500100059,2022년 3월 15일 07시,화요일,대구광역시 달서구 월암동,사망사고,1,0,0,0,차대차 - 측면충돌,신호위반,건조,맑음,교차로 - 교차로안,원동기,남,26세,사망,승용,남,65세,상해없음
2022031500100088,2022년 3월 15일 08시,화요일,대구광역시 달서구 대곡동,중상사고,0,1,0,0,차대사람 - 기타,안전운전불이행,건조,맑음,주차장 - 주차장,승용,여,39세,상해없음,보행자,여,55세,중상
2022031500100089,2022년 3월 15일 08시,화요일,대구광역시 달서구 상인동,경상사고,0,0,2,0,차대차 - 측면충돌,안전거리미확보,건조,맑음,단일로 - 기타,승용,여,60세,상해없음,승용,여,44세,경상
2022031500100090,2022년 3월 15일 08시,화요일,대구광역시 달서구 신당동,경상사고,0,0,1,0,차대차 - 측면충돌,안전거리미확보,건조,맑음,단일로 - 기타,승용,남,56세,상해없음,승용,남,21세,경상
2022031500100112,2022년 3월 15일 09시,화요일,대구광역시 중구 문화동,경상사고,0,0,1,0,차량단독 - 기타,기타,건조,맑음,단일로 - 기타,승합,남,47세,상해없음,,,,
2022031500100139,2022년 3월 15일 10시,화요일,대구광역시 남구 봉덕동,중상사고,0,1,0,0,차량단독 - 기타,안전운전불이행,건조,맑음,교차로 - 교차로부근,자전거,남,60세,중상,,,,
2022031500100140,2022년 3월 15일 10시,화요일,대구광역시 수성구 파동,경상사고,0,0,2,0,차대차 - 측면충돌,안전운전불이행,건조,맑음,교차로 - 교차로안,승용,남,31세,상해없음,승합,남,59세,경상
2022031500100141,2022년 3월 15일 10시,화요일,대구광역시 달서구 두류동,경상사고,0,0,1,0,차대사람 - 기타,안전운전불이행,건조,맑음,기타 - 기타,승용,남,50세,상해없음,보행자,남,68세,경상
2022031500100171,2022년 3월 15일 11시,화요일,대구광역시 수성구 황금동,경상사고,0,0,2,0,차대차 - 추돌,안전운전불이행,건조,맑음,교차로 - 교차로부근,이륜,남,38세,경상,승용,남,40세,경상
2022031500100193,2022년 3월 15일 12시,화요일,대구광역시 북구 침산동,경상사고,0,0,1,0,차대차 - 정면충돌,안전운전불이행,건조,맑음,기타 - 기타,승용,남,55세,상해없음,자전거,남,79세,경상
2022031500100211,2022년 3월 15일 13시,화요일,대구광역시 동구 괴전동,중상사고,0,1,0,0,차대차 - 측면충돌,안전거리미확보,건조,맑음,교차로 - 교차로안,승용,남,46세,상해없음,이륜,남,26세,중상
2022031500100212,2022년 3월 15일 13시,화요일,대구광역시 달성군 구지면,경상사고,0,0,4,0,차대차 - 기타,안전운전불이행,건조,맑음,교차로 - 교차로안,승용,여,43세,경상,승용,남,53세,경상
2022031500100213,2022년 3월 15일 13시,화요일,대구광역시 서구 비산동,경상사고,0,0,2,0,차대차 - 측면충돌,안전운전불이행,건조,맑음,교차로 - 교차로부근,승용,남,58세,상해없음,승용,여,32세,경상
2022031500100243,2022년 3월 15일 14시,화요일,대구광역시 수성구 황금동,경상사고,0,0,1,0,차대차 - 기타,기타,건조,맑음,기타 - 기타,이륜,남,28세,경상,승용,남,44세,상해없음
2022031500100244,2022년 3월 15일 14시,화요일,대구광역시 서구 평리동,중상사고,0,1,0,0,차대사람 - 보도통행중,기타,건조,맑음,단일로 - 기타,승합,남,29세,상해없음,보행자,남,73세,중상
2022031500100268,2022년 3월 15일 15시,화요일,대구광역시 동구 봉무동,부상신고사고,0,0,0,1,차량단독 - 공작물충돌,안전운전불이행,건조,맑음,단일로 - 기타,이륜,남,48세,부상신고,,,,
2022031500100293,2022년 3월 15일 16시,화요일,대구광역시 동구 효목동,경상사고,0,0,3,0,차대차 - 측면충돌,안전운전불이행,건조,맑음,교차로 - 교차로부근,승용,남,74세,경상,승용,여,45세,경상
2022031500100294,2022년 3월 15일 16시,화요일,대구광역시 서구 중리동,경상사고,0,0,1,0,차량단독 - 기타,안전운전불이행,건조,맑음,교차로 - 교차로부근,승합,남,55세,상해없음,,,,
2022031500100295,2022년 3월 15일 16시,화요일,대구광역시 북구 연경동,경상사고,0,0,1,0,차대차 - 측면충돌,안전거리미확보,건조,맑음,교차로 - 교차로부근,화물,남,68세,상해없음,승용,남,61세,경상
2022031500100320,2022년 3월 15일 17시,화요일,대구광역시 서구 이현동,경상사고,0,0,1,0,차량단독 - 공작물충돌,안전운전불이행,건조,맑음,단일로 - 기타,승용,남,25세,경상,,,,
2022031500100321,2022년 3월 15일 17시,화요일,대구광역시 서구 내당동,경상사고,0,0,1,0,차대차 - 측면충돌,안전운전불이행,건조,맑음,단일로 - 기타,승용,남,26세,상해없음,이륜,남,23세,경상
2022031500100346,2022년 3월 15일 18시,화요일,대구광역시 동구 불로동,중상사고,0,1,0,0,차대차 - 기타,신호위반,건조,맑음,교차로 - 교차로안,이륜,남,41세,상해없음,이륜,남,40세,중상
2022031500100347,2022년 3월 15일 18시,화요일,대구광역시 북구 국우동,경상사고,0,0,1,0,차대차 - 측면충돌,안전거리미확보,건조,맑음,단일로 - 기타,승용,남,73세,상해없음,승용,여,33세,경상
2022031500100348,2022년 3월 15일 18시,화요일,대구광역시 북구 태전동,중상사고,0,1,0,0,차대차 - 측면충돌,안전거리미확보,건조,맑음,단일로 - 지하차도(도로)내,승용,여,42세,상해없음,이륜,남,48세,중상