사고번호,사고일시,요일,시군구,사고내용,사망자수,중상자수,경상자수,부상신고자수,사고유형,법규위반,노면상태,기상상태,도로형태,가해운전자 차종,가해운전자 성별,가해운전자 연령,가해운전자 상해정도,피해운전자 차종,피해운전자 성별,피해운전자 연령,피해운전자 상해정도
2022032000100311,2022년 3월 20일 23시,일요일,대구광역시 수성구 두산동,중상사고,0,1,0,0,차대차 - 추돌,안전운전불이행,건조,맑음,교차로 - 교차로안,승용,남,56세,상해없음,이륜,남,39세,중상
2022032100100048,2022년 3월 21일 07시,월요일,대구광역시 달서구 용산동,경상사고,0,0,2,0,차대차 - 측면충돌,직진우회전진행방해,건조,맑음,교차로 - 교차로안,승용,남,63세,경상,승용,여,42세,경상
2022032100100049,2022년 3월 21일 07시,월요일,대구광역시 북구 서변동,경상사고,0,0,1,1,차대차 - 측면충돌,안전운전불이행,건조,맑음,단일로 - 고가도로위,건설기계,남,56세,상해없음,승용,남,62세,부상신고
2022032100100071,2022년 3월 21일 08시,월요일,대구광역시 동구 효목동,경상사고,0,0,1,0,차대차 - 측면충돌,교차로운행방법위반,건조,맑음,교차로 - 교차로안,승용,여,69세,상해없음,승용,남,58세,상해없음
2022032100100072,2022년 3월 21일 08시,월요일,대구광역시 수성구 신매동,중상사고,0,1,0,0,차대사람 - 횡단중,안전운전불이행,건조,맑음,단일로 - 기타,승용,남,31세,상해없음,보행자,남,15세,중상
2022032100100073,2022년 3월 21일 08시,월요일,대구광역시 수성구 중동,경상사고,0,0,1,0,차대차 - 측면충돌,안전운전불이행,건조,맑음,단일로 - 기타,승용,남,58세,상해없음,승용,여,43세,경상
2022032100100097,2022년 3월 21일 09시,월요일,대구광역시 수성구 황금동,중상사고,0,1,0,0,차대차 - 측면충돌,안전운전불이행,건조,맑음,단일로 - 기타,승용,여,28세,상해없음,자전거,여,63세,중상
2022032100100121,2022년 3월 21일 10시,월요일,대구광역시 달성군 화원읍,경상사고,0,0,2,0,차대차 - 측면충돌,안전운전불이행,건조,맑음,단일로 - 기타,화물,남,50세,상해없음,승용,남,77세,경상
2022032100100153,2022년 3월 21일 11시,월요일,대구광역시 달서구 상인동,경상사고,0,0,1,0,차대차 - 측면충돌,안전거리미확보,건조,맑음,단일로 - 기타,이륜,남,85세,경상,화물,남,24세,상해없음
2022032100100154,2022년 3월 21일 11시,월요일,대구광역시 달서구 본동,중상사고,0,1,0,0,차대차 - 측면충돌,신호위반,건조,맑음,교차로 - 교차로안,승용,남,46세,상해없음,이륜,남,80세,중상
2022032100100174,2022년 3월 21일 12시,월요일,대구광역시 수성구 두산동,중상사고,0,1,0,0,차대차 - 측면충돌,안전운전불이행,건조,맑음,단일로 - 기타,화물,남,57세,상해없음,자전거,남,74세,중상
2022032100100175,2022년 3월 21일 12시,월요일,대구광역시 서구 비산동,경상사고,0,0,1,0,차대차 - 후진중충돌,안전운전불이행,건조,맑음,교차로 - 교차로부근,건설기계,남,37세,상해없음,이륜,남,37세,경상
2022032100100176,2022년 3월 21일 12시,월요일,대구광역시 달서구 성당동,경상사고,0,0,1,0,차대차 - 추돌,안전운전불이행,건조,맑음,교차로 - 교차로부근,승용,남,75세,상해없음,승용,여,33세,경상
2022032100100193,2022년 3월 21일 13시,월요일,대구광역시 동구 검사동,경상사고,0,0,1,0,차대차 - 측면충돌,안전운전불이행,건조,맑음,교차로 - 교차로안,자전거,여,67세,경상,화물,남,46세,상해없음
2022032100100253,2022년 3월 21일 15시,월요일,대구광역시 수성구 수성동3가,경상사고,0,0,1,1,차대차 - 측면충돌,안전운전불이행,건조,맑음,단일로 - 기타,승용,남,79세,부상신고,승합,남,59세,상해없음
2022032100100283,2022년 3월 21일 16시,월요일,대구광역시 수성구 범물동,경상사고,0,0,3,0,차대차 - 측면충돌,안전운전불이행,건조,맑음,단일로 - 기타,이륜,남,32세,경상,승용,남,62세,경상
2022032100100284,2022년 3월 21일 16시,월요일,대구광역시 달서구 송현동,경상사고,0,0,1,0,차대사람 - 기타,안전운전불이행,건조,맑음,교차로 - 교차로안,승용,남,57세,상해없음,보행자,남,58세,경상
2022032100100285,2022년 3월 21일 16시,월요일,대구광역시 달서구 월암동,경상사고,0,0,1,0,차대차 - 측면충돌,안전거리미확보,건조,맑음,단일로 - 기타,승용,남,66세,상해없음,승용,남,30세,경상
2022032100100312,2022년 3월 21일 17시,월요일,대구광역시 달성군 하빈면,경상사고,0,0,1,0,차대차 - 기타,신호위반,건조,맑음,교차로 - 교차로안,승합,남,61세,상해없음,화물,남,50세,경상
2022032100100313,2022년 3월 21일 17시,월요일,대구광역시 서구 비산동,경상사고,0,0,1,0,차대차 - 정면충돌,안전운전불이행,건조,맑음,교차로 - 교차로안,승용,남,65세,상해없음,승용,남,50세,경상
2022032100100314,2022년 3월 21일 17시,월요일,대구광역시 중구 동인동1가,경상사고,0,0,1,0,차대사람 - 기타,안전운전불이행,건조,맑음,단일로 - 기타,승용,남,46세,상해없음,보행자,남,45세,경상
2022032100100338,2022년 3월 21일 18시,월요일,대구광역시 달성군 다사읍,사망사고,1,0,0,0,차대차 - 측면충돌,안전운전불이행,건조,맑음,단일로 - 기타,특수,남,56세,상해없음,이륜,남,57세,사망
2022032100100339,2022년 3월 21일 18시,월요일,대구광역시 북구 노원동3가,경상사고,0,0,1,0,차대차 - 정면충돌,중앙선침범,건조,맑음,교차로 - 교차로안,승용,남,62세,상해없음,화물,남,54세,경상
2022032100100340,2022년 3월 21일 18시,월요일,대구광역시 달서구 성당동,경상사고,0,0,2,0,차대차 - 측면충돌,안전운전불이행,건조,맑음,교차로 - 교차로안,승용,남,62세,기타불명,승용,여,47세,경상
2022032100100358,2022년 3월 21일 19시,월요일,대구광역시 수성구 범어동,중상사고,0,1,0,0,차량단독 - 기타,안전운전불이행,건조,맑음,기타 - 기타,이륜,남,35세,중상,,,,
2022032100100359,2022년 3월 21일 19시,월요일,대구광역시 북구 구암동,경상사고,0,0,1,0,차대사람 - 횡단중,안전운전불이행,건조,맑음,교차로 - 교차로부근,기타불명,기타불명,미분류,기타불명,보행자,여,72세,경상
2022032100100380,2022년 3월 21일 20시,월요일,대구광역시 달서구 상인동,부상신고사고,0,0,0,1,차대차 - 측면충돌,안전운전불이행,건조,흐림,단일로 - 기타,이륜,남,37세,부상신고,승용,남,55세,상해없음
2022032100100381,2022년 3월 21일 20시,월요일,대구광역시 달서구 송현동,경상사고,0,0,1,0,차대차 - 측면충돌,안전운전불이행,건조,맑음,교차로 - 교차로안,승합,남,52세,상해없음,자전거,남,28세,경상
2022032100100413,2022년 3월 21일 22시,월요일,대구광역시 수성구 황금동,경상사고,0,0,1,0,차대차 - 측면충돌,안전운전불이행,건조,맑음,단일로 - 기타,승용,남,63세,상해없음,이륜,남,43세,경상
2022032200100014,2022년 3월 22일 04시,화요일,대구광역시 동구 각산동,경상사고,0,0,1,0,차량단독 - 전도전복 - 전도,안전운전불이행,건조,맑음,교차로 - 교차로안,원동기,남,14세,경상,,,,
2022032200100033,2022년 3월 22일 07시,화요일,대구광역시 달서구 본동,경상사고,0,0,1,0,차대차 - 측면충돌,중앙선침범,건조,맑음,기타 - 기타,개인형이동수단(PM),남,62세,경상,승용,남,53세,상해없음
2022032200100109,2022년 3월 22일 10시,화요일,대구광역시 달서구 송현동,경상사고,0,0,1,0,차대사람 - 기타,안전운전불이행,건조,맑음,교차로 - 교차로부근,화물,남,46세,상해없음,보행자,여,79세,경상
2022032200100151,2022년 3월 22일 12시,화요일,대구광역시 수성구 지산동,경상사고,0,0,1,0,차대차 - 기타,교차로운행방법위반,건조,맑음,교차로 - 교차로부근,승용,남,53세,기타불명,이륜,남,55세,경상
2022032200100152,2022년 3월 22일 12시,화요일,대구광역시 북구 산격동,경상사고,0,0,1,0,차대차 - 측면충돌,교차로운행방법위반,건조,맑음,교차로 - 교차로안,승용,여,32세,상해없음,이륜,남,59세,경상
2022032200100181,2022년 3월 22일 13시,화요일,대구광역시 서구 평리동,경상사고,0,0,1,0,차량단독 - 공작물충돌,안전운전불이행,건조,맑음,단일로 - 기타,승용,남,73세,상해없음,,,,
2022032200100206,2022년 3월 22일 14시,화요일,대구광역시 동구 신암동,중상사고,0,1,0,0,차대차 - 측면충돌,안전운전불이행,건조,맑음,단일로 - 지하차도(도로)내,승용,여,38세,상해없음,자전거,여,72세,중상
2022032200100233,2022년 3월 22일 15시,화요일,대구광역시 수성구 범어동,경상사고,0,0,1,0,차대차 - 추돌,안전운전불이행,건조,맑음,교차로 - 교차로부근,승용,남,19세,기타불명,승용,여,41세,경상
2022032200100269,2022년 3월 22일 16시,화요일,대구광역시 남구 대명동,중상사고,0,1,0,0,차대차 - 기타,신호위반,건조,맑음,교차로 - 교차로횡단보도내,이륜,여,25세,상해없음,자전거,여,54세,중상
2022032200100305,2022년 3월 22일 17시,화요일,대구광역시 수성구 범어동,경상사고,0,0,2,0,차대차 - 측면충돌,안전거리미확보,건조,맑음,단일로 - 기타,승용,여,47세,경상,승용,여,39세,경상
2022032200100306,2022년 3월 22일 17시,화요일,대구광역시 수성구 만촌동,경상사고,0,0,1,0,차대차 - 측면충돌,안전운전불이행,건조,맑음,교차로 - 교차로안,승용,여,45세,상해없음,승용,남,36세,경상
2022032200100307,2022년 3월 22일 17시,화요일,대구광역시 달서구 대천동,중상사고,0,1,0,0,차대차 - 측면충돌,안전운전불이행,건조,맑음,단일로 - 기타,승용,여,48세,상해없음,이륜,남,67세,중상
2022032200100338,2022년 3월 22일 18시,화요일,대구광역시 수성구 매호동,경상사고,0,0,1,0,차대차 - 기타,안전운전불이행,건조,맑음,기타 - 기타,승용,여,51세,상해없음,이륜,남,52세,경상
2022032200100339,2022년 3월 22일 18시,화요일,대구광역시 달서구 두류동,경상사고,0,0,1,0,차대사람 - 기타,안전운전불이행,건조,맑음,기타 - 기타,승용,남,50세,상해없음,보행자,남,25세,경상
2022032200100369,2022년 3월 22일 19시,화요일,대구광역시 달서구 신당동,경상사고,0,0,2,0,차대차 - 측면충돌,안전운전불이행,건조,맑음,교차로 - 교차로안,승용,남,28세,경상,승용,남,37세,경상
2022032200100394,2022년 3월 22일 20시,화요일,대구광역시 북구 침산동,경상사고,0,0,1,0,차대차 - 기타,안전거리미확보,건조,맑음,단일로 - 기타,기타불명,기타불명,미분류,기타불명,승용,여,46세,경상
2022032200100395,2022년 3월 22일 20시,화요일,대구광역시 달서구 용산동,경상사고,0,0,4,0,차대차 - 기타,안전운전불이행,건조,맑음,기타 - 기타,승용,여,38세,상해없음,승용,여,18세,경상
2022032200100415,2022년 3월 22일 21시,화요일,대구광역시 북구 복현동,경상사고,0,0,1,0,차대사람 - 기타,안전운전불이행,건조,맑음,단일로 - 기타,이륜,남,39세,경상,보행자,남,28세,상해없음
2022032200100416,2022년 3월 22일 21시,화요일,대구광역시 달서구 장기동,중상사고,0,1,0,0,차대차 - 기타,안전운전불이행,건조,맑음,단일로 - 기타,승용,남,31세,상해없음,자전거,남,45세,중상
2022032200100417,2022년 3월 22일 21시,화요일,대구광역시 달서구 이곡동,경상사고,0,0,1,0,차대사람 - 기타,안전운전불이행,건조,맑음,기타 - 기타,이륜,남,36세,상해없음,보행자,남,45세,경상
2022032200100433,2022년 3월 22일 22시,화요일,대구광역시 남구 대명동,중상사고,0,1,0,0,차량단독 - 공작물충돌,안전운전불이행,건조,맑음,기타 - 기타,화물,남,29세,중상,,,,
2022032200100434,2022년 3월 22일 22시,화요일,대구광역시 달서구 용산동,경상사고,0,0,4,0,차대차 - 측면충돌,안전운전불이행,건조,맑음,기타 - 기타,승용,여,59세,상해없음,승용,여,35세,경상
2022032200100447,2022년 3월 22일 23시,화요일,대구광역시 중구 삼덕동1가,경상사고,0,0,1,0,차대사람 - 길가장자리구역통행중,안전운전불이행,건조,맑음,단일로 - 기타,승용,남,25세,상해없음,보행자,남,21세,경상
2022032200100448,2022년 3월 22일 23시,화요일,대구광역시 달서구 성당동,중상사고,0,1,0,0,차대사람 - 횡단중,신호위반,건조,맑음,단일로 - 기타,이륜,남,21세,상해없음,보행자,남,36세,중상
2022032300100019,2022년 3월 23일 02시,수요일,대구광역시 중구 동인동4가,중상사고,0,1,1,0,차대차 - 기타,신호위반,건조,맑음,교차로 - 교차로안,승용,남,20세,상해없음,승용,남,64세,중상
2022032300100026,2022년 3월 23일 03시,수요일,대구광역시 북구 동천동,중상사고,0,1,0,0,차대차 - 측면충돌,직진우회전진행방해,건조,맑음,교차로 - 교차로안,승용,남,44세,상해없음,이륜,남,52세,중상
2022032300100041,2022년 3월 23일 06시,수요일,대구광역시 북구 국우동,경상사고,0,0,4,0,차대차 - 측면충돌,안전운전불이행,건조,맑음,단일로 - 지하차도(도로)내,화물,남,34세,경상,승합,남,54세,경상
2022032300100096,2022년 3월 23일 09시,수요일,대구광역시 동구 사복동,중상사고,0,1,1,0,차대차 - 측면충돌,신호위반,건조,맑음,교차로 - 교차로안,승용,남,61세,상해없음,승용,남,66세,경상
2022032300100115,2022년 3월 23일 10시,수요일,대구광역시 남구 봉덕동,부상신고사고,0,0,0,1,차대차 - 측면충돌,안전운전불이행,건조,맑음,단일로 - 기타,승용,여,51세,상해없음,이륜,남,65세,부상신고
2022032300100147,2022년 3월 23일 11시,수요일,대구광역시 동구 봉무동,중상사고,0,1,0,0,차대차 - 측면충돌,신호위반,건조,맑음,교차로 - 교차로안,승용,여,54세,상해없음,원동기,남,48세,중상
2022032300100148,2022년 3월 23일 11시,수요일,대구광역시 달서구 송현동,경상사고,0,0,1,0,차대차 - 측면충돌,안전운전불이행,건조,기타,교차로 - 교차로안,승용,남,60세,상해없음,이륜,남,44세,경상
2022032300100149,2022년 3월 23일 11시,수요일,대구광역시 서구 내당동,경상사고,0,0,1,0,차대차 - 측면충돌,안전운전불이행,건조,맑음,주차장 - 주차장,승용,여,54세,상해없음,이륜,남,39세,경상
2022032300100170,2022년 3월 23일 12시,수요일,대구광역시 서구 평리동,경상사고,0,0,1,0,차대차 - 측면충돌,안전운전불이행,건조,맑음,단일로 - 기타,화물,남,41세,상해없음,자전거,남,62세,경상
2022032300100189,2022년 3월 23일 13시,수요일,대구광역시 북구 복현동,중상사고,0,1,0,0,차대사람 - 기타,안전운전불이행,건조,맑음,교차로 - 교차로횡단보도내,승용,여,67세,상해없음,보행자,여,80세,중상
2022032300100190,2022년 3월 23일 13시,수요일,대구광역시 북구 복현동,중상사고,0,1,0,0,차대차 - 측면충돌,교차로운행방법위반,건조,흐림,교차로 - 교차로안,승용,여,53세,상해없음,이륜,여,67세,중상
2022032300100216,2022년 3월 23일 14시,수요일,대구광역시 북구 태전동,경상사고,0,0,1,0,차대차 - 측면충돌,안전거리미확보,건조,맑음,교차로 - 교차로부근,승용,남,77세,기타불명,승용,여,34세,경상
2022032300100233,2022년 3월 23일 15시,수요일,대구광역시 동구 금강동,경상사고,0,0,3,0,차대차 - 측면충돌,안전운전불이행,건조,맑음,단일로 - 기타,화물,남,59세,상해없음,승용,남,66세,경상
2022032300100234,2022년 3월 23일 15시,수요일,대구광역시 달성군 다사읍,경상사고,0,0,1,0,차대차 - 기타,안전운전불이행,건조,맑음,교차로 - 교차로안,화물,남,52세,경상,화물,남,75세,상해없음
2022032300100257,2022년 3월 23일 16시,수요일,대구광역시 달서구 송현동,경상사고,0,0,2,0,차대차 - 측면충돌,안전거리미확보,건조,맑음,단일로 - 기타,화물,남,45세,상해없음,승용,남,18세,경상
2022032300100258,2022년 3월 23일 16시,수요일,대구광역시 북구 노원동3가,중상사고,0,1,0,0,차대차 - 정면충돌,안전운전불이행,건조,맑음,교차로 - 교차로안,자전거,여,64세,중상,이륜,남,62세,상해없음
2022032300100259,2022년 3월 23일 16시,수요일,대구광역시 북구 노원동3가,경상사고,0,0,1,0,차대차 - 측면충돌,안전운전불이행,건조,맑음,단일로 - 기타,자전거,남,70세,경상,승용,남,68세,상해없음
2022032300100260,2022년 3월 23일 16시,수요일,대구광역시 북구 관음동,경상사고,0,0,1,0,차대차 - 측면충돌,교차로운행방법위반,건조,맑음,교차로 - 교차로안,승용,남,56세,상해없음,승합,남,35세,경상
2022032300100299,2022년 3월 23일 17시,수요일,대구광역시 중구 대봉동,경상사고,0,0,1,1,차대차 - 측면충돌,안전운전불이행,건조,맑음,단일로 - 기타,승용,남,69세,부상신고,승용,남,47세,경상
2022032300100300,2022년 3월 23일 17시,수요일,대구광역시 수성구 상동,중상사고,0,1,2,2,차대차 - 측면충돌,안전거리미확보,건조,맑음,단일로 - 기타,승용,여,54세,상해없음,승용,여,28세,부상신고
2022032300100330,2022년 3월 23일 18시,수요일,대구광역시 남구 대명동,경상사고,0,0,1,0,차대사람 - 기타,안전운전불이행,건조,맑음,단일로 - 기타,승용,남,27세,상해없음,보행자,남,24세,경상
2022032300100331,2022년 3월 23일 18시,수요일,대구광역시 달성군 화원읍,경상사고,0,0,2,0,차대차 - 정면충돌,안전운전불이행,건조,맑음,기타 - 기타,승용,남,55세,상해없음,승용,여,54세,경상
2022032300100332,2022년 3월 23일 18시,수요일,대구광역시 북구 침산동,경상사고,0,0,1,0,차대차 - 추돌,안전운전불이행,건조,맑음,교차로 - 교차로안,화물,남,49세,상해없음,승용,여,45세,경상
2022032300100364,2022년 3월 23일 19시,수요일,대구광역시 북구 태전동,중상사고,0,1,0,0,차대차 - 측면충돌,신호위반,건조,맑음,교차로 - 교차로안,승용,여,37세,상해없음,이륜,남,59세,중상
2022032300100391,2022년 3월 23일 20시,수요일,대구광역시 남구 봉덕동,부상신고사고,0,0,0,1,차대차 - 측면충돌,안전운전불이행,건조,맑음,교차로 - 교차로부근,자전거,남,18세,부상신고,승용,여,69세,기타불명
2022032300100392,2022년 3월 23일 20시,수요일,대구광역시 중구 공평동,경상사고,0,0,1,0,차대사람 - 기타,안전운전불이행,건조,맑음,교차로 - 교차로안,승용,남,30세,상해없음,보행자,여,25세,경상
2022032300100420,2022년 3월 23일 21시,수요일,대구광역시 남구 봉덕동,중상사고,0,1,0,0,차대차 - 측면충돌,기타,건조,맑음,교차로 - 교차로부근,승용,남,30세,상해없음,승용,여,29세,중상
2022032300100421,2022년 3월 23일 21시,수요일,대구광역시 달서구 대곡동,경상사고,0,0,1,0,차대차 - 측면충돌,신호위반,건조,맑음,단일로 - 기타,승용,남,30세,상해없음,개인형이동수단(PM),여,15세,경상
2022032300100434,2022년 3월 23일 22시,수요일,대구광역시 동구 효목동,경상사고,0,0,1,0,차대차 - 측면충돌,교차로운행방법위반,건조,맑음,교차로 - 교차로안,승용,여,48세,상해없음,승용,남,26세,경상
2022032300100452,2022년 3월 23일 23시,수요일,대구광역시 서구 이현동,경상사고,0,0,1,0,차대차 - 기타,안전운전불이행,건조,맑음,단일로 - 기타,승용,남,31세,경상,화물,남,65세,상해없음
2022032400100007,2022년 3월 24일 00시,목요일,대구광역시 남구 대명동,중상사고,0,1,0,0,차대사람 - 횡단중,신호위반,건조,맑음,교차로 - 교차로횡단보도내,이륜,남,21세,상해없음,보행자,여,25세,중상
2022032400100008,2022년 3월 24일 00시,목요일,대구광역시 남구 대명동,경상사고,0,0,2,0,차대차 - 정면충돌,안전운전불이행,건조,맑음,단일로 - 기타,승용,여,47세,상해없음,승용,남,24세,경상
2022032400100009,2022년 3월 24일 00시,목요일,대구광역시 달서구 두류동,경상사고,0,0,1,0,차대차 - 추돌,안전거리미확보,건조,맑음,교차로 - 교차로부근,이륜,남,20세,상해없음,승용,남,51세,경상
2022032400100068,2022년 3월 24일 08시,목요일,대구광역시 달서구 월암동,경상사고,0,0,3,0,차대차 - 측면충돌,직진우회전진행방해,건조,맑음,교차로 - 교차로안,화물,남,62세,경상,승용,남,22세,경상
2022032400100069,2022년 3월 24일 08시,목요일,대구광역시 달성군 현풍읍,경상사고,0,0,1,0,차대차 - 기타,안전운전불이행,건조,맑음,기타 - 기타,승용,남,46세,상해없음,승용,여,27세,경상
2022032400100070,2022년 3월 24일 08시,목요일,대구광역시 북구 침산동,경상사고,0,0,3,0,차대차 - 측면충돌,안전운전불이행,건조,맑음,단일로 - 기타,승용,남,52세,경상,승용,남,49세,경상
2022032400100071,2022년 3월 24일 08시,목요일,대구광역시 달서구 장동,경상사고,0,0,1,0,차대차 - 측면충돌,안전운전불이행,건조,맑음,교차로 - 교차로부근,승합,남,72세,상해없음,승용,여,61세,경상
2022032400100089,2022년 3월 24일 09시,목요일,대구광역시 달성군 논공읍,경상사고,0,0,1,0,차대차 - 기타,안전운전불이행,건조,맑음,단일로 - 기타,화물,남,55세,상해없음,승합,남,52세,경상
2022032400100090,2022년 3월 24일 09시,목요일,대구광역시 달서구 진천동,경상사고,0,0,1,0,차대차 - 측면충돌,안전거리미확보,건조,맑음,단일로 - 기타,승용,여,41세,상해없음,개인형이동수단(PM),남,31세,경상
2022032400100124,2022년 3월 24일 10시,목요일,대구광역시 동구 용계동,경상사고,0,0,1,0,차대차 - 추돌,안전운전불이행,건조,맑음,기타 - 기타,건설기계,남,49세,상해없음,승용,남,64세,경상
2022032400100142,2022년 3월 24일 11시,목요일,대구광역시 수성구 파동,경상사고,0,0,1,0,차대차 - 정면충돌,신호위반,건조,맑음,교차로 - 교차로안,승용,여,29세,상해없음,이륜,남,26세,경상
2022032400100143,2022년 3월 24일 11시,목요일,대구광역시 수성구 수성동3가,부상신고사고,0,0,0,1,차대차 - 측면충돌,안전거리미확보,건조,맑음,교차로 - 교차로부근,승용,남,30세,상해없음,이륜,남,64세,부상신고
2022032400100144,2022년 3월 24일 11시,목요일,대구광역시 달서구 월성동,경상사고,0,0,1,0,차대차 - 측면충돌,안전운전불이행,건조,맑음,단일로 - 기타,이륜,남,15세,상해없음,승용,여,56세,상해없음
2022032400100172,2022년 3월 24일 12시,목요일,대구광역시 남구 대명동,부상신고사고,0,0,0,1,차대차 - 측면충돌,안전운전불이행,건조,맑음,단일로 - 기타,이륜,남,37세,부상신고,승용,남,66세,상해없음
2022032400100173,2022년 3월 24일 12시,목요일,대구광역시 달성군 다사읍,경상사고,0,0,1,0,차대사람 - 차도통행중,안전운전불이행,건조,맑음,단일로 - 기타,이륜,남,40세,상해없음,보행자,남,28세,경상
2022032400100174,2022년 3월 24일 12시,목요일,대구광역시 북구 칠성동1가,중상사고,0,1,0,0,차대차 - 기타,안전거리미확보,건조,맑음,단일로 - 기타,승용,남,30세,상해없음,승합,남,56세,상해없음
2022032400100224,2022년 3월 24일 14시,목요일,대구광역시 서구 내당동,경상사고,0,0,1,0,차대차 - 기타,직진우회전진행방해,건조,맑음,교차로 - 교차로안,승용,여,27세,상해없음,이륜,남,23세,경상
2022032400100225,2022년 3월 24일 14시,목요일,대구광역시 달서구 신당동,중상사고,0,1,0,0,차대차 - 정면충돌,안전운전불이행,건조,맑음,교차로 - 교차로안,승용,남,60세,상해없음,이륜,남,56세,중상
2022032400100253,2022년 3월 24일 15시,목요일,대구광역시 수성구 시지동,경상사고,0,0,1,0,차대사람 - 기타,안전운전불이행,건조,맑음,기타 - 기타,승용,남,32세,상해없음,보행자,남,8세,경상
2022032400100322,2022년 3월 24일 17시,목요일,대구광역시 수성구 지산동,부상신고사고,0,0,0,1,차대차 - 측면충돌,안전운전불이행,건조,맑음,교차로 - 교차로안,자전거,남,61세,부상신고,승용,남,52세,상해없음
2022032400100324,2022년 3월 24일 17시,목요일,대구광역시 북구 태전동,중상사고,0,1,0,0,차대사람 - 차도통행중,안전운전불이행,건조,맑음,단일로 - 기타,승용,남,50세,상해없음,보행자,여,87세,중상
2022032400100355,2022년 3월 24일 18시,목요일,대구광역시 수성구 가천동,중상사고,0,3,1,0,차대차 - 추돌,안전운전불이행,건조,맑음,단일로 - 기타,화물,남,47세,상해없음,승용,남,54세,중상
2022032400100360,2022년 3월 24일 18시,목요일,대구광역시 동구 효목동,중상사고,0,2,1,0,차대차 - 정면충돌,안전거리미확보,건조,맑음,단일로 - 기타,승용,여,30세,상해없음,승용,남,21세,중상
2022032400100402,2022년 3월 24일 19시,목요일,대구광역시 동구 지묘동,경상사고,0,0,3,0,차대차 - 추돌,안전운전불이행,건조,맑음,교차로 - 교차로부근,승용,여,41세,상해없음,승용,여,50세,경상
2022032400100445,2022년 3월 24일 21시,목요일,대구광역시 수성구 만촌동,경상사고,0,0,2,0,차대차 - 측면충돌,안전거리미확보,건조,맑음,단일로 - 기타,승용,여,23세,경상,승용,남,28세,경상
2022032400100459,2022년 3월 24일 22시,목요일,대구광역시 서구 비산동,경상사고,0,0,1,0,차대사람 - 횡단중,보행자보호의무위반,건조,맑음,교차로 - 교차로횡단보도내,승용,남,25세,상해없음,보행자,남,57세,경상
2022032400100460,2022년 3월 24일 22시,목요일,대구광역시 중구 동인동1가,경상사고,0,0,1,0,차대사람 - 기타,안전운전불이행,건조,맑음,단일로 - 기타,자전거,남,56세,상해없음,보행자,남,43세,경상
2022032400100473,2022년 3월 24일 23시,목요일,대구광역시 북구 고성동3가,경상사고,0,0,2,0,차대차 - 측면충돌,안전거리미확보,건조,맑음,단일로 - 기타,승용,여,40세,상해없음,승용,남,58세,상해없음
2022032500100009,2022년 3월 25일 00시,금요일,대구광역시 남구 대명동,중상사고,0,1,0,0,차대차 - 측면충돌,차로위반,건조,맑음,단일로 - 지하차도(도로)내,승합,남,44세,상해없음,승용,남,28세,중상
2022032500100010,2022년 3월 25일 00시,금요일,대구광역시 중구 삼덕동2가,중상사고,0,1,0,0,차대차 - 정면충돌,중앙선침범,건조,맑음,단일로 - 기타,승용,남,20세,상해없음,승용,남,28세,중상
2022032500100047,2022년 3월 25일 07시,금요일,대구광역시 수성구 범어동,경상사고,0,0,1,0,차대차 - 기타,안전거리미확보,건조,맑음,단일로 - 기타,승용,여,58세,상해없음,승용,남,67세,경상
2022032500100079,2022년 3월 25일 08시,금요일,대구광역시 동구 신천동,경상사고,0,0,1,0,차대차 - 측면충돌,안전운전불이행,건조,맑음,교차로 - 교차로안,승용,여,43세,상해없음,자전거,남,58세,경상
2022032500100125,2022년 3월 25일 10시,금요일,대구광역시 북구 침산동,경상사고,0,0,1,0,차대차 - 기타,안전운전불이행,건조,맑음,단일로 - 고가도로위,건설기계,남,55세,상해없음,승용,여,48세,경상
2022032500100150,2022년 3월 25일 11시,금요일,대구광역시 수성구 범어동,경상사고,0,0,2,0,차대차 - 기타,안전운전불이행,건조,맑음,단일로 - 기타,승용,여,72세,상해없음,승용,여,36세,경상
2022032500100151,2022년 3월 25일 11시,금요일,대구광역시 달서구 두류동,중상사고,0,1,0,0,차대차 - 측면충돌,안전거리미확보,젖음/습기,흐림,교차로 - 교차로부근,승합,남,41세,상해없음,이륜,남,34세,중상
2022032500100237,2022년 3월 25일 14시,금요일,대구광역시 수성구 고모동,경상사고,0,0,1,0,차대차 - 추돌,안전운전불이행,건조,맑음,교차로 - 교차로부근,승용,남,76세,상해없음,승용,남,42세,경상
2022032500100238,2022년 3월 25일 14시,금요일,대구광역시 달성군 현풍읍,경상사고,0,0,1,0,차대차 - 추돌,중앙선침범,건조,맑음,단일로 - 기타,이륜,남,32세,상해없음,화물,남,52세,경상
2022032500100267,2022년 3월 25일 15시,금요일,대구광역시 동구 신기동,경상사고,0,0,1,0,차대차 - 추돌,안전운전불이행,건조,맑음,교차로 - 교차로부근,화물,남,71세,상해없음,승용,여,46세,경상
2022032500100268,2022년 3월 25일 15시,금요일,대구광역시 북구 읍내동,부상신고사고,0,0,0,1,차대차 - 측면충돌,안전운전불이행,건조,맑음,교차로 - 교차로안,자전거,남,13세,부상신고,화물,남,66세,상해없음
2022032500100295,2022년 3월 25일 16시,금요일,대구광역시 동구 효목동,중상사고,0,1,1,0,차대사람 - 기타,안전운전불이행,건조,맑음,교차로 - 교차로안,승용,여,52세,상해없음,보행자,여,72세,중상