사고번호,사고일시,요일,시군구,사고내용,사망자수,중상자수,경상자수,부상신고자수,사고유형,법규위반,노면상태,기상상태,도로형태,가해운전자 차종,가해운전자 성별,가해운전자 연령,가해운전자 상해정도,피해운전자 차종,피해운전자 성별,피해운전자 연령,피해운전자 상해정도
2022032500100296,2022년 3월 25일 16시,금요일,대구광역시 달서구 장기동,경상사고,0,0,1,0,차대차 - 기타,안전거리미확보,건조,맑음,단일로 - 기타,승용,남,56세,상해없음,승용,여,23세,경상
2022032500100326,2022년 3월 25일 17시,금요일,대구광역시 수성구 황금동,경상사고,0,0,2,0,차대차 - 측면충돌,안전거리미확보,건조,흐림,단일로 - 기타,이륜,남,21세,경상,이륜,남,33세,경상
2022032500100327,2022년 3월 25일 17시,금요일,대구광역시 달서구 상인동,중상사고,0,1,2,0,차대차 - 측면충돌,안전운전불이행,건조,맑음,단일로 - 기타,승용,남,26세,중상,승용,남,63세,경상
2022032500100328,2022년 3월 25일 17시,금요일,대구광역시 북구 침산동,중상사고,0,2,0,0,차대차 - 추돌,안전운전불이행,건조,맑음,단일로 - 기타,승용,남,75세,상해없음,승용,여,47세,중상
2022032500100329,2022년 3월 25일 17시,금요일,대구광역시 달서구 이곡동,경상사고,0,0,1,0,차대차 - 기타,신호위반,건조,맑음,단일로 - 기타,승용,남,59세,상해없음,자전거,남,34세,경상
2022032500100367,2022년 3월 25일 18시,금요일,대구광역시 동구 방촌동,경상사고,0,0,1,0,차대차 - 기타,안전운전불이행,건조,맑음,교차로 - 교차로안,승용,남,33세,상해없음,승용,여,26세,경상
2022032500100368,2022년 3월 25일 18시,금요일,대구광역시 북구 노원동1가,경상사고,0,0,1,0,차대차 - 기타,안전운전불이행,건조,맑음,교차로 - 교차로안,승용,여,42세,상해없음,승용,남,37세,경상
2022032500100369,2022년 3월 25일 18시,금요일,대구광역시 북구 태전동,부상신고사고,0,0,0,1,차대차 - 측면충돌,안전운전불이행,건조,맑음,교차로 - 교차로안,승용,여,25세,기타불명,승용,여,40세,부상신고
2022032500100420,2022년 3월 25일 19시,금요일,대구광역시 수성구 중동,중상사고,0,1,1,0,차대차 - 측면충돌,신호위반,건조,맑음,교차로 - 교차로안,화물,남,55세,상해없음,이륜,남,25세,중상
2022032500100421,2022년 3월 25일 19시,금요일,대구광역시 달성군 하빈면,중상사고,0,1,0,0,차대차 - 추돌,안전운전불이행,젖음/습기,비,교차로 - 교차로부근,이륜,남,69세,중상,화물,남,48세,상해없음
2022032500100422,2022년 3월 25일 19시,금요일,대구광역시 서구 내당동,중상사고,0,1,0,0,차대사람 - 보도통행중,기타,건조,맑음,단일로 - 기타,개인형이동수단(PM),남,15세,상해없음,보행자,여,63세,중상
2022032500100423,2022년 3월 25일 19시,금요일,대구광역시 북구 동천동,경상사고,0,0,1,0,차대차 - 측면충돌,안전거리미확보,건조,맑음,단일로 - 기타,승용,남,33세,상해없음,원동기,남,48세,경상
2022032500100463,2022년 3월 25일 20시,금요일,대구광역시 북구 태전동,경상사고,0,0,2,0,차대차 - 측면충돌,교차로운행방법위반,건조,맑음,교차로 - 교차로안,승용,남,72세,상해없음,승용,남,22세,경상
2022032500100511,2022년 3월 25일 21시,금요일,대구광역시 북구 고성동2가,경상사고,0,0,1,0,차대차 - 측면충돌,안전운전불이행,건조,맑음,단일로 - 기타,승용,남,30세,상해없음,승합,남,43세,경상
2022032500100623,2022년 3월 25일 23시,금요일,대구광역시 동구 지묘동,경상사고,0,0,1,0,차대차 - 추돌,안전운전불이행,건조,흐림,교차로 - 교차로부근,승용,남,66세,상해없음,승용,남,28세,경상
2022032500100624,2022년 3월 25일 23시,금요일,대구광역시 달서구 상인동,경상사고,0,0,1,0,차대차 - 측면충돌,직진우회전진행방해,젖음/습기,비,교차로 - 교차로안,승용,남,20세,상해없음,이륜,남,35세,경상
2022032500100625,2022년 3월 25일 23시,금요일,대구광역시 달서구 유천동,경상사고,0,0,2,0,차대차 - 측면충돌,중앙선침범,젖음/습기,비,기타 - 기타,승용,남,41세,상해없음,승용,남,26세,경상
2022032500100626,2022년 3월 25일 23시,금요일,대구광역시 달서구 본동,중상사고,0,1,0,0,차대차 - 측면충돌,교차로운행방법위반,젖음/습기,비,교차로 - 교차로안,승용,남,48세,상해없음,이륜,남,39세,중상
2022032500100627,2022년 3월 25일 23시,금요일,대구광역시 중구 삼덕동2가,중상사고,0,1,1,0,차대사람 - 횡단중,안전운전불이행,젖음/습기,비,단일로 - 기타,승용,남,32세,상해없음,보행자,남,20세,중상
2022032600100018,2022년 3월 26일 00시,토요일,대구광역시 북구 고성동2가,경상사고,0,0,2,0,차대차 - 측면충돌,안전운전불이행,젖음/습기,비,단일로 - 기타,이륜,남,42세,경상,승용,남,29세,경상
2022032600100019,2022년 3월 26일 00시,토요일,대구광역시 달서구 호산동,경상사고,0,0,1,0,차대사람 - 횡단중,안전운전불이행,젖음/습기,흐림,단일로 - 기타,이륜,남,22세,상해없음,보행자,남,60세,경상
2022032600100020,2022년 3월 26일 00시,토요일,대구광역시 달서구 이곡동,경상사고,0,0,1,0,차대차 - 측면충돌,안전운전불이행,젖음/습기,비,단일로 - 기타,승용,남,40세,경상,승용,남,43세,기타불명
2022032600100041,2022년 3월 26일 02시,토요일,대구광역시 남구 봉덕동,경상사고,0,0,1,0,차대차 - 측면충돌,신호위반,젖음/습기,비,교차로 - 교차로안,이륜,남,22세,경상,화물,남,32세,상해없음
2022032600100042,2022년 3월 26일 02시,토요일,대구광역시 수성구 만촌동,중상사고,0,1,0,0,차대사람 - 보도통행중,기타,젖음/습기,비,기타 - 기타,이륜,남,31세,상해없음,보행자,여,51세,중상
2022032600100047,2022년 3월 26일 03시,토요일,대구광역시 중구 대봉동,중상사고,0,1,0,0,차대사람 - 횡단중,안전운전불이행,젖음/습기,비,단일로 - 기타,승용,남,21세,상해없음,보행자,여,58세,중상
2022032600100108,2022년 3월 26일 09시,토요일,대구광역시 동구 지묘동,부상신고사고,0,0,0,1,차량단독 - 공작물충돌,안전운전불이행,젖음/습기,비,단일로 - 기타,화물,남,54세,부상신고,,,,
2022032600100109,2022년 3월 26일 09시,토요일,대구광역시 북구 산격동,부상신고사고,0,0,0,1,차대차 - 정면충돌,안전운전불이행,건조,맑음,교차로 - 교차로안,자전거,남,69세,부상신고,승용,남,55세,상해없음
2022032600100124,2022년 3월 26일 10시,토요일,대구광역시 동구 서호동,중상사고,0,1,0,0,차대차 - 측면충돌,기타,건조,맑음,단일로 - 기타,승용,여,48세,상해없음,원동기,남,37세,중상
2022032600100125,2022년 3월 26일 10시,토요일,대구광역시 달서구 용산동,경상사고,0,0,1,0,차대차 - 측면충돌,안전운전불이행,건조,맑음,교차로 - 교차로부근,화물,남,60세,상해없음,승용,남,46세,경상
2022032600100172,2022년 3월 26일 12시,토요일,대구광역시 수성구 범어동,경상사고,0,0,1,0,차대차 - 기타,안전운전불이행,건조,맑음,교차로 - 교차로부근,승용,남,46세,상해없음,이륜,남,33세,경상
2022032600100173,2022년 3월 26일 12시,토요일,대구광역시 서구 비산동,경상사고,0,0,4,0,차대차 - 기타,안전운전불이행,건조,맑음,교차로 - 교차로안,화물,남,31세,상해없음,승용,남,40세,경상
2022032600100174,2022년 3월 26일 12시,토요일,대구광역시 달서구 용산동,경상사고,0,0,1,0,차대차 - 측면충돌,신호위반,건조,맑음,교차로 - 교차로안,승용,여,29세,상해없음,이륜,여,56세,경상
2022032600100196,2022년 3월 26일 13시,토요일,대구광역시 북구 복현동,중상사고,0,1,0,0,차대차 - 측면충돌,안전운전불이행,건조,맑음,단일로 - 기타,승용,남,30세,상해없음,이륜,남,43세,중상
2022032600100197,2022년 3월 26일 13시,토요일,대구광역시 북구 산격동,경상사고,0,0,1,0,차대사람 - 기타,보행자보호의무위반,건조,맑음,단일로 - 기타,승용,남,35세,상해없음,보행자,여,25세,경상
2022032600100198,2022년 3월 26일 13시,토요일,대구광역시 달서구 파호동,중상사고,0,1,2,0,차대차 - 측면충돌,기타,건조,맑음,단일로 - 기타,승용,남,32세,경상,이륜,남,28세,중상
2022032600100221,2022년 3월 26일 14시,토요일,대구광역시 수성구 범어동,경상사고,0,0,1,0,차대차 - 기타,교차로운행방법위반,건조,맑음,교차로 - 교차로안,화물,남,54세,상해없음,이륜,남,40세,경상
2022032600100222,2022년 3월 26일 14시,토요일,대구광역시 서구 평리동,경상사고,0,0,1,1,차대차 - 측면충돌,안전거리미확보,건조,맑음,교차로 - 교차로부근,승용,여,62세,부상신고,승용,남,20세,경상
2022032600100253,2022년 3월 26일 15시,토요일,대구광역시 수성구 상동,경상사고,0,0,3,0,차대차 - 측면충돌,안전운전불이행,건조,맑음,교차로 - 교차로안,승용,남,76세,상해없음,승용,남,67세,경상
2022032600100289,2022년 3월 26일 16시,토요일,대구광역시 서구 비산동,중상사고,0,1,0,0,차대사람 - 길가장자리구역통행중,안전운전불이행,건조,맑음,단일로 - 기타,승용,남,66세,상해없음,보행자,남,80세,중상
2022032600100312,2022년 3월 26일 17시,토요일,대구광역시 달서구 신당동,중상사고,0,1,0,1,차대차 - 측면충돌,안전운전불이행,건조,맑음,교차로 - 교차로안,승용,기타불명,미분류,기타불명,이륜,남,31세,중상
2022032600100313,2022년 3월 26일 17시,토요일,대구광역시 달서구 성당동,경상사고,0,0,1,0,차대사람 - 차도통행중,안전운전불이행,건조,맑음,단일로 - 기타,화물,남,44세,상해없음,보행자,여,70세,경상
2022032600100360,2022년 3월 26일 19시,토요일,대구광역시 수성구 지산동,경상사고,0,0,2,0,차대차 - 추돌,안전운전불이행,건조,맑음,교차로 - 교차로안,승용,남,71세,상해없음,승용,남,38세,상해없음
2022032600100361,2022년 3월 26일 19시,토요일,대구광역시 북구 침산동,중상사고,0,1,0,0,차대사람 - 횡단중,보행자보호의무위반,건조,맑음,교차로 - 교차로횡단보도내,승용,남,52세,상해없음,보행자,남,33세,중상
2022032600100382,2022년 3월 26일 20시,토요일,대구광역시 수성구 시지동,중상사고,0,1,0,0,차대사람 - 기타,안전운전불이행,건조,맑음,단일로 - 기타,자전거,남,14세,상해없음,보행자,남,55세,중상
2022032600100383,2022년 3월 26일 20시,토요일,대구광역시 중구 대봉동,경상사고,0,0,2,0,차대차 - 기타,기타,건조,맑음,단일로 - 기타,이륜,남,47세,상해없음,승용,여,33세,경상
2022032600100404,2022년 3월 26일 21시,토요일,대구광역시 달서구 도원동,경상사고,0,0,1,0,차대차 - 측면충돌,안전거리미확보,건조,맑음,단일로 - 기타,승용,여,68세,상해없음,승용,여,61세,경상
2022032600100405,2022년 3월 26일 21시,토요일,대구광역시 서구 내당동,경상사고,0,0,2,0,차대차 - 추돌,안전운전불이행,건조,맑음,교차로 - 교차로부근,승용,남,28세,상해없음,승용,남,61세,상해없음
2022032600100432,2022년 3월 26일 22시,토요일,대구광역시 남구 대명동,중상사고,0,1,0,0,차대차 - 기타,중앙선침범,건조,맑음,기타 - 기타,승용,남,63세,상해없음,이륜,남,35세,중상
2022032600100459,2022년 3월 26일 23시,토요일,대구광역시 수성구 두산동,중상사고,0,1,0,0,차대사람 - 차도통행중,안전운전불이행,건조,맑음,단일로 - 기타,이륜,남,22세,상해없음,보행자,여,79세,중상
2022032700100025,2022년 3월 27일 03시,일요일,대구광역시 중구 대봉동,중상사고,0,1,0,0,차대차 - 기타,중앙선침범,건조,맑음,단일로 - 기타,승용,남,31세,상해없음,이륜,남,30세,중상
2022032700100050,2022년 3월 27일 08시,일요일,대구광역시 동구 신천동,경상사고,0,0,2,0,차대차 - 측면충돌,안전운전불이행,건조,맑음,단일로 - 교량,승용,남,73세,상해없음,승용,남,58세,경상
2022032700100051,2022년 3월 27일 08시,일요일,대구광역시 수성구 두산동,경상사고,0,0,1,0,차대차 - 기타,기타,건조,맑음,교차로 - 교차로안,승용,남,29세,상해없음,승용,남,57세,경상
2022032700100068,2022년 3월 27일 10시,일요일,대구광역시 달서구 본리동,경상사고,0,0,1,0,차대차 - 추돌,안전운전불이행,건조,맑음,단일로 - 기타,승용,남,67세,상해없음,승용,남,66세,경상
2022032700100069,2022년 3월 27일 10시,일요일,대구광역시 달서구 송현동,경상사고,0,0,1,0,차대차 - 측면충돌,안전운전불이행,건조,맑음,교차로 - 교차로부근,승용,여,71세,상해없음,자전거,남,81세,경상
2022032700100089,2022년 3월 27일 11시,일요일,대구광역시 남구 이천동,중상사고,0,1,0,0,차대차 - 측면충돌,안전운전불이행,건조,맑음,단일로 - 기타,자전거,남,68세,상해없음,자전거,남,78세,중상
2022032700100090,2022년 3월 27일 11시,일요일,대구광역시 서구 비산동,경상사고,0,0,1,0,차대사람 - 보도통행중,기타,건조,맑음,기타 - 기타,이륜,남,50세,상해없음,보행자,남,75세,경상
2022032700100114,2022년 3월 27일 12시,일요일,대구광역시 남구 봉덕동,경상사고,0,0,1,0,차대사람 - 차도통행중,안전운전불이행,건조,맑음,단일로 - 기타,승용,여,76세,상해없음,보행자,남,48세,경상
2022032700100115,2022년 3월 27일 12시,일요일,대구광역시 달서구 유천동,경상사고,0,0,1,0,차대차 - 기타,안전운전불이행,건조,맑음,교차로 - 교차로부근,승용,여,33세,상해없음,자전거,남,46세,경상
2022032700100116,2022년 3월 27일 12시,일요일,대구광역시 서구 내당동,경상사고,0,0,1,0,차대차 - 측면충돌,안전거리미확보,건조,맑음,단일로 - 기타,승용,남,52세,기타불명,자전거,남,56세,경상
2022032700100139,2022년 3월 27일 13시,일요일,대구광역시 달서구 두류동,경상사고,0,0,1,0,차대차 - 기타,안전운전불이행,건조,맑음,교차로 - 교차로안,승합,남,37세,상해없음,이륜,남,48세,경상
2022032700100200,2022년 3월 27일 15시,일요일,대구광역시 동구 신기동,경상사고,0,0,1,0,차대차 - 측면충돌,교차로운행방법위반,건조,맑음,교차로 - 교차로안,승용,여,31세,상해없음,승용,남,30세,경상
2022032700100201,2022년 3월 27일 15시,일요일,대구광역시 달성군 현풍읍,부상신고사고,0,0,0,1,차량단독 - 공작물충돌,안전운전불이행,건조,맑음,단일로 - 기타,승용,남,28세,부상신고,,,,
2022032700100275,2022년 3월 27일 18시,일요일,대구광역시 동구 검사동,중상사고,0,1,0,0,차대사람 - 횡단중,안전운전불이행,건조,맑음,단일로 - 기타,원동기,남,26세,상해없음,보행자,남,75세,중상
2022032700100276,2022년 3월 27일 18시,일요일,대구광역시 북구 산격동,경상사고,0,0,1,0,차대차 - 추돌,안전거리미확보,건조,맑음,단일로 - 기타,승용,남,46세,상해없음,승합,여,43세,경상
2022032700100277,2022년 3월 27일 18시,일요일,대구광역시 달서구 감삼동,중상사고,0,1,1,0,차대차 - 측면충돌,불법유턴,건조,맑음,단일로 - 기타,이륜,남,63세,경상,승용,남,59세,중상
2022032700100295,2022년 3월 27일 19시,일요일,대구광역시 동구 용수동,경상사고,0,0,1,0,차대차 - 후진중충돌,안전운전불이행,건조,맑음,단일로 - 기타,승용,남,18세,상해없음,승용,남,23세,경상
2022032700100326,2022년 3월 27일 20시,일요일,대구광역시 수성구 범어동,중상사고,0,1,0,0,차대차 - 측면충돌,안전운전불이행,건조,맑음,단일로 - 기타,승용,남,32세,상해없음,원동기,남,26세,중상
2022032700100343,2022년 3월 27일 21시,일요일,대구광역시 남구 이천동,사망사고,1,0,0,0,차량단독 - 공작물충돌,안전운전불이행,건조,맑음,단일로 - 기타,화물,남,53세,사망,,,,
2022032700100344,2022년 3월 27일 21시,일요일,대구광역시 동구 용계동,경상사고,0,0,2,0,차대차 - 추돌,안전거리미확보,건조,맑음,단일로 - 기타,승용,남,56세,상해없음,승용,남,27세,경상
2022032800100031,2022년 3월 28일 06시,월요일,대구광역시 북구 칠성동1가,경상사고,0,0,1,0,차대차 - 기타,기타,건조,맑음,단일로 - 기타,승용,남,65세,상해없음,승합,남,64세,상해없음
2022032800100052,2022년 3월 28일 07시,월요일,대구광역시 수성구 신매동,경상사고,0,0,3,0,차대차 - 측면충돌,안전운전불이행,건조,맑음,교차로 - 교차로안,승용,남,72세,경상,승용,남,48세,경상
2022032800100053,2022년 3월 28일 07시,월요일,대구광역시 달서구 용산동,경상사고,0,0,1,0,차대차 - 측면충돌,안전운전불이행,건조,맑음,기타 - 기타,승용,여,51세,상해없음,승용,여,46세,경상
2022032800100085,2022년 3월 28일 08시,월요일,대구광역시 서구 비산동,경상사고,0,0,1,0,차대차 - 측면충돌,안전거리미확보,건조,맑음,교차로 - 교차로부근,화물,남,34세,상해없음,승용,남,65세,경상
2022032800100112,2022년 3월 28일 09시,월요일,대구광역시 달서구 성당동,경상사고,0,0,1,0,차대차 - 측면충돌,안전운전불이행,건조,맑음,단일로 - 기타,승용,남,38세,상해없음,승용,남,72세,경상
2022032800100113,2022년 3월 28일 09시,월요일,대구광역시 북구 산격동,중상사고,0,1,0,0,차대차 - 추돌,안전운전불이행,건조,맑음,단일로 - 기타,승용,남,33세,상해없음,이륜,남,81세,중상
2022032800100114,2022년 3월 28일 09시,월요일,대구광역시 서구 내당동,중상사고,0,1,0,0,차대사람 - 기타,안전운전불이행,건조,맑음,단일로 - 기타,승용,남,24세,상해없음,보행자,여,90세,중상
2022032800100141,2022년 3월 28일 10시,월요일,대구광역시 달서구 감삼동,경상사고,0,0,1,0,차대차 - 측면충돌,안전운전불이행,건조,맑음,단일로 - 기타,화물,남,28세,상해없음,승용,여,54세,경상
2022032800100173,2022년 3월 28일 11시,월요일,대구광역시 북구 침산동,경상사고,0,0,2,0,차대차 - 기타,신호위반,건조,맑음,단일로 - 기타,승용,남,79세,상해없음,승용,남,30세,경상
2022032800100174,2022년 3월 28일 11시,월요일,대구광역시 달서구 이곡동,경상사고,0,0,1,0,차대사람 - 보도통행중,안전운전불이행,건조,맑음,기타 - 기타,개인형이동수단(PM),여,19세,상해없음,보행자,여,60세,경상
2022032800100175,2022년 3월 28일 11시,월요일,대구광역시 달서구 감삼동,경상사고,0,0,1,0,차대사람 - 보도통행중,기타,건조,맑음,단일로 - 기타,승용,여,37세,상해없음,보행자,남,61세,경상
2022032800100261,2022년 3월 28일 14시,월요일,대구광역시 수성구 범물동,경상사고,0,0,1,0,차대차 - 측면충돌,안전거리미확보,건조,맑음,단일로 - 기타,화물,남,42세,상해없음,승용,여,51세,경상
2022032800100286,2022년 3월 28일 15시,월요일,대구광역시 동구 지저동,경상사고,0,0,1,0,차대사람 - 횡단중,안전운전불이행,건조,맑음,단일로 - 기타,승용,남,52세,상해없음,보행자,남,49세,경상
2022032800100316,2022년 3월 28일 16시,월요일,대구광역시 달서구 장기동,중상사고,0,1,0,0,차대사람 - 기타,보행자보호의무위반,건조,맑음,단일로 - 기타,승합,남,66세,상해없음,보행자,여,6세,중상
2022032800100317,2022년 3월 28일 16시,월요일,대구광역시 북구 국우동,경상사고,0,0,1,0,차대차 - 측면충돌,안전거리미확보,건조,맑음,단일로 - 기타,승용,남,79세,상해없음,화물,남,43세,경상
2022032800100346,2022년 3월 28일 17시,월요일,대구광역시 동구 효목동,중상사고,0,1,0,0,차대사람 - 횡단중,안전운전불이행,건조,맑음,교차로 - 교차로안,화물,남,69세,상해없음,보행자,여,73세,중상
2022032800100347,2022년 3월 28일 17시,월요일,대구광역시 동구 동호동,경상사고,0,0,1,0,차대차 - 측면충돌,안전운전불이행,건조,맑음,교차로 - 교차로안,이륜,남,72세,경상,승용,남,30세,상해없음
2022032800100348,2022년 3월 28일 17시,월요일,대구광역시 수성구 신매동,중상사고,0,1,0,0,차대사람 - 보도통행중,기타,건조,맑음,단일로 - 기타,이륜,여,59세,상해없음,보행자,여,64세,중상
2022032800100385,2022년 3월 28일 18시,월요일,대구광역시 수성구 황금동,부상신고사고,0,0,0,1,차대차 - 추돌,안전운전불이행,건조,맑음,교차로 - 교차로부근,승용,남,20세,상해없음,승용,남,47세,부상신고
2022032800100386,2022년 3월 28일 18시,월요일,대구광역시 달서구 호산동,중상사고,0,1,3,0,차대차 - 측면충돌,안전운전불이행,건조,맑음,단일로 - 기타,승용,여,31세,경상,화물,남,45세,중상
2022032800100421,2022년 3월 28일 19시,월요일,대구광역시 동구 각산동,경상사고,0,0,1,0,차대차 - 측면충돌,신호위반,건조,맑음,교차로 - 교차로안,화물,남,72세,상해없음,이륜,남,22세,경상
2022032800100422,2022년 3월 28일 19시,월요일,대구광역시 달성군 구지면,경상사고,0,0,1,0,차대사람 - 횡단중,안전운전불이행,건조,맑음,교차로 - 교차로횡단보도내,승용,여,34세,상해없음,보행자,남,14세,경상
2022032800100423,2022년 3월 28일 19시,월요일,대구광역시 북구 구암동,경상사고,0,0,1,0,차대사람 - 보도통행중,보행자보호의무위반,건조,맑음,교차로 - 교차로횡단보도내,개인형이동수단(PM),남,19세,상해없음,보행자,남,38세,경상
2022032800100451,2022년 3월 28일 20시,월요일,대구광역시 동구 봉무동,경상사고,0,0,1,0,차대차 - 기타,안전거리미확보,건조,맑음,단일로 - 기타,화물,남,47세,상해없음,승합,남,33세,경상
2022032800100452,2022년 3월 28일 20시,월요일,대구광역시 수성구 만촌동,경상사고,0,0,1,0,차대차 - 측면충돌,신호위반,건조,맑음,단일로 - 기타,승용,남,63세,상해없음,승용,남,40세,경상
2022032900100004,2022년 3월 29일 00시,화요일,대구광역시 달서구 상인동,중상사고,0,1,0,0,차대차 - 측면충돌,교차로운행방법위반,건조,맑음,교차로 - 교차로안,승용,남,25세,상해없음,이륜,남,43세,중상
2022032900100005,2022년 3월 29일 00시,화요일,대구광역시 서구 원대동3가,중상사고,0,1,2,1,차대차 - 측면충돌,신호위반,건조,맑음,교차로 - 교차로안,이륜,남,50세,중상,승용,남,30세,경상
2022032900100013,2022년 3월 29일 04시,화요일,대구광역시 동구 신천동,경상사고,0,0,1,0,차대차 - 측면충돌,안전거리미확보,건조,맑음,단일로 - 기타,승합,남,56세,상해없음,화물,남,49세,경상
2022032900100040,2022년 3월 29일 07시,화요일,대구광역시 남구 이천동,경상사고,0,0,1,0,차대차 - 추돌,안전운전불이행,건조,맑음,교차로 - 교차로부근,화물,남,65세,상해없음,화물,남,58세,경상
2022032900100041,2022년 3월 29일 07시,화요일,대구광역시 서구 내당동,경상사고,0,0,1,0,차대차 - 추돌,안전운전불이행,건조,맑음,단일로 - 기타,승용,남,55세,상해없음,승용,남,26세,경상
2022032900100042,2022년 3월 29일 07시,화요일,대구광역시 남구 대명동,경상사고,0,0,1,0,차대차 - 추돌,안전운전불이행,건조,맑음,교차로 - 교차로부근,승용,남,37세,기타불명,승용,남,43세,경상
2022032900100065,2022년 3월 29일 08시,화요일,대구광역시 동구 신천동,경상사고,0,0,1,0,차대차 - 측면충돌,신호위반,건조,맑음,교차로 - 교차로부근,승용,남,36세,상해없음,화물,남,36세,경상
2022032900100066,2022년 3월 29일 08시,화요일,대구광역시 달서구 월성동,경상사고,0,0,1,1,차대차 - 측면충돌,안전운전불이행,건조,맑음,기타 - 기타,승용,여,49세,부상신고,승용,여,65세,경상
2022032900100067,2022년 3월 29일 08시,화요일,대구광역시 달성군 논공읍,중상사고,0,1,0,0,차대사람 - 기타,안전운전불이행,건조,맑음,기타 - 기타,승용,여,36세,상해없음,보행자,여,55세,중상
2022032900100068,2022년 3월 29일 08시,화요일,대구광역시 서구 내당동,중상사고,0,1,0,0,차대사람 - 길가장자리구역통행중,안전운전불이행,건조,맑음,교차로 - 교차로안,화물,남,59세,상해없음,보행자,남,30세,중상
2022032900100129,2022년 3월 29일 10시,화요일,대구광역시 동구 신암동,경상사고,0,0,2,0,차대차 - 정면충돌,안전거리미확보,건조,맑음,단일로 - 기타,승용,남,73세,상해없음,승용,남,76세,경상
2022032900100130,2022년 3월 29일 10시,화요일,대구광역시 수성구 이천동,경상사고,0,0,1,0,차대차 - 추돌,기타,건조,맑음,단일로 - 기타,승용,남,28세,상해없음,승용,여,49세,경상
2022032900100131,2022년 3월 29일 10시,화요일,대구광역시 북구 복현동,경상사고,0,0,1,0,차량단독 - 기타,기타,건조,맑음,단일로 - 기타,승합,남,53세,상해없음,,,,
2022032900100153,2022년 3월 29일 11시,화요일,대구광역시 달성군 화원읍,경상사고,0,0,1,0,차대사람 - 횡단중,신호위반,건조,맑음,교차로 - 교차로안,화물,남,50세,상해없음,보행자,남,71세,경상
2022032900100176,2022년 3월 29일 12시,화요일,대구광역시 수성구 황금동,경상사고,0,0,1,0,차대차 - 측면충돌,신호위반,건조,맑음,교차로 - 교차로안,승용,남,57세,상해없음,승용,남,48세,경상
2022032900100177,2022년 3월 29일 12시,화요일,대구광역시 수성구 매호동,경상사고,0,0,1,0,차대차 - 측면충돌,안전운전불이행,건조,맑음,단일로 - 기타,개인형이동수단(PM),여,18세,경상,승용,남,49세,상해없음
2022032900100178,2022년 3월 29일 12시,화요일,대구광역시 수성구 수성동4가,경상사고,0,0,1,0,차대차 - 측면충돌,안전운전불이행,건조,맑음,단일로 - 기타,승용,여,49세,상해없음,승용,여,50세,경상
2022032900100179,2022년 3월 29일 12시,화요일,대구광역시 달서구 진천동,경상사고,0,0,2,0,차대차 - 측면충돌,교차로운행방법위반,건조,맑음,교차로 - 교차로안,승용,여,62세,경상,승합,여,43세,경상
2022032900100180,2022년 3월 29일 12시,화요일,대구광역시 서구 비산동,경상사고,0,0,1,0,차대차 - 측면충돌,안전운전불이행,건조,맑음,교차로 - 교차로부근,승용,남,68세,상해없음,이륜,남,43세,경상
2022032900100181,2022년 3월 29일 12시,화요일,대구광역시 서구 비산동,경상사고,0,0,1,0,차대사람 - 길가장자리구역통행중,불법유턴,건조,맑음,단일로 - 기타,화물,남,47세,상해없음,보행자,여,60세,경상
2022032900100315,2022년 3월 29일 16시,화요일,대구광역시 동구 신암동,경상사고,0,0,2,0,차대차 - 기타,안전운전불이행,건조,맑음,단일로 - 기타,화물,여,55세,상해없음,승용,남,62세,경상
2022032900100316,2022년 3월 29일 16시,화요일,대구광역시 수성구 연호동,중상사고,0,1,1,0,차대차 - 측면충돌,안전운전불이행,건조,맑음,단일로 - 기타,승용,남,25세,상해없음,이륜,남,39세,중상
2022032900100317,2022년 3월 29일 16시,화요일,대구광역시 북구 산격동,경상사고,0,0,2,0,차대차 - 추돌,안전운전불이행,건조,맑음,단일로 - 기타,승용,남,51세,상해없음,승용,여,45세,경상
2022032900100318,2022년 3월 29일 16시,화요일,대구광역시 서구 내당동,중상사고,0,1,0,0,차대차 - 측면충돌,중앙선침범,건조,맑음,교차로 - 교차로부근,승용,남,55세,상해없음,이륜,남,37세,중상
2022032900100354,2022년 3월 29일 17시,화요일,대구광역시 북구 노곡동,중상사고,0,1,0,0,차대차 - 추돌,안전거리미확보,건조,맑음,단일로 - 기타,승용,남,25세,상해없음,승용,여,57세,중상
2022032900100358,2022년 3월 29일 17시,화요일,대구광역시 동구 지묘동,경상사고,0,0,1,0,차대차 - 추돌,안전거리미확보,건조,맑음,단일로 - 교량,승용,남,66세,상해없음,승용,여,30세,경상
2022032900100359,2022년 3월 29일 17시,화요일,대구광역시 달서구 송현동,경상사고,0,0,1,0,차대사람 - 차도통행중,안전운전불이행,건조,맑음,교차로 - 교차로안,승용,남,35세,상해없음,보행자,남,27세,경상
2022032900100399,2022년 3월 29일 18시,화요일,대구광역시 달서구 송현동,중상사고,0,1,0,0,차대차 - 측면충돌,신호위반,건조,맑음,교차로 - 교차로부근,이륜,남,43세,중상,승용,남,79세,상해없음
2022032900100400,2022년 3월 29일 18시,화요일,대구광역시 달서구 상인동,경상사고,0,0,2,0,차대차 - 기타,신호위반,건조,맑음,교차로 - 교차로안,이륜,남,57세,경상,이륜,남,18세,경상
2022032900100461,2022년 3월 29일 20시,화요일,대구광역시 달서구 본리동,경상사고,0,0,4,0,차대차 - 측면충돌,신호위반,건조,맑음,교차로 - 교차로부근,승용,남,35세,경상,승용,여,38세,경상