사고번호,사고일시,요일,시군구,사고내용,사망자수,중상자수,경상자수,부상신고자수,사고유형,법규위반,노면상태,기상상태,도로형태,가해운전자 차종,가해운전자 성별,가해운전자 연령,가해운전자 상해정도,피해운전자 차종,피해운전자 성별,피해운전자 연령,피해운전자 상해정도
2022040300100256,2022년 4월 3일 16시,일요일,대구광역시 남구 대명동,중상사고,0,1,0,0,차대차 - 추돌,차로위반,건조,맑음,단일로 - 기타,이륜,남,21세,상해없음,이륜,남,40세,중상
2022040300100257,2022년 4월 3일 16시,일요일,대구광역시 수성구 만촌동,경상사고,0,0,1,0,차대차 - 추돌,안전운전불이행,건조,맑음,단일로 - 기타,승용,남,29세,기타불명,승용,남,51세,경상
2022040300100258,2022년 4월 3일 16시,일요일,대구광역시 중구 봉산동,경상사고,0,0,1,0,차대사람 - 횡단중,안전운전불이행,건조,맑음,교차로 - 교차로안,승용,남,31세,상해없음,보행자,남,27세,경상
2022040300100289,2022년 4월 3일 17시,일요일,대구광역시 동구 지묘동,경상사고,0,0,1,0,차대차 - 추돌,안전운전불이행,건조,맑음,교차로 - 교차로부근,승용,남,19세,상해없음,승용,여,50세,경상
2022040300100290,2022년 4월 3일 17시,일요일,대구광역시 달서구 상인동,경상사고,0,0,5,0,차대차 - 추돌,안전운전불이행,건조,맑음,단일로 - 기타,승용,남,57세,경상,승용,여,44세,상해없음
2022040300100316,2022년 4월 3일 18시,일요일,대구광역시 남구 대명동,경상사고,0,0,1,0,차대사람 - 횡단중,신호위반,건조,맑음,교차로 - 교차로안,이륜,남,30세,상해없음,보행자,남,20세,경상
2022040300100347,2022년 4월 3일 19시,일요일,대구광역시 동구 지저동,부상신고사고,0,0,0,1,차대사람 - 기타,중앙선침범,건조,맑음,단일로 - 기타,승용,남,32세,상해없음,보행자,남,72세,부상신고
2022040300100348,2022년 4월 3일 19시,일요일,대구광역시 수성구 지산동,경상사고,0,0,1,0,차대차 - 측면충돌,안전운전불이행,건조,맑음,교차로 - 교차로부근,승용,남,82세,상해없음,이륜,남,40세,경상
2022040300100349,2022년 4월 3일 19시,일요일,대구광역시 서구 비산동,경상사고,0,0,1,0,차대차 - 측면충돌,교차로운행방법위반,건조,맑음,교차로 - 교차로안,승용,여,46세,상해없음,이륜,남,47세,경상
2022040300100350,2022년 4월 3일 19시,일요일,대구광역시 북구 노원동3가,경상사고,0,0,3,0,차대차 - 추돌,안전거리미확보,건조,맑음,단일로 - 기타,승용,남,50세,상해없음,승용,남,49세,경상
2022040300100366,2022년 4월 3일 20시,일요일,대구광역시 동구 효목동,경상사고,0,0,1,2,차대차 - 기타,안전운전불이행,건조,맑음,교차로 - 교차로부근,승용,남,37세,상해없음,이륜,남,17세,부상신고
2022040300100386,2022년 4월 3일 21시,일요일,대구광역시 달서구 두류동,부상신고사고,0,0,0,1,차대사람 - 차도통행중,안전운전불이행,건조,맑음,단일로 - 기타,승용,남,55세,상해없음,보행자,남,28세,부상신고
2022040300100407,2022년 4월 3일 22시,일요일,대구광역시 달서구 두류동,경상사고,0,0,1,0,차대차 - 기타,안전운전불이행,건조,맑음,교차로 - 교차로안,승용,여,33세,기타불명,승용,남,64세,경상
2022040300100431,2022년 4월 3일 23시,일요일,대구광역시 북구 노원동1가,경상사고,0,0,1,0,차대차 - 기타,안전운전불이행,건조,맑음,교차로 - 교차로안,승용,남,21세,상해없음,이륜,남,33세,경상
2022040400100049,2022년 4월 4일 06시,월요일,대구광역시 동구 용계동,중상사고,0,1,0,0,차대차 - 측면충돌,안전운전불이행,건조,맑음,기타 - 기타,화물,남,54세,상해없음,개인형이동수단(PM),남,39세,중상
2022040400100071,2022년 4월 4일 07시,월요일,대구광역시 동구 율하동,중상사고,0,1,1,0,차대차 - 측면충돌,교차로운행방법위반,건조,맑음,교차로 - 교차로안,승용,남,45세,경상,개인형이동수단(PM),여,67세,중상
2022040400100107,2022년 4월 4일 08시,월요일,대구광역시 수성구 매호동,경상사고,0,0,1,0,차대차 - 측면충돌,안전운전불이행,건조,맑음,교차로 - 교차로부근,승용,여,46세,상해없음,승용,남,47세,경상
2022040400100108,2022년 4월 4일 08시,월요일,대구광역시 수성구 상동,경상사고,0,0,1,0,차대차 - 측면충돌,교차로운행방법위반,건조,맑음,교차로 - 교차로안,승용,남,65세,기타불명,승용,여,64세,경상
2022040400100147,2022년 4월 4일 09시,월요일,대구광역시 중구 동산동,경상사고,0,0,1,0,차대사람 - 차도통행중,안전운전불이행,건조,맑음,단일로 - 기타,승용,여,48세,상해없음,보행자,남,80세,경상
2022040400100174,2022년 4월 4일 10시,월요일,대구광역시 북구 구암동,부상신고사고,0,0,0,1,차대사람 - 길가장자리구역통행중,안전운전불이행,건조,맑음,단일로 - 기타,승합,남,51세,상해없음,보행자,남,38세,부상신고
2022040400100212,2022년 4월 4일 11시,월요일,대구광역시 달서구 진천동,경상사고,0,0,1,0,차대차 - 측면충돌,안전운전불이행,건조,맑음,단일로 - 기타,이륜,남,64세,경상,화물,여,52세,상해없음
2022040400100233,2022년 4월 4일 12시,월요일,대구광역시 동구 신천동,경상사고,0,0,3,0,차대차 - 측면충돌,안전운전불이행,건조,맑음,교차로 - 교차로안,승용,여,61세,상해없음,승용,남,61세,경상
2022040400100234,2022년 4월 4일 12시,월요일,대구광역시 달서구 장기동,경상사고,0,0,1,0,차대차 - 측면충돌,차로위반,건조,맑음,단일로 - 기타,승용,남,71세,상해없음,승용,남,75세,경상
2022040400100321,2022년 4월 4일 15시,월요일,대구광역시 북구 칠성동2가,경상사고,0,0,2,0,차대차 - 측면충돌,안전거리미확보,건조,맑음,교차로 - 교차로안,승용,남,48세,상해없음,승용,여,42세,경상
2022040400100322,2022년 4월 4일 15시,월요일,대구광역시 북구 태전동,경상사고,0,0,1,0,차대사람 - 차도통행중,안전운전불이행,건조,맑음,단일로 - 교량,승용,남,46세,상해없음,보행자,여,10세,경상
2022040400100353,2022년 4월 4일 16시,월요일,대구광역시 서구 내당동,경상사고,0,0,1,0,차대사람 - 기타,안전운전불이행,건조,맑음,단일로 - 기타,승용,여,54세,상해없음,보행자,남,38세,경상
2022040400100354,2022년 4월 4일 16시,월요일,대구광역시 달서구 감삼동,경상사고,0,0,1,0,차량단독 - 기타,안전운전불이행,건조,맑음,단일로 - 기타,이륜,남,18세,경상,,,,
2022040400100391,2022년 4월 4일 17시,월요일,대구광역시 북구 고성동3가,경상사고,0,0,2,0,차대차 - 측면충돌,안전운전불이행,건조,맑음,단일로 - 기타,승용,남,44세,경상,승용,남,42세,경상
2022040400100432,2022년 4월 4일 18시,월요일,대구광역시 달서구 상인동,경상사고,0,0,1,0,차대차 - 측면충돌,안전거리미확보,건조,맑음,교차로 - 교차로부근,승용,남,55세,상해없음,승용,남,41세,경상
2022040400100433,2022년 4월 4일 18시,월요일,대구광역시 달서구 이곡동,중상사고,0,1,0,0,차량단독 - 기타,기타,건조,맑음,단일로 - 기타,승합,남,67세,상해없음,,,,
2022040400100434,2022년 4월 4일 18시,월요일,대구광역시 달서구 두류동,경상사고,0,0,1,0,차대차 - 측면충돌,안전운전불이행,건조,맑음,단일로 - 기타,승용,남,69세,상해없음,자전거,남,59세,경상
2022040400100435,2022년 4월 4일 18시,월요일,대구광역시 달서구 용산동,경상사고,0,0,1,0,차대차 - 측면충돌,안전거리미확보,건조,맑음,단일로 - 기타,승용,남,24세,상해없음,이륜,남,24세,경상
2022040400100469,2022년 4월 4일 19시,월요일,대구광역시 수성구 수성동2가,중상사고,0,1,2,0,차대차 - 측면충돌,안전거리미확보,건조,맑음,단일로 - 기타,승용,남,29세,경상,승용,남,42세,중상
2022040400100491,2022년 4월 4일 20시,월요일,대구광역시 남구 봉덕동,경상사고,0,0,1,0,차대사람 - 횡단중,안전운전불이행,건조,맑음,단일로 - 기타,이륜,남,51세,상해없음,보행자,남,63세,경상
2022040400100492,2022년 4월 4일 20시,월요일,대구광역시 남구 대명동,경상사고,0,0,2,0,차대차 - 측면충돌,안전운전불이행,건조,맑음,교차로 - 교차로안,이륜,남,23세,경상,승용,남,52세,상해없음
2022040400100505,2022년 4월 4일 21시,월요일,대구광역시 수성구 수성동1가,경상사고,0,0,2,0,차대차 - 추돌,안전운전불이행,건조,맑음,기타 - 기타,자전거,여,61세,경상,자전거,여,69세,경상
2022040400100506,2022년 4월 4일 21시,월요일,대구광역시 수성구 두산동,경상사고,0,0,1,1,차대차 - 측면충돌,안전운전불이행,건조,맑음,교차로 - 교차로안,승용,여,22세,부상신고,승용,여,52세,경상
2022040400100523,2022년 4월 4일 22시,월요일,대구광역시 달서구 감삼동,중상사고,0,1,0,0,차대사람 - 횡단중,안전운전불이행,건조,흐림,교차로 - 교차로부근,승용,남,49세,상해없음,보행자,남,25세,중상
2022040500100009,2022년 4월 5일 00시,화요일,대구광역시 달서구 용산동,경상사고,0,0,2,0,차대차 - 측면충돌,안전운전불이행,건조,맑음,교차로 - 교차로안,승용,남,20세,상해없음,승용,남,67세,경상
2022040500100022,2022년 4월 5일 02시,화요일,대구광역시 북구 태전동,중상사고,0,1,2,0,차대사람 - 횡단중,신호위반,건조,맑음,교차로 - 교차로횡단보도내,이륜,남,18세,경상,보행자,남,42세,중상
2022040500100065,2022년 4월 5일 07시,화요일,대구광역시 북구 팔달동,경상사고,0,0,1,0,차대차 - 측면충돌,안전거리미확보,건조,맑음,단일로 - 기타,화물,남,61세,상해없음,승용,여,61세,경상
2022040500100096,2022년 4월 5일 08시,화요일,대구광역시 중구 대봉동,경상사고,0,0,1,0,차대차 - 추돌,안전거리미확보,건조,맑음,교차로 - 교차로부근,승용,남,30세,상해없음,승용,여,46세,경상
2022040500100158,2022년 4월 5일 10시,화요일,대구광역시 동구 신천동,부상신고사고,0,0,0,1,차대차 - 측면충돌,안전운전불이행,건조,맑음,교차로 - 교차로부근,개인형이동수단(PM),남,37세,부상신고,승용,여,56세,상해없음
2022040500100159,2022년 4월 5일 10시,화요일,대구광역시 수성구 범어동,중상사고,0,1,2,0,차대차 - 측면충돌,신호위반,건조,맑음,교차로 - 교차로안,승용,남,56세,상해없음,승용,남,61세,경상
2022040500100160,2022년 4월 5일 10시,화요일,대구광역시 수성구 상동,경상사고,0,0,1,0,차대차 - 추돌,안전운전불이행,건조,맑음,교차로 - 교차로부근,승용,남,43세,상해없음,승용,남,45세,경상
2022040500100194,2022년 4월 5일 11시,화요일,대구광역시 북구 복현동,경상사고,0,0,1,0,차대차 - 기타,교차로운행방법위반,건조,맑음,교차로 - 교차로안,승용,남,62세,상해없음,화물,남,45세,상해없음
2022040500100229,2022년 4월 5일 12시,화요일,대구광역시 달서구 월성동,경상사고,0,0,1,0,차대차 - 측면충돌,안전운전불이행,건조,맑음,단일로 - 기타,승용,여,47세,상해없음,자전거,여,53세,경상
2022040500100263,2022년 4월 5일 13시,화요일,대구광역시 수성구 만촌동,경상사고,0,0,4,0,차대차 - 측면충돌,안전운전불이행,건조,맑음,단일로 - 기타,승용,여,48세,상해없음,승용,남,26세,경상
2022040500100264,2022년 4월 5일 13시,화요일,대구광역시 달서구 월성동,경상사고,0,0,1,0,차대차 - 기타,교차로운행방법위반,건조,맑음,교차로 - 교차로부근,화물,남,54세,상해없음,이륜,남,42세,경상
2022040500100265,2022년 4월 5일 13시,화요일,대구광역시 중구 봉산동,경상사고,0,0,1,1,차대차 - 측면충돌,신호위반,건조,맑음,단일로 - 기타,승용,남,47세,부상신고,이륜,남,37세,경상
2022040500100266,2022년 4월 5일 13시,화요일,대구광역시 달서구 이곡동,경상사고,0,0,1,0,차대사람 - 길가장자리구역통행중,안전운전불이행,건조,맑음,단일로 - 기타,승용,여,32세,상해없음,보행자,남,29세,경상
2022040500100291,2022년 4월 5일 14시,화요일,대구광역시 수성구 황금동,경상사고,0,0,1,0,차대차 - 측면충돌,안전운전불이행,건조,맑음,교차로 - 교차로부근,승용,여,84세,상해없음,승용,여,61세,경상
2022040500100292,2022년 4월 5일 14시,화요일,대구광역시 달서구 월성동,경상사고,0,0,2,0,차대차 - 측면충돌,교차로운행방법위반,건조,맑음,교차로 - 교차로안,승용,여,50세,상해없음,이륜,남,18세,경상
2022040500100327,2022년 4월 5일 15시,화요일,대구광역시 수성구 수성동1가,중상사고,0,1,0,0,차대차 - 측면충돌,교차로운행방법위반,건조,맑음,교차로 - 교차로안,승용,여,61세,상해없음,승용,남,41세,중상
2022040500100356,2022년 4월 5일 16시,화요일,대구광역시 달서구 월성동,경상사고,0,0,1,0,차대사람 - 보도통행중,기타,건조,맑음,단일로 - 기타,이륜,남,57세,상해없음,보행자,남,17세,경상
2022040500100357,2022년 4월 5일 16시,화요일,대구광역시 달서구 성당동,경상사고,0,0,1,0,차대차 - 기타,중앙선침범,건조,맑음,단일로 - 기타,승용,남,61세,상해없음,이륜,남,50세,경상
2022040500100393,2022년 4월 5일 17시,화요일,대구광역시 달서구 본동,경상사고,0,0,1,0,차대차 - 측면충돌,안전거리미확보,건조,맑음,단일로 - 기타,승용,남,63세,기타불명,승용,여,38세,경상
2022040500100394,2022년 4월 5일 17시,화요일,대구광역시 북구 복현동,경상사고,0,0,1,0,차대차 - 측면충돌,안전거리미확보,건조,맑음,단일로 - 기타,승용,여,42세,상해없음,승용,남,61세,경상
2022040500100428,2022년 4월 5일 18시,화요일,대구광역시 달서구 진천동,중상사고,0,1,0,0,차대차 - 기타,신호위반,건조,맑음,교차로 - 교차로부근,승용,남,31세,상해없음,승합,남,52세,상해없음
2022040500100429,2022년 4월 5일 18시,화요일,대구광역시 달성군 현풍읍,경상사고,0,0,2,0,차대차 - 기타,안전운전불이행,건조,맑음,교차로 - 교차로안,승용,남,24세,경상,승용,남,26세,경상
2022040500100430,2022년 4월 5일 18시,화요일,대구광역시 달성군 구지면,경상사고,0,0,2,0,차대차 - 추돌,안전운전불이행,건조,맑음,단일로 - 기타,승용,남,51세,상해없음,승용,남,38세,경상
2022040500100431,2022년 4월 5일 18시,화요일,대구광역시 달서구 신당동,경상사고,0,0,1,0,차대사람 - 기타,안전운전불이행,건조,맑음,기타 - 기타,자전거,남,50세,상해없음,보행자,남,24세,경상
2022040500100486,2022년 4월 5일 20시,화요일,대구광역시 달서구 월성동,부상신고사고,0,0,0,1,차대차 - 기타,안전운전불이행,젖음/습기,흐림,교차로 - 교차로안,승용,남,54세,상해없음,승용,남,27세,부상신고
2022040500100487,2022년 4월 5일 20시,화요일,대구광역시 북구 대현동,경상사고,0,0,1,0,차대차 - 기타,안전거리미확보,건조,맑음,교차로 - 교차로부근,승용,여,64세,상해없음,승용,남,23세,경상
2022040500100488,2022년 4월 5일 20시,화요일,대구광역시 북구 복현동,경상사고,0,0,3,0,차대차 - 기타,안전거리미확보,건조,맑음,교차로 - 교차로안,승용,남,68세,상해없음,승용,남,19세,경상
2022040500100535,2022년 4월 5일 22시,화요일,대구광역시 서구 내당동,경상사고,0,0,1,0,차대차 - 측면충돌,안전운전불이행,건조,맑음,단일로 - 기타,승용,여,56세,상해없음,승용,남,55세,경상
2022040600100011,2022년 4월 6일 00시,수요일,대구광역시 서구 평리동,경상사고,0,0,1,0,차대차 - 측면충돌,안전운전불이행,건조,맑음,교차로 - 교차로부근,승용,남,60세,상해없음,승용,남,22세,경상
2022040600100019,2022년 4월 6일 01시,수요일,대구광역시 동구 효목동,경상사고,0,0,1,0,차대차 - 측면충돌,교차로운행방법위반,건조,맑음,교차로 - 교차로부근,승용,남,52세,상해없음,승용,여,36세,경상
2022040600100060,2022년 4월 6일 07시,수요일,대구광역시 달서구 본동,경상사고,0,0,1,0,차대차 - 측면충돌,안전운전불이행,건조,맑음,단일로 - 기타,승용,남,30세,상해없음,자전거,남,12세,경상
2022040600100089,2022년 4월 6일 08시,수요일,대구광역시 북구 조야동,사망사고,1,0,0,0,차대차 - 측면충돌,안전운전불이행,건조,맑음,단일로 - 교량,자전거,남,68세,상해없음,자전거,남,57세,사망
2022040600100090,2022년 4월 6일 08시,수요일,대구광역시 달서구 감삼동,경상사고,0,0,1,0,차대사람 - 기타,안전운전불이행,건조,맑음,단일로 - 기타,화물,남,53세,상해없음,보행자,남,62세,경상
2022040600100091,2022년 4월 6일 08시,수요일,대구광역시 북구 태전동,중상사고,0,1,0,0,차대차 - 측면충돌,중앙선침범,건조,맑음,교차로 - 교차로안,이륜,남,82세,중상,승용,여,41세,상해없음
2022040600100092,2022년 4월 6일 08시,수요일,대구광역시 북구 태전동,경상사고,0,0,1,0,차대차 - 추돌,안전거리미확보,건조,맑음,교차로 - 교차로안,승용,남,48세,상해없음,승용,여,31세,경상
2022040600100117,2022년 4월 6일 09시,수요일,대구광역시 동구 서호동,경상사고,0,0,1,0,차대차 - 정면충돌,안전운전불이행,건조,맑음,단일로 - 지하차도(도로)내,승용,여,44세,기타불명,승용,여,48세,경상
2022040600100171,2022년 4월 6일 11시,수요일,대구광역시 동구 신기동,경상사고,0,0,1,0,차대사람 - 횡단중,보행자보호의무위반,건조,맑음,교차로 - 교차로횡단보도내,화물,남,48세,상해없음,보행자,여,42세,경상
2022040600100172,2022년 4월 6일 11시,수요일,대구광역시 수성구 지산동,경상사고,0,0,1,0,차대차 - 추돌,안전운전불이행,건조,맑음,교차로 - 교차로부근,승용,여,66세,상해없음,이륜,남,39세,경상
2022040600100173,2022년 4월 6일 11시,수요일,대구광역시 서구 평리동,경상사고,0,0,2,0,차대차 - 기타,기타,건조,맑음,교차로 - 교차로안,승용,남,63세,경상,승용,여,58세,경상
2022040600100199,2022년 4월 6일 12시,수요일,대구광역시 수성구 두산동,경상사고,0,0,1,0,차대차 - 측면충돌,교차로운행방법위반,건조,맑음,교차로 - 교차로안,승용,남,38세,상해없음,승용,남,40세,경상
2022040600100224,2022년 4월 6일 13시,수요일,대구광역시 수성구 범물동,경상사고,0,0,1,0,차대차 - 기타,안전거리미확보,건조,맑음,단일로 - 기타,승용,남,33세,상해없음,자전거,남,56세,경상
2022040600100245,2022년 4월 6일 14시,수요일,대구광역시 남구 봉덕동,경상사고,0,0,1,0,차대차 - 측면충돌,교차로운행방법위반,건조,맑음,교차로 - 교차로안,승용,여,59세,기타불명,승용,여,58세,경상
2022040600100275,2022년 4월 6일 15시,수요일,대구광역시 수성구 범어동,경상사고,0,0,1,0,차대차 - 측면충돌,안전운전불이행,건조,맑음,단일로 - 기타,승용,여,67세,기타불명,자전거,남,56세,경상
2022040600100276,2022년 4월 6일 15시,수요일,대구광역시 수성구 만촌동,경상사고,0,0,1,0,차대차 - 추돌,안전거리미확보,건조,맑음,단일로 - 기타,승합,남,23세,상해없음,건설기계,남,66세,상해없음
2022040600100277,2022년 4월 6일 15시,수요일,대구광역시 달서구 상인동,경상사고,0,0,2,0,차대차 - 추돌,안전거리미확보,건조,맑음,교차로 - 교차로안,승용,여,41세,상해없음,승용,여,27세,경상
2022040600100278,2022년 4월 6일 15시,수요일,대구광역시 달서구 도원동,경상사고,0,0,1,0,차대차 - 측면충돌,교차로운행방법위반,건조,맑음,교차로 - 교차로안,승용,여,39세,상해없음,화물,남,43세,경상
2022040600100279,2022년 4월 6일 15시,수요일,대구광역시 달서구 송현동,중상사고,0,1,0,0,차대차 - 측면충돌,안전운전불이행,건조,맑음,교차로 - 교차로횡단보도내,승용,여,39세,상해없음,자전거,여,60세,중상
2022040600100280,2022년 4월 6일 15시,수요일,대구광역시 달서구 장기동,경상사고,0,0,1,0,차대사람 - 횡단중,안전운전불이행,건조,맑음,단일로 - 기타,개인형이동수단(PM),여,15세,상해없음,보행자,남,3세,경상
2022040600100281,2022년 4월 6일 15시,수요일,대구광역시 달서구 장기동,경상사고,0,0,1,0,차대차 - 측면충돌,안전운전불이행,건조,맑음,단일로 - 기타,승용,여,58세,상해없음,자전거,남,8세,경상
2022040600100317,2022년 4월 6일 16시,수요일,대구광역시 동구 효목동,경상사고,0,0,1,0,차대차 - 기타,안전운전불이행,건조,맑음,교차로 - 교차로부근,승용,남,29세,상해없음,승용,남,33세,경상
2022040600100318,2022년 4월 6일 16시,수요일,대구광역시 수성구 수성동1가,경상사고,0,0,2,0,차대차 - 기타,안전운전불이행,건조,맑음,단일로 - 기타,승용,남,71세,상해없음,승용,여,53세,경상
2022040600100319,2022년 4월 6일 16시,수요일,대구광역시 서구 내당동,중상사고,0,1,0,0,차대사람 - 차도통행중,안전운전불이행,건조,맑음,교차로 - 교차로부근,승용,남,75세,상해없음,보행자,남,2세,중상
2022040600100320,2022년 4월 6일 16시,수요일,대구광역시 중구 동인동3가,경상사고,0,0,1,0,차대차 - 측면충돌,안전운전불이행,건조,맑음,단일로 - 기타,건설기계,남,53세,상해없음,승용,여,60세,경상
2022040600100364,2022년 4월 6일 17시,수요일,대구광역시 동구 불로동,경상사고,0,0,1,0,차대차 - 기타,안전운전불이행,건조,맑음,교차로 - 교차로부근,승용,여,75세,상해없음,승용,여,32세,경상
2022040600100365,2022년 4월 6일 17시,수요일,대구광역시 달서구 송현동,경상사고,0,0,1,0,차대차 - 추돌,안전운전불이행,건조,맑음,교차로 - 교차로부근,건설기계,남,59세,상해없음,이륜,남,39세,경상
2022040600100366,2022년 4월 6일 17시,수요일,대구광역시 달서구 월암동,경상사고,0,0,2,0,차대차 - 측면충돌,안전거리미확보,건조,맑음,단일로 - 지하차도(도로)내,승용,남,29세,상해없음,승용,남,42세,경상
2022040600100367,2022년 4월 6일 17시,수요일,대구광역시 달서구 월암동,경상사고,0,0,1,0,차대차 - 측면충돌,교차로운행방법위반,건조,맑음,교차로 - 교차로안,승용,남,67세,상해없음,승용,남,43세,경상
2022040600100368,2022년 4월 6일 17시,수요일,대구광역시 달성군 옥포읍,경상사고,0,0,1,0,차대차 - 기타,안전운전불이행,건조,맑음,단일로 - 기타,승용,남,57세,상해없음,화물,남,66세,경상
2022040600100369,2022년 4월 6일 17시,수요일,대구광역시 중구 동인동3가,부상신고사고,0,0,0,1,차대사람 - 길가장자리구역통행중,안전운전불이행,건조,맑음,단일로 - 기타,승용,남,43세,상해없음,보행자,남,61세,부상신고
2022040600100370,2022년 4월 6일 17시,수요일,대구광역시 북구 동천동,경상사고,0,0,2,0,차대차 - 측면충돌,안전거리미확보,건조,맑음,단일로 - 기타,승용,여,39세,상해없음,승용,남,28세,경상
2022040600100411,2022년 4월 6일 18시,수요일,대구광역시 동구 신천동,경상사고,0,0,2,0,차대차 - 측면충돌,중앙선침범,건조,맑음,교차로 - 교차로부근,승용,남,40세,상해없음,승용,여,38세,경상
2022040600100412,2022년 4월 6일 18시,수요일,대구광역시 달서구 도원동,경상사고,0,0,1,0,차대차 - 측면충돌,안전운전불이행,건조,맑음,교차로 - 교차로부근,기타불명,기타불명,미분류,기타불명,승용,남,54세,경상
2022040600100413,2022년 4월 6일 18시,수요일,대구광역시 달서구 이곡동,부상신고사고,0,0,0,1,차대차 - 기타,안전운전불이행,건조,맑음,단일로 - 기타,승용,남,26세,상해없음,승합,남,41세,상해없음
2022040600100414,2022년 4월 6일 18시,수요일,대구광역시 북구 서변동,경상사고,0,0,1,0,차대차 - 측면충돌,안전운전불이행,건조,맑음,단일로 - 기타,건설기계,남,51세,기타불명,승용,여,44세,경상
2022040600100443,2022년 4월 6일 19시,수요일,대구광역시 동구 효목동,중상사고,0,1,0,0,차대차 - 측면충돌,안전거리미확보,건조,맑음,교차로 - 교차로부근,승용,남,50세,상해없음,이륜,남,35세,중상
2022040600100444,2022년 4월 6일 19시,수요일,대구광역시 서구 평리동,경상사고,0,0,1,0,차대차 - 측면충돌,안전운전불이행,건조,맑음,단일로 - 기타,승용,남,63세,상해없음,이륜,남,37세,경상
2022040600100445,2022년 4월 6일 19시,수요일,대구광역시 달서구 이곡동,경상사고,0,0,1,0,차대차 - 측면충돌,안전운전불이행,건조,맑음,기타 - 기타,승용,남,21세,상해없음,이륜,남,50세,경상
2022040600100483,2022년 4월 6일 20시,수요일,대구광역시 달서구 신당동,경상사고,0,0,1,0,차대사람 - 길가장자리구역통행중,안전운전불이행,건조,흐림,단일로 - 기타,승용,남,29세,상해없음,보행자,여,19세,경상
2022040600100527,2022년 4월 6일 22시,수요일,대구광역시 북구 서변동,중상사고,0,1,1,0,차대차 - 추돌,안전거리미확보,건조,맑음,단일로 - 기타,승용,남,30세,상해없음,승용,남,28세,중상
2022040700100040,2022년 4월 7일 05시,목요일,대구광역시 동구 봉무동,부상신고사고,0,0,0,1,차대차 - 측면충돌,신호위반,건조,맑음,교차로 - 교차로부근,승용,남,38세,상해없음,화물,남,44세,부상신고
2022040700100097,2022년 4월 7일 08시,목요일,대구광역시 북구 태전동,부상신고사고,0,0,0,1,차대차 - 측면충돌,안전거리미확보,건조,맑음,단일로 - 기타,승용,남,42세,상해없음,승용,여,50세,부상신고
2022040700100128,2022년 4월 7일 09시,목요일,대구광역시 중구 대신동,경상사고,0,0,1,0,차대차 - 측면충돌,중앙선침범,젖음/습기,비,단일로 - 기타,승용,여,78세,상해없음,승용,남,26세,경상
2022040700100150,2022년 4월 7일 10시,목요일,대구광역시 달서구 상인동,경상사고,0,0,1,0,차대차 - 측면충돌,안전거리미확보,건조,맑음,교차로 - 교차로부근,화물,남,40세,상해없음,이륜,남,26세,경상
2022040700100151,2022년 4월 7일 10시,목요일,대구광역시 북구 노원동3가,경상사고,0,0,1,0,차대차 - 측면충돌,안전거리미확보,건조,맑음,단일로 - 기타,화물,남,62세,상해없음,승용,남,70세,경상
2022040700100173,2022년 4월 7일 11시,목요일,대구광역시 동구 신암동,경상사고,0,0,2,0,차대차 - 측면충돌,안전운전불이행,건조,맑음,단일로 - 교량,건설기계,남,54세,상해없음,승용,남,66세,경상
2022040700100174,2022년 4월 7일 11시,목요일,대구광역시 서구 내당동,경상사고,0,0,2,0,차대차 - 추돌,안전운전불이행,건조,맑음,단일로 - 기타,승용,남,29세,상해없음,승용,여,52세,경상
2022040700100212,2022년 4월 7일 12시,목요일,대구광역시 달서구 송현동,중상사고,0,1,0,0,차대차 - 기타,교차로운행방법위반,건조,맑음,교차로 - 교차로안,승용,남,60세,상해없음,이륜,남,37세,중상
2022040700100246,2022년 4월 7일 13시,목요일,대구광역시 수성구 범어동,중상사고,0,1,0,0,차대차 - 측면충돌,안전운전불이행,건조,맑음,기타 - 기타,승용,여,52세,상해없음,개인형이동수단(PM),남,25세,중상
2022040700100247,2022년 4월 7일 13시,목요일,대구광역시 서구 내당동,경상사고,0,0,1,1,차대차 - 측면충돌,안전운전불이행,건조,맑음,단일로 - 기타,승용,여,59세,부상신고,화물,남,47세,경상
2022040700100265,2022년 4월 7일 14시,목요일,대구광역시 남구 봉덕동,경상사고,0,0,2,0,차대차 - 추돌,안전운전불이행,건조,맑음,단일로 - 기타,승용,여,74세,상해없음,승용,여,48세,경상
2022040700100266,2022년 4월 7일 14시,목요일,대구광역시 달서구 본동,경상사고,0,0,1,0,차대차 - 기타,안전거리미확보,건조,맑음,단일로 - 기타,건설기계,남,61세,상해없음,승용,남,58세,경상
2022040700100267,2022년 4월 7일 14시,목요일,대구광역시 달서구 월성동,경상사고,0,0,3,0,차대차 - 측면충돌,안전운전불이행,건조,맑음,교차로 - 교차로안,승용,남,50세,경상,승용,남,63세,경상
2022040700100268,2022년 4월 7일 14시,목요일,대구광역시 북구 복현동,부상신고사고,0,0,0,1,차대차 - 기타,안전운전불이행,건조,맑음,단일로 - 기타,승용,여,46세,상해없음,승용,남,46세,상해없음
2022040700100269,2022년 4월 7일 14시,목요일,대구광역시 북구 노원동3가,경상사고,0,0,1,0,차대사람 - 기타,안전운전불이행,건조,맑음,단일로 - 기타,화물,남,54세,상해없음,보행자,남,51세,경상
2022040700100293,2022년 4월 7일 15시,목요일,대구광역시 북구 검단동,중상사고,0,1,0,0,차대차 - 정면충돌,교차로운행방법위반,건조,맑음,교차로 - 교차로안,승용,여,71세,중상,화물,남,64세,상해없음
2022040700100337,2022년 4월 7일 16시,목요일,대구광역시 동구 율암동,경상사고,0,0,1,0,차대차 - 추돌,안전거리미확보,건조,맑음,단일로 - 고가도로위,승용,남,36세,상해없음,승용,남,55세,경상