사고번호,사고일시,요일,시군구,사고내용,사망자수,중상자수,경상자수,부상신고자수,사고유형,법규위반,노면상태,기상상태,도로형태,가해운전자 차종,가해운전자 성별,가해운전자 연령,가해운전자 상해정도,피해운전자 차종,피해운전자 성별,피해운전자 연령,피해운전자 상해정도
2022040700100338,2022년 4월 7일 16시,목요일,대구광역시 수성구 범어동,경상사고,0,0,1,0,차대차 - 기타,안전운전불이행,건조,맑음,단일로 - 기타,승용,여,50세,상해없음,승합,남,52세,상해없음
2022040700100339,2022년 4월 7일 16시,목요일,대구광역시 달서구 상인동,경상사고,0,0,1,0,차대사람 - 횡단중,안전운전불이행,건조,맑음,단일로 - 기타,승용,여,40세,상해없음,보행자,남,11세,경상
2022040700100340,2022년 4월 7일 16시,목요일,대구광역시 북구 복현동,경상사고,0,0,1,1,차대차 - 기타,차로위반,건조,맑음,교차로 - 교차로안,이륜,남,33세,부상신고,승용,여,45세,경상
2022040700100341,2022년 4월 7일 16시,목요일,대구광역시 중구 덕산동,중상사고,0,1,0,0,차대사람 - 횡단중,보행자보호의무위반,건조,맑음,단일로 - 기타,이륜,남,24세,상해없음,보행자,여,16세,중상
2022040700100383,2022년 4월 7일 17시,목요일,대구광역시 남구 대명동,부상신고사고,0,0,0,1,차대차 - 기타,안전운전불이행,건조,맑음,교차로 - 교차로안,이륜,남,37세,부상신고,승합,여,53세,상해없음
2022040700100384,2022년 4월 7일 17시,목요일,대구광역시 달성군 다사읍,경상사고,0,0,1,0,차대차 - 측면충돌,안전운전불이행,건조,맑음,단일로 - 기타,승용,여,38세,상해없음,승용,여,61세,경상
2022040700100385,2022년 4월 7일 17시,목요일,대구광역시 북구 칠성동1가,경상사고,0,0,1,0,차대사람 - 기타,중앙선침범,건조,맑음,교차로 - 교차로부근,승합,남,82세,상해없음,보행자,남,71세,경상
2022040700100386,2022년 4월 7일 17시,목요일,대구광역시 달서구 신당동,사망사고,1,1,0,0,차대차 - 측면충돌,신호위반,건조,맑음,교차로 - 교차로안,승용,남,64세,상해없음,이륜,남,31세,사망
2022040700100387,2022년 4월 7일 17시,목요일,대구광역시 달서구 신당동,경상사고,0,0,3,0,차대차 - 기타,안전운전불이행,건조,맑음,단일로 - 기타,승용,여,37세,상해없음,승용,남,70세,상해없음
2022040700100427,2022년 4월 7일 18시,목요일,대구광역시 동구 신암동,경상사고,0,0,2,0,차대차 - 측면충돌,안전거리미확보,건조,맑음,교차로 - 교차로안,이륜,남,42세,기타불명,승용,남,56세,경상
2022040700100428,2022년 4월 7일 18시,목요일,대구광역시 동구 동호동,경상사고,0,0,1,0,차대차 - 기타,안전운전불이행,건조,맑음,단일로 - 기타,승용,여,54세,상해없음,자전거,남,69세,경상
2022040700100429,2022년 4월 7일 18시,목요일,대구광역시 수성구 범어동,경상사고,0,0,1,0,차대차 - 기타,안전운전불이행,건조,맑음,단일로 - 기타,승용,남,56세,상해없음,이륜,남,42세,경상
2022040700100430,2022년 4월 7일 18시,목요일,대구광역시 달성군 논공읍,경상사고,0,0,1,0,차대차 - 기타,중앙선침범,건조,맑음,단일로 - 기타,자전거,남,36세,상해없음,승용,남,41세,경상
2022040700100431,2022년 4월 7일 18시,목요일,대구광역시 북구 복현동,경상사고,0,0,1,0,차대차 - 추돌,안전운전불이행,건조,맑음,교차로 - 교차로부근,이륜,남,21세,기타불명,승용,여,30세,경상
2022040700100432,2022년 4월 7일 18시,목요일,대구광역시 중구 계산동1가,부상신고사고,0,0,0,1,차대차 - 추돌,안전운전불이행,건조,맑음,단일로 - 기타,이륜,남,33세,상해없음,승용,여,50세,부상신고
2022040700100501,2022년 4월 7일 20시,목요일,대구광역시 달서구 상인동,경상사고,0,0,1,0,차대차 - 측면충돌,신호위반,건조,맑음,교차로 - 교차로안,승용,여,56세,상해없음,승용,남,20세,경상
2022040700100554,2022년 4월 7일 22시,목요일,대구광역시 북구 태전동,경상사고,0,0,2,0,차대차 - 추돌,안전거리미확보,건조,맑음,단일로 - 터널,승용,남,72세,상해없음,승합,남,47세,경상
2022040700100576,2022년 4월 7일 23시,목요일,대구광역시 중구 삼덕동1가,부상신고사고,0,0,0,1,차대사람 - 기타,안전운전불이행,건조,맑음,단일로 - 기타,화물,남,44세,상해없음,보행자,남,24세,부상신고
2022040800100015,2022년 4월 8일 00시,금요일,대구광역시 중구 삼덕동1가,부상신고사고,0,0,0,1,차대사람 - 기타,안전운전불이행,건조,맑음,교차로 - 교차로안,승용,남,22세,상해없음,보행자,남,20세,부상신고
2022040800100029,2022년 4월 8일 03시,금요일,대구광역시 달서구 호산동,경상사고,0,0,4,0,차대차 - 측면충돌,직진우회전진행방해,건조,맑음,교차로 - 교차로안,승용,남,60세,경상,승용,남,51세,경상
2022040800100037,2022년 4월 8일 05시,금요일,대구광역시 달서구 대곡동,경상사고,0,0,1,0,차대차 - 기타,안전거리미확보,건조,맑음,기타 - 기타,승용,여,55세,기타불명,승용,남,56세,상해없음
2022040800100046,2022년 4월 8일 06시,금요일,대구광역시 북구 산격동,중상사고,0,1,0,0,차대차 - 측면충돌,신호위반,건조,맑음,교차로 - 교차로부근,이륜,남,50세,상해없음,원동기,남,66세,중상
2022040800100070,2022년 4월 8일 07시,금요일,대구광역시 남구 봉덕동,경상사고,0,0,1,0,차대차 - 추돌,안전운전불이행,건조,맑음,교차로 - 교차로부근,이륜,남,25세,상해없음,승용,남,75세,경상
2022040800100109,2022년 4월 8일 08시,금요일,대구광역시 수성구 수성동4가,경상사고,0,0,1,0,차대차 - 측면충돌,교차로운행방법위반,건조,맑음,교차로 - 교차로안,승용,남,53세,상해없음,승용,남,71세,경상
2022040800100110,2022년 4월 8일 08시,금요일,대구광역시 수성구 범어동,경상사고,0,0,1,0,차대차 - 측면충돌,안전거리미확보,건조,맑음,단일로 - 기타,승용,여,29세,상해없음,승용,남,38세,경상
2022040800100111,2022년 4월 8일 08시,금요일,대구광역시 중구 태평로1가,경상사고,0,0,1,0,차대차 - 측면충돌,안전운전불이행,건조,맑음,교차로 - 교차로안,승용,남,65세,상해없음,승용,남,38세,경상
2022040800100112,2022년 4월 8일 08시,금요일,대구광역시 북구 태전동,경상사고,0,0,2,0,차대차 - 추돌,안전거리미확보,건조,맑음,교차로 - 교차로부근,화물,남,46세,경상,화물,남,48세,경상
2022040800100176,2022년 4월 8일 10시,금요일,대구광역시 수성구 파동,중상사고,0,1,4,0,차대차 - 추돌,안전거리미확보,건조,맑음,단일로 - 고가도로위,승용,여,55세,상해없음,승용,여,61세,중상
2022040800100177,2022년 4월 8일 10시,금요일,대구광역시 중구 완전동,경상사고,0,0,1,0,차대사람 - 횡단중,보행자보호의무위반,건조,맑음,교차로 - 교차로안,승용,여,50세,상해없음,보행자,남,25세,경상
2022040800100235,2022년 4월 8일 12시,금요일,대구광역시 서구 이현동,경상사고,0,0,2,0,차대차 - 추돌,안전운전불이행,건조,맑음,단일로 - 기타,승용,남,25세,상해없음,승용,남,20세,경상
2022040800100236,2022년 4월 8일 12시,금요일,대구광역시 서구 평리동,중상사고,0,1,0,0,차대차 - 기타,직진우회전진행방해,건조,맑음,교차로 - 교차로안,승용,여,36세,상해없음,이륜,남,35세,중상
2022040800100237,2022년 4월 8일 12시,금요일,대구광역시 서구 평리동,경상사고,0,0,1,0,차대차 - 기타,안전거리미확보,건조,맑음,단일로 - 기타,승용,남,33세,기타불명,승합,남,62세,상해없음
2022040800100238,2022년 4월 8일 12시,금요일,대구광역시 북구 태전동,부상신고사고,0,0,0,1,차대차 - 정면충돌,중앙선침범,건조,맑음,교차로 - 교차로안,자전거,여,58세,부상신고,이륜,남,48세,상해없음
2022040800100269,2022년 4월 8일 13시,금요일,대구광역시 남구 대명동,경상사고,0,0,1,0,차대사람 - 횡단중,보행자보호의무위반,건조,맑음,교차로 - 교차로부근,승용,여,34세,상해없음,보행자,남,23세,경상
2022040800100270,2022년 4월 8일 13시,금요일,대구광역시 수성구 고모동,경상사고,0,0,1,0,차대차 - 측면충돌,안전거리미확보,건조,맑음,단일로 - 기타,승용,여,26세,상해없음,승용,남,29세,경상
2022040800100301,2022년 4월 8일 14시,금요일,대구광역시 중구 태평로1가,경상사고,0,0,1,0,차대차 - 측면충돌,안전운전불이행,건조,맑음,교차로 - 교차로부근,승용,남,21세,상해없음,승용,남,30세,경상
2022040800100346,2022년 4월 8일 15시,금요일,대구광역시 수성구 두산동,경상사고,0,0,1,0,차대차 - 추돌,안전운전불이행,건조,맑음,단일로 - 기타,승용,여,56세,기타불명,화물,남,35세,경상
2022040800100347,2022년 4월 8일 15시,금요일,대구광역시 수성구 범물동,경상사고,0,0,3,0,차대차 - 추돌,안전운전불이행,건조,맑음,단일로 - 기타,승용,여,42세,기타불명,승용,여,58세,경상
2022040800100348,2022년 4월 8일 15시,금요일,대구광역시 달서구 진천동,경상사고,0,0,1,0,차대차 - 측면충돌,안전운전불이행,건조,맑음,교차로 - 교차로안,승용,남,32세,상해없음,이륜,남,34세,경상
2022040800100349,2022년 4월 8일 15시,금요일,대구광역시 달성군 구지면,경상사고,0,0,2,0,차대차 - 기타,신호위반,건조,맑음,교차로 - 교차로안,승용,여,61세,경상,화물,남,47세,경상
2022040800100395,2022년 4월 8일 16시,금요일,대구광역시 달서구 대천동,경상사고,0,0,1,0,차대차 - 추돌,안전운전불이행,건조,맑음,단일로 - 기타,승용,여,39세,상해없음,화물,남,42세,경상
2022040800100447,2022년 4월 8일 17시,금요일,대구광역시 남구 봉덕동,경상사고,0,0,1,0,차대차 - 정면충돌,중앙선침범,건조,맑음,단일로 - 기타,승용,남,36세,상해없음,이륜,남,27세,경상
2022040800100448,2022년 4월 8일 17시,금요일,대구광역시 동구 봉무동,경상사고,0,0,1,0,차대차 - 측면충돌,안전운전불이행,건조,맑음,단일로 - 기타,화물,여,38세,상해없음,자전거,남,8세,경상
2022040800100449,2022년 4월 8일 17시,금요일,대구광역시 수성구 수성동4가,경상사고,0,0,1,0,차대차 - 추돌,신호위반,건조,맑음,교차로 - 교차로부근,승용,남,31세,기타불명,이륜,남,24세,경상
2022040800100450,2022년 4월 8일 17시,금요일,대구광역시 수성구 범어동,경상사고,0,0,1,0,차대차 - 기타,안전운전불이행,건조,맑음,교차로 - 교차로부근,승용,여,50세,상해없음,이륜,남,44세,경상
2022040800100451,2022년 4월 8일 17시,금요일,대구광역시 수성구 성동,부상신고사고,0,0,0,1,차대차 - 기타,안전운전불이행,건조,맑음,단일로 - 기타,기타불명,기타불명,미분류,기타불명,자전거,여,16세,부상신고
2022040800100452,2022년 4월 8일 17시,금요일,대구광역시 달서구 도원동,부상신고사고,0,0,0,2,차대차 - 기타,안전운전불이행,건조,맑음,단일로 - 기타,승용,남,52세,상해없음,원동기,남,19세,부상신고
2022040800100453,2022년 4월 8일 17시,금요일,대구광역시 달서구 용산동,경상사고,0,0,1,0,차대차 - 측면충돌,안전운전불이행,건조,맑음,기타 - 기타,승합,남,55세,상해없음,이륜,남,34세,경상
2022040800100454,2022년 4월 8일 17시,금요일,대구광역시 북구 관음동,경상사고,0,0,1,0,차대차 - 측면충돌,안전운전불이행,건조,맑음,단일로 - 기타,승용,남,73세,경상,승용,여,64세,기타불명
2022040800100502,2022년 4월 8일 18시,금요일,대구광역시 동구 율하동,경상사고,0,0,2,0,차대차 - 추돌,신호위반,건조,맑음,교차로 - 교차로부근,승용,여,57세,경상,승용,남,37세,경상
2022040800100503,2022년 4월 8일 18시,금요일,대구광역시 수성구 수성동3가,경상사고,0,0,1,0,차대차 - 기타,교차로운행방법위반,건조,맑음,교차로 - 교차로안,승용,남,73세,상해없음,승합,남,42세,상해없음
2022040800100504,2022년 4월 8일 18시,금요일,대구광역시 달서구 송현동,경상사고,0,0,1,0,차대차 - 기타,안전운전불이행,건조,맑음,교차로 - 교차로부근,승용,남,66세,상해없음,승합,남,57세,상해없음
2022040800100505,2022년 4월 8일 18시,금요일,대구광역시 북구 노원동3가,중상사고,0,1,0,0,차대사람 - 보도통행중,보행자보호의무위반,건조,맑음,단일로 - 기타,화물,남,75세,상해없음,보행자,여,56세,중상
2022040800100506,2022년 4월 8일 18시,금요일,대구광역시 북구 산격동,중상사고,0,1,0,0,차대차 - 측면충돌,교차로운행방법위반,건조,맑음,교차로 - 교차로안,화물,남,27세,상해없음,승용,남,28세,중상
2022040800100561,2022년 4월 8일 19시,금요일,대구광역시 북구 대현동,경상사고,0,0,1,0,차대차 - 추돌,안전운전불이행,건조,맑음,교차로 - 교차로부근,이륜,남,73세,경상,이륜,남,38세,상해없음
2022040800100562,2022년 4월 8일 19시,금요일,대구광역시 북구 태전동,중상사고,0,1,0,0,차대사람 - 차도통행중,안전운전불이행,건조,맑음,단일로 - 지하차도(도로)내,승용,여,47세,상해없음,보행자,남,63세,중상
2022040800100613,2022년 4월 8일 20시,금요일,대구광역시 동구 신암동,경상사고,0,0,1,0,차대차 - 측면충돌,안전운전불이행,건조,맑음,단일로 - 기타,승용,남,58세,상해없음,개인형이동수단(PM),남,51세,경상
2022040800100614,2022년 4월 8일 20시,금요일,대구광역시 달서구 상인동,경상사고,0,0,1,0,차대차 - 기타,안전운전불이행,건조,맑음,단일로 - 기타,화물,남,51세,상해없음,이륜,여,61세,경상
2022040800100615,2022년 4월 8일 20시,금요일,대구광역시 서구 원대동3가,중상사고,0,1,0,0,차대차 - 기타,안전운전불이행,건조,맑음,단일로 - 기타,이륜,남,67세,상해없음,이륜,남,29세,중상
2022040800100643,2022년 4월 8일 21시,금요일,대구광역시 남구 대명동,중상사고,0,2,1,0,차대차 - 정면충돌,신호위반,건조,맑음,교차로 - 교차로안,승용,남,43세,상해없음,이륜,남,31세,중상
2022040800100692,2022년 4월 8일 23시,금요일,대구광역시 서구 평리동,경상사고,0,0,1,0,차대차 - 측면충돌,안전거리미확보,건조,맑음,단일로 - 기타,승용,남,32세,상해없음,승용,남,27세,경상
2022040900100020,2022년 4월 9일 00시,토요일,대구광역시 달성군 구지면,경상사고,0,0,2,0,차대차 - 정면충돌,안전운전불이행,건조,맑음,교차로 - 교차로안,승용,남,35세,경상,승용,남,47세,경상
2022040900100037,2022년 4월 9일 01시,토요일,대구광역시 남구 대명동,중상사고,0,2,0,0,차대차 - 측면충돌,기타,건조,맑음,교차로 - 교차로안,승용,남,52세,상해없음,승용,남,53세,상해없음
2022040900100038,2022년 4월 9일 01시,토요일,대구광역시 중구 삼덕동3가,경상사고,0,0,1,0,차대사람 - 횡단중,안전운전불이행,건조,맑음,단일로 - 기타,기타불명,기타불명,미분류,기타불명,보행자,여,22세,경상
2022040900100049,2022년 4월 9일 03시,토요일,대구광역시 남구 대명동,경상사고,0,0,1,0,차대사람 - 기타,안전운전불이행,건조,맑음,교차로 - 교차로횡단보도내,화물,남,49세,상해없음,보행자,남,55세,경상
2022040900100059,2022년 4월 9일 05시,토요일,대구광역시 달서구 송현동,경상사고,0,0,2,0,차량단독 - 기타,안전운전불이행,건조,맑음,기타 - 기타,이륜,남,15세,경상,,,,
2022040900100113,2022년 4월 9일 09시,토요일,대구광역시 달서구 감삼동,경상사고,0,0,1,0,차대차 - 측면충돌,안전운전불이행,건조,맑음,단일로 - 기타,승용,여,49세,상해없음,자전거,여,57세,경상
2022040900100141,2022년 4월 9일 10시,토요일,대구광역시 동구 봉무동,경상사고,0,0,1,0,차대차 - 측면충돌,직진우회전진행방해,건조,맑음,교차로 - 교차로안,승용,여,61세,상해없음,승용,여,51세,경상
2022040900100142,2022년 4월 9일 10시,토요일,대구광역시 달서구 송현동,경상사고,0,0,1,0,차대차 - 측면충돌,신호위반,건조,맑음,교차로 - 교차로안,승용,여,47세,상해없음,원동기,남,29세,경상
2022040900100143,2022년 4월 9일 10시,토요일,대구광역시 북구 칠성동1가,경상사고,0,0,1,0,차대차 - 후진중충돌,안전운전불이행,건조,맑음,단일로 - 기타,화물,남,61세,상해없음,이륜,남,52세,경상
2022040900100175,2022년 4월 9일 11시,토요일,대구광역시 수성구 수성동4가,경상사고,0,0,1,0,차대차 - 기타,안전운전불이행,건조,맑음,단일로 - 기타,원동기,남,41세,경상,승용,남,38세,상해없음
2022040900100176,2022년 4월 9일 11시,토요일,대구광역시 수성구 만촌동,경상사고,0,0,1,0,차대차 - 추돌,안전운전불이행,건조,맑음,교차로 - 교차로부근,승용,남,22세,상해없음,이륜,남,45세,경상
2022040900100177,2022년 4월 9일 11시,토요일,대구광역시 북구 동천동,경상사고,0,0,2,0,차대차 - 측면충돌,안전거리미확보,건조,맑음,교차로 - 교차로부근,화물,남,60세,기타불명,승용,여,50세,경상
2022040900100215,2022년 4월 9일 12시,토요일,대구광역시 북구 칠성동1가,경상사고,0,0,1,0,차대차 - 추돌,안전거리미확보,건조,맑음,단일로 - 기타,승용,남,21세,상해없음,승용,여,33세,경상
2022040900100262,2022년 4월 9일 13시,토요일,대구광역시 달서구 대천동,경상사고,0,0,1,0,차대사람 - 길가장자리구역통행중,교차로운행방법위반,건조,맑음,단일로 - 기타,화물,남,63세,상해없음,보행자,남,62세,경상
2022040900100263,2022년 4월 9일 13시,토요일,대구광역시 달서구 월성동,경상사고,0,0,3,0,차대차 - 측면충돌,교차로운행방법위반,건조,맑음,기타 - 기타,승용,남,27세,경상,승용,남,53세,경상
2022040900100264,2022년 4월 9일 13시,토요일,대구광역시 달서구 월암동,경상사고,0,0,1,0,차대차 - 측면충돌,안전거리미확보,건조,맑음,교차로 - 교차로횡단보도내,화물,남,53세,상해없음,승용,여,37세,경상
2022040900100265,2022년 4월 9일 13시,토요일,대구광역시 달성군 현풍읍,중상사고,0,1,1,0,차대차 - 기타,안전운전불이행,건조,맑음,단일로 - 기타,승용,남,38세,상해없음,승용,남,58세,중상
2022040900100266,2022년 4월 9일 13시,토요일,대구광역시 중구 대신동,부상신고사고,0,0,0,1,차대사람 - 길가장자리구역통행중,안전운전불이행,건조,맑음,단일로 - 기타,승용,여,55세,상해없음,보행자,남,65세,부상신고
2022040900100317,2022년 4월 9일 14시,토요일,대구광역시 달서구 진천동,경상사고,0,0,1,0,차대차 - 측면충돌,안전거리미확보,건조,맑음,단일로 - 기타,승용,남,70세,상해없음,승용,남,47세,경상
2022040900100318,2022년 4월 9일 14시,토요일,대구광역시 서구 비산동,경상사고,0,0,1,0,차대차 - 측면충돌,안전운전불이행,건조,맑음,단일로 - 기타,승합,남,49세,상해없음,승용,남,43세,경상
2022040900100361,2022년 4월 9일 15시,토요일,대구광역시 서구 비산동,중상사고,0,1,0,0,차대사람 - 횡단중,신호위반,건조,맑음,단일로 - 기타,승용,여,62세,기타불명,보행자,여,60세,중상
2022040900100362,2022년 4월 9일 15시,토요일,대구광역시 달서구 신당동,중상사고,0,1,0,0,차대사람 - 차도통행중,안전운전불이행,건조,맑음,기타 - 기타,승용,남,27세,상해없음,보행자,남,11세,중상
2022040900100398,2022년 4월 9일 16시,토요일,대구광역시 수성구 대흥동,경상사고,0,0,1,0,차대차 - 기타,중앙선침범,건조,맑음,단일로 - 기타,승용,남,25세,상해없음,승용,여,45세,경상
2022040900100399,2022년 4월 9일 16시,토요일,대구광역시 수성구 수성동4가,경상사고,0,0,1,0,차대사람 - 횡단중,보행자보호의무위반,건조,맑음,단일로 - 기타,자전거,여,61세,상해없음,보행자,남,13세,경상
2022040900100446,2022년 4월 9일 17시,토요일,대구광역시 동구 효목동,경상사고,0,0,2,0,차대차 - 후진중충돌,안전운전불이행,건조,맑음,기타 - 기타,화물,남,40세,상해없음,승용,남,29세,경상
2022040900100447,2022년 4월 9일 17시,토요일,대구광역시 달서구 진천동,경상사고,0,0,2,0,차대차 - 추돌,안전운전불이행,건조,맑음,기타 - 기타,승합,남,43세,상해없음,승용,여,60세,경상
2022040900100448,2022년 4월 9일 17시,토요일,대구광역시 달서구 용산동,경상사고,0,0,2,0,차대차 - 측면충돌,안전거리미확보,건조,맑음,단일로 - 기타,화물,남,54세,상해없음,승용,남,49세,경상
2022040900100472,2022년 4월 9일 18시,토요일,대구광역시 동구 효목동,경상사고,0,0,1,0,차대차 - 기타,안전거리미확보,건조,맑음,교차로 - 교차로횡단보도내,승용,여,37세,상해없음,승합,남,54세,상해없음
2022040900100473,2022년 4월 9일 18시,토요일,대구광역시 수성구 두산동,경상사고,0,0,1,0,차대차 - 기타,기타,건조,맑음,단일로 - 기타,승용,남,73세,상해없음,자전거,남,66세,경상
2022040900100474,2022년 4월 9일 18시,토요일,대구광역시 달서구 송현동,경상사고,0,0,1,0,차대차 - 기타,신호위반,건조,맑음,교차로 - 교차로안,기타불명,기타불명,미분류,기타불명,승용,남,48세,경상
2022040900100476,2022년 4월 9일 18시,토요일,대구광역시 서구 내당동,경상사고,0,0,1,2,차대차 - 추돌,중앙선침범,건조,맑음,단일로 - 기타,승용,남,68세,상해없음,승용,남,30세,경상
2022040900100477,2022년 4월 9일 18시,토요일,대구광역시 북구 태전동,경상사고,0,0,1,0,차대차 - 측면충돌,안전운전불이행,건조,맑음,단일로 - 지하차도(도로)내,승용,여,53세,상해없음,승용,남,39세,경상
2022040900100510,2022년 4월 9일 19시,토요일,대구광역시 남구 대명동,경상사고,0,0,1,0,차대차 - 측면충돌,안전운전불이행,건조,맑음,교차로 - 교차로부근,승용,남,23세,상해없음,이륜,남,23세,경상
2022040900100538,2022년 4월 9일 20시,토요일,대구광역시 동구 신천동,경상사고,0,0,1,0,차대차 - 후진중충돌,안전운전불이행,건조,맑음,단일로 - 기타,승용,남,66세,상해없음,자전거,남,31세,경상
2022040900100539,2022년 4월 9일 20시,토요일,대구광역시 달서구 상인동,경상사고,0,0,1,0,차대차 - 측면충돌,안전운전불이행,건조,맑음,교차로 - 교차로안,승용,여,38세,상해없음,승용,남,40세,경상
2022040900100540,2022년 4월 9일 20시,토요일,대구광역시 중구 대봉동,중상사고,0,1,0,0,차대차 - 측면충돌,신호위반,건조,맑음,단일로 - 기타,승용,여,42세,상해없음,이륜,남,53세,중상
2022040900100541,2022년 4월 9일 20시,토요일,대구광역시 중구 삼덕동1가,경상사고,0,0,1,0,차대사람 - 횡단중,안전운전불이행,건조,맑음,교차로 - 교차로부근,승용,여,26세,상해없음,보행자,남,21세,경상
2022040900100542,2022년 4월 9일 20시,토요일,대구광역시 북구 읍내동,경상사고,0,0,1,0,차대차 - 측면충돌,중앙선침범,건조,맑음,단일로 - 기타,승용,남,48세,상해없음,이륜,남,37세,경상
2022040900100567,2022년 4월 9일 21시,토요일,대구광역시 북구 금호동,경상사고,0,0,2,0,차대차 - 측면충돌,안전거리미확보,건조,맑음,단일로 - 기타,화물,남,65세,상해없음,승용,남,31세,경상
2022040900100571,2022년 4월 9일 21시,토요일,대구광역시 수성구 두산동,중상사고,0,1,1,0,차대사람 - 횡단중,보행자보호의무위반,건조,맑음,단일로 - 기타,승용,여,42세,상해없음,보행자,여,34세,중상
2022040900100572,2022년 4월 9일 21시,토요일,대구광역시 북구 복현동,경상사고,0,0,1,0,차대차 - 측면충돌,안전운전불이행,건조,맑음,교차로 - 교차로안,승용,남,49세,상해없음,이륜,남,23세,경상
2022040900100585,2022년 4월 9일 22시,토요일,대구광역시 남구 봉덕동,경상사고,0,0,2,0,차대차 - 측면충돌,중앙선침범,건조,맑음,단일로 - 기타,승용,여,64세,상해없음,승용,여,41세,경상
2022040900100586,2022년 4월 9일 22시,토요일,대구광역시 달서구 송현동,경상사고,0,0,1,0,차대차 - 기타,안전운전불이행,건조,맑음,기타 - 기타,승용,남,50세,상해없음,자전거,남,45세,경상
2022040900100610,2022년 4월 9일 23시,토요일,대구광역시 달성군 유가읍,경상사고,0,0,1,0,차대차 - 추돌,안전운전불이행,건조,맑음,교차로 - 교차로부근,승용,남,20세,상해없음,승용,남,45세,경상
2022041000100035,2022년 4월 10일 02시,일요일,대구광역시 수성구 범어동,경상사고,0,0,2,0,차대차 - 측면충돌,안전거리미확보,건조,맑음,교차로 - 교차로부근,승용,남,23세,상해없음,승용,남,48세,경상
2022041000100057,2022년 4월 10일 07시,일요일,대구광역시 서구 평리동,경상사고,0,0,2,0,차대차 - 정면충돌,신호위반,건조,맑음,교차로 - 교차로안,승용,남,43세,상해없음,승용,남,60세,경상
2022041000100066,2022년 4월 10일 08시,일요일,대구광역시 서구 비산동,경상사고,0,0,1,0,차대차 - 측면충돌,안전거리미확보,건조,맑음,단일로 - 기타,승용,남,67세,상해없음,승용,여,30세,경상
2022041000100105,2022년 4월 10일 10시,일요일,대구광역시 달서구 월성동,중상사고,0,1,2,0,차대차 - 측면충돌,기타,건조,맑음,교차로 - 교차로안,승용,남,79세,경상,승용,여,57세,경상
2022041000100121,2022년 4월 10일 11시,일요일,대구광역시 수성구 파동,경상사고,0,0,2,0,차대차 - 기타,교차로운행방법위반,건조,맑음,교차로 - 교차로안,승용,남,26세,상해없음,승용,여,55세,경상
2022041000100122,2022년 4월 10일 11시,일요일,대구광역시 달성군 구지면,중상사고,0,1,0,0,차대차 - 기타,중앙선침범,건조,맑음,교차로 - 교차로부근,승용,여,56세,상해없음,이륜,남,68세,중상
2022041000100183,2022년 4월 10일 13시,일요일,대구광역시 수성구 만촌동,경상사고,0,0,1,0,차대차 - 측면충돌,안전거리미확보,건조,맑음,단일로 - 기타,승용,남,67세,상해없음,승용,남,24세,경상
2022041000100224,2022년 4월 10일 14시,일요일,대구광역시 중구 포정동,경상사고,0,0,1,0,차대사람 - 횡단중,보행자보호의무위반,건조,맑음,교차로 - 교차로안,승용,남,52세,상해없음,보행자,남,29세,경상
2022041000100225,2022년 4월 10일 14시,일요일,대구광역시 달서구 감삼동,경상사고,0,0,2,0,차대차 - 추돌,안전운전불이행,건조,맑음,단일로 - 기타,승용,남,26세,상해없음,승용,남,54세,경상
2022041000100226,2022년 4월 10일 14시,일요일,대구광역시 달서구 용산동,경상사고,0,0,2,0,차대차 - 측면충돌,안전거리미확보,건조,맑음,단일로 - 기타,승용,남,52세,상해없음,승용,남,27세,경상
2022041000100256,2022년 4월 10일 15시,일요일,대구광역시 북구 노원동1가,중상사고,0,1,0,0,차대차 - 기타,교차로운행방법위반,건조,맑음,교차로 - 교차로안,승용,남,27세,상해없음,이륜,남,29세,중상
2022041000100257,2022년 4월 10일 15시,일요일,대구광역시 중구 동성로2가,경상사고,0,0,1,0,차대사람 - 기타,안전운전불이행,건조,맑음,단일로 - 기타,승용,남,46세,상해없음,보행자,남,61세,경상
2022041000100291,2022년 4월 10일 16시,일요일,대구광역시 동구 백안동,중상사고,0,1,3,0,차대차 - 추돌,안전거리미확보,건조,맑음,단일로 - 터널,승용,남,22세,상해없음,승용,여,38세,중상
2022041000100294,2022년 4월 10일 16시,일요일,대구광역시 달서구 본리동,경상사고,0,0,1,0,차대차 - 추돌,안전운전불이행,건조,맑음,교차로 - 교차로부근,승용,여,31세,기타불명,승용,남,30세,경상
2022041000100295,2022년 4월 10일 16시,일요일,대구광역시 북구 칠성동1가,경상사고,0,0,1,0,차대사람 - 기타,안전운전불이행,건조,맑음,기타 - 기타,기타불명,기타불명,미분류,기타불명,보행자,여,66세,경상
2022041000100296,2022년 4월 10일 16시,일요일,대구광역시 북구 산격동,경상사고,0,0,3,1,차대차 - 추돌,신호위반,건조,맑음,교차로 - 교차로안,승합,남,41세,상해없음,승용,남,40세,경상
2022041000100354,2022년 4월 10일 18시,일요일,대구광역시 달성군 유가읍,경상사고,0,0,2,0,차대차 - 측면충돌,차로위반,건조,맑음,교차로 - 교차로부근,승용,남,30세,경상,이륜,남,38세,경상
2022041000100355,2022년 4월 10일 18시,일요일,대구광역시 북구 침산동,경상사고,0,0,1,0,차대사람 - 횡단중,안전거리미확보,건조,맑음,단일로 - 기타,자전거,여,7세,상해없음,보행자,여,72세,경상
2022041000100356,2022년 4월 10일 18시,일요일,대구광역시 북구 태전동,경상사고,0,0,2,0,차대차 - 측면충돌,신호위반,건조,맑음,교차로 - 교차로안,승용,여,64세,상해없음,승용,여,41세,경상