사고번호,사고일시,요일,시군구,사고내용,사망자수,중상자수,경상자수,부상신고자수,사고유형,법규위반,노면상태,기상상태,도로형태,가해운전자 차종,가해운전자 성별,가해운전자 연령,가해운전자 상해정도,피해운전자 차종,피해운전자 성별,피해운전자 연령,피해운전자 상해정도
2022041000100371,2022년 4월 10일 19시,일요일,대구광역시 동구 신암동,경상사고,0,0,1,0,차대차 - 측면충돌,안전거리미확보,건조,맑음,교차로 - 교차로부근,승용,남,60세,상해없음,이륜,남,24세,경상
2022041000100372,2022년 4월 10일 19시,일요일,대구광역시 수성구 지산동,경상사고,0,0,2,0,차대차 - 기타,안전거리미확보,건조,맑음,단일로 - 기타,승용,남,48세,상해없음,승용,남,54세,경상
2022041000100373,2022년 4월 10일 19시,일요일,대구광역시 중구 삼덕동2가,경상사고,0,0,1,0,차대차 - 측면충돌,안전운전불이행,건조,맑음,단일로 - 기타,승용,남,29세,상해없음,이륜,남,31세,경상
2022041000100374,2022년 4월 10일 19시,일요일,대구광역시 달서구 장기동,중상사고,0,1,0,0,차대사람 - 기타,기타,건조,맑음,교차로 - 교차로부근,승용,남,69세,상해없음,보행자,여,57세,중상
2022041000100418,2022년 4월 10일 21시,일요일,대구광역시 달서구 상인동,중상사고,0,1,0,0,차대차 - 추돌,안전운전불이행,건조,맑음,교차로 - 교차로부근,이륜,남,44세,중상,승용,남,71세,상해없음
2022041000100419,2022년 4월 10일 21시,일요일,대구광역시 북구 대현동,경상사고,0,0,1,0,차대차 - 측면충돌,안전운전불이행,건조,맑음,단일로 - 기타,원동기,여,15세,상해없음,승용,남,61세,경상
2022041000100443,2022년 4월 10일 23시,일요일,대구광역시 북구 산격동,경상사고,0,0,1,0,차대차 - 측면충돌,안전운전불이행,건조,맑음,교차로 - 교차로안,승용,남,61세,상해없음,승용,남,41세,경상
2022041000100444,2022년 4월 10일 23시,일요일,대구광역시 달서구 이곡동,경상사고,0,0,2,0,차대차 - 측면충돌,안전운전불이행,건조,맑음,단일로 - 기타,승용,남,28세,상해없음,승용,남,31세,경상
2022041100100010,2022년 4월 11일 00시,월요일,대구광역시 동구 용계동,경상사고,0,0,2,0,차대차 - 정면충돌,안전운전불이행,건조,맑음,교차로 - 교차로부근,화물,남,35세,기타불명,승용,여,29세,경상
2022041100100017,2022년 4월 11일 01시,월요일,대구광역시 달서구 신당동,경상사고,0,0,1,0,차대차 - 측면충돌,안전운전불이행,건조,흐림,교차로 - 교차로안,승용,남,30세,상해없음,승용,남,49세,경상
2022041100100026,2022년 4월 11일 04시,월요일,대구광역시 달서구 유천동,중상사고,0,1,0,0,차대사람 - 횡단중,보행자보호의무위반,건조,흐림,교차로 - 교차로횡단보도내,승용,남,70세,상해없음,보행자,남,51세,중상
2022041100100043,2022년 4월 11일 06시,월요일,대구광역시 동구 효목동,경상사고,0,0,1,0,차대차 - 측면충돌,안전운전불이행,건조,맑음,단일로 - 기타,화물,남,54세,상해없음,화물,남,64세,경상
2022041100100062,2022년 4월 11일 07시,월요일,대구광역시 동구 신천동,중상사고,0,1,0,0,차대차 - 측면충돌,신호위반,건조,맑음,단일로 - 기타,승용,남,33세,상해없음,이륜,남,25세,중상
2022041100100105,2022년 4월 11일 08시,월요일,대구광역시 남구 대명동,중상사고,0,2,2,0,차대차 - 측면충돌,신호위반,건조,맑음,교차로 - 교차로안,승용,여,24세,상해없음,승용,남,69세,경상
2022041100100144,2022년 4월 11일 09시,월요일,대구광역시 동구 방촌동,경상사고,0,0,1,0,차대차 - 기타,안전운전불이행,건조,맑음,단일로 - 기타,승용,남,45세,상해없음,자전거,남,82세,경상
2022041100100145,2022년 4월 11일 09시,월요일,대구광역시 달서구 송현동,경상사고,0,0,1,0,차대차 - 측면충돌,안전운전불이행,건조,맑음,단일로 - 기타,승용,여,41세,상해없음,승용,여,23세,경상
2022041100100190,2022년 4월 11일 10시,월요일,대구광역시 남구 대명동,경상사고,0,0,1,0,차대사람 - 기타,안전운전불이행,건조,맑음,단일로 - 기타,이륜,남,24세,상해없음,보행자,남,39세,경상
2022041100100209,2022년 4월 11일 11시,월요일,대구광역시 북구 검단동,중상사고,0,1,0,0,차대차 - 측면충돌,안전운전불이행,건조,맑음,단일로 - 기타,화물,남,64세,상해없음,승용,여,43세,중상
2022041100100212,2022년 4월 11일 11시,월요일,대구광역시 달서구 도원동,경상사고,0,0,1,0,차량단독 - 공작물충돌,안전운전불이행,건조,맑음,단일로 - 기타,화물,남,47세,경상,,,,
2022041100100247,2022년 4월 11일 12시,월요일,대구광역시 남구 대명동,경상사고,0,0,1,0,차대차 - 측면충돌,안전운전불이행,건조,맑음,단일로 - 기타,승용,여,19세,상해없음,이륜,남,26세,경상
2022041100100248,2022년 4월 11일 12시,월요일,대구광역시 달서구 상인동,중상사고,0,1,0,0,차대차 - 측면충돌,안전거리미확보,건조,맑음,교차로 - 교차로부근,승용,여,48세,기타불명,승용,남,35세,중상
2022041100100249,2022년 4월 11일 12시,월요일,대구광역시 북구 학정동,경상사고,0,0,2,0,차대차 - 측면충돌,교차로운행방법위반,건조,맑음,교차로 - 교차로안,승용,남,70세,상해없음,승용,남,70세,경상
2022041100100284,2022년 4월 11일 13시,월요일,대구광역시 남구 대명동,경상사고,0,0,1,0,차대사람 - 기타,안전운전불이행,건조,맑음,단일로 - 기타,승용,여,28세,상해없음,보행자,남,19세,경상
2022041100100285,2022년 4월 11일 13시,월요일,대구광역시 수성구 대흥동,중상사고,0,1,1,0,차대차 - 추돌,안전운전불이행,건조,맑음,단일로 - 기타,승용,여,57세,상해없음,승용,여,43세,중상
2022041100100286,2022년 4월 11일 13시,월요일,대구광역시 북구 산격동,부상신고사고,0,0,0,1,차대차 - 측면충돌,안전운전불이행,건조,맑음,교차로 - 교차로부근,이륜,남,35세,부상신고,승용,남,57세,상해없음
2022041100100314,2022년 4월 11일 14시,월요일,대구광역시 달서구 대천동,경상사고,0,0,1,0,차대사람 - 보도통행중,기타,건조,맑음,기타 - 기타,승용,여,38세,상해없음,보행자,남,66세,경상
2022041100100353,2022년 4월 11일 15시,월요일,대구광역시 동구 방촌동,경상사고,0,0,1,0,차대사람 - 횡단중,안전운전불이행,건조,맑음,교차로 - 교차로부근,화물,여,60세,기타불명,보행자,여,47세,경상
2022041100100355,2022년 4월 11일 15시,월요일,대구광역시 달서구 장기동,경상사고,0,0,1,0,차대차 - 측면충돌,교차로운행방법위반,건조,맑음,교차로 - 교차로안,승용,여,47세,상해없음,화물,남,57세,경상
2022041100100389,2022년 4월 11일 16시,월요일,대구광역시 북구 복현동,중상사고,0,1,0,0,차대사람 - 횡단중,안전운전불이행,건조,맑음,단일로 - 기타,승용,남,54세,상해없음,보행자,여,72세,중상
2022041100100390,2022년 4월 11일 16시,월요일,대구광역시 달서구 장기동,경상사고,0,0,3,0,차대차 - 기타,안전거리미확보,건조,맑음,기타 - 기타,승용,여,23세,경상,승용,남,26세,경상
2022041100100437,2022년 4월 11일 17시,월요일,대구광역시 수성구 범어동,중상사고,0,1,0,0,차대차 - 추돌,교차로운행방법위반,건조,맑음,교차로 - 교차로안,화물,남,59세,기타불명,승용,여,44세,중상
2022041100100473,2022년 4월 11일 18시,월요일,대구광역시 남구 대명동,경상사고,0,0,2,0,차대차 - 후진중충돌,안전운전불이행,건조,맑음,단일로 - 기타,화물,여,71세,상해없음,이륜,남,20세,경상
2022041100100474,2022년 4월 11일 18시,월요일,대구광역시 동구 신천동,경상사고,0,0,1,0,차대차 - 측면충돌,안전운전불이행,건조,맑음,교차로 - 교차로횡단보도내,승용,남,53세,상해없음,자전거,남,8세,경상
2022041100100475,2022년 4월 11일 18시,월요일,대구광역시 수성구 범어동,중상사고,0,1,0,0,차대사람 - 횡단중,신호위반,건조,맑음,단일로 - 기타,승용,남,55세,상해없음,보행자,여,53세,중상
2022041100100476,2022년 4월 11일 18시,월요일,대구광역시 북구 산격동,경상사고,0,0,2,0,차대차 - 추돌,안전운전불이행,건조,맑음,단일로 - 기타,승용,여,25세,상해없음,승용,여,42세,경상
2022041100100507,2022년 4월 11일 19시,월요일,대구광역시 달서구 월성동,경상사고,0,0,1,0,차대차 - 기타,차로위반,건조,맑음,단일로 - 기타,승용,여,57세,상해없음,승용,남,67세,상해없음
2022041100100508,2022년 4월 11일 19시,월요일,대구광역시 달성군 다사읍,경상사고,0,0,1,0,차대차 - 기타,중앙선침범,건조,맑음,단일로 - 기타,승용,여,57세,상해없음,이륜,남,30세,경상
2022041100100509,2022년 4월 11일 19시,월요일,대구광역시 북구 산격동,경상사고,0,0,3,0,차대차 - 추돌,안전거리미확보,건조,맑음,단일로 - 기타,이륜,남,51세,경상,승용,남,25세,경상
2022041100100541,2022년 4월 11일 20시,월요일,대구광역시 남구 대명동,경상사고,0,0,1,0,차대차 - 추돌,안전운전불이행,건조,맑음,단일로 - 기타,승용,남,66세,상해없음,승용,남,35세,경상
2022041100100542,2022년 4월 11일 20시,월요일,대구광역시 달서구 송현동,경상사고,0,0,1,0,차대사람 - 차도통행중,안전운전불이행,건조,맑음,단일로 - 지하차도(도로)내,승용,남,65세,상해없음,보행자,남,42세,경상
2022041100100568,2022년 4월 11일 21시,월요일,대구광역시 수성구 파동,경상사고,0,0,1,0,차대차 - 측면충돌,안전운전불이행,건조,맑음,교차로 - 교차로안,자전거,남,18세,경상,승용,여,64세,상해없음
2022041100100587,2022년 4월 11일 22시,월요일,대구광역시 동구 각산동,중상사고,0,1,0,0,차대차 - 측면충돌,안전운전불이행,건조,맑음,교차로 - 교차로횡단보도내,승용,남,42세,상해없음,자전거,남,57세,중상
2022041100100588,2022년 4월 11일 22시,월요일,대구광역시 수성구 사월동,경상사고,0,0,1,0,차대차 - 측면충돌,안전운전불이행,건조,맑음,교차로 - 교차로안,승용,여,52세,상해없음,자전거,남,38세,경상
2022041200100026,2022년 4월 12일 01시,화요일,대구광역시 북구 동변동,경상사고,0,0,1,0,차대사람 - 길가장자리구역통행중,안전운전불이행,건조,맑음,단일로 - 지하차도(도로)내,승용,남,55세,상해없음,보행자,남,25세,경상
2022041200100110,2022년 4월 12일 08시,화요일,대구광역시 달서구 갈산동,경상사고,0,0,1,0,차대차 - 측면충돌,안전운전불이행,건조,맑음,단일로 - 기타,승용,남,52세,상해없음,승용,남,31세,경상
2022041200100111,2022년 4월 12일 08시,화요일,대구광역시 북구 서변동,경상사고,0,0,6,0,차대차 - 추돌,기타,건조,맑음,단일로 - 기타,승합,남,47세,상해없음,승용,남,36세,경상
2022041200100143,2022년 4월 12일 09시,화요일,대구광역시 남구 대명동,경상사고,0,0,2,0,차대차 - 측면충돌,안전운전불이행,건조,맑음,교차로 - 교차로안,승용,남,22세,경상,승용,여,30세,경상
2022041200100144,2022년 4월 12일 09시,화요일,대구광역시 수성구 수성동2가,경상사고,0,0,1,0,차대차 - 추돌,안전거리미확보,건조,맑음,단일로 - 기타,승용,남,67세,상해없음,승용,남,43세,경상
2022041200100145,2022년 4월 12일 09시,화요일,대구광역시 서구 내당동,경상사고,0,0,2,0,차대차 - 측면충돌,안전운전불이행,건조,맑음,단일로 - 기타,건설기계,남,38세,경상,승용,남,68세,경상
2022041200100178,2022년 4월 12일 10시,화요일,대구광역시 달서구 두류동,경상사고,0,0,1,0,차대차 - 기타,안전운전불이행,건조,맑음,단일로 - 기타,화물,남,42세,상해없음,승합,남,58세,상해없음
2022041200100258,2022년 4월 12일 13시,화요일,대구광역시 수성구 황금동,경상사고,0,0,1,1,차대차 - 측면충돌,교차로운행방법위반,건조,맑음,교차로 - 교차로부근,승용,남,62세,부상신고,승용,남,33세,경상
2022041200100259,2022년 4월 12일 13시,화요일,대구광역시 달성군 다사읍,중상사고,0,1,0,0,차대차 - 기타,안전운전불이행,건조,맑음,단일로 - 기타,승용,남,49세,상해없음,자전거,남,73세,중상
2022041200100260,2022년 4월 12일 13시,화요일,대구광역시 북구 산격동,경상사고,0,0,1,0,차대차 - 추돌,안전거리미확보,건조,맑음,교차로 - 교차로안,승용,남,54세,상해없음,이륜,남,33세,경상
2022041200100288,2022년 4월 12일 14시,화요일,대구광역시 동구 금강동,부상신고사고,0,0,0,1,차량단독 - 공작물충돌,안전운전불이행,건조,맑음,단일로 - 기타,화물,남,59세,부상신고,,,,
2022041200100312,2022년 4월 12일 15시,화요일,대구광역시 달서구 진천동,경상사고,0,0,1,0,차대사람 - 횡단중,보행자보호의무위반,건조,맑음,교차로 - 교차로횡단보도내,승용,여,33세,상해없음,보행자,여,60세,경상
2022041200100349,2022년 4월 12일 16시,화요일,대구광역시 달성군 다사읍,경상사고,0,0,1,0,차대사람 - 횡단중,보행자보호의무위반,건조,맑음,교차로 - 교차로횡단보도내,승용,여,35세,상해없음,보행자,여,12세,경상
2022041200100350,2022년 4월 12일 16시,화요일,대구광역시 달성군 옥포읍,경상사고,0,0,1,0,차대차 - 추돌,안전운전불이행,건조,맑음,단일로 - 기타,승용,남,45세,기타불명,승용,남,51세,경상
2022041200100351,2022년 4월 12일 16시,화요일,대구광역시 북구 침산동,중상사고,0,1,0,0,차대차 - 측면충돌,교차로운행방법위반,건조,맑음,교차로 - 교차로부근,승용,여,42세,상해없음,이륜,남,52세,중상
2022041200100398,2022년 4월 12일 17시,화요일,대구광역시 달서구 본동,경상사고,0,0,2,0,차대차 - 측면충돌,안전거리미확보,건조,맑음,단일로 - 기타,승용,남,62세,상해없음,승용,여,69세,경상
2022041200100436,2022년 4월 12일 18시,화요일,대구광역시 수성구 황금동,경상사고,0,0,1,0,차대차 - 기타,안전거리미확보,건조,맑음,교차로 - 교차로안,승용,남,42세,상해없음,승용,남,33세,경상
2022041200100468,2022년 4월 12일 19시,화요일,대구광역시 동구 불로동,경상사고,0,0,1,0,차대차 - 측면충돌,안전운전불이행,건조,맑음,교차로 - 교차로안,승용,여,64세,상해없음,자전거,남,16세,경상
2022041200100469,2022년 4월 12일 19시,화요일,대구광역시 수성구 성동,중상사고,0,1,0,0,차대차 - 정면충돌,중앙선침범,건조,맑음,단일로 - 기타,승용,남,45세,상해없음,승용,여,23세,중상
2022041200100470,2022년 4월 12일 19시,화요일,대구광역시 수성구 두산동,경상사고,0,0,1,0,차대차 - 추돌,안전운전불이행,건조,맑음,단일로 - 기타,승용,남,20세,상해없음,자전거,남,50세,경상
2022041200100499,2022년 4월 12일 20시,화요일,대구광역시 북구 관음동,경상사고,0,0,1,0,차대사람 - 길가장자리구역통행중,안전운전불이행,건조,맑음,교차로 - 교차로안,이륜,남,16세,상해없음,보행자,남,15세,경상
2022041200100522,2022년 4월 12일 21시,화요일,대구광역시 수성구 범어동,부상신고사고,0,0,0,1,차대차 - 기타,교차로운행방법위반,건조,맑음,교차로 - 교차로안,개인형이동수단(PM),남,53세,부상신고,승용,남,65세,상해없음
2022041200100523,2022년 4월 12일 21시,화요일,대구광역시 수성구 황금동,중상사고,0,1,2,0,차대차 - 추돌,안전운전불이행,건조,맑음,단일로 - 기타,승용,남,47세,상해없음,승용,남,50세,중상
2022041200100572,2022년 4월 12일 23시,화요일,대구광역시 동구 신천동,경상사고,0,0,1,0,차대차 - 측면충돌,안전운전불이행,건조,맑음,단일로 - 지하차도(도로)내,이륜,여,30세,경상,이륜,남,40세,상해없음
2022041200100573,2022년 4월 12일 23시,화요일,대구광역시 서구 비산동,경상사고,0,0,1,0,차대사람 - 기타,기타,건조,맑음,단일로 - 기타,승용,남,24세,기타불명,보행자,여,17세,경상
2022041200100574,2022년 4월 12일 23시,화요일,대구광역시 달서구 신당동,경상사고,0,0,1,0,차대차 - 기타,안전운전불이행,건조,맑음,교차로 - 교차로안,이륜,남,28세,경상,승용,남,34세,상해없음
2022041300100045,2022년 4월 13일 06시,수요일,대구광역시 달서구 감삼동,중상사고,0,1,0,0,차대차 - 추돌,안전운전불이행,건조,맑음,교차로 - 교차로부근,승용,여,63세,상해없음,승용,남,68세,중상
2022041300100102,2022년 4월 13일 08시,수요일,대구광역시 달성군 화원읍,중상사고,0,1,0,0,차대차 - 측면충돌,안전운전불이행,건조,맑음,단일로 - 기타,화물,남,55세,상해없음,승용,여,55세,중상
2022041300100107,2022년 4월 13일 08시,수요일,대구광역시 서구 비산동,중상사고,0,1,0,0,차대차 - 기타,신호위반,건조,맑음,교차로 - 교차로부근,승용,여,24세,상해없음,승합,남,63세,상해없음
2022041300100108,2022년 4월 13일 08시,수요일,대구광역시 달서구 용산동,경상사고,0,0,1,0,차대사람 - 횡단중,안전운전불이행,건조,맑음,단일로 - 기타,승용,여,44세,기타불명,보행자,남,21세,경상
2022041300100155,2022년 4월 13일 10시,수요일,대구광역시 수성구 시지동,경상사고,0,0,1,0,차대차 - 기타,안전운전불이행,건조,맑음,단일로 - 기타,승용,남,32세,상해없음,승용,남,39세,경상
2022041300100181,2022년 4월 13일 11시,수요일,대구광역시 동구 신천동,중상사고,0,1,0,0,차대차 - 측면충돌,교차로운행방법위반,건조,맑음,교차로 - 교차로부근,승용,여,49세,기타불명,이륜,남,35세,중상
2022041300100182,2022년 4월 13일 11시,수요일,대구광역시 달서구 진천동,경상사고,0,0,1,0,차대차 - 측면충돌,안전운전불이행,건조,맑음,교차로 - 교차로안,승용,여,47세,상해없음,자전거,여,29세,경상
2022041300100183,2022년 4월 13일 11시,수요일,대구광역시 북구 칠성동2가,부상신고사고,0,0,0,1,차대사람 - 기타,안전운전불이행,건조,맑음,단일로 - 기타,원동기,남,35세,상해없음,보행자,여,79세,부상신고
2022041300100209,2022년 4월 13일 12시,수요일,대구광역시 서구 비산동,중상사고,0,1,0,0,차량단독 - 기타,안전운전불이행,건조,맑음,단일로 - 기타,이륜,남,48세,중상,,,,
2022041300100210,2022년 4월 13일 12시,수요일,대구광역시 중구 삼덕동2가,경상사고,0,0,1,0,차대사람 - 기타,안전운전불이행,건조,맑음,교차로 - 교차로부근,승용,남,75세,상해없음,보행자,여,22세,경상
2022041300100258,2022년 4월 13일 14시,수요일,대구광역시 동구 검사동,경상사고,0,0,2,0,차대차 - 기타,안전운전불이행,건조,맑음,단일로 - 기타,승용,남,71세,상해없음,승용,남,23세,경상
2022041300100326,2022년 4월 13일 16시,수요일,대구광역시 달성군 다사읍,경상사고,0,0,2,0,차대차 - 후진중충돌,안전운전불이행,건조,맑음,단일로 - 기타,승용,여,56세,상해없음,승용,여,31세,경상
2022041300100403,2022년 4월 13일 18시,수요일,대구광역시 수성구 만촌동,경상사고,0,0,3,0,차대차 - 기타,안전운전불이행,건조,맑음,단일로 - 지하차도(도로)내,승용,남,61세,상해없음,승용,남,56세,경상
2022041300100404,2022년 4월 13일 18시,수요일,대구광역시 서구 이현동,경상사고,0,0,1,0,차대차 - 기타,안전운전불이행,건조,맑음,교차로 - 교차로안,자전거,남,22세,경상,승용,남,64세,상해없음
2022041300100405,2022년 4월 13일 18시,수요일,대구광역시 북구 태전동,경상사고,0,0,2,0,차대차 - 측면충돌,안전거리미확보,건조,맑음,단일로 - 고가도로위,승용,남,66세,경상,이륜,여,50세,경상
2022041300100443,2022년 4월 13일 19시,수요일,대구광역시 북구 칠성동1가,사망사고,1,0,0,0,차대사람 - 횡단중,안전운전불이행,건조,맑음,단일로 - 기타,이륜,남,31세,상해없음,보행자,여,64세,사망
2022041300100522,2022년 4월 13일 21시,수요일,대구광역시 달서구 본리동,경상사고,0,0,1,0,차대사람 - 횡단중,안전운전불이행,건조,흐림,교차로 - 교차로횡단보도내,승용,남,31세,기타불명,보행자,남,58세,경상
2022041300100523,2022년 4월 13일 21시,수요일,대구광역시 북구 학정동,경상사고,0,0,1,0,차대차 - 기타,안전거리미확보,젖음/습기,비,단일로 - 기타,화물,남,59세,상해없음,이륜,남,25세,경상
2022041300100544,2022년 4월 13일 22시,수요일,대구광역시 달성군 현풍읍,중상사고,0,1,2,0,차대차 - 기타,안전운전불이행,건조,맑음,교차로 - 교차로부근,승용,남,51세,경상,승용,남,45세,중상
2022041300100545,2022년 4월 13일 22시,수요일,대구광역시 서구 상리동,중상사고,0,1,1,0,차대차 - 정면충돌,중앙선침범,건조,맑음,단일로 - 기타,승용,남,28세,중상,승합,남,40세,경상
2022041300100563,2022년 4월 13일 23시,수요일,대구광역시 수성구 황금동,경상사고,0,0,1,0,차대차 - 기타,중앙선침범,건조,맑음,교차로 - 교차로부근,기타불명,기타불명,미분류,기타불명,이륜,남,25세,경상
2022041400100047,2022년 4월 14일 06시,목요일,대구광역시 남구 대명동,경상사고,0,0,5,0,차대차 - 추돌,안전거리미확보,건조,맑음,교차로 - 교차로부근,승용,남,58세,상해없음,화물,남,61세,경상
2022041400100048,2022년 4월 14일 06시,목요일,대구광역시 수성구 범물동,경상사고,0,0,1,0,차대차 - 기타,안전운전불이행,건조,맑음,단일로 - 기타,화물,남,58세,상해없음,승합,남,59세,경상
2022041400100073,2022년 4월 14일 07시,목요일,대구광역시 동구 효목동,경상사고,0,0,1,0,차대차 - 측면충돌,안전거리미확보,건조,맑음,교차로 - 교차로부근,승용,여,48세,상해없음,승용,남,32세,경상
2022041400100074,2022년 4월 14일 07시,목요일,대구광역시 달성군 논공읍,부상신고사고,0,0,0,1,차대차 - 측면충돌,안전운전불이행,건조,맑음,단일로 - 기타,승용,기타불명,미분류,기타불명,승용,여,26세,부상신고
2022041400100108,2022년 4월 14일 08시,목요일,대구광역시 동구 신암동,경상사고,0,0,1,0,차대차 - 측면충돌,안전운전불이행,건조,맑음,단일로 - 기타,승용,남,36세,상해없음,원동기,남,60세,경상
2022041400100133,2022년 4월 14일 09시,목요일,대구광역시 남구 대명동,중상사고,0,1,0,0,차대사람 - 횡단중,보행자보호의무위반,건조,맑음,기타 - 기타,화물,남,63세,상해없음,보행자,여,69세,중상
2022041400100134,2022년 4월 14일 09시,목요일,대구광역시 북구 매천동,경상사고,0,0,2,0,차대차 - 추돌,안전운전불이행,젖음/습기,흐림,단일로 - 지하차도(도로)내,건설기계,여,62세,상해없음,승용,여,26세,경상
2022041400100155,2022년 4월 14일 10시,목요일,대구광역시 북구 침산동,경상사고,0,0,2,0,차대차 - 측면충돌,안전거리미확보,건조,맑음,교차로 - 교차로안,승용,남,69세,상해없음,건설기계,남,56세,경상
2022041400100184,2022년 4월 14일 11시,목요일,대구광역시 달서구 송현동,경상사고,0,0,1,0,차대차 - 기타,신호위반,건조,맑음,교차로 - 교차로부근,승용,여,24세,상해없음,승용,남,24세,경상
2022041400100185,2022년 4월 14일 11시,목요일,대구광역시 북구 산격동,경상사고,0,0,1,0,차대차 - 추돌,안전운전불이행,건조,맑음,단일로 - 기타,화물,남,59세,상해없음,이륜,남,34세,경상
2022041400100216,2022년 4월 14일 12시,목요일,대구광역시 수성구 지산동,경상사고,0,0,6,0,차대차 - 측면충돌,교차로운행방법위반,건조,맑음,교차로 - 교차로안,승용,남,27세,경상,승용,남,59세,경상
2022041400100217,2022년 4월 14일 12시,목요일,대구광역시 달서구 대곡동,경상사고,0,0,1,0,차대차 - 정면충돌,안전운전불이행,건조,맑음,교차로 - 교차로안,원동기,남,40세,상해없음,승용,남,50세,경상
2022041400100259,2022년 4월 14일 13시,목요일,대구광역시 달서구 본동,경상사고,0,0,2,0,차대차 - 측면충돌,안전거리미확보,건조,맑음,교차로 - 교차로부근,승용,여,31세,상해없음,승용,남,24세,경상
2022041400100260,2022년 4월 14일 13시,목요일,대구광역시 달성군 현풍읍,중상사고,0,1,0,0,차대사람 - 횡단중,안전운전불이행,건조,맑음,단일로 - 기타,이륜,남,39세,상해없음,보행자,여,72세,중상
2022041400100286,2022년 4월 14일 14시,목요일,대구광역시 수성구 중동,경상사고,0,0,2,0,차대차 - 후진중충돌,안전운전불이행,건조,맑음,주차장 - 주차장,승용,여,79세,상해없음,승용,여,51세,경상
2022041400100287,2022년 4월 14일 14시,목요일,대구광역시 북구 침산동,중상사고,0,1,0,0,차대차 - 측면충돌,교차로운행방법위반,건조,맑음,교차로 - 교차로안,승용,남,29세,상해없음,승용,남,41세,중상
2022041400100288,2022년 4월 14일 14시,목요일,대구광역시 서구 원대동3가,중상사고,0,1,0,0,차대사람 - 기타,안전운전불이행,건조,맑음,교차로 - 교차로부근,자전거,남,76세,상해없음,보행자,남,74세,중상
2022041400100289,2022년 4월 14일 14시,목요일,대구광역시 서구 평리동,경상사고,0,0,1,0,차대차 - 기타,안전거리미확보,건조,맑음,단일로 - 기타,승용,남,54세,상해없음,이륜,남,47세,경상
2022041400100311,2022년 4월 14일 15시,목요일,대구광역시 북구 금호동,중상사고,0,2,0,0,차대차 - 추돌,안전거리미확보,건조,맑음,단일로 - 교량,화물,남,49세,상해없음,승용,여,58세,중상
2022041400100381,2022년 4월 14일 17시,목요일,대구광역시 수성구 수성동3가,경상사고,0,0,1,0,차대차 - 추돌,안전거리미확보,건조,맑음,단일로 - 기타,승용,여,63세,상해없음,승용,여,74세,경상
2022041400100382,2022년 4월 14일 17시,목요일,대구광역시 달서구 유천동,경상사고,0,0,3,0,차대차 - 추돌,안전거리미확보,건조,맑음,교차로 - 교차로부근,승용,여,58세,상해없음,승용,남,68세,경상
2022041400100383,2022년 4월 14일 17시,목요일,대구광역시 달서구 대천동,경상사고,0,0,1,0,차대차 - 측면충돌,기타,건조,맑음,단일로 - 기타,승용,여,53세,상해없음,자전거,남,11세,경상
2022041400100413,2022년 4월 14일 18시,목요일,대구광역시 달서구 도원동,중상사고,0,1,0,0,차대차 - 측면충돌,안전운전불이행,건조,맑음,단일로 - 지하차도(도로)내,이륜,남,29세,중상,승용,남,67세,상해없음
2022041400100447,2022년 4월 14일 19시,목요일,대구광역시 동구 율하동,중상사고,0,1,1,0,차대차 - 정면충돌,기타,건조,맑음,교차로 - 교차로안,이륜,남,48세,경상,이륜,남,62세,중상
2022041400100448,2022년 4월 14일 19시,목요일,대구광역시 달성군 유가읍,경상사고,0,0,4,0,차대차 - 측면충돌,신호위반,건조,맑음,교차로 - 교차로안,승용,남,50세,상해없음,승용,남,34세,상해없음
2022041400100466,2022년 4월 14일 20시,목요일,대구광역시 동구 율하동,중상사고,0,1,1,0,차대차 - 측면충돌,신호위반,건조,맑음,교차로 - 교차로안,승용,남,30세,상해없음,승용,남,36세,중상
2022041400100467,2022년 4월 14일 20시,목요일,대구광역시 수성구 지산동,경상사고,0,0,2,0,차대차 - 추돌,안전운전불이행,건조,맑음,교차로 - 교차로부근,승용,여,46세,상해없음,승용,여,38세,경상
2022041400100468,2022년 4월 14일 20시,목요일,대구광역시 북구 금호동,경상사고,0,0,1,0,차대차 - 측면충돌,안전거리미확보,건조,맑음,단일로 - 지하차도(도로)내,승용,남,80세,상해없음,승용,남,29세,경상
2022041400100502,2022년 4월 14일 22시,목요일,대구광역시 북구 산격동,경상사고,0,0,1,0,차대차 - 측면충돌,신호위반,건조,맑음,교차로 - 교차로안,승용,남,54세,상해없음,승용,남,41세,경상
2022041500100011,2022년 4월 15일 00시,금요일,대구광역시 동구 신기동,경상사고,0,0,1,0,차대사람 - 기타,안전운전불이행,건조,맑음,교차로 - 교차로안,승용,남,39세,상해없음,보행자,남,55세,경상
2022041500100019,2022년 4월 15일 03시,금요일,대구광역시 동구 신천동,경상사고,0,0,1,0,차대차 - 기타,신호위반,건조,맑음,교차로 - 교차로안,승용,남,26세,상해없음,승용,남,39세,경상
2022041500100031,2022년 4월 15일 05시,금요일,대구광역시 수성구 만촌동,중상사고,0,1,0,0,차대차 - 기타,신호위반,건조,맑음,교차로 - 교차로안,승용,여,45세,상해없음,승용,여,47세,중상
2022041500100041,2022년 4월 15일 06시,금요일,대구광역시 수성구 지산동,중상사고,0,1,0,0,차대차 - 정면충돌,안전운전불이행,건조,맑음,교차로 - 교차로부근,승용,남,69세,상해없음,자전거,남,68세,중상