사고번호,사고일시,요일,시군구,사고내용,사망자수,중상자수,경상자수,부상신고자수,사고유형,법규위반,노면상태,기상상태,도로형태,가해운전자 차종,가해운전자 성별,가해운전자 연령,가해운전자 상해정도,피해운전자 차종,피해운전자 성별,피해운전자 연령,피해운전자 상해정도
2022041900100019,2022년 4월 19일 01시,화요일,대구광역시 중구 삼덕동2가,경상사고,0,0,3,0,차대차 - 기타,안전운전불이행,건조,맑음,단일로 - 기타,승용,남,46세,상해없음,이륜,남,28세,경상
2022041900100024,2022년 4월 19일 02시,화요일,대구광역시 달성군 다사읍,경상사고,0,0,1,0,차대차 - 기타,안전운전불이행,건조,맑음,단일로 - 기타,승용,남,30세,상해없음,승용,남,52세,경상
2022041900100045,2022년 4월 19일 05시,화요일,대구광역시 수성구 범어동,중상사고,0,1,3,0,차대차 - 기타,신호위반,건조,맑음,단일로 - 기타,승용,남,62세,상해없음,이륜,남,43세,중상
2022041900100080,2022년 4월 19일 07시,화요일,대구광역시 남구 대명동,경상사고,0,0,1,0,차대차 - 추돌,신호위반,건조,맑음,교차로 - 교차로안,승용,남,60세,상해없음,승용,남,44세,경상
2022041900100081,2022년 4월 19일 07시,화요일,대구광역시 수성구 만촌동,중상사고,0,1,0,0,차대차 - 측면충돌,안전운전불이행,건조,맑음,단일로 - 기타,승용,남,63세,상해없음,승합,남,57세,중상
2022041900100125,2022년 4월 19일 08시,화요일,대구광역시 수성구 상동,경상사고,0,0,3,0,차대차 - 후진중충돌,안전운전불이행,건조,맑음,교차로 - 교차로안,화물,남,37세,상해없음,승용,남,29세,경상
2022041900100126,2022년 4월 19일 08시,화요일,대구광역시 달서구 대곡동,중상사고,0,1,1,0,차대차 - 추돌,안전운전불이행,건조,맑음,단일로 - 터널,승용,남,41세,상해없음,화물,남,45세,중상
2022041900100127,2022년 4월 19일 08시,화요일,대구광역시 북구 산격동,경상사고,0,0,1,0,차대차 - 추돌,안전운전불이행,건조,맑음,단일로 - 기타,승용,여,39세,상해없음,승용,남,55세,경상
2022041900100230,2022년 4월 19일 11시,화요일,대구광역시 달서구 본리동,경상사고,0,0,1,0,차대사람 - 보도통행중,기타,건조,맑음,단일로 - 기타,승용,남,52세,상해없음,보행자,남,45세,경상
2022041900100261,2022년 4월 19일 12시,화요일,대구광역시 동구 동호동,경상사고,0,0,1,0,차대차 - 정면충돌,신호위반,건조,맑음,교차로 - 교차로안,승용,남,69세,기타불명,승용,남,44세,경상
2022041900100262,2022년 4월 19일 12시,화요일,대구광역시 동구 신기동,경상사고,0,0,1,0,차대차 - 측면충돌,안전운전불이행,건조,맑음,단일로 - 기타,특수,남,44세,상해없음,자전거,남,86세,경상
2022041900100263,2022년 4월 19일 12시,화요일,대구광역시 달서구 월성동,경상사고,0,0,1,0,차대차 - 측면충돌,안전거리미확보,건조,맑음,기타 - 기타,화물,남,60세,상해없음,승용,여,39세,경상
2022041900100264,2022년 4월 19일 12시,화요일,대구광역시 달성군 화원읍,중상사고,0,1,0,0,차대차 - 기타,안전운전불이행,건조,맑음,단일로 - 기타,승용,여,66세,상해없음,승용,남,46세,중상
2022041900100265,2022년 4월 19일 12시,화요일,대구광역시 서구 비산동,경상사고,0,0,1,0,차대사람 - 기타,안전운전불이행,건조,맑음,단일로 - 기타,승용,남,56세,상해없음,보행자,남,61세,경상
2022041900100266,2022년 4월 19일 12시,화요일,대구광역시 달서구 용산동,경상사고,0,0,1,0,차대차 - 추돌,안전운전불이행,건조,맑음,단일로 - 기타,승용,여,36세,기타불명,승용,여,56세,경상
2022041900100305,2022년 4월 19일 13시,화요일,대구광역시 동구 신암동,경상사고,0,0,4,0,차대차 - 측면충돌,안전거리미확보,건조,맑음,단일로 - 기타,승용,여,35세,경상,승용,남,53세,경상
2022041900100306,2022년 4월 19일 13시,화요일,대구광역시 달서구 송현동,경상사고,0,0,1,0,차대차 - 후진중충돌,안전운전불이행,건조,맑음,교차로 - 교차로안,승용,남,59세,상해없음,이륜,남,55세,경상
2022041900100307,2022년 4월 19일 13시,화요일,대구광역시 달서구 본리동,경상사고,0,0,1,0,차대차 - 기타,안전거리미확보,건조,맑음,단일로 - 기타,승용,남,35세,상해없음,승용,여,32세,경상
2022041900100372,2022년 4월 19일 15시,화요일,대구광역시 동구 신천동,경상사고,0,0,1,0,차대차 - 추돌,안전운전불이행,건조,맑음,교차로 - 교차로부근,승합,남,67세,상해없음,승용,여,31세,경상
2022041900100373,2022년 4월 19일 15시,화요일,대구광역시 달성군 옥포읍,경상사고,0,0,1,1,차대차 - 측면충돌,직진우회전진행방해,건조,맑음,교차로 - 교차로안,승용,남,72세,부상신고,승용,남,41세,경상
2022041900100374,2022년 4월 19일 15시,화요일,대구광역시 북구 산격동,경상사고,0,0,1,0,차대차 - 측면충돌,안전운전불이행,건조,맑음,단일로 - 기타,승용,여,24세,기타불명,승용,남,44세,경상
2022041900100375,2022년 4월 19일 15시,화요일,대구광역시 달서구 용산동,중상사고,0,1,0,0,차대사람 - 횡단중,보행자보호의무위반,건조,맑음,단일로 - 기타,승용,남,44세,상해없음,보행자,여,63세,중상
2022041900100376,2022년 4월 19일 15시,화요일,대구광역시 북구 태전동,경상사고,0,0,1,0,차대차 - 후진중충돌,안전운전불이행,건조,맑음,교차로 - 교차로부근,화물,남,35세,상해없음,승용,남,57세,경상
2022041900100414,2022년 4월 19일 16시,화요일,대구광역시 수성구 두산동,중상사고,0,1,0,0,차대차 - 후진중충돌,안전운전불이행,건조,맑음,단일로 - 기타,건설기계,남,62세,상해없음,이륜,남,29세,중상
2022041900100415,2022년 4월 19일 16시,화요일,대구광역시 북구 노원동3가,경상사고,0,0,2,0,차대차 - 기타,안전운전불이행,건조,맑음,교차로 - 교차로부근,화물,남,53세,기타불명,승용,여,56세,경상
2022041900100416,2022년 4월 19일 16시,화요일,대구광역시 북구 노곡동,경상사고,0,0,1,0,차대차 - 후진중충돌,안전운전불이행,건조,맑음,단일로 - 기타,화물,남,60세,상해없음,승용,여,52세,경상
2022041900100459,2022년 4월 19일 17시,화요일,대구광역시 달성군 논공읍,중상사고,0,1,0,0,차대차 - 기타,안전운전불이행,건조,맑음,교차로 - 교차로안,승용,남,76세,상해없음,이륜,남,44세,중상
2022041900100460,2022년 4월 19일 17시,화요일,대구광역시 북구 태전동,경상사고,0,0,5,0,차대차 - 추돌,안전운전불이행,건조,맑음,단일로 - 지하차도(도로)내,승합,남,53세,상해없음,승용,여,20세,경상
2022041900100508,2022년 4월 19일 18시,화요일,대구광역시 동구 사복동,중상사고,0,1,0,0,차대차 - 기타,안전거리미확보,건조,맑음,단일로 - 기타,승용,여,60세,상해없음,이륜,남,51세,중상
2022041900100509,2022년 4월 19일 18시,화요일,대구광역시 동구 상매동,경상사고,0,0,1,0,차대차 - 측면충돌,교차로운행방법위반,건조,맑음,교차로 - 교차로안,승용,남,40세,상해없음,승용,남,40세,경상
2022041900100510,2022년 4월 19일 18시,화요일,대구광역시 달서구 성당동,경상사고,0,0,1,0,차대사람 - 차도통행중,안전운전불이행,건조,맑음,단일로 - 기타,개인형이동수단(PM),여,18세,상해없음,보행자,여,75세,경상
2022041900100553,2022년 4월 19일 19시,화요일,대구광역시 서구 이현동,경상사고,0,0,1,0,차대차 - 측면충돌,안전운전불이행,건조,맑음,교차로 - 교차로부근,승용,남,60세,상해없음,승용,남,31세,경상
2022041900100582,2022년 4월 19일 20시,화요일,대구광역시 동구 지저동,경상사고,0,0,1,0,차대차 - 측면충돌,안전운전불이행,건조,맑음,단일로 - 기타,화물,남,39세,상해없음,자전거,남,23세,경상
2022041900100605,2022년 4월 19일 21시,화요일,대구광역시 북구 침산동,중상사고,0,1,0,0,차대사람 - 횡단중,안전운전불이행,건조,맑음,교차로 - 교차로횡단보도내,승용,남,56세,상해없음,보행자,여,27세,중상
2022042000100010,2022년 4월 20일 00시,수요일,대구광역시 수성구 수성동1가,중상사고,0,1,1,0,차대차 - 측면충돌,안전거리미확보,건조,맑음,단일로 - 기타,승용,남,51세,상해없음,승용,남,34세,중상
2022042000100042,2022년 4월 20일 05시,수요일,대구광역시 수성구 수성동4가,중상사고,0,1,0,0,차대사람 - 횡단중,안전운전불이행,건조,맑음,교차로 - 교차로안,승용,남,50세,상해없음,보행자,여,80세,중상
2022042000100078,2022년 4월 20일 07시,수요일,대구광역시 중구 동인동1가,경상사고,0,0,1,0,차대차 - 기타,기타,건조,맑음,교차로 - 교차로부근,승용,남,30세,상해없음,승용,여,46세,경상
2022042000100128,2022년 4월 20일 08시,수요일,대구광역시 남구 대명동,중상사고,0,1,0,0,차대사람 - 횡단중,안전운전불이행,건조,맑음,교차로 - 교차로안,화물,남,61세,상해없음,보행자,남,61세,중상
2022042000100129,2022년 4월 20일 08시,수요일,대구광역시 동구 율암동,경상사고,0,0,1,0,차대차 - 측면충돌,신호위반,건조,맑음,교차로 - 교차로안,승용,여,50세,상해없음,승용,여,35세,경상
2022042000100130,2022년 4월 20일 08시,수요일,대구광역시 달서구 진천동,경상사고,0,0,1,0,차대차 - 측면충돌,안전운전불이행,건조,맑음,교차로 - 교차로안,승용,남,67세,상해없음,화물,남,35세,경상
2022042000100131,2022년 4월 20일 08시,수요일,대구광역시 서구 평리동,중상사고,0,1,0,0,차대사람 - 횡단중,안전운전불이행,건조,맑음,교차로 - 교차로안,화물,남,54세,상해없음,보행자,여,68세,중상
2022042000100175,2022년 4월 20일 09시,수요일,대구광역시 달서구 성당동,경상사고,0,0,3,0,차대차 - 측면충돌,신호위반,건조,맑음,교차로 - 교차로안,승용,남,66세,상해없음,승용,여,35세,경상
2022042000100176,2022년 4월 20일 09시,수요일,대구광역시 서구 중리동,중상사고,0,1,0,0,차대차 - 측면충돌,신호위반,건조,맑음,교차로 - 교차로안,승용,여,53세,상해없음,이륜,남,55세,중상
2022042000100206,2022년 4월 20일 10시,수요일,대구광역시 달서구 월성동,경상사고,0,0,2,0,차대차 - 추돌,안전운전불이행,건조,맑음,교차로 - 교차로부근,화물,남,31세,상해없음,승용,남,41세,경상
2022042000100235,2022년 4월 20일 11시,수요일,대구광역시 동구 중대동,경상사고,0,0,2,0,차대차 - 정면충돌,안전거리미확보,건조,맑음,교차로 - 교차로안,승용,남,44세,상해없음,승용,여,47세,경상
2022042000100237,2022년 4월 20일 11시,수요일,대구광역시 달성군 현풍읍,경상사고,0,0,1,0,차대차 - 기타,안전운전불이행,건조,맑음,교차로 - 교차로부근,승용,남,71세,상해없음,승용,여,46세,경상
2022042000100269,2022년 4월 20일 12시,수요일,대구광역시 북구 태전동,경상사고,0,0,3,0,차대차 - 측면충돌,교차로운행방법위반,건조,맑음,교차로 - 교차로안,승용,여,55세,경상,승용,남,21세,경상
2022042000100300,2022년 4월 20일 13시,수요일,대구광역시 북구 대현동,중상사고,0,1,0,0,차대차 - 정면충돌,안전운전불이행,건조,맑음,단일로 - 기타,자전거,남,71세,중상,승용,여,35세,상해없음
2022042000100301,2022년 4월 20일 13시,수요일,대구광역시 중구 삼덕동1가,경상사고,0,0,1,0,차대사람 - 횡단중,신호위반,건조,맑음,단일로 - 기타,승용,여,23세,상해없음,보행자,남,27세,경상
2022042000100302,2022년 4월 20일 13시,수요일,대구광역시 북구 동변동,부상신고사고,0,0,0,1,차대차 - 후진중충돌,안전운전불이행,건조,맑음,단일로 - 교량,승용,남,69세,상해없음,승용,여,47세,부상신고
2022042000100341,2022년 4월 20일 14시,수요일,대구광역시 남구 대명동,경상사고,0,0,1,0,차대차 - 기타,신호위반,건조,맑음,교차로 - 교차로안,승합,여,45세,상해없음,승용,남,50세,경상
2022042000100342,2022년 4월 20일 14시,수요일,대구광역시 달서구 대천동,경상사고,0,0,1,0,차대차 - 측면충돌,신호위반,건조,맑음,교차로 - 교차로안,자전거,남,19세,경상,화물,남,53세,상해없음
2022042000100343,2022년 4월 20일 14시,수요일,대구광역시 달성군 화원읍,중상사고,0,2,0,0,차대차 - 기타,안전운전불이행,건조,맑음,단일로 - 터널,승용,남,26세,상해없음,승용,남,37세,중상
2022042000100344,2022년 4월 20일 14시,수요일,대구광역시 서구 비산동,경상사고,0,0,1,0,차대차 - 측면충돌,안전운전불이행,건조,맑음,기타 - 기타,승용,남,80세,상해없음,자전거,남,53세,경상
2022042000100378,2022년 4월 20일 15시,수요일,대구광역시 동구 도동,중상사고,0,1,0,0,차대차 - 측면충돌,안전운전불이행,건조,맑음,단일로 - 교량,화물,남,50세,상해없음,이륜,남,72세,중상
2022042000100379,2022년 4월 20일 15시,수요일,대구광역시 동구 신기동,경상사고,0,0,1,0,차대차 - 측면충돌,신호위반,건조,맑음,교차로 - 교차로부근,승용,여,41세,상해없음,자전거,남,70세,경상
2022042000100380,2022년 4월 20일 15시,수요일,대구광역시 달서구 월성동,경상사고,0,0,1,0,차대차 - 측면충돌,기타,건조,맑음,단일로 - 기타,승용,여,61세,상해없음,자전거,여,30세,경상
2022042000100409,2022년 4월 20일 16시,수요일,대구광역시 동구 동호동,경상사고,0,0,1,0,차대차 - 측면충돌,안전운전불이행,건조,맑음,교차로 - 교차로안,승용,남,67세,상해없음,원동기,남,45세,경상
2022042000100410,2022년 4월 20일 16시,수요일,대구광역시 달서구 유천동,부상신고사고,0,0,0,1,차대사람 - 보도통행중,보행자보호의무위반,건조,맑음,교차로 - 교차로횡단보도내,개인형이동수단(PM),여,16세,상해없음,보행자,남,12세,부상신고
2022042000100441,2022년 4월 20일 17시,수요일,대구광역시 달성군 현풍읍,경상사고,0,0,1,0,차대사람 - 기타,안전운전불이행,건조,맑음,단일로 - 기타,승용,남,72세,상해없음,보행자,여,58세,경상
2022042000100442,2022년 4월 20일 17시,수요일,대구광역시 달서구 신당동,경상사고,0,0,1,0,차대차 - 측면충돌,차로위반,건조,맑음,단일로 - 기타,승용,여,65세,상해없음,승용,여,56세,경상
2022042000100483,2022년 4월 20일 18시,수요일,대구광역시 수성구 연호동,경상사고,0,0,1,0,차대차 - 추돌,안전운전불이행,건조,맑음,단일로 - 기타,승용,남,64세,상해없음,승용,여,55세,경상
2022042000100484,2022년 4월 20일 18시,수요일,대구광역시 달서구 송현동,중상사고,0,1,0,0,차대차 - 측면충돌,신호위반,건조,맑음,교차로 - 교차로횡단보도내,승용,여,55세,상해없음,개인형이동수단(PM),남,44세,중상
2022042000100485,2022년 4월 20일 18시,수요일,대구광역시 북구 칠성동2가,경상사고,0,0,3,0,차대차 - 기타,안전운전불이행,건조,맑음,교차로 - 교차로부근,승용,여,54세,상해없음,승합,남,62세,상해없음
2022042000100486,2022년 4월 20일 18시,수요일,대구광역시 중구 태평로3가,중상사고,0,1,0,0,차대차 - 측면충돌,안전운전불이행,건조,맑음,단일로 - 기타,화물,남,63세,상해없음,이륜,남,28세,중상
2022042000100529,2022년 4월 20일 19시,수요일,대구광역시 달서구 월성동,경상사고,0,0,2,0,차대차 - 측면충돌,신호위반,건조,맑음,교차로 - 교차로안,승용,남,59세,상해없음,승용,남,45세,경상
2022042000100559,2022년 4월 20일 20시,수요일,대구광역시 남구 봉덕동,경상사고,0,0,1,0,차대차 - 기타,안전거리미확보,건조,맑음,단일로 - 기타,승용,남,69세,상해없음,승용,남,39세,경상
2022042000100560,2022년 4월 20일 20시,수요일,대구광역시 수성구 만촌동,경상사고,0,0,1,0,차대차 - 추돌,신호위반,건조,맑음,교차로 - 교차로부근,승용,남,33세,상해없음,이륜,남,36세,경상
2022042000100561,2022년 4월 20일 20시,수요일,대구광역시 서구 비산동,중상사고,0,1,0,0,차대차 - 측면충돌,안전운전불이행,건조,맑음,교차로 - 교차로안,승용,여,39세,상해없음,이륜,남,65세,중상
2022042000100599,2022년 4월 20일 22시,수요일,대구광역시 수성구 지산동,경상사고,0,0,1,0,차대차 - 측면충돌,안전거리미확보,젖음/습기,흐림,단일로 - 기타,승용,남,30세,상해없음,승용,남,28세,경상
2022042000100600,2022년 4월 20일 22시,수요일,대구광역시 달서구 상인동,부상신고사고,0,0,0,1,차대사람 - 기타,안전운전불이행,건조,맑음,단일로 - 기타,승용,여,23세,상해없음,보행자,남,24세,부상신고
2022042000100601,2022년 4월 20일 22시,수요일,대구광역시 남구 대명동,경상사고,0,0,1,0,차대차 - 추돌,안전운전불이행,건조,맑음,단일로 - 기타,승용,여,37세,상해없음,승용,여,46세,경상
2022042000100624,2022년 4월 20일 23시,수요일,대구광역시 동구 각산동,경상사고,0,0,1,0,차대차 - 기타,신호위반,건조,맑음,교차로 - 교차로안,승용,남,40세,상해없음,승용,여,62세,경상
2022042100100047,2022년 4월 21일 06시,목요일,대구광역시 수성구 중동,경상사고,0,0,1,0,차대차 - 기타,안전운전불이행,건조,맑음,단일로 - 기타,화물,남,42세,상해없음,자전거,남,80세,경상
2022042100100093,2022년 4월 21일 08시,목요일,대구광역시 서구 이현동,부상신고사고,0,0,0,1,차대차 - 측면충돌,안전운전불이행,건조,맑음,단일로 - 기타,이륜,여,57세,부상신고,승용,남,57세,상해없음
2022042100100135,2022년 4월 21일 09시,목요일,대구광역시 달서구 도원동,경상사고,0,0,1,0,차대차 - 측면충돌,안전거리미확보,건조,맑음,단일로 - 기타,승용,여,65세,상해없음,승용,남,33세,경상
2022042100100161,2022년 4월 21일 10시,목요일,대구광역시 달서구 월성동,경상사고,0,0,1,0,차대차 - 측면충돌,안전운전불이행,건조,맑음,단일로 - 기타,승용,남,38세,경상,승용,남,50세,상해없음
2022042100100188,2022년 4월 21일 11시,목요일,대구광역시 동구 신암동,부상신고사고,0,0,0,1,차대차 - 측면충돌,안전운전불이행,건조,맑음,교차로 - 교차로안,이륜,남,26세,부상신고,승용,남,40세,상해없음
2022042100100189,2022년 4월 21일 11시,목요일,대구광역시 달서구 죽전동,중상사고,0,1,0,0,차대차 - 측면충돌,안전거리미확보,건조,흐림,단일로 - 기타,개인형이동수단(PM),남,28세,중상,승용,남,30세,상해없음
2022042100100214,2022년 4월 21일 12시,목요일,대구광역시 달서구 상인동,부상신고사고,0,0,0,2,차대차 - 측면충돌,직진우회전진행방해,건조,맑음,교차로 - 교차로안,이륜,남,17세,부상신고,화물,남,65세,상해없음
2022042100100215,2022년 4월 21일 12시,목요일,대구광역시 달서구 두류동,경상사고,0,0,1,0,차대차 - 측면충돌,안전운전불이행,건조,맑음,단일로 - 기타,승용,여,53세,상해없음,이륜,남,67세,경상
2022042100100216,2022년 4월 21일 12시,목요일,대구광역시 북구 서변동,경상사고,0,0,1,1,차대차 - 측면충돌,안전거리미확보,건조,맑음,단일로 - 지하차도(도로)내,승용,남,23세,상해없음,승합,남,26세,상해없음
2022042100100243,2022년 4월 21일 13시,목요일,대구광역시 동구 신천동,경상사고,0,0,1,0,차대사람 - 기타,안전운전불이행,건조,맑음,단일로 - 기타,승용,남,64세,상해없음,보행자,남,28세,경상
2022042100100266,2022년 4월 21일 14시,목요일,대구광역시 달서구 유천동,경상사고,0,0,1,0,차대차 - 측면충돌,안전운전불이행,젖음/습기,비,교차로 - 교차로횡단보도내,이륜,남,58세,상해없음,자전거,남,8세,경상
2022042100100267,2022년 4월 21일 14시,목요일,대구광역시 달성군 구지면,경상사고,0,0,1,0,차량단독 - 도로외이탈 - 기타,안전운전불이행,젖음/습기,비,기타 - 기타,승용,여,51세,경상,,,,
2022042100100268,2022년 4월 21일 14시,목요일,대구광역시 중구 서문로1가,경상사고,0,0,1,0,차대차 - 측면충돌,안전운전불이행,건조,맑음,단일로 - 기타,개인형이동수단(PM),남,82세,경상,승용,남,53세,상해없음
2022042100100298,2022년 4월 21일 15시,목요일,대구광역시 동구 동호동,부상신고사고,0,0,0,1,차대차 - 기타,안전운전불이행,건조,맑음,교차로 - 교차로안,이륜,남,24세,부상신고,승용,여,37세,상해없음
2022042100100299,2022년 4월 21일 15시,목요일,대구광역시 중구 덕산동,경상사고,0,0,2,1,차대차 - 측면충돌,안전거리미확보,건조,맑음,단일로 - 기타,화물,남,27세,부상신고,승용,남,40세,경상
2022042100100300,2022년 4월 21일 15시,목요일,대구광역시 달서구 호산동,중상사고,0,2,0,0,차대차 - 측면충돌,직진우회전진행방해,젖음/습기,비,교차로 - 교차로안,승용,여,29세,중상,승용,여,61세,중상
2022042100100301,2022년 4월 21일 15시,목요일,대구광역시 북구 매천동,중상사고,0,1,0,0,차대차 - 후진중충돌,안전운전불이행,건조,맑음,단일로 - 기타,이륜,남,61세,중상,승용,여,65세,상해없음
2022042100100339,2022년 4월 21일 16시,목요일,대구광역시 서구 중리동,중상사고,0,1,0,0,차대차 - 측면충돌,안전운전불이행,건조,흐림,단일로 - 고가도로위,화물,남,59세,상해없음,자전거,남,59세,중상
2022042100100340,2022년 4월 21일 16시,목요일,대구광역시 서구 내당동,경상사고,0,0,1,0,차대차 - 기타,안전운전불이행,건조,맑음,단일로 - 기타,이륜,남,64세,상해없음,승용,남,54세,경상
2022042100100341,2022년 4월 21일 16시,목요일,대구광역시 달서구 장기동,경상사고,0,0,1,0,차대차 - 측면충돌,안전거리미확보,건조,맑음,단일로 - 기타,승용,남,53세,상해없음,개인형이동수단(PM),여,21세,경상
2022042100100377,2022년 4월 21일 17시,목요일,대구광역시 달서구 상인동,경상사고,0,0,2,0,차대차 - 후진중충돌,불법유턴,건조,맑음,단일로 - 지하차도(도로)내,화물,남,57세,상해없음,승용,여,40세,경상
2022042100100419,2022년 4월 21일 18시,목요일,대구광역시 남구 봉덕동,경상사고,0,0,1,0,차대차 - 측면충돌,차로위반,건조,맑음,교차로 - 교차로안,승용,남,66세,상해없음,승용,남,50세,경상
2022042100100420,2022년 4월 21일 18시,목요일,대구광역시 동구 신암동,경상사고,0,0,4,0,차대차 - 측면충돌,차로위반,건조,맑음,단일로 - 기타,승용,남,24세,상해없음,승용,여,57세,경상
2022042100100421,2022년 4월 21일 18시,목요일,대구광역시 달서구 이곡동,경상사고,0,0,1,0,차대차 - 기타,안전운전불이행,건조,맑음,단일로 - 기타,이륜,남,25세,경상,승용,남,36세,상해없음
2022042100100422,2022년 4월 21일 18시,목요일,대구광역시 북구 읍내동,경상사고,0,0,1,0,차대차 - 측면충돌,안전운전불이행,건조,맑음,단일로 - 기타,이륜,남,48세,경상,승용,여,48세,상해없음
2022042100100450,2022년 4월 21일 19시,목요일,대구광역시 동구 신암동,경상사고,0,0,1,0,차대차 - 측면충돌,신호위반,건조,맑음,교차로 - 교차로안,승용,남,52세,상해없음,원동기,남,40세,상해없음
2022042100100487,2022년 4월 21일 20시,목요일,대구광역시 남구 대명동,경상사고,0,0,1,0,차대사람 - 기타,안전운전불이행,건조,맑음,단일로 - 기타,승용,남,44세,상해없음,보행자,남,51세,경상
2022042100100488,2022년 4월 21일 20시,목요일,대구광역시 달성군 화원읍,중상사고,0,1,0,0,차대차 - 측면충돌,안전운전불이행,건조,맑음,교차로 - 교차로부근,승용,남,48세,상해없음,이륜,남,26세,중상
2022042100100563,2022년 4월 21일 23시,목요일,대구광역시 동구 지저동,경상사고,0,0,3,0,차대차 - 추돌,안전운전불이행,건조,맑음,단일로 - 기타,승용,남,45세,상해없음,승용,남,59세,경상
2022042200100020,2022년 4월 22일 01시,금요일,대구광역시 서구 중리동,경상사고,0,0,1,0,차대차 - 측면충돌,기타,건조,맑음,단일로 - 기타,승용,남,58세,상해없음,승용,남,19세,상해없음
2022042200100049,2022년 4월 22일 05시,금요일,대구광역시 동구 신암동,경상사고,0,0,1,0,차대차 - 기타,신호위반,건조,맑음,교차로 - 교차로안,이륜,기타불명,미분류,기타불명,승용,남,72세,경상
2022042200100076,2022년 4월 22일 07시,금요일,대구광역시 달서구 상인동,경상사고,0,0,2,0,차대차 - 측면충돌,안전거리미확보,건조,맑음,기타 - 기타,승용,여,42세,경상,승용,남,38세,경상
2022042200100137,2022년 4월 22일 09시,금요일,대구광역시 수성구 범어동,경상사고,0,0,2,0,차대차 - 기타,안전운전불이행,건조,맑음,교차로 - 교차로안,승용,여,61세,경상,승용,여,48세,경상
2022042200100138,2022년 4월 22일 09시,금요일,대구광역시 달서구 유천동,경상사고,0,0,1,0,차대차 - 측면충돌,안전운전불이행,건조,맑음,단일로 - 지하차도(도로)내,승용,여,39세,상해없음,승용,남,31세,경상
2022042200100157,2022년 4월 22일 10시,금요일,대구광역시 동구 신암동,중상사고,0,1,0,0,차대사람 - 횡단중,안전운전불이행,건조,맑음,단일로 - 기타,건설기계,남,51세,상해없음,보행자,남,87세,중상
2022042200100185,2022년 4월 22일 11시,금요일,대구광역시 수성구 만촌동,경상사고,0,0,1,0,차대차 - 추돌,안전운전불이행,건조,맑음,단일로 - 기타,승용,여,77세,상해없음,이륜,남,51세,경상
2022042200100186,2022년 4월 22일 11시,금요일,대구광역시 중구 북성로1가,중상사고,0,1,0,0,차대사람 - 차도통행중,중앙선침범,건조,맑음,단일로 - 기타,화물,남,54세,상해없음,보행자,여,60세,중상
2022042200100187,2022년 4월 22일 11시,금요일,대구광역시 북구 관음동,중상사고,0,1,0,0,차대차 - 추돌,안전운전불이행,건조,맑음,교차로 - 교차로안,자전거,여,58세,중상,이륜,남,23세,상해없음
2022042200100245,2022년 4월 22일 13시,금요일,대구광역시 북구 복현동,경상사고,0,0,1,0,차대차 - 측면충돌,안전운전불이행,건조,맑음,교차로 - 교차로안,승용,남,72세,상해없음,승합,남,38세,상해없음
2022042200100282,2022년 4월 22일 14시,금요일,대구광역시 동구 신천동,경상사고,0,0,1,0,차대차 - 측면충돌,중앙선침범,건조,맑음,단일로 - 기타,개인형이동수단(PM),여,23세,경상,승용,여,54세,상해없음
2022042200100313,2022년 4월 22일 15시,금요일,대구광역시 수성구 연호동,경상사고,0,0,3,0,차대차 - 추돌,안전운전불이행,건조,맑음,단일로 - 기타,화물,남,56세,경상,화물,남,57세,경상
2022042200100314,2022년 4월 22일 15시,금요일,대구광역시 수성구 삼덕동,경상사고,0,0,1,0,차대차 - 추돌,안전운전불이행,건조,맑음,단일로 - 기타,승용,남,38세,기타불명,화물,남,56세,경상
2022042200100352,2022년 4월 22일 16시,금요일,대구광역시 동구 율하동,경상사고,0,0,1,0,차대사람 - 차도통행중,안전운전불이행,건조,맑음,단일로 - 기타,승합,남,66세,상해없음,보행자,남,6세,경상
2022042200100353,2022년 4월 22일 16시,금요일,대구광역시 북구 노원동3가,경상사고,0,0,1,0,차대차 - 측면충돌,안전운전불이행,건조,맑음,단일로 - 기타,이륜,여,56세,상해없음,자전거,여,75세,경상
2022042200100354,2022년 4월 22일 16시,금요일,대구광역시 서구 비산동,경상사고,0,0,1,0,차대차 - 측면충돌,안전거리미확보,건조,맑음,교차로 - 교차로부근,승합,남,55세,상해없음,승합,남,62세,상해없음
2022042200100401,2022년 4월 22일 17시,금요일,대구광역시 동구 효목동,경상사고,0,0,2,0,차대차 - 추돌,안전거리미확보,건조,맑음,교차로 - 교차로안,승용,여,27세,상해없음,승용,남,26세,경상
2022042200100402,2022년 4월 22일 17시,금요일,대구광역시 수성구 범어동,경상사고,0,0,2,0,차대차 - 측면충돌,안전운전불이행,건조,맑음,교차로 - 교차로안,승용,여,48세,상해없음,승용,남,37세,경상
2022042200100403,2022년 4월 22일 17시,금요일,대구광역시 달서구 상인동,경상사고,0,0,3,0,차대차 - 추돌,안전거리미확보,건조,맑음,단일로 - 기타,화물,남,25세,경상,승용,남,56세,경상
2022042200100404,2022년 4월 22일 17시,금요일,대구광역시 달성군 현풍읍,중상사고,0,1,0,0,차대차 - 기타,안전운전불이행,건조,맑음,단일로 - 기타,이륜,남,32세,중상,승용,남,50세,상해없음
2022042200100405,2022년 4월 22일 17시,금요일,대구광역시 북구 산격동,경상사고,0,0,1,0,차대차 - 기타,안전운전불이행,건조,맑음,단일로 - 기타,승용,여,39세,상해없음,승용,남,59세,경상