사고번호,사고일시,요일,시군구,사고내용,사망자수,중상자수,경상자수,부상신고자수,사고유형,법규위반,노면상태,기상상태,도로형태,가해운전자 차종,가해운전자 성별,가해운전자 연령,가해운전자 상해정도,피해운전자 차종,피해운전자 성별,피해운전자 연령,피해운전자 상해정도
2022042200100443,2022년 4월 22일 18시,금요일,대구광역시 동구 율암동,경상사고,0,0,1,0,차대차 - 측면충돌,직진우회전진행방해,건조,맑음,교차로 - 교차로안,이륜,남,70세,경상,화물,남,65세,상해없음
2022042200100444,2022년 4월 22일 18시,금요일,대구광역시 중구 대신동,경상사고,0,0,1,0,차대사람 - 길가장자리구역통행중,안전운전불이행,건조,맑음,교차로 - 교차로안,승용,남,58세,상해없음,보행자,남,62세,경상
2022042200100445,2022년 4월 22일 18시,금요일,대구광역시 달서구 이곡동,중상사고,0,1,0,0,차대차 - 측면충돌,중앙선침범,건조,맑음,단일로 - 기타,승용,남,29세,상해없음,이륜,남,34세,중상
2022042200100446,2022년 4월 22일 18시,금요일,대구광역시 북구 서변동,경상사고,0,0,2,0,차대차 - 측면충돌,안전운전불이행,건조,맑음,교차로 - 교차로안,승용,남,45세,경상,이륜,남,32세,경상
2022042200100486,2022년 4월 22일 19시,금요일,대구광역시 동구 각산동,경상사고,0,0,1,0,차대차 - 추돌,안전거리미확보,건조,맑음,교차로 - 교차로안,승용,남,56세,상해없음,이륜,남,46세,경상
2022042200100487,2022년 4월 22일 19시,금요일,대구광역시 달서구 호산동,경상사고,0,0,1,0,차대차 - 기타,안전거리미확보,건조,맑음,단일로 - 기타,승용,남,32세,상해없음,승용,남,59세,경상
2022042200100516,2022년 4월 22일 20시,금요일,대구광역시 남구 봉덕동,경상사고,0,0,2,0,차대차 - 추돌,안전운전불이행,건조,맑음,단일로 - 기타,승용,여,46세,상해없음,승용,남,38세,경상
2022042200100517,2022년 4월 22일 20시,금요일,대구광역시 중구 남일동,경상사고,0,0,1,0,차대차 - 추돌,안전운전불이행,건조,맑음,단일로 - 기타,승용,남,32세,상해없음,이륜,남,44세,경상
2022042200100562,2022년 4월 22일 22시,금요일,대구광역시 수성구 수성동3가,경상사고,0,0,1,0,차대차 - 기타,안전거리미확보,건조,맑음,단일로 - 기타,승용,여,23세,상해없음,승용,남,21세,경상
2022042200100563,2022년 4월 22일 22시,금요일,대구광역시 서구 내당동,중상사고,0,1,0,0,차대사람 - 횡단중,안전운전불이행,건조,맑음,단일로 - 기타,이륜,남,29세,상해없음,보행자,남,50세,중상
2022042200100564,2022년 4월 22일 22시,금요일,대구광역시 중구 달성동,경상사고,0,0,1,1,차대차 - 측면충돌,안전거리미확보,건조,맑음,교차로 - 교차로부근,승용,남,66세,부상신고,승용,남,28세,경상
2022042200100583,2022년 4월 22일 23시,금요일,대구광역시 중구 동산동,중상사고,0,1,2,0,차대차 - 기타,불법유턴,건조,맑음,교차로 - 교차로부근,승용,남,45세,상해없음,승용,남,58세,경상
2022042200100584,2022년 4월 22일 23시,금요일,대구광역시 달서구 본리동,경상사고,0,0,2,0,차대차 - 후진중충돌,안전운전불이행,건조,맑음,단일로 - 기타,승용,남,76세,상해없음,승용,남,44세,경상
2022042300100027,2022년 4월 23일 01시,토요일,대구광역시 동구 신천동,경상사고,0,0,1,0,차대차 - 측면충돌,안전운전불이행,건조,맑음,교차로 - 교차로부근,승용,남,37세,상해없음,승용,여,52세,경상
2022042300100034,2022년 4월 23일 02시,토요일,대구광역시 중구 삼덕동1가,부상신고사고,0,0,0,1,차대사람 - 기타,안전운전불이행,건조,맑음,단일로 - 기타,승용,남,31세,상해없음,보행자,남,28세,부상신고
2022042300100059,2022년 4월 23일 05시,토요일,대구광역시 중구 삼덕동1가,부상신고사고,0,0,0,1,차대사람 - 기타,안전운전불이행,건조,맑음,단일로 - 기타,승용,남,54세,상해없음,보행자,남,21세,부상신고
2022042300100087,2022년 4월 23일 08시,토요일,대구광역시 달성군 다사읍,경상사고,0,0,1,0,차대차 - 추돌,안전운전불이행,건조,맑음,기타 - 기타,승용,남,49세,기타불명,화물,남,53세,경상
2022042300100088,2022년 4월 23일 08시,토요일,대구광역시 서구 평리동,경상사고,0,0,1,0,차대사람 - 차도통행중,안전운전불이행,건조,맑음,단일로 - 기타,승용,남,51세,상해없음,보행자,남,55세,경상
2022042300100109,2022년 4월 23일 09시,토요일,대구광역시 동구 용계동,중상사고,0,1,0,0,차대차 - 측면충돌,안전운전불이행,건조,맑음,단일로 - 기타,승용,남,33세,상해없음,자전거,여,66세,중상
2022042300100110,2022년 4월 23일 09시,토요일,대구광역시 북구 구암동,경상사고,0,0,1,0,차대차 - 추돌,안전운전불이행,건조,맑음,교차로 - 교차로안,화물,남,41세,상해없음,승용,여,46세,경상
2022042300100140,2022년 4월 23일 10시,토요일,대구광역시 동구 신서동,중상사고,0,1,0,0,차대사람 - 횡단중,중앙선침범,건조,맑음,단일로 - 기타,승용,여,46세,상해없음,보행자,여,70세,중상
2022042300100141,2022년 4월 23일 10시,토요일,대구광역시 달서구 본동,경상사고,0,0,1,0,차대차 - 추돌,안전운전불이행,건조,맑음,단일로 - 기타,건설기계,남,38세,경상,승용,여,25세,상해없음
2022042300100142,2022년 4월 23일 10시,토요일,대구광역시 달성군 다사읍,경상사고,0,0,2,0,차대차 - 기타,안전운전불이행,건조,맑음,단일로 - 기타,화물,남,60세,상해없음,승용,여,49세,경상
2022042300100143,2022년 4월 23일 10시,토요일,대구광역시 북구 칠성동2가,사망사고,1,0,0,0,차대사람 - 횡단중,보행자보호의무위반,건조,맑음,교차로 - 교차로횡단보도내,화물,남,72세,상해없음,보행자,여,69세,사망
2022042300100170,2022년 4월 23일 11시,토요일,대구광역시 달서구 월성동,경상사고,0,0,2,0,차대차 - 측면충돌,안전운전불이행,건조,맑음,교차로 - 교차로안,승용,여,40세,상해없음,승용,남,36세,경상
2022042300100197,2022년 4월 23일 12시,토요일,대구광역시 수성구 지산동,경상사고,0,0,1,0,차대사람 - 기타,안전운전불이행,건조,맑음,단일로 - 기타,개인형이동수단(PM),남,16세,상해없음,보행자,여,56세,경상
2022042300100198,2022년 4월 23일 12시,토요일,대구광역시 달서구 본리동,경상사고,0,0,4,0,차대차 - 측면충돌,안전운전불이행,건조,맑음,교차로 - 교차로안,승용,남,61세,기타불명,승용,남,37세,경상
2022042300100199,2022년 4월 23일 12시,토요일,대구광역시 달서구 두류동,중상사고,0,1,1,0,차대차 - 측면충돌,직진우회전진행방해,건조,맑음,교차로 - 교차로안,이륜,남,57세,중상,승용,남,34세,경상
2022042300100234,2022년 4월 23일 13시,토요일,대구광역시 중구 대봉동,경상사고,0,0,1,0,차대사람 - 길가장자리구역통행중,안전운전불이행,건조,맑음,단일로 - 기타,승용,여,51세,상해없음,보행자,여,21세,경상
2022042300100275,2022년 4월 23일 14시,토요일,대구광역시 수성구 만촌동,경상사고,0,0,1,0,차대차 - 측면충돌,안전운전불이행,건조,맑음,교차로 - 교차로안,원동기,남,15세,상해없음,승용,남,40세,경상
2022042300100276,2022년 4월 23일 14시,토요일,대구광역시 북구 고성동3가,중상사고,0,1,0,0,차대사람 - 횡단중,안전운전불이행,건조,맑음,단일로 - 기타,승용,남,74세,상해없음,보행자,여,7세,중상
2022042300100277,2022년 4월 23일 14시,토요일,대구광역시 달서구 호산동,중상사고,0,1,0,0,차대차 - 측면충돌,안전거리미확보,건조,맑음,단일로 - 기타,화물,남,49세,상해없음,이륜,남,36세,중상
2022042300100278,2022년 4월 23일 14시,토요일,대구광역시 북구 서변동,경상사고,0,0,1,0,차대차 - 측면충돌,교차로운행방법위반,건조,맑음,교차로 - 교차로안,승용,남,35세,상해없음,승용,남,65세,경상
2022042300100308,2022년 4월 23일 15시,토요일,대구광역시 동구 율하동,중상사고,0,1,0,0,차대차 - 정면충돌,신호위반,건조,맑음,교차로 - 교차로횡단보도내,화물,남,61세,상해없음,자전거,여,76세,중상
2022042300100309,2022년 4월 23일 15시,토요일,대구광역시 동구 지묘동,경상사고,0,0,2,0,차대차 - 측면충돌,안전거리미확보,건조,맑음,단일로 - 기타,승용,남,70세,상해없음,승용,여,72세,경상
2022042300100310,2022년 4월 23일 15시,토요일,대구광역시 수성구 범어동,중상사고,0,1,0,0,차대차 - 측면충돌,안전운전불이행,건조,맑음,단일로 - 기타,승용,남,59세,상해없음,이륜,남,61세,중상
2022042300100311,2022년 4월 23일 15시,토요일,대구광역시 수성구 두산동,경상사고,0,0,3,0,차대차 - 측면충돌,안전거리미확보,건조,맑음,단일로 - 기타,승용,남,69세,상해없음,승용,여,70세,상해없음
2022042300100312,2022년 4월 23일 15시,토요일,대구광역시 북구 산격동,중상사고,0,1,0,0,차대사람 - 횡단중,보행자보호의무위반,건조,맑음,교차로 - 교차로횡단보도내,화물,남,61세,상해없음,보행자,남,62세,중상
2022042300100384,2022년 4월 23일 17시,토요일,대구광역시 달서구 진천동,경상사고,0,0,3,0,차대차 - 측면충돌,교차로운행방법위반,건조,맑음,교차로 - 교차로안,승용,남,42세,상해없음,승용,남,55세,경상
2022042300100429,2022년 4월 23일 18시,토요일,대구광역시 남구 봉덕동,부상신고사고,0,0,0,1,차대사람 - 기타,기타,건조,맑음,단일로 - 기타,승합,남,64세,상해없음,보행자,남,70세,부상신고
2022042300100503,2022년 4월 23일 20시,토요일,대구광역시 수성구 수성동1가,경상사고,0,0,2,0,차대차 - 측면충돌,안전운전불이행,건조,맑음,단일로 - 기타,기타불명,기타불명,미분류,기타불명,승용,여,34세,경상
2022042300100504,2022년 4월 23일 20시,토요일,대구광역시 달서구 상인동,경상사고,0,0,1,0,차대차 - 측면충돌,신호위반,건조,맑음,교차로 - 교차로안,이륜,남,21세,상해없음,이륜,남,22세,경상
2022042300100505,2022년 4월 23일 20시,토요일,대구광역시 서구 평리동,부상신고사고,0,0,0,1,차대사람 - 횡단중,안전운전불이행,건조,맑음,교차로 - 교차로횡단보도내,이륜,기타불명,미분류,기타불명,보행자,여,11세,부상신고
2022042300100506,2022년 4월 23일 20시,토요일,대구광역시 중구 대봉동,경상사고,0,0,2,0,차대차 - 측면충돌,안전거리미확보,건조,맑음,단일로 - 기타,승용,남,36세,경상,승용,남,70세,상해없음
2022042300100527,2022년 4월 23일 21시,토요일,대구광역시 달서구 상인동,경상사고,0,0,1,0,차대차 - 추돌,안전운전불이행,건조,맑음,교차로 - 교차로안,승용,남,55세,상해없음,승용,남,38세,경상
2022042300100552,2022년 4월 23일 23시,토요일,대구광역시 서구 비산동,중상사고,0,1,0,0,차대차 - 추돌,안전운전불이행,건조,맑음,단일로 - 기타,승용,남,30세,상해없음,자전거,남,57세,중상
2022042300100553,2022년 4월 23일 23시,토요일,대구광역시 북구 국우동,중상사고,0,1,0,0,차대차 - 측면충돌,신호위반,건조,맑음,교차로 - 교차로안,승용,남,42세,상해없음,승용,남,65세,중상
2022042400100015,2022년 4월 24일 00시,일요일,대구광역시 중구 삼덕동1가,경상사고,0,0,1,0,차대사람 - 기타,안전운전불이행,건조,맑음,단일로 - 기타,승용,남,19세,상해없음,보행자,여,23세,경상
2022042400100029,2022년 4월 24일 01시,일요일,대구광역시 달서구 죽전동,경상사고,0,0,1,0,차대차 - 측면충돌,안전거리미확보,건조,맑음,단일로 - 기타,이륜,남,55세,경상,승용,남,36세,상해없음
2022042400100041,2022년 4월 24일 02시,일요일,대구광역시 달성군 다사읍,경상사고,0,0,1,0,차대차 - 기타,기타,건조,맑음,단일로 - 기타,기타불명,기타불명,미분류,기타불명,승용,남,23세,경상
2022042400100071,2022년 4월 24일 07시,일요일,대구광역시 동구 율하동,경상사고,0,0,1,0,차대차 - 측면충돌,안전거리미확보,건조,맑음,단일로 - 기타,승용,여,47세,상해없음,승용,남,28세,경상
2022042400100072,2022년 4월 24일 07시,일요일,대구광역시 수성구 수성동1가,중상사고,0,1,0,0,차대차 - 측면충돌,불법유턴,건조,맑음,교차로 - 교차로부근,승용,남,42세,상해없음,승용,남,45세,중상
2022042400100082,2022년 4월 24일 08시,일요일,대구광역시 달성군 유가읍,경상사고,0,0,1,0,차대사람 - 기타,안전운전불이행,건조,맑음,교차로 - 교차로안,승용,남,54세,상해없음,보행자,남,18세,경상
2022042400100102,2022년 4월 24일 09시,일요일,대구광역시 서구 비산동,중상사고,0,1,1,0,차대차 - 측면충돌,불법유턴,건조,맑음,교차로 - 교차로안,자전거,남,68세,중상,승용,여,58세,경상
2022042400100163,2022년 4월 24일 12시,일요일,대구광역시 동구 효목동,경상사고,0,0,1,0,차대차 - 측면충돌,안전운전불이행,건조,맑음,교차로 - 교차로안,승용,남,67세,상해없음,승용,남,61세,경상
2022042400100164,2022년 4월 24일 12시,일요일,대구광역시 수성구 황금동,경상사고,0,0,1,0,차대차 - 측면충돌,안전운전불이행,건조,맑음,단일로 - 기타,승용,남,28세,상해없음,이륜,남,40세,경상
2022042400100214,2022년 4월 24일 14시,일요일,대구광역시 서구 내당동,중상사고,0,1,0,0,차대차 - 측면충돌,안전거리미확보,건조,맑음,단일로 - 기타,승용,남,62세,상해없음,이륜,남,66세,중상
2022042400100260,2022년 4월 24일 15시,일요일,대구광역시 수성구 만촌동,경상사고,0,0,1,1,차대사람 - 횡단중,안전운전불이행,건조,맑음,단일로 - 기타,이륜,여,31세,부상신고,보행자,여,70세,경상
2022042400100261,2022년 4월 24일 15시,일요일,대구광역시 달성군 다사읍,중상사고,0,1,0,0,차대차 - 추돌,안전운전불이행,건조,맑음,교차로 - 교차로부근,승용,남,40세,상해없음,승용,남,67세,중상
2022042400100321,2022년 4월 24일 17시,일요일,대구광역시 동구 용계동,중상사고,0,1,0,0,차대차 - 기타,안전운전불이행,건조,맑음,단일로 - 기타,화물,남,61세,상해없음,자전거,남,85세,중상
2022042400100322,2022년 4월 24일 17시,일요일,대구광역시 서구 중리동,경상사고,0,0,2,0,차대차 - 측면충돌,직진우회전진행방해,건조,맑음,교차로 - 교차로안,이륜,남,27세,경상,승용,남,26세,경상
2022042400100323,2022년 4월 24일 17시,일요일,대구광역시 중구 사일동,경상사고,0,0,2,0,차대차 - 측면충돌,안전거리미확보,건조,맑음,교차로 - 교차로안,승용,남,38세,상해없음,승용,여,52세,경상
2022042400100347,2022년 4월 24일 18시,일요일,대구광역시 동구 각산동,경상사고,0,0,1,0,차대사람 - 기타,기타,건조,맑음,기타 - 기타,승용,남,51세,상해없음,보행자,여,27세,경상
2022042400100348,2022년 4월 24일 18시,일요일,대구광역시 서구 이현동,경상사고,0,0,1,0,차대차 - 측면충돌,신호위반,건조,맑음,교차로 - 교차로안,승용,남,67세,상해없음,승용,남,69세,경상
2022042400100349,2022년 4월 24일 18시,일요일,대구광역시 달서구 호림동,중상사고,0,1,0,0,차대차 - 기타,안전운전불이행,건조,맑음,교차로 - 교차로안,승용,남,43세,상해없음,이륜,남,41세,중상
2022042400100368,2022년 4월 24일 19시,일요일,대구광역시 수성구 연호동,경상사고,0,0,3,0,차대차 - 기타,안전운전불이행,건조,맑음,단일로 - 기타,기타불명,기타불명,미분류,기타불명,승용,여,41세,경상
2022042400100369,2022년 4월 24일 19시,일요일,대구광역시 북구 태전동,경상사고,0,0,1,0,차대차 - 측면충돌,안전운전불이행,건조,맑음,교차로 - 교차로안,승용,남,61세,기타불명,승용,남,33세,경상
2022042400100399,2022년 4월 24일 20시,일요일,대구광역시 수성구 파동,중상사고,0,1,0,0,차대사람 - 횡단중,보행자보호의무위반,건조,맑음,교차로 - 교차로횡단보도내,승용,남,65세,상해없음,보행자,남,75세,중상
2022042400100400,2022년 4월 24일 20시,일요일,대구광역시 중구 동인동1가,경상사고,0,0,1,0,차대사람 - 기타,안전운전불이행,건조,맑음,단일로 - 기타,승용,남,34세,상해없음,보행자,여,68세,경상
2022042400100401,2022년 4월 24일 20시,일요일,대구광역시 달서구 호림동,경상사고,0,0,2,0,차대차 - 측면충돌,중앙선침범,건조,맑음,단일로 - 기타,기타불명,기타불명,미분류,기타불명,승용,남,61세,경상
2022042400100437,2022년 4월 24일 22시,일요일,대구광역시 달서구 장동,중상사고,0,1,0,0,차대차 - 추돌,안전운전불이행,건조,맑음,교차로 - 교차로부근,승용,남,37세,상해없음,승용,남,48세,중상
2022042500100049,2022년 4월 25일 06시,월요일,대구광역시 동구 신암동,경상사고,0,0,1,0,차대차 - 측면충돌,교차로운행방법위반,건조,맑음,교차로 - 교차로안,승용,남,74세,상해없음,승용,여,46세,경상
2022042500100075,2022년 4월 25일 07시,월요일,대구광역시 북구 노원동1가,경상사고,0,0,1,0,차대사람 - 보도통행중,안전운전불이행,건조,맑음,교차로 - 교차로횡단보도내,자전거,기타불명,미분류,기타불명,보행자,남,63세,경상
2022042500100111,2022년 4월 25일 08시,월요일,대구광역시 수성구 수성동1가,경상사고,0,0,1,1,차대차 - 기타,안전운전불이행,건조,맑음,단일로 - 기타,승용,여,55세,부상신고,승용,여,28세,경상
2022042500100112,2022년 4월 25일 08시,월요일,대구광역시 북구 침산동,경상사고,0,0,1,0,차대차 - 측면충돌,안전거리미확보,건조,맑음,단일로 - 기타,승용,남,46세,상해없음,승용,남,38세,경상
2022042500100113,2022년 4월 25일 08시,월요일,대구광역시 서구 내당동,부상신고사고,0,0,0,2,차대차 - 측면충돌,안전거리미확보,건조,맑음,단일로 - 기타,승합,남,56세,부상신고,승용,여,43세,부상신고
2022042500100141,2022년 4월 25일 09시,월요일,대구광역시 북구 복현동,경상사고,0,0,2,0,차대차 - 측면충돌,신호위반,건조,맑음,교차로 - 교차로안,승용,여,35세,상해없음,화물,남,55세,경상
2022042500100171,2022년 4월 25일 10시,월요일,대구광역시 수성구 만촌동,경상사고,0,0,1,0,차량단독 - 기타,안전운전불이행,건조,맑음,단일로 - 기타,승용,남,66세,상해없음,,,,
2022042500100172,2022년 4월 25일 10시,월요일,대구광역시 서구 비산동,경상사고,0,0,1,0,차대차 - 측면충돌,안전운전불이행,건조,맑음,교차로 - 교차로안,승용,여,54세,상해없음,승용,남,59세,상해없음
2022042500100202,2022년 4월 25일 11시,월요일,대구광역시 동구 신암동,경상사고,0,0,3,0,차대차 - 정면충돌,직진우회전진행방해,건조,맑음,교차로 - 교차로안,승용,남,32세,경상,승용,남,49세,경상
2022042500100203,2022년 4월 25일 11시,월요일,대구광역시 수성구 만촌동,경상사고,0,0,1,0,차대차 - 기타,안전운전불이행,건조,맑음,단일로 - 기타,승용,여,56세,상해없음,승용,남,64세,경상
2022042500100204,2022년 4월 25일 11시,월요일,대구광역시 북구 고성동2가,경상사고,0,0,1,0,차대차 - 측면충돌,안전운전불이행,건조,맑음,단일로 - 기타,승용,여,39세,상해없음,승용,남,41세,경상
2022042500100234,2022년 4월 25일 12시,월요일,대구광역시 중구 삼덕동3가,경상사고,0,0,2,0,차대차 - 기타,안전운전불이행,건조,맑음,단일로 - 기타,이륜,남,36세,경상,승용,남,55세,경상
2022042500100269,2022년 4월 25일 13시,월요일,대구광역시 중구 인교동,경상사고,0,0,1,0,차량단독 - 공작물충돌,안전운전불이행,건조,맑음,단일로 - 기타,승용,남,70세,상해없음,,,,
2022042500100309,2022년 4월 25일 14시,월요일,대구광역시 남구 대명동,경상사고,0,0,1,0,차대차 - 측면충돌,안전운전불이행,건조,맑음,교차로 - 교차로안,이륜,남,63세,경상,승합,남,24세,상해없음
2022042500100310,2022년 4월 25일 14시,월요일,대구광역시 중구 삼덕동3가,부상신고사고,0,0,0,1,차대차 - 기타,안전운전불이행,건조,맑음,단일로 - 기타,승용,여,43세,상해없음,이륜,남,61세,부상신고
2022042500100354,2022년 4월 25일 15시,월요일,대구광역시 동구 효목동,경상사고,0,0,3,0,차대차 - 측면충돌,직진우회전진행방해,건조,맑음,교차로 - 교차로안,승용,여,57세,상해없음,승용,여,77세,경상
2022042500100355,2022년 4월 25일 15시,월요일,대구광역시 수성구 중동,경상사고,0,0,2,0,차대차 - 후진중충돌,안전운전불이행,건조,맑음,주차장 - 주차장,승용,남,73세,상해없음,승용,남,29세,경상
2022042500100356,2022년 4월 25일 15시,월요일,대구광역시 서구 내당동,경상사고,0,0,1,0,차대차 - 측면충돌,안전거리미확보,건조,맑음,단일로 - 기타,승용,여,34세,상해없음,이륜,남,20세,경상
2022042500100357,2022년 4월 25일 15시,월요일,대구광역시 서구 평리동,경상사고,0,0,1,1,차대차 - 측면충돌,직진우회전진행방해,건조,맑음,교차로 - 교차로안,승용,여,59세,부상신고,승용,여,58세,경상
2022042500100400,2022년 4월 25일 16시,월요일,대구광역시 수성구 지산동,중상사고,0,1,0,0,차대사람 - 기타,안전운전불이행,건조,맑음,기타 - 기타,승용,남,41세,상해없음,보행자,여,78세,중상
2022042500100445,2022년 4월 25일 17시,월요일,대구광역시 달성군 유가읍,부상신고사고,0,0,0,1,차량단독 - 기타,안전운전불이행,건조,맑음,단일로 - 기타,자전거,남,11세,부상신고,,,,
2022042500100480,2022년 4월 25일 18시,월요일,대구광역시 수성구 대흥동,경상사고,0,0,1,0,차대차 - 기타,안전운전불이행,건조,맑음,단일로 - 기타,승용,남,71세,상해없음,승용,남,43세,경상
2022042500100481,2022년 4월 25일 18시,월요일,대구광역시 수성구 수성동4가,부상신고사고,0,0,0,1,차대차 - 측면충돌,안전운전불이행,건조,맑음,단일로 - 기타,개인형이동수단(PM),남,23세,부상신고,승용,여,63세,상해없음
2022042500100482,2022년 4월 25일 18시,월요일,대구광역시 달서구 상인동,경상사고,0,0,1,0,차대차 - 측면충돌,교차로운행방법위반,건조,맑음,교차로 - 교차로안,승용,여,63세,상해없음,이륜,남,18세,경상
2022042500100483,2022년 4월 25일 18시,월요일,대구광역시 중구 남산동,중상사고,0,2,0,0,차대차 - 측면충돌,안전거리미확보,건조,맑음,단일로 - 기타,개인형이동수단(PM),남,51세,중상,이륜,남,24세,중상
2022042500100522,2022년 4월 25일 19시,월요일,대구광역시 북구 서변동,경상사고,0,0,3,0,차대차 - 측면충돌,신호위반,건조,맑음,교차로 - 교차로안,승용,남,47세,상해없음,승용,남,22세,경상
2022042500100551,2022년 4월 25일 20시,월요일,대구광역시 달성군 하빈면,부상신고사고,0,0,0,1,차대차 - 기타,안전운전불이행,건조,맑음,기타 - 기타,화물,남,55세,상해없음,승용,여,59세,부상신고
2022042500100577,2022년 4월 25일 21시,월요일,대구광역시 달성군 다사읍,중상사고,0,1,0,0,차대차 - 기타,안전운전불이행,건조,맑음,교차로 - 교차로안,승용,남,65세,상해없음,자전거,남,28세,중상
2022042500100615,2022년 4월 25일 23시,월요일,대구광역시 북구 산격동,경상사고,0,0,1,0,차대차 - 추돌,안전운전불이행,젖음/습기,비,단일로 - 기타,승용,남,50세,상해없음,자전거,남,70세,경상
2022042600100032,2022년 4월 26일 01시,화요일,대구광역시 서구 내당동,경상사고,0,0,1,0,차대차 - 추돌,안전운전불이행,젖음/습기,비,단일로 - 기타,이륜,남,35세,경상,화물,남,32세,기타불명
2022042600100072,2022년 4월 26일 06시,화요일,대구광역시 북구 노원동3가,중상사고,0,1,0,0,차대사람 - 기타,안전운전불이행,건조,맑음,기타 - 기타,이륜,남,74세,상해없음,보행자,여,69세,중상
2022042600100129,2022년 4월 26일 08시,화요일,대구광역시 동구 신암동,경상사고,0,0,2,0,차대차 - 추돌,안전운전불이행,젖음/습기,비,단일로 - 기타,승용,남,29세,상해없음,승용,남,60세,경상
2022042600100130,2022년 4월 26일 08시,화요일,대구광역시 수성구 범어동,경상사고,0,0,1,0,차대차 - 추돌,안전운전불이행,젖음/습기,비,단일로 - 기타,이륜,남,69세,상해없음,승용,남,50세,경상
2022042600100131,2022년 4월 26일 08시,화요일,대구광역시 중구 대봉동,경상사고,0,0,1,0,차대사람 - 기타,보행자보호의무위반,젖음/습기,비,교차로 - 교차로안,승용,남,59세,상해없음,보행자,여,7세,경상
2022042600100132,2022년 4월 26일 08시,화요일,대구광역시 달서구 이곡동,경상사고,0,0,1,0,차대사람 - 횡단중,안전운전불이행,젖음/습기,흐림,교차로 - 교차로횡단보도내,승합,남,73세,상해없음,보행자,남,35세,경상
2022042600100133,2022년 4월 26일 08시,화요일,대구광역시 북구 관음동,중상사고,0,1,3,0,차대차 - 측면충돌,안전거리미확보,젖음/습기,비,단일로 - 지하차도(도로)내,승용,여,30세,경상,승용,여,55세,중상
2022042600100174,2022년 4월 26일 09시,화요일,대구광역시 달서구 두류동,경상사고,0,0,2,0,차대차 - 측면충돌,직진우회전진행방해,건조,맑음,교차로 - 교차로안,승용,여,57세,경상,승용,여,55세,경상
2022042600100209,2022년 4월 26일 10시,화요일,대구광역시 동구 신암동,경상사고,0,0,1,0,차대차 - 측면충돌,직진우회전진행방해,건조,맑음,단일로 - 기타,승용,여,68세,상해없음,승용,남,36세,경상
2022042600100210,2022년 4월 26일 10시,화요일,대구광역시 북구 칠성동1가,경상사고,0,0,2,0,차대차 - 측면충돌,신호위반,건조,맑음,단일로 - 기타,건설기계,남,64세,상해없음,승용,여,62세,경상
2022042600100244,2022년 4월 26일 11시,화요일,대구광역시 동구 불로동,경상사고,0,0,1,0,차대차 - 측면충돌,안전운전불이행,젖음/습기,비,단일로 - 기타,승용,남,62세,상해없음,특수,남,57세,경상
2022042600100245,2022년 4월 26일 11시,화요일,대구광역시 북구 칠성동1가,부상신고사고,0,0,0,1,차대차 - 기타,안전운전불이행,건조,맑음,단일로 - 기타,기타불명,여,56세,부상신고,승용,여,55세,상해없음
2022042600100273,2022년 4월 26일 12시,화요일,대구광역시 남구 봉덕동,경상사고,0,0,1,0,차대차 - 측면충돌,안전운전불이행,건조,맑음,교차로 - 교차로부근,승용,여,74세,상해없음,승용,남,34세,경상
2022042600100274,2022년 4월 26일 12시,화요일,대구광역시 동구 효목동,중상사고,0,1,1,0,차대차 - 측면충돌,중앙선침범,젖음/습기,비,단일로 - 기타,승합,남,42세,상해없음,승합,남,54세,중상
2022042600100302,2022년 4월 26일 13시,화요일,대구광역시 서구 비산동,경상사고,0,0,2,0,차대차 - 측면충돌,기타,건조,맑음,교차로 - 교차로안,화물,남,61세,상해없음,승용,여,59세,경상
2022042600100384,2022년 4월 26일 16시,화요일,대구광역시 동구 신암동,경상사고,0,0,1,0,차대차 - 측면충돌,안전운전불이행,건조,맑음,단일로 - 기타,승용,남,45세,상해없음,자전거,남,12세,경상
2022042600100385,2022년 4월 26일 16시,화요일,대구광역시 달서구 상인동,경상사고,0,0,1,0,차대사람 - 횡단중,안전운전불이행,건조,맑음,교차로 - 교차로안,기타불명,기타불명,미분류,기타불명,보행자,남,16세,경상
2022042600100416,2022년 4월 26일 17시,화요일,대구광역시 달서구 상인동,경상사고,0,0,3,0,차대차 - 기타,기타,건조,맑음,단일로 - 기타,승용,남,57세,상해없음,승합,남,55세,경상
2022042600100417,2022년 4월 26일 17시,화요일,대구광역시 중구 동인동2가,중상사고,0,1,0,0,차대차 - 기타,안전운전불이행,건조,맑음,단일로 - 기타,자전거,여,29세,중상,승용,여,56세,상해없음
2022042600100539,2022년 4월 26일 22시,화요일,대구광역시 수성구 시지동,경상사고,0,0,2,0,차대차 - 추돌,안전운전불이행,건조,맑음,기타 - 기타,화물,남,68세,상해없음,승용,남,26세,경상
2022042700100019,2022년 4월 27일 02시,수요일,대구광역시 수성구 만촌동,경상사고,0,0,1,0,차대차 - 기타,안전운전불이행,건조,맑음,단일로 - 기타,승용,남,46세,상해없음,승용,남,47세,상해없음
2022042700100020,2022년 4월 27일 02시,수요일,대구광역시 서구 내당동,사망사고,1,0,1,0,차대사람 - 기타,기타,건조,맑음,단일로 - 기타,승용,남,55세,상해없음,보행자,남,26세,사망
2022042700100033,2022년 4월 27일 04시,수요일,대구광역시 달서구 신당동,경상사고,0,0,1,0,차대차 - 추돌,안전운전불이행,건조,맑음,단일로 - 기타,개인형이동수단(PM),남,26세,기타불명,승용,남,67세,상해없음