사고번호,사고일시,요일,시군구,사고내용,사망자수,중상자수,경상자수,부상신고자수,사고유형,법규위반,노면상태,기상상태,도로형태,가해운전자 차종,가해운전자 성별,가해운전자 연령,가해운전자 상해정도,피해운전자 차종,피해운전자 성별,피해운전자 연령,피해운전자 상해정도
2022043000100505,2022년 4월 30일 21시,토요일,대구광역시 중구 동문동,경상사고,0,0,2,0,차대사람 - 차도통행중,안전운전불이행,건조,맑음,교차로 - 교차로안,승용,여,59세,상해없음,보행자,여,20세,경상
2022043000100526,2022년 4월 30일 22시,토요일,대구광역시 동구 신암동,경상사고,0,0,1,0,차대사람 - 횡단중,보행자보호의무위반,건조,맑음,단일로 - 기타,승용,남,67세,상해없음,보행자,여,23세,경상
2022043000100552,2022년 4월 30일 23시,토요일,대구광역시 달서구 용산동,중상사고,0,2,3,0,차대차 - 정면충돌,신호위반,건조,맑음,교차로 - 교차로안,승용,남,64세,상해없음,승용,남,50세,경상
2022050100100027,2022년 5월 1일 01시,일요일,대구광역시 중구 삼덕동1가,경상사고,0,0,1,0,차대사람 - 기타,안전운전불이행,건조,맑음,교차로 - 교차로안,승용,남,21세,상해없음,보행자,남,24세,경상
2022050100100031,2022년 5월 1일 02시,일요일,대구광역시 북구 동천동,중상사고,0,1,0,0,차량단독 - 전도전복 - 전도,안전운전불이행,건조,맑음,교차로 - 교차로안,이륜,남,17세,상해없음,,,,
2022050100100034,2022년 5월 1일 03시,일요일,대구광역시 북구 산격동,경상사고,0,0,1,0,차대차 - 측면충돌,안전운전불이행,건조,맑음,단일로 - 기타,기타불명,기타불명,미분류,기타불명,승용,여,20세,경상
2022050100100035,2022년 5월 1일 03시,일요일,대구광역시 북구 구암동,경상사고,0,0,1,1,차대차 - 측면충돌,직진우회전진행방해,건조,맑음,교차로 - 교차로안,이륜,남,18세,부상신고,승용,남,64세,경상
2022050100100048,2022년 5월 1일 05시,일요일,대구광역시 중구 동인동1가,경상사고,0,0,1,1,차대차 - 추돌,안전운전불이행,건조,맑음,단일로 - 기타,이륜,남,50세,부상신고,승용,남,67세,상해없음
2022050100100049,2022년 5월 1일 05시,일요일,대구광역시 달서구 신당동,경상사고,0,0,1,2,차대차 - 기타,안전운전불이행,건조,맑음,교차로 - 교차로안,승용,남,31세,상해없음,승용,남,21세,경상
2022050100100066,2022년 5월 1일 07시,일요일,대구광역시 달서구 상인동,경상사고,0,0,1,0,차대차 - 측면충돌,교차로운행방법위반,건조,맑음,교차로 - 교차로안,기타불명,기타불명,미분류,기타불명,승용,여,66세,경상
2022050100100104,2022년 5월 1일 09시,일요일,대구광역시 남구 대명동,경상사고,0,0,1,0,차대사람 - 횡단중,보행자보호의무위반,건조,맑음,교차로 - 교차로횡단보도내,승용,여,54세,상해없음,보행자,여,70세,경상
2022050100100127,2022년 5월 1일 10시,일요일,대구광역시 수성구 만촌동,경상사고,0,0,4,2,차대차 - 측면충돌,안전운전불이행,건조,맑음,교차로 - 교차로안,승용,남,42세,경상,승용,여,54세,경상
2022050100100168,2022년 5월 1일 12시,일요일,대구광역시 달성군 현풍읍,중상사고,0,1,0,0,차대차 - 기타,기타,건조,맑음,단일로 - 기타,승용,남,58세,상해없음,자전거,남,75세,중상
2022050100100232,2022년 5월 1일 14시,일요일,대구광역시 동구 효목동,경상사고,0,0,1,0,차대사람 - 횡단중,안전운전불이행,건조,맑음,단일로 - 기타,승용,남,59세,상해없음,보행자,남,80세,경상
2022050100100268,2022년 5월 1일 15시,일요일,대구광역시 수성구 두산동,경상사고,0,0,1,0,차대차 - 후진중충돌,안전운전불이행,건조,맑음,단일로 - 기타,승용,여,58세,상해없음,승용,여,33세,경상
2022050100100305,2022년 5월 1일 16시,일요일,대구광역시 달성군 옥포읍,경상사고,0,0,1,0,차대차 - 기타,안전운전불이행,건조,맑음,교차로 - 교차로안,승용,여,50세,상해없음,이륜,남,24세,경상
2022050100100306,2022년 5월 1일 16시,일요일,대구광역시 서구 비산동,경상사고,0,0,1,0,차대사람 - 횡단중,안전운전불이행,건조,맑음,단일로 - 기타,승합,남,58세,상해없음,보행자,남,15세,경상
2022050100100307,2022년 5월 1일 16시,일요일,대구광역시 중구 남산동,경상사고,0,0,1,0,차대사람 - 횡단중,안전운전불이행,건조,맑음,단일로 - 기타,기타불명,기타불명,미분류,기타불명,보행자,여,16세,경상
2022050100100339,2022년 5월 1일 17시,일요일,대구광역시 동구 동호동,경상사고,0,0,3,0,차대차 - 기타,신호위반,건조,맑음,교차로 - 교차로부근,승용,여,29세,경상,승용,남,78세,경상
2022050100100361,2022년 5월 1일 18시,일요일,대구광역시 달서구 송현동,경상사고,0,0,2,0,차대차 - 기타,안전거리미확보,건조,맑음,단일로 - 기타,승용,남,56세,상해없음,이륜,남,57세,경상
2022050100100362,2022년 5월 1일 18시,일요일,대구광역시 달서구 송현동,경상사고,0,0,2,0,차대차 - 측면충돌,안전거리미확보,건조,맑음,단일로 - 기타,화물,남,70세,상해없음,화물,남,57세,경상
2022050100100387,2022년 5월 1일 19시,일요일,대구광역시 북구 태전동,부상신고사고,0,0,0,1,차대차 - 측면충돌,안전운전불이행,건조,맑음,교차로 - 교차로횡단보도내,화물,남,41세,상해없음,자전거,남,8세,부상신고
2022050100100414,2022년 5월 1일 20시,일요일,대구광역시 수성구 황금동,경상사고,0,0,1,0,차대사람 - 기타,안전운전불이행,건조,흐림,단일로 - 기타,승용,여,25세,상해없음,보행자,여,10세,경상
2022050100100464,2022년 5월 1일 23시,일요일,대구광역시 수성구 범어동,경상사고,0,0,2,2,차대차 - 측면충돌,안전운전불이행,건조,맑음,단일로 - 기타,화물,남,58세,부상신고,승용,남,51세,부상신고
2022050200100018,2022년 5월 2일 02시,월요일,대구광역시 수성구 중동,경상사고,0,0,1,0,차량단독 - 기타,안전운전불이행,건조,맑음,기타 - 기타,승합,남,42세,상해없음,,,,
2022050200100042,2022년 5월 2일 06시,월요일,대구광역시 중구 교동,부상신고사고,0,0,0,2,차대차 - 추돌,안전운전불이행,건조,맑음,교차로 - 교차로부근,승용,여,28세,상해없음,승용,남,63세,부상신고
2022050200100109,2022년 5월 2일 08시,월요일,대구광역시 수성구 신매동,경상사고,0,0,1,0,차대차 - 기타,안전운전불이행,건조,맑음,단일로 - 기타,승용,여,46세,상해없음,자전거,남,41세,경상
2022050200100110,2022년 5월 2일 08시,월요일,대구광역시 수성구 황금동,중상사고,0,1,0,0,차대차 - 측면충돌,안전운전불이행,건조,맑음,단일로 - 기타,개인형이동수단(PM),남,36세,중상,승용,남,61세,상해없음
2022050200100111,2022년 5월 2일 08시,월요일,대구광역시 달서구 유천동,경상사고,0,0,1,0,차대차 - 측면충돌,교차로운행방법위반,건조,맑음,교차로 - 교차로안,승용,여,61세,상해없음,승용,남,33세,경상
2022050200100145,2022년 5월 2일 09시,월요일,대구광역시 동구 신서동,중상사고,0,1,0,0,차대사람 - 횡단중,안전운전불이행,건조,맑음,교차로 - 교차로횡단보도내,승용,여,60세,상해없음,보행자,남,70세,중상
2022050200100146,2022년 5월 2일 09시,월요일,대구광역시 달서구 송현동,경상사고,0,0,1,0,차대차 - 측면충돌,안전운전불이행,건조,맑음,교차로 - 교차로부근,화물,남,38세,상해없음,승용,여,48세,경상
2022050200100182,2022년 5월 2일 10시,월요일,대구광역시 북구 침산동,중상사고,0,1,0,0,차대차 - 기타,안전운전불이행,건조,맑음,단일로 - 기타,이륜,남,52세,상해없음,자전거,남,49세,중상
2022050200100183,2022년 5월 2일 10시,월요일,대구광역시 달서구 이곡동,경상사고,0,0,1,0,차대차 - 기타,안전운전불이행,건조,맑음,기타 - 기타,승용,남,42세,상해없음,이륜,남,37세,경상
2022050200100216,2022년 5월 2일 11시,월요일,대구광역시 달성군 다사읍,중상사고,0,1,0,0,차대차 - 기타,안전운전불이행,건조,맑음,단일로 - 기타,이륜,남,36세,중상,승용,남,56세,상해없음
2022050200100217,2022년 5월 2일 11시,월요일,대구광역시 북구 침산동,경상사고,0,0,2,0,차대차 - 추돌,안전운전불이행,건조,맑음,단일로 - 기타,화물,남,37세,상해없음,승용,남,26세,경상
2022050200100311,2022년 5월 2일 14시,월요일,대구광역시 수성구 범어동,경상사고,0,0,2,0,차대차 - 추돌,안전거리미확보,건조,맑음,단일로 - 기타,이륜,남,39세,상해없음,이륜,남,36세,경상
2022050200100360,2022년 5월 2일 15시,월요일,대구광역시 동구 신평동,중상사고,0,1,0,0,차대차 - 측면충돌,안전운전불이행,건조,맑음,단일로 - 기타,승용,여,50세,상해없음,이륜,여,59세,중상
2022050200100362,2022년 5월 2일 15시,월요일,대구광역시 북구 읍내동,중상사고,0,1,0,0,차대차 - 측면충돌,안전운전불이행,건조,맑음,교차로 - 교차로안,승용,여,35세,기타불명,이륜,남,29세,중상
2022050200100399,2022년 5월 2일 16시,월요일,대구광역시 남구 대명동,경상사고,0,0,1,0,차대차 - 측면충돌,안전운전불이행,건조,맑음,교차로 - 교차로부근,승용,남,55세,상해없음,이륜,남,26세,경상
2022050200100400,2022년 5월 2일 16시,월요일,대구광역시 서구 내당동,경상사고,0,0,1,0,차대차 - 후진중충돌,안전운전불이행,건조,맑음,교차로 - 교차로부근,승용,남,37세,상해없음,이륜,남,50세,경상
2022050200100401,2022년 5월 2일 16시,월요일,대구광역시 달서구 성당동,경상사고,0,0,1,0,차대사람 - 보도통행중,안전운전불이행,건조,맑음,교차로 - 교차로부근,개인형이동수단(PM),여,14세,상해없음,보행자,여,16세,경상
2022050200100444,2022년 5월 2일 17시,월요일,대구광역시 수성구 지산동,경상사고,0,0,1,0,차대차 - 측면충돌,신호위반,건조,맑음,단일로 - 기타,승용,남,62세,상해없음,승용,남,66세,경상
2022050200100445,2022년 5월 2일 17시,월요일,대구광역시 달성군 가창면,경상사고,0,0,1,0,차대차 - 기타,안전운전불이행,건조,맑음,단일로 - 기타,승용,남,39세,상해없음,개인형이동수단(PM),남,40세,경상
2022050200100514,2022년 5월 2일 19시,월요일,대구광역시 북구 관음동,경상사고,0,0,2,0,차대차 - 측면충돌,안전운전불이행,젖음/습기,비,단일로 - 기타,화물,남,63세,상해없음,승용,남,57세,경상
2022050200100516,2022년 5월 2일 19시,월요일,대구광역시 동구 율하동,경상사고,0,0,2,0,차대차 - 추돌,안전거리미확보,젖음/습기,흐림,교차로 - 교차로안,승용,남,32세,상해없음,승용,여,56세,경상
2022050200100517,2022년 5월 2일 19시,월요일,대구광역시 북구 칠성동1가,중상사고,0,1,0,0,차대사람 - 횡단중,보행자보호의무위반,젖음/습기,비,단일로 - 기타,승용,남,69세,상해없음,보행자,여,74세,중상
2022050200100518,2022년 5월 2일 19시,월요일,대구광역시 중구 공평동,경상사고,0,0,1,0,차대사람 - 차도통행중,안전운전불이행,젖음/습기,비,단일로 - 기타,승용,남,36세,상해없음,보행자,남,41세,경상
2022050200100519,2022년 5월 2일 19시,월요일,대구광역시 북구 구암동,경상사고,0,0,3,0,차대차 - 측면충돌,교차로운행방법위반,젖음/습기,비,교차로 - 교차로안,승용,여,56세,상해없음,승용,여,44세,경상
2022050200100555,2022년 5월 2일 20시,월요일,대구광역시 수성구 범어동,경상사고,0,0,1,0,차대차 - 기타,안전거리미확보,젖음/습기,비,교차로 - 교차로부근,승용,여,45세,상해없음,이륜,여,30세,경상
2022050200100556,2022년 5월 2일 20시,월요일,대구광역시 달서구 상인동,경상사고,0,0,1,0,차대차 - 후진중충돌,안전운전불이행,젖음/습기,비,교차로 - 교차로안,화물,남,55세,상해없음,승용,남,33세,경상
2022050200100557,2022년 5월 2일 20시,월요일,대구광역시 달서구 상인동,경상사고,0,0,2,1,차대차 - 측면충돌,교차로운행방법위반,젖음/습기,비,교차로 - 교차로안,승용,남,52세,부상신고,승용,남,29세,경상
2022050200100558,2022년 5월 2일 20시,월요일,대구광역시 달서구 진천동,경상사고,0,0,1,0,차대차 - 측면충돌,안전거리미확보,젖음/습기,비,교차로 - 교차로부근,승용,여,51세,상해없음,승용,여,49세,경상
2022050200100559,2022년 5월 2일 20시,월요일,대구광역시 달서구 송현동,경상사고,0,0,2,0,차대차 - 측면충돌,차로위반,젖음/습기,흐림,단일로 - 기타,승용,여,58세,경상,승용,남,39세,경상
2022050200100575,2022년 5월 2일 21시,월요일,대구광역시 수성구 만촌동,경상사고,0,0,1,0,차대사람 - 차도통행중,안전운전불이행,건조,맑음,단일로 - 기타,화물,남,53세,상해없음,보행자,남,50세,경상
2022050200100576,2022년 5월 2일 21시,월요일,대구광역시 달서구 장기동,경상사고,0,0,1,0,차대차 - 추돌,안전거리미확보,젖음/습기,흐림,교차로 - 교차로부근,이륜,남,52세,상해없음,승용,여,29세,경상
2022050200100605,2022년 5월 2일 22시,월요일,대구광역시 수성구 범어동,경상사고,0,0,2,0,차대차 - 정면충돌,안전운전불이행,건조,맑음,교차로 - 교차로횡단보도내,승용,남,49세,상해없음,승용,남,49세,경상
2022050200100606,2022년 5월 2일 22시,월요일,대구광역시 달서구 상인동,경상사고,0,0,1,0,차량단독 - 도로외이탈 - 기타,기타,건조,맑음,단일로 - 지하차도(도로)내,승용,남,73세,상해없음,,,,
2022050200100607,2022년 5월 2일 22시,월요일,대구광역시 중구 공평동,경상사고,0,0,1,0,차대차 - 측면충돌,신호위반,건조,흐림,교차로 - 교차로안,이륜,남,25세,기타불명,승용,여,53세,경상
2022050200100614,2022년 5월 2일 23시,월요일,대구광역시 남구 대명동,경상사고,0,0,3,0,차대차 - 측면충돌,안전운전불이행,건조,맑음,단일로 - 기타,승용,남,53세,상해없음,승용,남,57세,경상
2022050200100615,2022년 5월 2일 23시,월요일,대구광역시 수성구 성동,경상사고,0,0,5,0,차대차 - 측면충돌,안전거리미확보,건조,맑음,단일로 - 기타,승용,남,45세,경상,승용,남,69세,경상
2022050300100102,2022년 5월 3일 08시,화요일,대구광역시 동구 봉무동,중상사고,0,1,0,0,차대차 - 측면충돌,기타,건조,맑음,단일로 - 기타,승용,남,76세,상해없음,자전거,남,85세,중상
2022050300100103,2022년 5월 3일 08시,화요일,대구광역시 수성구 만촌동,경상사고,0,0,2,0,차대차 - 측면충돌,안전거리미확보,건조,맑음,단일로 - 기타,승용,여,63세,경상,승용,남,60세,경상
2022050300100104,2022년 5월 3일 08시,화요일,대구광역시 달서구 월성동,중상사고,0,1,0,0,차대사람 - 보도통행중,안전운전불이행,건조,맑음,교차로 - 교차로안,승용,여,40세,상해없음,보행자,남,7세,중상
2022050300100149,2022년 5월 3일 09시,화요일,대구광역시 남구 봉덕동,중상사고,0,1,0,0,차대차 - 측면충돌,기타,건조,맑음,단일로 - 기타,건설기계,남,41세,상해없음,승용,여,60세,중상
2022050300100150,2022년 5월 3일 09시,화요일,대구광역시 북구 산격동,경상사고,0,0,1,0,차대차 - 정면충돌,교차로운행방법위반,건조,맑음,교차로 - 교차로안,승용,여,42세,상해없음,승용,여,53세,경상
2022050300100179,2022년 5월 3일 10시,화요일,대구광역시 수성구 만촌동,경상사고,0,0,1,0,차대차 - 측면충돌,안전운전불이행,건조,맑음,교차로 - 교차로부근,승합,남,63세,상해없음,승용,남,30세,경상
2022050300100180,2022년 5월 3일 10시,화요일,대구광역시 달서구 상인동,중상사고,0,1,1,0,차대차 - 측면충돌,안전거리미확보,건조,맑음,단일로 - 기타,건설기계,남,59세,경상,승용,여,53세,중상
2022050300100252,2022년 5월 3일 12시,화요일,대구광역시 수성구 만촌동,경상사고,0,0,1,0,차대사람 - 기타,안전운전불이행,건조,맑음,단일로 - 기타,승용,남,63세,상해없음,보행자,여,64세,경상
2022050300100253,2022년 5월 3일 12시,화요일,대구광역시 달서구 진천동,경상사고,0,0,1,0,차대차 - 기타,안전운전불이행,건조,맑음,기타 - 기타,자전거,여,52세,상해없음,이륜,남,42세,경상
2022050300100254,2022년 5월 3일 12시,화요일,대구광역시 달성군 논공읍,경상사고,0,0,1,0,차대차 - 기타,안전운전불이행,건조,맑음,단일로 - 기타,승용,남,65세,상해없음,화물,남,60세,경상
2022050300100279,2022년 5월 3일 13시,화요일,대구광역시 달성군 다사읍,중상사고,0,1,0,0,차대차 - 기타,기타,건조,맑음,교차로 - 교차로안,승용,남,30세,상해없음,승용,남,48세,중상
2022050300100316,2022년 5월 3일 14시,화요일,대구광역시 달성군 현풍읍,경상사고,0,0,1,0,차대차 - 후진중충돌,안전운전불이행,건조,맑음,단일로 - 기타,승용,여,52세,상해없음,승용,남,27세,경상
2022050300100317,2022년 5월 3일 14시,화요일,대구광역시 북구 동천동,중상사고,0,1,0,3,차대차 - 측면충돌,안전운전불이행,건조,맑음,단일로 - 지하차도(도로)내,승용,남,64세,상해없음,자전거,남,68세,중상
2022050300100358,2022년 5월 3일 15시,화요일,대구광역시 남구 대명동,경상사고,0,0,1,0,차대사람 - 보도통행중,기타,건조,맑음,단일로 - 기타,이륜,남,27세,상해없음,보행자,남,27세,경상
2022050300100360,2022년 5월 3일 15시,화요일,대구광역시 중구 삼덕동1가,경상사고,0,0,1,0,차대사람 - 기타,안전운전불이행,건조,맑음,단일로 - 기타,승용,남,28세,상해없음,보행자,여,44세,경상
2022050300100361,2022년 5월 3일 15시,화요일,대구광역시 달서구 감삼동,경상사고,0,0,1,0,차대차 - 측면충돌,신호위반,건조,맑음,교차로 - 교차로부근,승용,여,48세,상해없음,건설기계,남,74세,경상
2022050300100399,2022년 5월 3일 16시,화요일,대구광역시 달서구 대천동,경상사고,0,0,1,0,차대차 - 추돌,안전운전불이행,건조,맑음,단일로 - 기타,화물,남,54세,상해없음,승용,남,55세,경상
2022050300100446,2022년 5월 3일 17시,화요일,대구광역시 동구 봉무동,중상사고,0,1,0,0,차대차 - 측면충돌,신호위반,건조,맑음,교차로 - 교차로부근,승용,여,52세,상해없음,승용,여,59세,중상
2022050300100447,2022년 5월 3일 17시,화요일,대구광역시 달서구 대천동,경상사고,0,0,1,0,차대차 - 측면충돌,안전운전불이행,건조,맑음,교차로 - 교차로횡단보도내,승용,남,17세,상해없음,자전거,남,12세,경상
2022050300100448,2022년 5월 3일 17시,화요일,대구광역시 북구 동호동,경상사고,0,0,1,0,차대차 - 추돌,안전운전불이행,건조,맑음,단일로 - 기타,승용,여,65세,상해없음,승용,여,33세,경상
2022050300100502,2022년 5월 3일 18시,화요일,대구광역시 동구 방촌동,경상사고,0,0,2,0,차대차 - 측면충돌,안전운전불이행,건조,맑음,단일로 - 기타,이륜,남,65세,상해없음,승용,남,60세,경상
2022050300100503,2022년 5월 3일 18시,화요일,대구광역시 동구 신천동,중상사고,0,1,4,0,차대차 - 기타,신호위반,건조,맑음,교차로 - 교차로부근,승용,남,28세,상해없음,승합,남,51세,경상
2022050300100504,2022년 5월 3일 18시,화요일,대구광역시 북구 복현동,부상신고사고,0,0,0,1,차대차 - 측면충돌,안전운전불이행,건조,맑음,교차로 - 교차로부근,이륜,남,76세,부상신고,승용,여,46세,상해없음
2022050300100533,2022년 5월 3일 19시,화요일,대구광역시 수성구 만촌동,경상사고,0,0,1,0,차대차 - 측면충돌,안전거리미확보,건조,맑음,단일로 - 기타,승용,남,49세,상해없음,승용,남,72세,경상
2022050300100534,2022년 5월 3일 19시,화요일,대구광역시 달서구 송현동,중상사고,0,2,1,0,차대차 - 측면충돌,기타,건조,맑음,단일로 - 기타,승용,여,40세,경상,승용,남,55세,중상
2022050300100564,2022년 5월 3일 20시,화요일,대구광역시 중구 공평동,경상사고,0,0,1,0,차대사람 - 기타,안전운전불이행,건조,맑음,단일로 - 기타,승용,여,25세,기타불명,보행자,여,23세,경상
2022050300100602,2022년 5월 3일 22시,화요일,대구광역시 동구 신암동,경상사고,0,0,1,0,차대차 - 측면충돌,안전거리미확보,건조,맑음,교차로 - 교차로부근,승용,남,73세,상해없음,승용,남,32세,경상
2022050300100613,2022년 5월 3일 23시,화요일,대구광역시 수성구 두산동,경상사고,0,0,1,0,차대차 - 측면충돌,안전거리미확보,건조,맑음,단일로 - 기타,승용,여,43세,상해없음,승용,여,40세,경상
2022050400100016,2022년 5월 4일 00시,수요일,대구광역시 중구 종로2가,경상사고,0,0,1,0,차대차 - 추돌,안전운전불이행,건조,맑음,단일로 - 기타,승용,여,38세,상해없음,승용,남,30세,기타불명
2022050400100028,2022년 5월 4일 01시,수요일,대구광역시 동구 입석동,경상사고,0,0,1,0,차량단독 - 전도전복 - 전도,안전운전불이행,건조,맑음,교차로 - 교차로안,원동기,남,26세,경상,,,,
2022050400100029,2022년 5월 4일 01시,수요일,대구광역시 달서구 호산동,경상사고,0,0,1,0,차대차 - 측면충돌,안전운전불이행,건조,맑음,단일로 - 기타,승용,남,26세,상해없음,승용,남,43세,경상
2022050400100034,2022년 5월 4일 02시,수요일,대구광역시 수성구 수성동4가,경상사고,0,0,2,0,차대차 - 측면충돌,중앙선침범,건조,맑음,교차로 - 교차로부근,승용,남,50세,상해없음,승용,남,20세,경상
2022050400100039,2022년 5월 4일 03시,수요일,대구광역시 서구 평리동,경상사고,0,0,1,0,차대사람 - 기타,안전운전불이행,건조,맑음,단일로 - 기타,승용,남,35세,상해없음,보행자,남,21세,경상
2022050400100091,2022년 5월 4일 07시,수요일,대구광역시 달서구 진천동,중상사고,0,1,0,0,차대사람 - 길가장자리구역통행중,안전운전불이행,건조,맑음,단일로 - 기타,승용,남,60세,상해없음,보행자,남,81세,중상
2022050400100143,2022년 5월 4일 08시,수요일,대구광역시 수성구 만촌동,경상사고,0,0,1,0,차대차 - 정면충돌,안전운전불이행,건조,맑음,단일로 - 기타,승용,여,29세,상해없음,승용,여,48세,경상
2022050400100144,2022년 5월 4일 08시,수요일,대구광역시 달서구 월성동,부상신고사고,0,0,0,1,차대사람 - 횡단중,보행자보호의무위반,건조,맑음,교차로 - 교차로안,개인형이동수단(PM),남,13세,상해없음,보행자,남,7세,부상신고
2022050400100145,2022년 5월 4일 08시,수요일,대구광역시 달서구 월성동,경상사고,0,0,1,0,차대사람 - 횡단중,신호위반,건조,맑음,교차로 - 교차로횡단보도내,승용,여,56세,상해없음,보행자,남,6세,경상
2022050400100146,2022년 5월 4일 08시,수요일,대구광역시 북구 침산동,경상사고,0,0,1,0,차대차 - 측면충돌,안전운전불이행,건조,맑음,교차로 - 교차로안,승용,남,64세,상해없음,화물,남,47세,경상
2022050400100147,2022년 5월 4일 08시,수요일,대구광역시 달서구 용산동,경상사고,0,0,1,0,차대차 - 측면충돌,안전거리미확보,건조,맑음,단일로 - 기타,승용,남,34세,상해없음,화물,남,38세,경상
2022050400100193,2022년 5월 4일 09시,수요일,대구광역시 수성구 만촌동,중상사고,0,1,0,0,차대차 - 측면충돌,안전운전불이행,건조,맑음,기타 - 기타,승용,남,40세,상해없음,자전거,남,55세,중상
2022050400100194,2022년 5월 4일 09시,수요일,대구광역시 서구 평리동,사망사고,1,0,0,0,차대사람 - 차도통행중,안전운전불이행,건조,맑음,교차로 - 교차로부근,화물,남,58세,상해없음,보행자,남,98세 이상,사망
2022050400100236,2022년 5월 4일 10시,수요일,대구광역시 수성구 지산동,중상사고,0,1,0,0,차대차 - 정면충돌,중앙선침범,건조,맑음,단일로 - 기타,승용,여,65세,상해없음,승용,여,66세,중상
2022050400100237,2022년 5월 4일 10시,수요일,대구광역시 수성구 신매동,경상사고,0,0,1,0,차대차 - 측면충돌,안전운전불이행,건조,맑음,기타 - 기타,승용,여,50세,기타불명,승용,여,41세,경상
2022050400100238,2022년 5월 4일 10시,수요일,대구광역시 중구 동인동4가,경상사고,0,0,1,0,차대차 - 측면충돌,안전운전불이행,건조,맑음,단일로 - 기타,이륜,여,57세,경상,승용,여,24세,상해없음
2022050400100266,2022년 5월 4일 11시,수요일,대구광역시 남구 대명동,경상사고,0,0,1,0,차대차 - 측면충돌,안전거리미확보,건조,맑음,단일로 - 기타,승용,남,68세,상해없음,승용,남,30세,경상
2022050400100371,2022년 5월 4일 14시,수요일,대구광역시 달서구 신당동,경상사고,0,0,1,0,차대차 - 측면충돌,안전운전불이행,건조,맑음,단일로 - 기타,승용,남,59세,상해없음,승용,남,30세,경상
2022050400100406,2022년 5월 4일 15시,수요일,대구광역시 중구 남산동,중상사고,0,1,0,0,차대차 - 측면충돌,신호위반,건조,맑음,교차로 - 교차로부근,건설기계,남,38세,상해없음,이륜,남,28세,중상
2022050400100439,2022년 5월 4일 16시,수요일,대구광역시 달서구 상인동,경상사고,0,0,4,0,차대차 - 측면충돌,교차로운행방법위반,건조,맑음,교차로 - 교차로안,화물,남,60세,경상,승용,여,51세,경상
2022050400100440,2022년 5월 4일 16시,수요일,대구광역시 북구 칠성동1가,경상사고,0,0,2,0,차대차 - 추돌,안전운전불이행,건조,맑음,단일로 - 기타,승용,여,26세,상해없음,화물,남,31세,경상
2022050400100502,2022년 5월 4일 17시,수요일,대구광역시 동구 율하동,중상사고,0,1,0,0,차대차 - 측면충돌,신호위반,건조,맑음,단일로 - 기타,승용,여,63세,상해없음,이륜,남,50세,중상
2022050400100503,2022년 5월 4일 17시,수요일,대구광역시 달서구 월성동,경상사고,0,0,2,0,차대차 - 측면충돌,안전거리미확보,건조,맑음,단일로 - 기타,승용,남,38세,상해없음,승용,남,23세,경상
2022050400100505,2022년 5월 4일 17시,수요일,대구광역시 북구 노원동2가,경상사고,0,0,1,0,차대차 - 측면충돌,안전운전불이행,건조,맑음,단일로 - 기타,승용,여,29세,상해없음,건설기계,남,53세,경상
2022050400100506,2022년 5월 4일 17시,수요일,대구광역시 서구 이현동,경상사고,0,0,2,0,차대차 - 측면충돌,신호위반,건조,맑음,교차로 - 교차로부근,승용,남,62세,상해없음,승용,남,37세,경상
2022050400100507,2022년 5월 4일 17시,수요일,대구광역시 북구 팔달동,경상사고,0,0,1,0,차대차 - 측면충돌,안전운전불이행,건조,맑음,단일로 - 지하차도(도로)내,자전거,남,14세,경상,승용,남,53세,상해없음
2022050400100508,2022년 5월 4일 17시,수요일,대구광역시 북구 금호동,경상사고,0,0,3,0,차대차 - 측면충돌,안전거리미확보,건조,맑음,단일로 - 기타,승용,남,64세,상해없음,승용,여,48세,경상
2022050400100509,2022년 5월 4일 17시,수요일,대구광역시 북구 태전동,경상사고,0,0,1,0,차대차 - 추돌,안전운전불이행,건조,맑음,단일로 - 기타,원동기,남,23세,기타불명,승용,여,42세,경상
2022050400100567,2022년 5월 4일 18시,수요일,대구광역시 동구 신암동,경상사고,0,0,1,0,차대사람 - 길가장자리구역통행중,안전운전불이행,건조,맑음,단일로 - 기타,승용,여,67세,상해없음,보행자,남,4세,경상
2022050400100568,2022년 5월 4일 18시,수요일,대구광역시 수성구 만촌동,경상사고,0,0,1,0,차대차 - 기타,안전운전불이행,건조,맑음,단일로 - 기타,승용,남,55세,상해없음,승용,남,31세,경상
2022050400100614,2022년 5월 4일 19시,수요일,대구광역시 동구 율하동,경상사고,0,0,1,0,차대사람 - 기타,안전운전불이행,건조,맑음,기타 - 기타,이륜,남,54세,상해없음,보행자,남,40세,경상
2022050400100615,2022년 5월 4일 19시,수요일,대구광역시 달서구 월성동,경상사고,0,0,1,0,차대차 - 측면충돌,안전운전불이행,건조,흐림,교차로 - 교차로횡단보도내,승용,남,35세,상해없음,원동기,남,21세,경상
2022050400100655,2022년 5월 4일 20시,수요일,대구광역시 동구 방촌동,부상신고사고,0,0,0,1,차량단독 - 기타,안전운전불이행,건조,맑음,교차로 - 교차로부근,승용,남,73세,상해없음,,,,
2022050400100656,2022년 5월 4일 20시,수요일,대구광역시 달성군 구지면,중상사고,0,1,2,0,차대사람 - 횡단중,보행자보호의무위반,건조,맑음,교차로 - 교차로횡단보도내,이륜,남,20세,경상,보행자,여,67세,중상
2022050400100657,2022년 5월 4일 20시,수요일,대구광역시 달성군 화원읍,중상사고,0,1,0,0,차대사람 - 기타,안전운전불이행,건조,맑음,미분류 - 미분류,승용,여,65세,상해없음,보행자,남,53세,중상
2022050400100680,2022년 5월 4일 21시,수요일,대구광역시 달서구 대곡동,경상사고,0,0,1,0,차대차 - 측면충돌,안전운전불이행,건조,맑음,단일로 - 기타,승용,여,53세,상해없음,이륜,남,43세,경상