사고번호,사고일시,요일,시군구,사고내용,사망자수,중상자수,경상자수,부상신고자수,사고유형,법규위반,노면상태,기상상태,도로형태,가해운전자 차종,가해운전자 성별,가해운전자 연령,가해운전자 상해정도,피해운전자 차종,피해운전자 성별,피해운전자 연령,피해운전자 상해정도
2022051200100119,2022년 5월 12일 08시,목요일,대구광역시 수성구 지산동,경상사고,0,0,3,0,차대차 - 측면충돌,안전운전불이행,건조,맑음,단일로 - 기타,승용,여,40세,경상,승용,여,25세,경상
2022051200100120,2022년 5월 12일 08시,목요일,대구광역시 달서구 상인동,경상사고,0,0,1,0,차대차 - 정면충돌,신호위반,건조,맑음,교차로 - 교차로안,승용,여,63세,상해없음,승용,여,42세,경상
2022051200100149,2022년 5월 12일 09시,목요일,대구광역시 동구 신천동,경상사고,0,0,1,0,차대사람 - 길가장자리구역통행중,안전운전불이행,건조,맑음,단일로 - 기타,승용,여,27세,상해없음,보행자,여,25세,경상
2022051200100150,2022년 5월 12일 09시,목요일,대구광역시 달서구 월성동,경상사고,0,0,1,0,차대차 - 측면충돌,안전운전불이행,건조,맑음,단일로 - 지하차도(도로)내,화물,남,70세,상해없음,화물,남,39세,경상
2022051200100151,2022년 5월 12일 09시,목요일,대구광역시 달성군 다사읍,경상사고,0,0,1,0,차대차 - 추돌,안전운전불이행,건조,맑음,교차로 - 교차로부근,승용,여,56세,상해없음,승용,남,47세,경상
2022051200100152,2022년 5월 12일 09시,목요일,대구광역시 서구 비산동,경상사고,0,0,1,0,차대차 - 추돌,안전운전불이행,건조,맑음,교차로 - 교차로부근,승용,여,66세,상해없음,화물,남,62세,경상
2022051200100204,2022년 5월 12일 11시,목요일,대구광역시 북구 금호동,경상사고,0,0,1,0,차대차 - 측면충돌,안전거리미확보,건조,맑음,단일로 - 기타,화물,남,61세,상해없음,승용,여,45세,경상
2022051200100208,2022년 5월 12일 11시,목요일,대구광역시 동구 입석동,중상사고,0,1,0,0,차대사람 - 횡단중,중앙선침범,건조,맑음,기타 - 기타,승용,여,66세,상해없음,보행자,여,75세,중상
2022051200100209,2022년 5월 12일 11시,목요일,대구광역시 북구 산격동,경상사고,0,0,2,0,차대차 - 측면충돌,신호위반,건조,맑음,교차로 - 교차로안,승용,남,33세,상해없음,승용,여,55세,경상
2022051200100210,2022년 5월 12일 11시,목요일,대구광역시 중구 공평동,중상사고,0,2,0,0,차대사람 - 기타,신호위반,건조,맑음,교차로 - 교차로안,자전거,남,23세,중상,보행자,여,26세,중상
2022051200100239,2022년 5월 12일 12시,목요일,대구광역시 수성구 상동,경상사고,0,0,1,0,차대사람 - 기타,안전운전불이행,건조,맑음,단일로 - 기타,승용,여,27세,상해없음,보행자,여,64세,경상
2022051200100240,2022년 5월 12일 12시,목요일,대구광역시 달서구 송현동,중상사고,0,1,2,0,차대차 - 측면충돌,불법유턴,건조,맑음,교차로 - 교차로부근,승용,여,48세,경상,화물,남,49세,경상
2022051200100273,2022년 5월 12일 13시,목요일,대구광역시 수성구 상동,경상사고,0,0,2,0,차대차 - 기타,안전운전불이행,건조,맑음,단일로 - 기타,승용,여,55세,상해없음,승용,여,53세,경상
2022051200100274,2022년 5월 12일 13시,목요일,대구광역시 달성군 유가읍,중상사고,0,1,0,0,차대차 - 기타,안전운전불이행,건조,맑음,교차로 - 교차로안,화물,남,30세,상해없음,이륜,남,81세,중상
2022051200100275,2022년 5월 12일 13시,목요일,대구광역시 서구 평리동,경상사고,0,0,1,0,차대차 - 정면충돌,중앙선침범,건조,맑음,교차로 - 교차로안,승용,남,73세,상해없음,승용,남,60세,경상
2022051200100303,2022년 5월 12일 14시,목요일,대구광역시 수성구 수성동4가,중상사고,0,1,0,0,차대차 - 측면충돌,안전운전불이행,건조,맑음,단일로 - 기타,승용,남,35세,상해없음,이륜,남,52세,중상
2022051200100304,2022년 5월 12일 14시,목요일,대구광역시 달서구 월성동,경상사고,0,0,1,0,차대차 - 기타,신호위반,건조,맑음,교차로 - 교차로안,기타불명,기타불명,미분류,기타불명,승용,남,64세,상해없음
2022051200100334,2022년 5월 12일 15시,목요일,대구광역시 북구 노원동1가,경상사고,0,0,1,0,차대차 - 추돌,안전거리미확보,건조,맑음,교차로 - 교차로안,화물,남,37세,상해없음,승용,남,40세,경상
2022051200100335,2022년 5월 12일 15시,목요일,대구광역시 달서구 용산동,경상사고,0,0,1,0,차대차 - 측면충돌,안전운전불이행,건조,맑음,단일로 - 기타,승용,여,55세,상해없음,승용,남,32세,경상
2022051200100378,2022년 5월 12일 16시,목요일,대구광역시 동구 방촌동,경상사고,0,0,1,0,차대차 - 추돌,안전거리미확보,건조,맑음,교차로 - 교차로부근,승용,남,34세,상해없음,승용,여,37세,경상
2022051200100379,2022년 5월 12일 16시,목요일,대구광역시 수성구 지산동,경상사고,0,0,1,0,차대차 - 측면충돌,안전운전불이행,건조,맑음,교차로 - 교차로횡단보도내,승용,여,43세,상해없음,자전거,남,12세,경상
2022051200100380,2022년 5월 12일 16시,목요일,대구광역시 달서구 상인동,경상사고,0,0,2,0,차대차 - 측면충돌,안전거리미확보,건조,맑음,교차로 - 교차로부근,승용,여,38세,상해없음,이륜,남,16세,경상
2022051200100381,2022년 5월 12일 16시,목요일,대구광역시 달서구 상인동,중상사고,0,1,0,0,차대사람 - 횡단중,안전운전불이행,건조,맑음,교차로 - 교차로안,승용,여,57세,상해없음,보행자,남,6세,중상
2022051200100382,2022년 5월 12일 16시,목요일,대구광역시 북구 침산동,경상사고,0,0,1,0,차대차 - 측면충돌,차로위반,건조,맑음,교차로 - 교차로안,승용,여,59세,상해없음,승용,남,45세,경상
2022051200100428,2022년 5월 12일 17시,목요일,대구광역시 수성구 지산동,경상사고,0,0,1,0,차대사람 - 횡단중,보행자보호의무위반,건조,맑음,단일로 - 기타,승용,여,41세,상해없음,보행자,남,12세,경상
2022051200100429,2022년 5월 12일 17시,목요일,대구광역시 서구 비산동,중상사고,0,1,0,0,차대사람 - 차도통행중,안전운전불이행,건조,맑음,교차로 - 교차로부근,승용,남,70세,상해없음,보행자,남,12세,중상
2022051200100430,2022년 5월 12일 17시,목요일,대구광역시 서구 비산동,경상사고,0,0,1,0,차대차 - 측면충돌,신호위반,건조,맑음,교차로 - 교차로부근,승용,남,42세,상해없음,승용,남,55세,경상
2022051200100471,2022년 5월 12일 18시,목요일,대구광역시 동구 신서동,경상사고,0,0,1,0,차대차 - 기타,안전운전불이행,건조,맑음,교차로 - 교차로안,화물,남,62세,상해없음,자전거,남,71세,경상
2022051200100472,2022년 5월 12일 18시,목요일,대구광역시 동구 신천동,경상사고,0,0,2,0,차대차 - 측면충돌,안전운전불이행,건조,맑음,단일로 - 교량,승용,여,47세,경상,승용,여,39세,경상
2022051200100473,2022년 5월 12일 18시,목요일,대구광역시 달서구 송현동,경상사고,0,0,1,0,차대차 - 측면충돌,안전거리미확보,건조,맑음,단일로 - 지하차도(도로)내,원동기,남,28세,경상,승용,남,34세,상해없음
2022051200100474,2022년 5월 12일 18시,목요일,대구광역시 달서구 두류동,부상신고사고,0,0,0,1,차대차 - 추돌,안전운전불이행,건조,맑음,단일로 - 기타,이륜,남,19세,부상신고,승합,남,61세,상해없음
2022051200100475,2022년 5월 12일 18시,목요일,대구광역시 달서구 이곡동,경상사고,0,0,2,0,차대차 - 측면충돌,신호위반,건조,맑음,교차로 - 교차로안,승용,남,35세,상해없음,승용,남,49세,경상
2022051200100476,2022년 5월 12일 18시,목요일,대구광역시 북구 동천동,경상사고,0,0,1,0,차대차 - 측면충돌,교차로운행방법위반,건조,맑음,교차로 - 교차로횡단보도내,자전거,여,10세,경상,이륜,남,46세,상해없음
2022051200100512,2022년 5월 12일 19시,목요일,대구광역시 북구 노곡동,경상사고,0,0,1,0,차대차 - 기타,안전운전불이행,건조,맑음,단일로 - 기타,승용,남,18세,상해없음,승용,남,41세,경상
2022051200100514,2022년 5월 12일 19시,목요일,대구광역시 수성구 성동,부상신고사고,0,0,0,1,차량단독 - 공작물충돌,안전운전불이행,건조,맑음,단일로 - 기타,승용,남,22세,부상신고,,,,
2022051200100515,2022년 5월 12일 19시,목요일,대구광역시 북구 침산동,중상사고,0,1,1,0,차대차 - 측면충돌,안전운전불이행,건조,맑음,단일로 - 기타,승용,남,78세,상해없음,승용,남,52세,중상
2022051200100516,2022년 5월 12일 19시,목요일,대구광역시 서구 평리동,경상사고,0,0,1,0,차대차 - 측면충돌,안전운전불이행,건조,맑음,단일로 - 기타,화물,남,57세,상해없음,이륜,남,23세,경상
2022051200100545,2022년 5월 12일 20시,목요일,대구광역시 북구 검단동,경상사고,0,0,1,0,차량단독 - 기타,안전운전불이행,건조,맑음,단일로 - 기타,승용,남,35세,경상,,,,
2022051200100548,2022년 5월 12일 20시,목요일,대구광역시 달서구 두류동,경상사고,0,0,1,0,차대사람 - 기타,안전운전불이행,건조,맑음,단일로 - 기타,승용,남,64세,상해없음,보행자,남,28세,경상
2022051200100605,2022년 5월 12일 23시,목요일,대구광역시 서구 평리동,부상신고사고,0,0,0,1,차대사람 - 차도통행중,안전운전불이행,건조,맑음,단일로 - 기타,승용,남,60세,상해없음,보행자,남,49세,부상신고
2022051300100008,2022년 5월 13일 00시,금요일,대구광역시 남구 대명동,사망사고,1,0,0,0,차량단독 - 공작물충돌,안전운전불이행,건조,맑음,교차로 - 교차로부근,이륜,남,30세,사망,,,,
2022051300100023,2022년 5월 13일 02시,금요일,대구광역시 수성구 두산동,경상사고,0,0,1,0,차대차 - 기타,안전운전불이행,건조,맑음,단일로 - 기타,승용,남,36세,상해없음,화물,남,42세,경상
2022051300100075,2022년 5월 13일 07시,금요일,대구광역시 달서구 신당동,경상사고,0,0,1,0,차대차 - 추돌,안전운전불이행,건조,맑음,교차로 - 교차로부근,승용,남,38세,상해없음,승용,남,25세,경상
2022051300100117,2022년 5월 13일 08시,금요일,대구광역시 남구 봉덕동,경상사고,0,0,3,0,차대차 - 측면충돌,교차로운행방법위반,건조,맑음,단일로 - 기타,승용,여,47세,경상,승용,여,42세,경상
2022051300100118,2022년 5월 13일 08시,금요일,대구광역시 북구 산격동,경상사고,0,0,1,0,차대차 - 기타,안전운전불이행,건조,맑음,교차로 - 교차로횡단보도내,이륜,남,69세,상해없음,자전거,남,67세,경상
2022051300100152,2022년 5월 13일 09시,금요일,대구광역시 남구 대명동,경상사고,0,0,1,0,차대차 - 기타,안전운전불이행,건조,맑음,교차로 - 교차로부근,승용,남,48세,상해없음,화물,남,50세,경상
2022051300100153,2022년 5월 13일 09시,금요일,대구광역시 달서구 본리동,경상사고,0,0,1,1,차대차 - 측면충돌,안전운전불이행,건조,맑음,단일로 - 기타,승용,남,30세,부상신고,승용,남,68세,경상
2022051300100186,2022년 5월 13일 10시,금요일,대구광역시 달서구 호산동,경상사고,0,0,1,0,차대차 - 기타,안전운전불이행,건조,맑음,교차로 - 교차로부근,승용,여,57세,상해없음,화물,남,56세,경상
2022051300100225,2022년 5월 13일 11시,금요일,대구광역시 수성구 범어동,중상사고,0,1,0,0,차대차 - 측면충돌,안전운전불이행,건조,맑음,단일로 - 기타,이륜,남,36세,상해없음,자전거,남,42세,중상
2022051300100226,2022년 5월 13일 11시,금요일,대구광역시 달서구 대곡동,경상사고,0,0,1,0,차대사람 - 기타,안전운전불이행,건조,맑음,단일로 - 기타,승용,남,45세,상해없음,보행자,남,44세,경상
2022051300100265,2022년 5월 13일 12시,금요일,대구광역시 달서구 대곡동,중상사고,0,1,0,0,차대차 - 기타,안전운전불이행,건조,맑음,단일로 - 기타,승용,남,50세,상해없음,승합,남,65세,상해없음
2022051300100266,2022년 5월 13일 12시,금요일,대구광역시 달성군 유가읍,경상사고,0,0,3,0,차대차 - 기타,직진우회전진행방해,건조,맑음,교차로 - 교차로안,이륜,남,39세,상해없음,승용,여,32세,경상
2022051300100297,2022년 5월 13일 13시,금요일,대구광역시 중구 남산동,경상사고,0,0,1,0,차대사람 - 기타,기타,건조,맑음,단일로 - 기타,승용,여,42세,상해없음,보행자,여,20세,경상
2022051300100335,2022년 5월 13일 14시,금요일,대구광역시 동구 입석동,중상사고,0,1,0,0,차량단독 - 기타,안전운전불이행,건조,맑음,교차로 - 교차로안,승합,남,55세,상해없음,,,,
2022051300100370,2022년 5월 13일 15시,금요일,대구광역시 남구 봉덕동,경상사고,0,0,1,0,차대차 - 측면충돌,중앙선침범,건조,맑음,단일로 - 기타,승용,남,73세,상해없음,승용,남,37세,경상
2022051300100371,2022년 5월 13일 15시,금요일,대구광역시 달서구 감삼동,경상사고,0,0,2,0,차대차 - 측면충돌,안전운전불이행,건조,맑음,교차로 - 교차로부근,승용,남,22세,상해없음,승용,남,81세,경상
2022051300100399,2022년 5월 13일 16시,금요일,대구광역시 달서구 상인동,경상사고,0,0,1,0,차대차 - 측면충돌,안전운전불이행,건조,맑음,기타 - 기타,승용,여,42세,상해없음,승용,여,42세,경상
2022051300100400,2022년 5월 13일 16시,금요일,대구광역시 중구 동인동4가,부상신고사고,0,0,0,2,차대차 - 기타,안전거리미확보,젖음/습기,흐림,교차로 - 교차로안,기타불명,기타불명,미분류,기타불명,이륜,남,65세,부상신고
2022051300100447,2022년 5월 13일 17시,금요일,대구광역시 북구 태전동,경상사고,0,0,2,0,차대차 - 추돌,안전운전불이행,젖음/습기,비,단일로 - 지하차도(도로)내,승용,여,46세,상해없음,승용,남,58세,경상
2022051300100503,2022년 5월 13일 18시,금요일,대구광역시 동구 효목동,부상신고사고,0,0,0,1,차대차 - 기타,안전운전불이행,젖음/습기,비,단일로 - 기타,자전거,남,72세,부상신고,승용,남,49세,상해없음
2022051300100504,2022년 5월 13일 18시,금요일,대구광역시 서구 평리동,경상사고,0,0,2,0,차대차 - 추돌,안전운전불이행,젖음/습기,비,단일로 - 기타,승용,남,61세,경상,화물,남,44세,경상
2022051300100505,2022년 5월 13일 18시,금요일,대구광역시 서구 중리동,경상사고,0,0,2,0,차대차 - 측면충돌,직진우회전진행방해,건조,맑음,교차로 - 교차로안,승용,여,26세,기타불명,승용,남,69세,경상
2022051300100506,2022년 5월 13일 18시,금요일,대구광역시 서구 내당동,경상사고,0,0,1,0,차대차 - 기타,안전거리미확보,건조,맑음,단일로 - 기타,승용,남,61세,상해없음,승용,남,69세,경상
2022051300100507,2022년 5월 13일 18시,금요일,대구광역시 북구 매천동,경상사고,0,0,1,0,차대차 - 기타,안전운전불이행,젖음/습기,비,교차로 - 교차로안,이륜,남,42세,경상,승용,여,43세,상해없음
2022051300100555,2022년 5월 13일 19시,금요일,대구광역시 동구 신천동,경상사고,0,0,1,0,차대차 - 추돌,안전운전불이행,건조,맑음,기타 - 기타,승용,남,71세,상해없음,승용,남,29세,경상
2022051300100556,2022년 5월 13일 19시,금요일,대구광역시 수성구 수성동1가,부상신고사고,0,0,0,1,차대차 - 기타,안전운전불이행,젖음/습기,비,교차로 - 교차로안,기타불명,기타불명,미분류,기타불명,원동기,남,44세,부상신고
2022051300100557,2022년 5월 13일 19시,금요일,대구광역시 수성구 범어동,경상사고,0,0,1,0,차대사람 - 길가장자리구역통행중,안전운전불이행,건조,맑음,교차로 - 교차로안,승용,여,45세,상해없음,보행자,남,58세,경상
2022051300100558,2022년 5월 13일 19시,금요일,대구광역시 달서구 감삼동,경상사고,0,0,4,0,차대차 - 기타,안전거리미확보,젖음/습기,비,교차로 - 교차로부근,승합,남,48세,상해없음,승용,여,26세,상해없음
2022051300100560,2022년 5월 13일 19시,금요일,대구광역시 달성군 현풍읍,경상사고,0,0,2,0,차대차 - 측면충돌,안전운전불이행,젖음/습기,맑음,단일로 - 교량,승용,남,42세,경상,승용,남,32세,경상
2022051300100561,2022년 5월 13일 19시,금요일,대구광역시 달서구 신당동,경상사고,0,0,1,0,차대차 - 추돌,안전운전불이행,건조,맑음,교차로 - 교차로부근,승용,여,52세,상해없음,이륜,남,45세,경상
2022051300100597,2022년 5월 13일 20시,금요일,대구광역시 달서구 월성동,경상사고,0,0,2,0,차대차 - 측면충돌,교차로운행방법위반,건조,맑음,교차로 - 교차로안,승용,남,51세,경상,승용,여,50세,경상
2022051300100598,2022년 5월 13일 20시,금요일,대구광역시 달성군 화원읍,경상사고,0,0,1,0,차대차 - 기타,신호위반,젖음/습기,맑음,교차로 - 교차로안,이륜,남,71세,경상,승용,남,65세,상해없음
2022051300100599,2022년 5월 13일 20시,금요일,대구광역시 서구 내당동,사망사고,1,0,0,0,차대사람 - 횡단중,안전운전불이행,젖음/습기,흐림,단일로 - 기타,승용,남,73세,상해없음,보행자,남,67세,사망
2022051300100653,2022년 5월 13일 22시,금요일,대구광역시 달서구 대천동,경상사고,0,0,1,0,차대차 - 측면충돌,안전운전불이행,건조,맑음,기타 - 기타,승용,남,21세,상해없음,자전거,남,34세,경상
2022051300100654,2022년 5월 13일 22시,금요일,대구광역시 달서구 도원동,경상사고,0,0,1,0,차대차 - 측면충돌,안전운전불이행,건조,맑음,교차로 - 교차로부근,승용,여,54세,상해없음,승용,여,64세,경상
2022051300100676,2022년 5월 13일 23시,금요일,대구광역시 남구 대명동,경상사고,0,0,2,0,차대차 - 추돌,안전운전불이행,건조,맑음,단일로 - 기타,승용,남,27세,상해없음,승용,남,65세,경상
2022051300100677,2022년 5월 13일 23시,금요일,대구광역시 수성구 두산동,중상사고,0,1,4,0,차대차 - 추돌,안전운전불이행,건조,맑음,단일로 - 기타,승용,남,24세,상해없음,승용,남,27세,경상
2022051400100011,2022년 5월 14일 00시,토요일,대구광역시 수성구 황금동,경상사고,0,0,1,0,차대차 - 측면충돌,안전운전불이행,건조,맑음,교차로 - 교차로안,승용,남,61세,상해없음,이륜,남,25세,경상
2022051400100036,2022년 5월 14일 02시,토요일,대구광역시 동구 불로동,경상사고,0,0,1,0,차대차 - 추돌,기타,건조,맑음,단일로 - 기타,화물,남,33세,상해없음,승용,남,66세,경상
2022051400100037,2022년 5월 14일 02시,토요일,대구광역시 중구 삼덕동1가,중상사고,0,1,1,0,차대사람 - 기타,안전운전불이행,건조,맑음,단일로 - 기타,승용,남,20세,상해없음,보행자,남,23세,중상
2022051400100053,2022년 5월 14일 03시,토요일,대구광역시 중구 공평동,경상사고,0,0,1,0,차대차 - 기타,안전운전불이행,건조,맑음,교차로 - 교차로부근,승용,남,27세,상해없음,이륜,남,32세,경상
2022051400100064,2022년 5월 14일 04시,토요일,대구광역시 중구 봉산동,경상사고,0,0,1,0,차대차 - 기타,중앙선침범,건조,맑음,단일로 - 기타,승용,남,28세,기타불명,승용,남,67세,경상
2022051400100080,2022년 5월 14일 06시,토요일,대구광역시 북구 대현동,경상사고,0,0,1,0,차대차 - 기타,교차로운행방법위반,건조,맑음,교차로 - 교차로부근,승용,남,69세,상해없음,자전거,남,64세,경상
2022051400100097,2022년 5월 14일 07시,토요일,대구광역시 남구 대명동,경상사고,0,0,1,0,차대차 - 기타,안전운전불이행,건조,맑음,교차로 - 교차로안,승합,남,65세,상해없음,승용,여,59세,경상
2022051400100111,2022년 5월 14일 08시,토요일,대구광역시 중구 공평동,경상사고,0,0,1,0,차대차 - 측면충돌,안전거리미확보,건조,맑음,단일로 - 기타,승용,여,56세,상해없음,승합,남,53세,경상
2022051400100136,2022년 5월 14일 09시,토요일,대구광역시 수성구 범어동,경상사고,0,0,2,0,차대차 - 측면충돌,안전운전불이행,건조,맑음,교차로 - 교차로부근,승용,여,43세,경상,승용,여,32세,경상
2022051400100137,2022년 5월 14일 09시,토요일,대구광역시 달서구 진천동,경상사고,0,0,1,0,차대차 - 기타,안전운전불이행,건조,맑음,단일로 - 기타,승용,여,54세,상해없음,이륜,남,26세,경상
2022051400100138,2022년 5월 14일 09시,토요일,대구광역시 달서구 성당동,중상사고,0,1,0,0,차대사람 - 기타,기타,건조,맑음,기타 - 기타,자전거,남,62세,상해없음,보행자,여,64세,중상
2022051400100167,2022년 5월 14일 10시,토요일,대구광역시 수성구 범어동,중상사고,0,1,2,0,차대차 - 측면충돌,안전거리미확보,건조,맑음,단일로 - 기타,승용,남,43세,중상,승용,남,74세,경상
2022051400100243,2022년 5월 14일 12시,토요일,대구광역시 달서구 본리동,경상사고,0,0,2,0,차대차 - 추돌,안전거리미확보,건조,맑음,교차로 - 교차로부근,승용,남,51세,상해없음,승용,남,33세,경상
2022051400100279,2022년 5월 14일 13시,토요일,대구광역시 동구 불로동,경상사고,0,0,2,0,차대차 - 측면충돌,안전거리미확보,건조,맑음,단일로 - 기타,승용,남,34세,상해없음,승용,여,49세,경상
2022051400100280,2022년 5월 14일 13시,토요일,대구광역시 달성군 논공읍,경상사고,0,0,1,0,차대사람 - 횡단중,안전운전불이행,건조,맑음,단일로 - 기타,화물,남,47세,상해없음,보행자,남,43세,경상
2022051400100281,2022년 5월 14일 13시,토요일,대구광역시 북구 태전동,부상신고사고,0,0,0,1,차대차 - 측면충돌,기타,건조,맑음,교차로 - 교차로횡단보도내,자전거,여,36세,부상신고,기타불명,기타불명,미분류,기타불명
2022051400100328,2022년 5월 14일 14시,토요일,대구광역시 동구 지묘동,경상사고,0,0,2,0,차대차 - 측면충돌,안전거리미확보,건조,맑음,단일로 - 기타,승용,남,79세,상해없음,승용,남,63세,경상
2022051400100329,2022년 5월 14일 14시,토요일,대구광역시 달서구 송현동,경상사고,0,0,1,0,차대차 - 추돌,안전운전불이행,건조,맑음,교차로 - 교차로부근,승용,남,50세,상해없음,이륜,남,37세,경상
2022051400100330,2022년 5월 14일 14시,토요일,대구광역시 달성군 현풍읍,경상사고,0,0,2,0,차대차 - 측면충돌,안전운전불이행,건조,맑음,단일로 - 기타,화물,남,53세,상해없음,승용,남,23세,경상
2022051400100331,2022년 5월 14일 14시,토요일,대구광역시 북구 산격동,중상사고,0,2,0,0,차대차 - 정면충돌,안전운전불이행,건조,맑음,단일로 - 기타,자전거,남,73세,중상,자전거,남,59세,중상
2022051400100377,2022년 5월 14일 15시,토요일,대구광역시 동구 신천동,경상사고,0,0,1,0,차대사람 - 기타,안전운전불이행,건조,맑음,단일로 - 기타,승용,남,56세,상해없음,보행자,남,43세,경상
2022051400100378,2022년 5월 14일 15시,토요일,대구광역시 동구 신천동,경상사고,0,0,1,0,차대사람 - 보도통행중,기타,건조,맑음,기타 - 기타,승용,남,60세,상해없음,보행자,여,61세,경상
2022051400100379,2022년 5월 14일 15시,토요일,대구광역시 수성구 지산동,경상사고,0,0,2,0,차대차 - 측면충돌,안전운전불이행,건조,맑음,단일로 - 기타,승용,남,20세,경상,승용,남,55세,경상
2022051400100380,2022년 5월 14일 15시,토요일,대구광역시 서구 내당동,경상사고,0,0,1,0,차대사람 - 횡단중,안전운전불이행,건조,맑음,단일로 - 기타,자전거,남,75세,상해없음,보행자,여,74세,경상
2022051400100381,2022년 5월 14일 15시,토요일,대구광역시 중구 상서동,경상사고,0,0,1,0,차대차 - 기타,안전거리미확보,건조,맑음,교차로 - 교차로안,승용,남,22세,상해없음,승용,여,51세,경상
2022051400100469,2022년 5월 14일 17시,토요일,대구광역시 서구 내당동,경상사고,0,0,1,0,차대차 - 측면충돌,직진우회전진행방해,건조,맑음,교차로 - 교차로안,승용,남,23세,상해없음,자전거,남,9세,경상
2022051400100470,2022년 5월 14일 17시,토요일,대구광역시 중구 삼덕동1가,경상사고,0,0,1,0,차대사람 - 길가장자리구역통행중,안전운전불이행,건조,맑음,단일로 - 기타,승용,남,29세,상해없음,보행자,남,26세,경상
2022051400100507,2022년 5월 14일 18시,토요일,대구광역시 달서구 본리동,경상사고,0,0,1,0,차대차 - 측면충돌,안전거리미확보,건조,맑음,단일로 - 기타,승용,여,53세,상해없음,승용,남,33세,경상
2022051400100508,2022년 5월 14일 18시,토요일,대구광역시 달성군 옥포읍,경상사고,0,0,1,0,차대차 - 기타,안전운전불이행,건조,맑음,교차로 - 교차로부근,승용,여,31세,상해없음,자전거,남,48세,경상
2022051400100509,2022년 5월 14일 18시,토요일,대구광역시 북구 동천동,경상사고,0,0,1,0,차대차 - 측면충돌,안전거리미확보,건조,맑음,교차로 - 교차로부근,승용,남,58세,상해없음,승용,남,30세,경상
2022051400100546,2022년 5월 14일 19시,토요일,대구광역시 남구 이천동,경상사고,0,0,1,0,차대사람 - 차도통행중,안전운전불이행,건조,맑음,단일로 - 기타,자전거,남,16세,상해없음,보행자,여,82세,경상
2022051400100547,2022년 5월 14일 19시,토요일,대구광역시 동구 사복동,경상사고,0,0,1,0,차대사람 - 횡단중,안전운전불이행,건조,맑음,교차로 - 교차로안,승용,여,25세,상해없음,보행자,여,75세,경상
2022051400100574,2022년 5월 14일 20시,토요일,대구광역시 달서구 대천동,중상사고,0,1,1,0,차대사람 - 길가장자리구역통행중,안전운전불이행,건조,맑음,단일로 - 기타,개인형이동수단(PM),여,13세,기타불명,보행자,남,31세,경상
2022051400100575,2022년 5월 14일 20시,토요일,대구광역시 달성군 논공읍,중상사고,0,1,0,0,차대사람 - 기타,기타,건조,맑음,교차로 - 교차로부근,승합,남,43세,상해없음,보행자,여,78세,중상
2022051400100605,2022년 5월 14일 21시,토요일,대구광역시 남구 봉덕동,경상사고,0,0,1,0,차대차 - 측면충돌,직진우회전진행방해,건조,맑음,교차로 - 교차로안,자전거,남,52세,경상,승용,남,57세,상해없음
2022051400100606,2022년 5월 14일 21시,토요일,대구광역시 달서구 신당동,중상사고,0,1,1,0,차대차 - 정면충돌,안전운전불이행,건조,맑음,교차로 - 교차로부근,승합,남,36세,상해없음,승용,남,42세,기타불명
2022051400100628,2022년 5월 14일 22시,토요일,대구광역시 달서구 용산동,부상신고사고,0,0,0,1,차대차 - 측면충돌,안전운전불이행,건조,맑음,교차로 - 교차로부근,개인형이동수단(PM),남,41세,부상신고,승용,남,28세,상해없음
2022051400100651,2022년 5월 14일 23시,토요일,대구광역시 달서구 상인동,경상사고,0,0,2,0,차대차 - 기타,안전운전불이행,건조,맑음,교차로 - 교차로안,자전거,남,13세,경상,이륜,남,17세,경상
2022051500100015,2022년 5월 15일 00시,일요일,대구광역시 수성구 시지동,경상사고,0,0,1,0,차대차 - 추돌,신호위반,건조,맑음,단일로 - 기타,이륜,남,59세,상해없음,승용,여,45세,경상
2022051500100016,2022년 5월 15일 00시,일요일,대구광역시 달서구 두류동,중상사고,0,1,0,0,차대차 - 추돌,안전운전불이행,건조,맑음,단일로 - 기타,승용,남,62세,상해없음,승용,남,30세,중상
2022051500100017,2022년 5월 15일 00시,일요일,대구광역시 중구 동인동4가,중상사고,0,1,0,0,차대사람 - 횡단중,안전운전불이행,건조,맑음,교차로 - 교차로안,승용,남,67세,상해없음,보행자,여,41세,중상
2022051500100045,2022년 5월 15일 02시,일요일,대구광역시 달서구 월성동,경상사고,0,0,1,0,차대차 - 측면충돌,안전운전불이행,건조,맑음,단일로 - 기타,승용,남,60세,상해없음,승용,남,25세,경상
2022051500100046,2022년 5월 15일 02시,일요일,대구광역시 달서구 도원동,경상사고,0,0,1,0,차대차 - 측면충돌,안전거리미확보,건조,맑음,기타 - 기타,승용,남,30세,상해없음,승용,남,68세,경상
2022051500100058,2022년 5월 15일 03시,일요일,대구광역시 동구 신암동,경상사고,0,0,1,0,차대차 - 추돌,안전거리미확보,건조,맑음,교차로 - 교차로부근,승용,남,59세,상해없음,승용,남,46세,경상
2022051500100059,2022년 5월 15일 03시,일요일,대구광역시 북구 대현동,경상사고,0,0,3,0,차대차 - 측면충돌,안전거리미확보,건조,맑음,단일로 - 기타,승용,남,50세,상해없음,승용,남,66세,경상
2022051500100066,2022년 5월 15일 04시,일요일,대구광역시 동구 용계동,중상사고,0,2,3,0,차대차 - 측면충돌,신호위반,건조,맑음,교차로 - 교차로안,승용,여,32세,경상,승용,남,49세,중상