사고번호,사고일시,요일,시군구,사고내용,사망자수,중상자수,경상자수,부상신고자수,사고유형,법규위반,노면상태,기상상태,도로형태,가해운전자 차종,가해운전자 성별,가해운전자 연령,가해운전자 상해정도,피해운전자 차종,피해운전자 성별,피해운전자 연령,피해운전자 상해정도
2022051500100067,2022년 5월 15일 04시,일요일,대구광역시 수성구 황금동,경상사고,0,0,3,0,차대차 - 정면충돌,중앙선침범,건조,맑음,단일로 - 기타,승용,여,54세,경상,승용,남,61세,경상
2022051500100068,2022년 5월 15일 04시,일요일,대구광역시 서구 내당동,중상사고,0,1,3,0,차대차 - 측면충돌,신호위반,건조,맑음,교차로 - 교차로안,이륜,남,16세,경상,승용,남,52세,경상
2022051500100109,2022년 5월 15일 08시,일요일,대구광역시 수성구 중동,경상사고,0,0,2,0,차대차 - 추돌,안전운전불이행,건조,맑음,단일로 - 기타,승용,남,32세,기타불명,승용,남,47세,경상
2022051500100118,2022년 5월 15일 09시,일요일,대구광역시 동구 백안동,경상사고,0,0,1,0,차대차 - 기타,신호위반,건조,맑음,교차로 - 교차로안,승용,남,69세,상해없음,승용,남,62세,경상
2022051500100119,2022년 5월 15일 09시,일요일,대구광역시 중구 북성로1가,경상사고,0,0,1,0,차대차 - 측면충돌,교차로운행방법위반,건조,맑음,교차로 - 교차로안,승용,남,63세,상해없음,이륜,남,71세,경상
2022051500100145,2022년 5월 15일 10시,일요일,대구광역시 동구 신서동,부상신고사고,0,0,0,1,차대차 - 기타,안전운전불이행,건조,맑음,기타 - 기타,이륜,남,83세,부상신고,승용,남,28세,상해없음
2022051500100146,2022년 5월 15일 10시,일요일,대구광역시 수성구 범어동,중상사고,0,1,0,0,차대차 - 측면충돌,차로위반,건조,맑음,단일로 - 기타,이륜,남,53세,상해없음,이륜,남,23세,중상
2022051500100147,2022년 5월 15일 10시,일요일,대구광역시 수성구 시지동,경상사고,0,0,1,0,차대차 - 후진중충돌,안전운전불이행,건조,맑음,단일로 - 기타,특수,남,40세,상해없음,자전거,남,56세,경상
2022051500100148,2022년 5월 15일 10시,일요일,대구광역시 북구 복현동,경상사고,0,0,1,0,차대차 - 측면충돌,안전운전불이행,건조,맑음,교차로 - 교차로안,승용,여,45세,상해없음,승용,남,25세,경상
2022051500100174,2022년 5월 15일 11시,일요일,대구광역시 달성군 논공읍,중상사고,0,1,1,0,차대차 - 기타,신호위반,건조,맑음,교차로 - 교차로안,승용,여,44세,중상,화물,남,41세,경상
2022051500100203,2022년 5월 15일 12시,일요일,대구광역시 남구 대명동,경상사고,0,0,1,0,차대차 - 추돌,안전운전불이행,건조,맑음,단일로 - 기타,승용,여,33세,상해없음,승용,여,38세,경상
2022051500100204,2022년 5월 15일 12시,일요일,대구광역시 북구 산격동,중상사고,0,1,1,0,차대차 - 측면충돌,기타,건조,맑음,교차로 - 교차로안,승용,여,49세,경상,이륜,남,39세,중상
2022051500100232,2022년 5월 15일 13시,일요일,대구광역시 달성군 현풍읍,경상사고,0,0,1,0,차대차 - 기타,안전운전불이행,건조,맑음,교차로 - 교차로부근,화물,남,65세,상해없음,승용,남,36세,경상
2022051500100233,2022년 5월 15일 13시,일요일,대구광역시 달성군 화원읍,경상사고,0,0,1,0,차대차 - 기타,안전운전불이행,건조,맑음,단일로 - 기타,승용,남,60세,상해없음,승용,여,63세,경상
2022051500100234,2022년 5월 15일 13시,일요일,대구광역시 북구 침산동,경상사고,0,0,1,0,차대차 - 기타,안전운전불이행,건조,맑음,교차로 - 교차로부근,이륜,남,21세,경상,승합,남,60세,상해없음
2022051500100268,2022년 5월 15일 14시,일요일,대구광역시 수성구 수성동1가,경상사고,0,0,2,0,차대차 - 기타,신호위반,건조,맑음,교차로 - 교차로안,승합,남,39세,상해없음,승용,남,51세,경상
2022051500100269,2022년 5월 15일 14시,일요일,대구광역시 달성군 논공읍,부상신고사고,0,0,0,1,차량단독 - 공작물충돌,안전운전불이행,건조,맑음,단일로 - 기타,승용,남,32세,부상신고,,,,
2022051500100299,2022년 5월 15일 15시,일요일,대구광역시 수성구 만촌동,중상사고,0,1,6,0,차대차 - 기타,안전운전불이행,건조,맑음,단일로 - 기타,승용,남,65세,상해없음,승용,남,35세,경상
2022051500100300,2022년 5월 15일 15시,일요일,대구광역시 수성구 만촌동,경상사고,0,0,1,0,차대차 - 추돌,안전운전불이행,건조,맑음,단일로 - 기타,승용,남,29세,상해없음,승용,남,23세,경상
2022051500100301,2022년 5월 15일 15시,일요일,대구광역시 달서구 대천동,경상사고,0,0,1,0,차대사람 - 기타,안전운전불이행,건조,맑음,단일로 - 기타,자전거,남,11세,상해없음,보행자,여,8세,경상
2022051500100302,2022년 5월 15일 15시,일요일,대구광역시 북구 침산동,경상사고,0,0,4,0,차대차 - 측면충돌,신호위반,건조,맑음,교차로 - 교차로안,승용,남,61세,상해없음,승용,남,46세,경상
2022051500100334,2022년 5월 15일 16시,일요일,대구광역시 달성군 현풍읍,중상사고,0,1,1,0,차대사람 - 기타,중앙선침범,건조,맑음,단일로 - 기타,승용,남,67세,경상,보행자,남,70세,중상
2022051500100335,2022년 5월 15일 16시,일요일,대구광역시 북구 서변동,부상신고사고,0,0,0,1,차대차 - 측면충돌,중앙선침범,건조,맑음,기타 - 기타,자전거,남,79세,부상신고,승용,남,30세,상해없음
2022051500100374,2022년 5월 15일 17시,일요일,대구광역시 달서구 상인동,경상사고,0,0,1,0,차대사람 - 횡단중,보행자보호의무위반,건조,맑음,교차로 - 교차로횡단보도내,이륜,남,30세,상해없음,보행자,여,48세,경상
2022051500100375,2022년 5월 15일 17시,일요일,대구광역시 달성군 다사읍,중상사고,0,2,1,0,차대차 - 측면충돌,안전운전불이행,건조,맑음,단일로 - 기타,원동기,남,42세,경상,개인형이동수단(PM),남,17세,중상
2022051500100376,2022년 5월 15일 17시,일요일,대구광역시 달성군 다사읍,경상사고,0,0,2,0,차대차 - 기타,직진우회전진행방해,건조,맑음,교차로 - 교차로안,승용,남,39세,상해없음,승용,남,24세,경상
2022051500100377,2022년 5월 15일 17시,일요일,대구광역시 북구 관음동,경상사고,0,0,1,0,차대차 - 측면충돌,기타,건조,맑음,단일로 - 기타,승용,남,39세,상해없음,이륜,남,39세,경상
2022051500100409,2022년 5월 15일 18시,일요일,대구광역시 달성군 화원읍,경상사고,0,0,1,0,차대사람 - 횡단중,보행자보호의무위반,건조,맑음,교차로 - 교차로횡단보도내,승용,남,74세,상해없음,보행자,여,22세,경상
2022051500100410,2022년 5월 15일 18시,일요일,대구광역시 서구 비산동,중상사고,0,1,0,0,차대차 - 기타,안전운전불이행,건조,맑음,단일로 - 기타,자전거,남,63세,중상,승용,남,46세,상해없음
2022051500100432,2022년 5월 15일 19시,일요일,대구광역시 달서구 진천동,중상사고,0,1,0,0,차대차 - 기타,안전운전불이행,건조,맑음,단일로 - 기타,승용,남,60세,상해없음,화물,남,66세,중상
2022051500100450,2022년 5월 15일 20시,일요일,대구광역시 북구 서변동,중상사고,0,1,1,0,차대차 - 측면충돌,신호위반,건조,맑음,교차로 - 교차로안,이륜,여,46세,중상,이륜,남,60세,경상
2022051500100490,2022년 5월 15일 22시,일요일,대구광역시 서구 내당동,경상사고,0,0,1,0,차대차 - 기타,안전운전불이행,건조,맑음,단일로 - 기타,승용,남,69세,상해없음,자전거,여,41세,경상
2022051600100004,2022년 5월 16일 00시,월요일,대구광역시 수성구 상동,경상사고,0,0,1,0,차대차 - 측면충돌,교차로운행방법위반,건조,맑음,단일로 - 기타,승용,남,62세,상해없음,승용,남,56세,경상
2022051600100005,2022년 5월 16일 00시,월요일,대구광역시 북구 읍내동,경상사고,0,0,2,0,차대차 - 측면충돌,신호위반,건조,맑음,교차로 - 교차로안,이륜,남,32세,기타불명,승용,남,57세,경상
2022051600100013,2022년 5월 16일 01시,월요일,대구광역시 달서구 상인동,중상사고,0,1,0,0,차대차 - 추돌,안전운전불이행,건조,맑음,단일로 - 기타,승용,남,67세,상해없음,이륜,남,34세,중상
2022051600100030,2022년 5월 16일 05시,월요일,대구광역시 남구 대명동,경상사고,0,0,1,0,차대차 - 측면충돌,신호위반,건조,맑음,교차로 - 교차로안,화물,남,56세,상해없음,승용,남,59세,경상
2022051600100046,2022년 5월 16일 06시,월요일,대구광역시 수성구 시지동,경상사고,0,0,1,0,차대차 - 기타,교차로운행방법위반,건조,맑음,교차로 - 교차로부근,화물,남,68세,상해없음,자전거,남,49세,경상
2022051600100047,2022년 5월 16일 06시,월요일,대구광역시 서구 평리동,경상사고,0,0,1,0,차대사람 - 기타,안전운전불이행,건조,맑음,단일로 - 기타,개인형이동수단(PM),남,39세,상해없음,보행자,여,49세,경상
2022051600100070,2022년 5월 16일 07시,월요일,대구광역시 수성구 중동,부상신고사고,0,0,0,1,차대차 - 추돌,안전거리미확보,건조,맑음,단일로 - 기타,승용,남,64세,상해없음,화물,남,32세,부상신고
2022051600100072,2022년 5월 16일 07시,월요일,대구광역시 북구 구암동,부상신고사고,0,0,0,1,차량단독 - 전도전복 - 전도,안전운전불이행,건조,맑음,교차로 - 교차로안,이륜,남,55세,부상신고,,,,
2022051600100116,2022년 5월 16일 08시,월요일,대구광역시 동구 입석동,경상사고,0,0,1,0,차대사람 - 길가장자리구역통행중,안전운전불이행,건조,맑음,단일로 - 기타,승용,남,74세,상해없음,보행자,여,9세,경상
2022051600100160,2022년 5월 16일 09시,월요일,대구광역시 수성구 중동,경상사고,0,0,2,0,차대차 - 추돌,안전운전불이행,건조,맑음,교차로 - 교차로부근,화물,남,60세,상해없음,승용,남,46세,경상
2022051600100161,2022년 5월 16일 09시,월요일,대구광역시 북구 침산동,중상사고,0,1,0,0,차대사람 - 기타,안전운전불이행,건조,맑음,주차장 - 주차장,승용,남,29세,상해없음,보행자,여,64세,중상
2022051600100162,2022년 5월 16일 09시,월요일,대구광역시 달서구 죽전동,중상사고,0,1,0,0,차대차 - 측면충돌,안전운전불이행,건조,맑음,단일로 - 기타,승용,남,69세,기타불명,개인형이동수단(PM),남,19세,중상
2022051600100195,2022년 5월 16일 10시,월요일,대구광역시 동구 효목동,경상사고,0,0,1,0,차대차 - 측면충돌,교차로운행방법위반,건조,맑음,교차로 - 교차로안,승용,남,52세,상해없음,개인형이동수단(PM),여,58세,경상
2022051600100226,2022년 5월 16일 11시,월요일,대구광역시 북구 노원동3가,중상사고,0,1,0,0,차대차 - 기타,안전운전불이행,건조,맑음,교차로 - 교차로안,승용,남,54세,상해없음,이륜,남,36세,중상
2022051600100256,2022년 5월 16일 12시,월요일,대구광역시 서구 비산동,중상사고,0,1,4,2,차대차 - 추돌,안전거리미확보,건조,맑음,단일로 - 기타,특수,남,59세,상해없음,승합,남,60세,경상
2022051600100290,2022년 5월 16일 13시,월요일,대구광역시 서구 내당동,경상사고,0,0,1,0,차대차 - 측면충돌,안전거리미확보,건조,맑음,단일로 - 기타,승용,남,69세,상해없음,승용,남,41세,경상
2022051600100291,2022년 5월 16일 13시,월요일,대구광역시 중구 공평동,경상사고,0,0,1,0,차대차 - 기타,안전거리미확보,건조,맑음,교차로 - 교차로부근,이륜,남,33세,상해없음,승합,남,46세,상해없음
2022051600100292,2022년 5월 16일 13시,월요일,대구광역시 달서구 신당동,경상사고,0,0,1,0,차대사람 - 보도통행중,안전운전불이행,건조,맑음,기타 - 기타,개인형이동수단(PM),여,19세,상해없음,보행자,여,21세,경상
2022051600100329,2022년 5월 16일 14시,월요일,대구광역시 북구 국우동,경상사고,0,0,1,0,차대차 - 추돌,안전운전불이행,건조,맑음,단일로 - 지하차도(도로)내,승용,여,61세,상해없음,자전거,여,58세,경상
2022051600100368,2022년 5월 16일 15시,월요일,대구광역시 북구 동변동,경상사고,0,0,1,0,차대차 - 측면충돌,교차로운행방법위반,건조,맑음,교차로 - 교차로안,승용,남,43세,상해없음,승합,남,41세,기타불명
2022051600100400,2022년 5월 16일 16시,월요일,대구광역시 수성구 신매동,경상사고,0,0,1,0,차대차 - 측면충돌,안전거리미확보,건조,맑음,단일로 - 기타,화물,남,50세,상해없음,승합,남,49세,경상
2022051600100401,2022년 5월 16일 16시,월요일,대구광역시 서구 내당동,경상사고,0,0,4,1,차대차 - 측면충돌,신호위반,건조,맑음,교차로 - 교차로안,승용,여,52세,부상신고,승용,여,69세,경상
2022051600100452,2022년 5월 16일 17시,월요일,대구광역시 남구 대명동,경상사고,0,0,1,0,차대차 - 측면충돌,신호위반,건조,맑음,교차로 - 교차로부근,이륜,남,24세,상해없음,승용,여,58세,경상
2022051600100453,2022년 5월 16일 17시,월요일,대구광역시 달서구 상인동,경상사고,0,0,1,0,차대차 - 측면충돌,신호위반,건조,맑음,교차로 - 교차로횡단보도내,화물,남,60세,상해없음,자전거,여,29세,경상
2022051600100454,2022년 5월 16일 17시,월요일,대구광역시 북구 태전동,중상사고,0,1,0,0,차대사람 - 횡단중,신호위반,건조,맑음,교차로 - 교차로횡단보도내,승합,남,57세,상해없음,보행자,여,48세,중상
2022051600100491,2022년 5월 16일 18시,월요일,대구광역시 북구 산격동,경상사고,0,0,1,0,차대차 - 추돌,안전운전불이행,건조,맑음,교차로 - 교차로부근,승합,남,60세,상해없음,승용,남,39세,경상
2022051600100492,2022년 5월 16일 18시,월요일,대구광역시 서구 내당동,경상사고,0,0,1,1,차대차 - 추돌,안전운전불이행,건조,맑음,교차로 - 교차로부근,이륜,남,18세,부상신고,승용,여,33세,경상
2022051600100493,2022년 5월 16일 18시,월요일,대구광역시 달서구 본리동,경상사고,0,0,1,0,차대차 - 기타,안전운전불이행,건조,맑음,단일로 - 기타,승용,남,57세,상해없음,자전거,남,72세,경상
2022051600100494,2022년 5월 16일 18시,월요일,대구광역시 북구 조야동,경상사고,0,0,2,0,차대차 - 측면충돌,안전운전불이행,건조,맑음,단일로 - 지하차도(도로)내,승용,여,63세,경상,승용,여,63세,경상
2022051600100528,2022년 5월 16일 19시,월요일,대구광역시 남구 이천동,중상사고,0,1,1,0,차대차 - 기타,안전운전불이행,건조,흐림,교차로 - 교차로부근,개인형이동수단(PM),여,23세,경상,자전거,남,18세,중상
2022051600100529,2022년 5월 16일 19시,월요일,대구광역시 동구 지묘동,중상사고,0,1,0,0,차량단독 - 공작물충돌,안전운전불이행,건조,흐림,단일로 - 기타,승합,남,67세,중상,,,,
2022051600100530,2022년 5월 16일 19시,월요일,대구광역시 수성구 범어동,경상사고,0,0,2,0,차대차 - 측면충돌,안전거리미확보,건조,맑음,단일로 - 기타,승합,남,49세,상해없음,승용,여,54세,경상
2022051600100532,2022년 5월 16일 19시,월요일,대구광역시 북구 칠성동2가,경상사고,0,0,1,0,차대사람 - 횡단중,보행자보호의무위반,건조,맑음,단일로 - 기타,승용,남,49세,상해없음,보행자,남,68세,경상
2022051600100561,2022년 5월 16일 20시,월요일,대구광역시 달성군 유가읍,경상사고,0,0,1,0,차대차 - 추돌,안전운전불이행,건조,맑음,단일로 - 기타,승용,남,41세,상해없음,승합,남,38세,경상
2022051600100577,2022년 5월 16일 21시,월요일,대구광역시 북구 산격동,경상사고,0,0,1,0,차대차 - 측면충돌,안전운전불이행,건조,맑음,단일로 - 기타,승용,남,59세,상해없음,승용,남,23세,경상
2022051600100599,2022년 5월 16일 22시,월요일,대구광역시 수성구 두산동,중상사고,0,1,0,0,차대차 - 측면충돌,신호위반,건조,맑음,교차로 - 교차로안,승용,남,35세,상해없음,이륜,남,46세,중상
2022051600100600,2022년 5월 16일 22시,월요일,대구광역시 수성구 황금동,중상사고,0,1,0,0,차대차 - 추돌,안전거리미확보,건조,맑음,교차로 - 교차로부근,승용,여,32세,상해없음,승용,남,35세,중상
2022051700100008,2022년 5월 17일 00시,화요일,대구광역시 달서구 죽전동,경상사고,0,0,1,0,차대차 - 추돌,안전운전불이행,건조,맑음,교차로 - 교차로부근,승용,남,24세,상해없음,승용,남,40세,경상
2022051700100039,2022년 5월 17일 05시,화요일,대구광역시 서구 내당동,중상사고,0,2,0,0,차대차 - 측면충돌,안전운전불이행,건조,맑음,단일로 - 기타,승용,남,22세,상해없음,승용,남,51세,중상
2022051700100045,2022년 5월 17일 06시,화요일,대구광역시 남구 대명동,경상사고,0,0,1,0,차대차 - 측면충돌,안전운전불이행,건조,맑음,단일로 - 기타,승용,여,59세,상해없음,자전거,여,68세,경상
2022051700100068,2022년 5월 17일 07시,화요일,대구광역시 달서구 용산동,경상사고,0,0,1,0,차대차 - 추돌,안전거리미확보,건조,맑음,단일로 - 기타,승용,남,82세,상해없음,승용,남,49세,경상
2022051700100114,2022년 5월 17일 08시,화요일,대구광역시 달성군 가창면,경상사고,0,0,1,0,차대차 - 기타,안전운전불이행,건조,맑음,교차로 - 교차로부근,승용,여,80세,상해없음,승용,여,56세,경상
2022051700100141,2022년 5월 17일 09시,화요일,대구광역시 동구 봉무동,경상사고,0,0,1,0,차대차 - 추돌,기타,건조,맑음,단일로 - 기타,승용,남,24세,상해없음,승용,남,67세,경상
2022051700100205,2022년 5월 17일 11시,화요일,대구광역시 동구 검사동,경상사고,0,0,1,0,차대차 - 기타,안전운전불이행,건조,맑음,단일로 - 기타,화물,남,43세,상해없음,승용,남,66세,경상
2022051700100206,2022년 5월 17일 11시,화요일,대구광역시 수성구 상동,중상사고,0,1,0,0,차대사람 - 횡단중,보행자보호의무위반,건조,맑음,단일로 - 기타,승용,여,47세,상해없음,보행자,남,89세,중상
2022051700100245,2022년 5월 17일 12시,화요일,대구광역시 서구 평리동,경상사고,0,0,1,0,차대차 - 추돌,안전운전불이행,건조,맑음,교차로 - 교차로부근,승용,남,72세,상해없음,화물,남,43세,경상
2022051700100279,2022년 5월 17일 13시,화요일,대구광역시 남구 대명동,경상사고,0,0,1,0,차대사람 - 보도통행중,안전운전불이행,건조,맑음,단일로 - 기타,승용,남,26세,상해없음,보행자,여,61세,경상
2022051700100280,2022년 5월 17일 13시,화요일,대구광역시 남구 대명동,경상사고,0,0,1,0,차대사람 - 보도통행중,기타,건조,맑음,기타 - 기타,승용,남,77세,상해없음,보행자,남,39세,경상
2022051700100281,2022년 5월 17일 13시,화요일,대구광역시 수성구 가천동,중상사고,0,1,1,0,차대차 - 기타,안전운전불이행,건조,맑음,교차로 - 교차로안,승용,남,56세,상해없음,승용,남,43세,경상
2022051700100282,2022년 5월 17일 13시,화요일,대구광역시 달서구 성당동,경상사고,0,0,1,0,차대차 - 후진중충돌,불법유턴,건조,맑음,단일로 - 기타,승용,남,62세,기타불명,승용,여,28세,경상
2022051700100347,2022년 5월 17일 15시,화요일,대구광역시 북구 대현동,부상신고사고,0,0,0,1,차대차 - 측면충돌,안전운전불이행,건조,맑음,교차로 - 교차로횡단보도내,자전거,남,67세,부상신고,승용,남,75세,상해없음
2022051700100384,2022년 5월 17일 16시,화요일,대구광역시 수성구 중동,중상사고,0,1,1,0,차대차 - 추돌,안전운전불이행,건조,맑음,단일로 - 기타,특수,남,28세,상해없음,승용,여,63세,경상
2022051700100385,2022년 5월 17일 16시,화요일,대구광역시 중구 삼덕동1가,경상사고,0,0,4,1,차대차 - 측면충돌,안전거리미확보,건조,흐림,단일로 - 기타,승용,남,66세,부상신고,승용,남,29세,경상
2022051700100436,2022년 5월 17일 17시,화요일,대구광역시 동구 신암동,경상사고,0,0,1,0,차대차 - 후진중충돌,안전운전불이행,건조,맑음,교차로 - 교차로부근,화물,남,51세,상해없음,승용,여,66세,경상
2022051700100437,2022년 5월 17일 17시,화요일,대구광역시 수성구 신매동,경상사고,0,0,1,0,차대차 - 추돌,안전운전불이행,건조,맑음,단일로 - 기타,승용,남,69세,상해없음,승용,여,45세,경상
2022051700100438,2022년 5월 17일 17시,화요일,대구광역시 수성구 상동,경상사고,0,0,1,1,차대차 - 측면충돌,안전운전불이행,건조,맑음,단일로 - 기타,개인형이동수단(PM),남,57세,부상신고,승용,여,53세,경상
2022051700100439,2022년 5월 17일 17시,화요일,대구광역시 달성군 유가읍,경상사고,0,0,1,0,차대차 - 후진중충돌,안전운전불이행,건조,맑음,단일로 - 기타,승용,남,35세,상해없음,승용,여,42세,경상
2022051700100440,2022년 5월 17일 17시,화요일,대구광역시 북구 노원동3가,경상사고,0,0,1,0,차대차 - 기타,차로위반,건조,맑음,단일로 - 기타,승합,남,61세,상해없음,승용,남,26세,경상
2022051700100441,2022년 5월 17일 17시,화요일,대구광역시 북구 노원동3가,경상사고,0,0,1,0,차대차 - 추돌,안전운전불이행,건조,맑음,단일로 - 기타,화물,남,65세,상해없음,승용,남,39세,경상
2022051700100487,2022년 5월 17일 18시,화요일,대구광역시 북구 산격동,경상사고,0,0,1,0,차대차 - 측면충돌,교차로운행방법위반,건조,맑음,교차로 - 교차로횡단보도내,승합,남,51세,상해없음,자전거,여,56세,경상
2022051700100488,2022년 5월 17일 18시,화요일,대구광역시 달서구 용산동,중상사고,0,1,0,0,차대사람 - 기타,안전운전불이행,건조,맑음,교차로 - 교차로부근,승용,남,26세,상해없음,보행자,여,14세,중상
2022051700100546,2022년 5월 17일 20시,화요일,대구광역시 달성군 구지면,경상사고,0,0,2,0,차대차 - 기타,신호위반,건조,맑음,교차로 - 교차로안,승용,남,21세,경상,승용,남,45세,경상
2022051700100594,2022년 5월 17일 22시,화요일,대구광역시 서구 비산동,부상신고사고,0,0,0,1,차대차 - 기타,불법유턴,건조,맑음,교차로 - 교차로안,자전거,남,59세,부상신고,이륜,남,21세,상해없음
2022051800100014,2022년 5월 18일 01시,수요일,대구광역시 달성군 다사읍,경상사고,0,0,1,0,차대사람 - 기타,기타,건조,맑음,단일로 - 기타,승용,남,56세,상해없음,보행자,남,48세,경상
2022051800100042,2022년 5월 18일 05시,수요일,대구광역시 달서구 본동,중상사고,0,1,0,0,차대차 - 추돌,안전운전불이행,건조,맑음,교차로 - 교차로부근,승용,여,40세,상해없음,승용,남,59세,중상
2022051800100043,2022년 5월 18일 05시,수요일,대구광역시 북구 매천동,경상사고,0,0,2,0,차대차 - 추돌,안전운전불이행,건조,맑음,교차로 - 교차로부근,승용,남,50세,상해없음,승용,남,22세,경상
2022051800100080,2022년 5월 18일 07시,수요일,대구광역시 남구 봉덕동,경상사고,0,0,14,0,차량단독 - 공작물충돌,안전운전불이행,건조,맑음,단일로 - 기타,승합,남,42세,상해없음,,,,
2022051800100082,2022년 5월 18일 07시,수요일,대구광역시 북구 고성동3가,부상신고사고,0,0,0,1,차대차 - 측면충돌,안전운전불이행,건조,맑음,교차로 - 교차로횡단보도내,자전거,여,15세,부상신고,화물,남,28세,상해없음
2022051800100083,2022년 5월 18일 07시,수요일,대구광역시 북구 산격동,경상사고,0,0,1,0,차대차 - 측면충돌,안전운전불이행,건조,맑음,교차로 - 교차로횡단보도내,승용,남,32세,상해없음,자전거,여,41세,경상
2022051800100084,2022년 5월 18일 07시,수요일,대구광역시 서구 평리동,경상사고,0,0,1,0,차대차 - 측면충돌,신호위반,건조,맑음,교차로 - 교차로부근,승용,여,52세,상해없음,이륜,남,44세,경상
2022051800100114,2022년 5월 18일 08시,수요일,대구광역시 남구 봉덕동,경상사고,0,0,1,0,차대사람 - 기타,안전운전불이행,건조,맑음,기타 - 기타,승용,남,19세,상해없음,보행자,남,25세,경상
2022051800100115,2022년 5월 18일 08시,수요일,대구광역시 수성구 가천동,경상사고,0,0,1,0,차대차 - 추돌,안전거리미확보,건조,맑음,교차로 - 교차로부근,화물,남,77세,상해없음,특수,남,33세,경상
2022051800100116,2022년 5월 18일 08시,수요일,대구광역시 수성구 신매동,경상사고,0,0,2,0,차대차 - 측면충돌,안전운전불이행,건조,맑음,단일로 - 기타,승용,여,38세,경상,승용,여,35세,경상
2022051800100117,2022년 5월 18일 08시,수요일,대구광역시 수성구 지산동,경상사고,0,0,1,0,차대차 - 기타,안전운전불이행,건조,맑음,교차로 - 교차로안,승용,남,55세,상해없음,승용,여,44세,경상
2022051800100118,2022년 5월 18일 08시,수요일,대구광역시 중구 남산동,중상사고,0,1,0,0,차대사람 - 기타,신호위반,건조,맑음,교차로 - 교차로횡단보도내,승용,남,37세,상해없음,보행자,여,73세,중상
2022051800100119,2022년 5월 18일 08시,수요일,대구광역시 북구 관음동,중상사고,0,1,1,0,차대차 - 추돌,안전운전불이행,건조,맑음,단일로 - 지하차도(도로)내,승용,남,57세,상해없음,화물,남,57세,중상
2022051800100158,2022년 5월 18일 09시,수요일,대구광역시 달성군 논공읍,경상사고,0,0,1,0,차대차 - 기타,안전운전불이행,적설,맑음,기타 - 기타,화물,여,64세,상해없음,승용,여,60세,경상
2022051800100159,2022년 5월 18일 09시,수요일,대구광역시 북구 읍내동,경상사고,0,0,3,0,차대차 - 측면충돌,안전거리미확보,건조,맑음,단일로 - 고가도로위,승용,여,65세,상해없음,승용,남,51세,경상
2022051800100160,2022년 5월 18일 09시,수요일,대구광역시 북구 국우동,경상사고,0,0,1,0,차대차 - 측면충돌,안전운전불이행,건조,맑음,교차로 - 교차로안,승용,남,61세,상해없음,승용,여,47세,경상
2022051800100190,2022년 5월 18일 10시,수요일,대구광역시 서구 비산동,중상사고,0,1,0,0,차대차 - 측면충돌,신호위반,건조,맑음,단일로 - 기타,승용,여,57세,상해없음,이륜,남,49세,중상
2022051800100231,2022년 5월 18일 12시,수요일,대구광역시 남구 대명동,경상사고,0,0,1,0,차대차 - 측면충돌,불법유턴,건조,맑음,단일로 - 기타,화물,남,61세,기타불명,승용,남,31세,경상
2022051800100232,2022년 5월 18일 12시,수요일,대구광역시 달성군 논공읍,경상사고,0,0,3,0,차대차 - 기타,안전운전불이행,건조,맑음,교차로 - 교차로안,승용,여,58세,경상,화물,남,58세,경상
2022051800100260,2022년 5월 18일 13시,수요일,대구광역시 남구 대명동,경상사고,0,0,1,0,차대차 - 측면충돌,안전운전불이행,건조,맑음,교차로 - 교차로안,건설기계,남,56세,상해없음,승용,여,54세,경상
2022051800100261,2022년 5월 18일 13시,수요일,대구광역시 동구 불로동,중상사고,0,1,0,0,차대사람 - 횡단중,보행자보호의무위반,건조,맑음,교차로 - 교차로횡단보도내,화물,남,74세,상해없음,보행자,여,66세,중상
2022051800100298,2022년 5월 18일 14시,수요일,대구광역시 달서구 진천동,경상사고,0,0,1,0,차대차 - 측면충돌,안전운전불이행,건조,맑음,교차로 - 교차로안,이륜,남,63세,상해없음,자전거,여,62세,경상
2022051800100299,2022년 5월 18일 14시,수요일,대구광역시 서구 비산동,경상사고,0,0,1,0,차대사람 - 횡단중,보행자보호의무위반,건조,맑음,단일로 - 기타,화물,남,55세,상해없음,보행자,남,52세,경상
2022051800100395,2022년 5월 18일 16시,수요일,대구광역시 수성구 만촌동,경상사고,0,0,1,0,차대차 - 측면충돌,안전운전불이행,건조,맑음,교차로 - 교차로부근,승용,여,54세,상해없음,승용,남,30세,경상
2022051800100493,2022년 5월 18일 18시,수요일,대구광역시 남구 대명동,중상사고,0,1,2,0,차대차 - 측면충돌,차로위반,건조,맑음,단일로 - 기타,승용,여,28세,상해없음,승용,남,23세,중상
2022051800100494,2022년 5월 18일 18시,수요일,대구광역시 달서구 본동,경상사고,0,0,1,0,차대차 - 측면충돌,기타,건조,맑음,교차로 - 교차로안,승용,남,59세,상해없음,자전거,남,10세,경상
2022051800100495,2022년 5월 18일 18시,수요일,대구광역시 중구 봉산동,경상사고,0,0,1,0,차대사람 - 차도통행중,안전운전불이행,건조,맑음,단일로 - 기타,승용,여,63세,상해없음,보행자,여,19세,경상
2022051800100496,2022년 5월 18일 18시,수요일,대구광역시 달서구 성당동,경상사고,0,0,1,0,차대차 - 기타,중앙선침범,건조,맑음,단일로 - 기타,이륜,남,21세,상해없음,승용,남,37세,경상