사고번호,사고일시,요일,시군구,사고내용,사망자수,중상자수,경상자수,부상신고자수,사고유형,법규위반,노면상태,기상상태,도로형태,가해운전자 차종,가해운전자 성별,가해운전자 연령,가해운전자 상해정도,피해운전자 차종,피해운전자 성별,피해운전자 연령,피해운전자 상해정도
2022051800100497,2022년 5월 18일 18시,수요일,대구광역시 달서구 용산동,경상사고,0,0,2,0,차대차 - 측면충돌,직진우회전진행방해,건조,맑음,교차로 - 교차로안,승용,남,52세,경상,이륜,남,57세,경상
2022051800100529,2022년 5월 18일 19시,수요일,대구광역시 동구 각산동,경상사고,0,0,2,0,차대차 - 측면충돌,신호위반,건조,맑음,교차로 - 교차로안,승용,여,59세,상해없음,승용,남,35세,경상
2022051800100530,2022년 5월 18일 19시,수요일,대구광역시 수성구 황금동,경상사고,0,0,1,0,차대차 - 기타,기타,건조,맑음,기타 - 기타,승용,여,62세,상해없음,승용,여,32세,경상
2022051800100579,2022년 5월 18일 21시,수요일,대구광역시 북구 서변동,경상사고,0,0,1,0,차대차 - 측면충돌,불법유턴,건조,맑음,단일로 - 기타,승용,남,38세,상해없음,이륜,여,55세,경상
2022051800100597,2022년 5월 18일 22시,수요일,대구광역시 북구 읍내동,중상사고,0,1,0,0,차대차 - 측면충돌,교차로운행방법위반,건조,맑음,교차로 - 교차로안,승용,여,52세,상해없음,자전거,남,67세,중상
2022051900100058,2022년 5월 19일 06시,목요일,대구광역시 중구 태평로2가,경상사고,0,0,1,0,차대차 - 측면충돌,안전운전불이행,건조,맑음,단일로 - 기타,승용,남,41세,상해없음,화물,남,29세,경상
2022051900100087,2022년 5월 19일 07시,목요일,대구광역시 수성구 두산동,부상신고사고,0,0,0,1,차대차 - 측면충돌,중앙선침범,건조,맑음,교차로 - 교차로안,자전거,남,39세,부상신고,승용,여,26세,상해없음
2022051900100126,2022년 5월 19일 08시,목요일,대구광역시 수성구 중동,중상사고,0,1,0,0,차대차 - 추돌,안전운전불이행,건조,맑음,단일로 - 기타,승용,남,73세,기타불명,이륜,남,54세,중상
2022051900100127,2022년 5월 19일 08시,목요일,대구광역시 서구 비산동,경상사고,0,0,1,0,차대사람 - 차도통행중,안전운전불이행,건조,맑음,단일로 - 기타,자전거,남,38세,상해없음,보행자,남,7세,경상
2022051900100128,2022년 5월 19일 08시,목요일,대구광역시 달서구 용산동,경상사고,0,0,1,0,차대차 - 추돌,안전운전불이행,건조,맑음,단일로 - 기타,승용,남,25세,상해없음,승용,여,45세,경상
2022051900100159,2022년 5월 19일 09시,목요일,대구광역시 달서구 월성동,경상사고,0,0,1,0,차대사람 - 차도통행중,안전운전불이행,건조,맑음,단일로 - 기타,승용,여,53세,상해없음,보행자,여,58세,경상
2022051900100160,2022년 5월 19일 09시,목요일,대구광역시 서구 중리동,중상사고,0,1,0,0,차대차 - 추돌,안전운전불이행,건조,맑음,단일로 - 기타,승용,여,51세,상해없음,자전거,남,87세,중상
2022051900100188,2022년 5월 19일 10시,목요일,대구광역시 북구 산격동,경상사고,0,0,1,0,차대차 - 측면충돌,안전운전불이행,건조,맑음,교차로 - 교차로부근,승용,남,73세,상해없음,승합,남,37세,경상
2022051900100241,2022년 5월 19일 12시,목요일,대구광역시 서구 상리동,중상사고,0,1,0,0,차대차 - 기타,안전운전불이행,건조,맑음,단일로 - 기타,승용,남,75세,상해없음,승용,여,48세,중상
2022051900100245,2022년 5월 19일 12시,목요일,대구광역시 수성구 중동,중상사고,0,1,0,0,차대차 - 기타,안전운전불이행,건조,맑음,교차로 - 교차로횡단보도내,승합,남,67세,상해없음,자전거,여,62세,중상
2022051900100246,2022년 5월 19일 12시,목요일,대구광역시 달서구 본리동,경상사고,0,0,1,0,차대차 - 측면충돌,직진우회전진행방해,건조,맑음,교차로 - 교차로안,이륜,남,35세,상해없음,승용,남,58세,경상
2022051900100278,2022년 5월 19일 13시,목요일,대구광역시 수성구 수성동4가,중상사고,0,1,0,0,차대차 - 기타,안전운전불이행,건조,맑음,교차로 - 교차로안,승용,여,64세,상해없음,자전거,남,11세,중상
2022051900100279,2022년 5월 19일 13시,목요일,대구광역시 달서구 상인동,경상사고,0,0,2,0,차대차 - 측면충돌,직진우회전진행방해,건조,맑음,기타 - 기타,이륜,남,31세,경상,승용,여,49세,경상
2022051900100280,2022년 5월 19일 13시,목요일,대구광역시 달성군 다사읍,중상사고,0,1,0,0,차대사람 - 횡단중,안전운전불이행,건조,맑음,단일로 - 기타,화물,남,77세,상해없음,보행자,여,30세,중상
2022051900100281,2022년 5월 19일 13시,목요일,대구광역시 북구 동천동,중상사고,0,2,0,0,차대차 - 추돌,안전운전불이행,건조,맑음,단일로 - 기타,화물,남,69세,상해없음,승용,남,27세,중상
2022051900100325,2022년 5월 19일 15시,목요일,대구광역시 남구 대명동,경상사고,0,0,2,0,차대차 - 측면충돌,안전거리미확보,건조,맑음,단일로 - 기타,승합,남,52세,상해없음,승용,남,40세,경상
2022051900100326,2022년 5월 19일 15시,목요일,대구광역시 남구 이천동,경상사고,0,0,1,0,차대차 - 기타,안전운전불이행,건조,맑음,교차로 - 교차로부근,승용,여,43세,상해없음,이륜,남,29세,경상
2022051900100327,2022년 5월 19일 15시,목요일,대구광역시 수성구 가천동,경상사고,0,0,1,0,차대차 - 기타,안전운전불이행,건조,맑음,교차로 - 교차로부근,승용,남,30세,상해없음,승용,남,62세,경상
2022051900100328,2022년 5월 19일 15시,목요일,대구광역시 수성구 중동,경상사고,0,0,2,0,차대차 - 측면충돌,안전운전불이행,건조,맑음,단일로 - 기타,이륜,남,28세,경상,승용,여,46세,경상
2022051900100329,2022년 5월 19일 15시,목요일,대구광역시 달서구 상인동,경상사고,0,0,1,0,차대차 - 측면충돌,차로위반,건조,맑음,교차로 - 교차로부근,승용,남,85세,상해없음,승용,여,40세,경상
2022051900100358,2022년 5월 19일 16시,목요일,대구광역시 수성구 두산동,중상사고,0,1,0,0,차대차 - 추돌,안전운전불이행,건조,맑음,단일로 - 기타,승용,여,72세,상해없음,이륜,남,46세,중상
2022051900100359,2022년 5월 19일 16시,목요일,대구광역시 수성구 신매동,경상사고,0,0,2,0,차대차 - 추돌,안전운전불이행,건조,맑음,단일로 - 기타,승용,여,44세,상해없음,승용,남,46세,경상
2022051900100448,2022년 5월 19일 18시,목요일,대구광역시 남구 대명동,중상사고,0,1,0,0,차대차 - 추돌,교차로운행방법위반,건조,맑음,교차로 - 교차로부근,화물,남,66세,상해없음,자전거,남,32세,중상
2022051900100449,2022년 5월 19일 18시,목요일,대구광역시 수성구 황금동,중상사고,0,1,0,0,차대차 - 기타,안전운전불이행,건조,맑음,단일로 - 기타,승용,여,40세,상해없음,이륜,남,25세,중상
2022051900100450,2022년 5월 19일 18시,목요일,대구광역시 북구 산격동,중상사고,0,1,0,0,차대차 - 측면충돌,직진우회전진행방해,건조,맑음,교차로 - 교차로안,자전거,남,58세,중상,화물,남,68세,기타불명
2022051900100451,2022년 5월 19일 18시,목요일,대구광역시 달서구 이곡동,경상사고,0,0,2,0,차대차 - 후진중충돌,안전운전불이행,건조,맑음,단일로 - 기타,승용,남,47세,상해없음,승용,남,63세,경상
2022051900100485,2022년 5월 19일 19시,목요일,대구광역시 수성구 만촌동,경상사고,0,0,1,0,차대차 - 측면충돌,신호위반,건조,맑음,교차로 - 교차로안,승용,여,48세,상해없음,승용,남,63세,경상
2022051900100486,2022년 5월 19일 19시,목요일,대구광역시 달서구 도원동,경상사고,0,0,1,0,차대사람 - 횡단중,안전운전불이행,건조,맑음,단일로 - 기타,승용,남,72세,상해없음,보행자,남,15세,경상
2022051900100487,2022년 5월 19일 19시,목요일,대구광역시 달성군 현풍읍,중상사고,0,1,0,0,차대사람 - 횡단중,안전운전불이행,건조,맑음,단일로 - 기타,이륜,남,29세,상해없음,보행자,여,40세,중상
2022051900100510,2022년 5월 19일 20시,목요일,대구광역시 수성구 범어동,경상사고,0,0,1,0,차대차 - 측면충돌,신호위반,건조,맑음,교차로 - 교차로부근,승합,남,72세,상해없음,승용,남,25세,경상
2022051900100535,2022년 5월 19일 21시,목요일,대구광역시 북구 산격동,중상사고,0,1,0,0,차대사람 - 기타,안전운전불이행,건조,맑음,단일로 - 기타,승용,남,54세,상해없음,보행자,여,68세,중상
2022051900100536,2022년 5월 19일 21시,목요일,대구광역시 달서구 신당동,중상사고,0,1,0,0,차대차 - 기타,신호위반,건조,맑음,교차로 - 교차로안,이륜,남,59세,중상,승용,여,45세,상해없음
2022051900100562,2022년 5월 19일 22시,목요일,대구광역시 달서구 진천동,경상사고,0,0,1,0,차대차 - 측면충돌,안전운전불이행,건조,맑음,교차로 - 교차로부근,이륜,여,54세,상해없음,자전거,남,15세,경상
2022051900100563,2022년 5월 19일 22시,목요일,대구광역시 달서구 도원동,부상신고사고,0,0,0,1,차대차 - 측면충돌,신호위반,건조,맑음,교차로 - 교차로안,개인형이동수단(PM),여,14세,부상신고,승용,남,24세,상해없음
2022051900100564,2022년 5월 19일 22시,목요일,대구광역시 달서구 감삼동,경상사고,0,0,2,0,차대차 - 추돌,안전운전불이행,건조,맑음,교차로 - 교차로부근,승용,남,29세,상해없음,승용,남,60세,경상
2022052000100012,2022년 5월 20일 00시,금요일,대구광역시 달서구 대천동,경상사고,0,0,1,0,차대차 - 추돌,안전운전불이행,건조,맑음,단일로 - 기타,승용,여,32세,상해없음,화물,남,59세,경상
2022052000100026,2022년 5월 20일 01시,금요일,대구광역시 달서구 신당동,중상사고,0,1,0,0,차대차 - 기타,안전운전불이행,건조,맑음,단일로 - 기타,승용,남,29세,상해없음,이륜,남,35세,중상
2022052000100057,2022년 5월 20일 06시,금요일,대구광역시 달성군 화원읍,경상사고,0,0,1,0,차대차 - 기타,안전운전불이행,건조,맑음,교차로 - 교차로안,승용,남,39세,상해없음,자전거,남,63세,경상
2022052000100058,2022년 5월 20일 06시,금요일,대구광역시 북구 태전동,경상사고,0,0,1,0,차대차 - 측면충돌,교차로운행방법위반,건조,맑음,교차로 - 교차로안,승용,여,59세,상해없음,승용,여,64세,경상
2022052000100132,2022년 5월 20일 08시,금요일,대구광역시 달서구 본동,중상사고,0,1,0,0,차대차 - 측면충돌,안전운전불이행,건조,맑음,교차로 - 교차로횡단보도내,승용,남,66세,상해없음,자전거,남,52세,중상
2022052000100162,2022년 5월 20일 09시,금요일,대구광역시 수성구 만촌동,경상사고,0,0,1,0,차대차 - 측면충돌,신호위반,건조,맑음,교차로 - 교차로부근,승용,여,34세,상해없음,승용,여,30세,경상
2022052000100163,2022년 5월 20일 09시,금요일,대구광역시 북구 서변동,경상사고,0,0,1,0,차대차 - 측면충돌,안전운전불이행,건조,맑음,단일로 - 기타,화물,남,36세,상해없음,승용,남,42세,경상
2022052000100188,2022년 5월 20일 10시,금요일,대구광역시 서구 내당동,경상사고,0,0,1,0,차대차 - 측면충돌,안전운전불이행,건조,맑음,교차로 - 교차로부근,승용,여,62세,상해없음,승용,남,60세,경상
2022052000100189,2022년 5월 20일 10시,금요일,대구광역시 북구 서변동,경상사고,0,0,1,0,차대사람 - 횡단중,보행자보호의무위반,건조,맑음,교차로 - 교차로횡단보도내,승용,남,53세,상해없음,보행자,여,62세,경상
2022052000100190,2022년 5월 20일 10시,금요일,대구광역시 북구 관음동,경상사고,0,0,2,0,차대차 - 측면충돌,안전운전불이행,건조,맑음,교차로 - 교차로안,승용,남,79세,경상,승용,여,22세,경상
2022052000100216,2022년 5월 20일 11시,금요일,대구광역시 동구 신천동,중상사고,0,1,0,0,차대차 - 측면충돌,기타,건조,맑음,단일로 - 기타,승용,남,57세,상해없음,원동기,남,22세,중상
2022052000100217,2022년 5월 20일 11시,금요일,대구광역시 수성구 범어동,경상사고,0,0,1,0,차대차 - 측면충돌,안전거리미확보,건조,맑음,단일로 - 기타,건설기계,남,53세,상해없음,승용,남,38세,경상
2022052000100218,2022년 5월 20일 11시,금요일,대구광역시 서구 평리동,경상사고,0,0,1,0,차대사람 - 차도통행중,안전운전불이행,건조,맑음,교차로 - 교차로부근,승용,남,46세,상해없음,보행자,남,55세,경상
2022052000100278,2022년 5월 20일 13시,금요일,대구광역시 동구 신암동,경상사고,0,0,1,0,차대차 - 측면충돌,안전운전불이행,건조,맑음,기타 - 기타,승용,여,46세,상해없음,승용,여,23세,경상
2022052000100279,2022년 5월 20일 13시,금요일,대구광역시 달서구 본동,경상사고,0,0,1,0,차대차 - 측면충돌,안전운전불이행,건조,맑음,단일로 - 지하차도(도로)내,승용,남,70세,상해없음,개인형이동수단(PM),여,27세,경상
2022052000100280,2022년 5월 20일 13시,금요일,대구광역시 달성군 화원읍,중상사고,0,1,0,0,차대차 - 기타,안전운전불이행,건조,맑음,교차로 - 교차로안,승용,여,60세,상해없음,자전거,남,74세,중상
2022052000100281,2022년 5월 20일 13시,금요일,대구광역시 북구 팔달동,중상사고,0,1,0,0,차대차 - 측면충돌,안전운전불이행,건조,맑음,교차로 - 교차로부근,자전거,남,64세,중상,화물,남,55세,상해없음
2022052000100282,2022년 5월 20일 13시,금요일,대구광역시 북구 구암동,경상사고,0,0,2,0,차대차 - 측면충돌,교차로운행방법위반,건조,맑음,교차로 - 교차로안,승용,여,60세,상해없음,승용,여,33세,경상
2022052000100319,2022년 5월 20일 14시,금요일,대구광역시 북구 대현동,경상사고,0,0,1,0,차대사람 - 기타,보행자보호의무위반,건조,맑음,교차로 - 교차로안,승용,남,58세,상해없음,보행자,남,39세,경상
2022052000100362,2022년 5월 20일 15시,금요일,대구광역시 남구 대명동,경상사고,0,0,1,0,차대사람 - 보도통행중,안전운전불이행,건조,맑음,기타 - 기타,기타불명,기타불명,미분류,기타불명,보행자,여,85세,경상
2022052000100405,2022년 5월 20일 16시,금요일,대구광역시 서구 평리동,경상사고,0,0,1,0,차대차 - 추돌,안전거리미확보,건조,맑음,단일로 - 기타,승합,남,52세,상해없음,승용,여,72세,경상
2022052000100406,2022년 5월 20일 16시,금요일,대구광역시 달서구 죽전동,경상사고,0,0,1,0,차대차 - 측면충돌,안전거리미확보,건조,맑음,단일로 - 기타,승용,남,76세,기타불명,화물,남,60세,경상
2022052000100462,2022년 5월 20일 17시,금요일,대구광역시 수성구 범물동,중상사고,0,1,0,0,차대사람 - 횡단중,보행자보호의무위반,건조,맑음,교차로 - 교차로부근,승용,여,59세,상해없음,보행자,여,14세,중상
2022052000100463,2022년 5월 20일 17시,금요일,대구광역시 달서구 진천동,경상사고,0,0,1,0,차대사람 - 길가장자리구역통행중,안전운전불이행,건조,맑음,단일로 - 기타,승용,여,62세,상해없음,보행자,여,41세,경상
2022052000100519,2022년 5월 20일 18시,금요일,대구광역시 수성구 만촌동,경상사고,0,0,2,0,차대차 - 추돌,안전운전불이행,건조,맑음,단일로 - 지하차도(도로)내,승용,남,51세,상해없음,승용,남,39세,경상
2022052000100520,2022년 5월 20일 18시,금요일,대구광역시 수성구 두산동,중상사고,0,1,1,0,차대차 - 측면충돌,안전운전불이행,건조,맑음,단일로 - 기타,자전거,여,25세,경상,승용,남,68세,상해없음
2022052000100521,2022년 5월 20일 18시,금요일,대구광역시 수성구 범어동,경상사고,0,0,1,0,차대차 - 기타,안전운전불이행,건조,맑음,교차로 - 교차로부근,승용,남,28세,상해없음,승용,여,31세,경상
2022052000100522,2022년 5월 20일 18시,금요일,대구광역시 수성구 만촌동,경상사고,0,0,2,0,차대차 - 정면충돌,안전운전불이행,건조,맑음,기타 - 기타,승용,여,43세,경상,이륜,남,65세,경상
2022052000100523,2022년 5월 20일 18시,금요일,대구광역시 달서구 월성동,경상사고,0,0,1,0,차대차 - 측면충돌,교차로운행방법위반,건조,맑음,교차로 - 교차로안,승용,남,31세,상해없음,원동기,남,42세,경상
2022052000100524,2022년 5월 20일 18시,금요일,대구광역시 달서구 이곡동,경상사고,0,0,2,0,차대차 - 기타,직진우회전진행방해,건조,맑음,교차로 - 교차로안,이륜,남,28세,기타불명,승용,남,43세,경상
2022052000100569,2022년 5월 20일 19시,금요일,대구광역시 북구 산격동,부상신고사고,0,0,0,1,차대차 - 기타,기타,건조,맑음,단일로 - 기타,자전거,남,69세,부상신고,승용,여,63세,상해없음
2022052000100601,2022년 5월 20일 20시,금요일,대구광역시 달서구 상인동,경상사고,0,0,1,0,차대차 - 측면충돌,기타,건조,맑음,단일로 - 지하차도(도로)내,승용,여,51세,기타불명,원동기,남,19세,경상
2022052000100602,2022년 5월 20일 20시,금요일,대구광역시 달서구 성당동,경상사고,0,0,1,0,차대차 - 측면충돌,교차로운행방법위반,건조,맑음,교차로 - 교차로안,승용,남,66세,상해없음,이륜,남,48세,경상
2022052000100603,2022년 5월 20일 20시,금요일,대구광역시 달서구 감삼동,경상사고,0,0,2,0,차대차 - 측면충돌,신호위반,건조,맑음,단일로 - 기타,승용,남,72세,상해없음,승용,남,38세,경상
2022052000100629,2022년 5월 20일 21시,금요일,대구광역시 달서구 유천동,경상사고,0,0,2,0,차대차 - 기타,교차로운행방법위반,건조,맑음,교차로 - 교차로안,승용,남,25세,상해없음,승용,남,18세,경상
2022052000100630,2022년 5월 20일 21시,금요일,대구광역시 중구 동문동,경상사고,0,0,1,0,차대차 - 측면충돌,안전운전불이행,건조,맑음,단일로 - 기타,승용,남,26세,상해없음,승용,여,26세,경상
2022052000100631,2022년 5월 20일 21시,금요일,대구광역시 북구 읍내동,중상사고,0,1,1,0,차대차 - 측면충돌,안전거리미확보,건조,맑음,단일로 - 기타,원동기,남,17세,중상,승용,남,58세,경상
2022052000100658,2022년 5월 20일 22시,금요일,대구광역시 동구 신서동,경상사고,0,0,5,2,차대차 - 기타,안전운전불이행,건조,맑음,단일로 - 기타,승용,남,57세,상해없음,승용,여,60세,경상
2022052000100659,2022년 5월 20일 22시,금요일,대구광역시 달서구 대천동,경상사고,0,0,1,0,차대사람 - 횡단중,신호위반,건조,맑음,교차로 - 교차로안,승용,여,19세,상해없음,보행자,남,43세,경상
2022052000100677,2022년 5월 20일 23시,금요일,대구광역시 동구 방촌동,중상사고,0,1,0,0,차대차 - 기타,직진우회전진행방해,건조,맑음,교차로 - 교차로안,승용,여,42세,상해없음,이륜,남,46세,중상
2022052100100023,2022년 5월 21일 00시,토요일,대구광역시 동구 각산동,경상사고,0,0,1,0,차대사람 - 횡단중,보행자보호의무위반,건조,맑음,교차로 - 교차로안,승용,여,27세,상해없음,보행자,남,41세,경상
2022052100100024,2022년 5월 21일 00시,토요일,대구광역시 북구 태전동,경상사고,0,0,2,0,차대차 - 추돌,안전거리미확보,건조,맑음,교차로 - 교차로부근,승용,남,65세,상해없음,화물,남,55세,경상
2022052100100043,2022년 5월 21일 02시,토요일,대구광역시 수성구 황금동,경상사고,0,0,2,0,차대차 - 추돌,안전운전불이행,건조,맑음,단일로 - 기타,승용,여,28세,상해없음,승용,남,63세,경상
2022052100100044,2022년 5월 21일 02시,토요일,대구광역시 달서구 상인동,경상사고,0,0,1,0,차대차 - 측면충돌,안전운전불이행,건조,맑음,기타 - 기타,승용,남,40세,경상,승용,여,42세,상해없음
2022052100100102,2022년 5월 21일 08시,토요일,대구광역시 남구 대명동,경상사고,0,0,1,0,차대사람 - 보도통행중,신호위반,건조,맑음,교차로 - 교차로횡단보도내,이륜,남,22세,상해없음,보행자,남,77세,경상
2022052100100128,2022년 5월 21일 09시,토요일,대구광역시 달서구 유천동,중상사고,0,2,2,0,차대차 - 기타,신호위반,건조,맑음,교차로 - 교차로안,승용,여,64세,상해없음,승용,남,38세,중상
2022052100100161,2022년 5월 21일 10시,토요일,대구광역시 수성구 두산동,중상사고,0,1,0,0,차대차 - 측면충돌,신호위반,건조,맑음,교차로 - 교차로부근,승용,여,49세,상해없음,이륜,남,49세,중상
2022052100100162,2022년 5월 21일 10시,토요일,대구광역시 수성구 노변동,경상사고,0,0,2,0,차대차 - 추돌,안전운전불이행,건조,맑음,단일로 - 기타,승용,남,63세,기타불명,승용,남,74세,경상
2022052100100163,2022년 5월 21일 10시,토요일,대구광역시 중구 시장북로,중상사고,0,1,0,1,차대차 - 측면충돌,안전운전불이행,건조,흐림,교차로 - 교차로안,이륜,남,62세,부상신고,승합,남,74세,중상
2022052100100205,2022년 5월 21일 11시,토요일,대구광역시 수성구 신매동,중상사고,0,1,0,0,차대차 - 기타,안전운전불이행,건조,맑음,교차로 - 교차로부근,승용,여,65세,상해없음,자전거,남,16세,중상
2022052100100206,2022년 5월 21일 11시,토요일,대구광역시 수성구 황금동,중상사고,0,1,0,0,차대사람 - 보도통행중,보행자보호의무위반,건조,맑음,단일로 - 기타,승용,여,58세,상해없음,보행자,남,54세,중상
2022052100100256,2022년 5월 21일 12시,토요일,대구광역시 달서구 송현동,중상사고,0,1,1,0,차대차 - 측면충돌,직진우회전진행방해,건조,맑음,교차로 - 교차로안,승용,남,74세,경상,승용,남,67세,중상
2022052100100257,2022년 5월 21일 12시,토요일,대구광역시 달서구 성당동,경상사고,0,0,1,0,차대차 - 측면충돌,교차로운행방법위반,건조,맑음,교차로 - 교차로안,승용,남,74세,상해없음,화물,남,63세,경상
2022052100100258,2022년 5월 21일 12시,토요일,대구광역시 북구 구암동,경상사고,0,0,1,0,차대차 - 측면충돌,교차로운행방법위반,건조,맑음,교차로 - 교차로안,승용,여,30세,상해없음,이륜,남,60세,경상
2022052100100296,2022년 5월 21일 13시,토요일,대구광역시 달서구 송현동,경상사고,0,0,1,0,차대차 - 기타,안전운전불이행,건조,맑음,기타 - 기타,화물,남,46세,상해없음,자전거,여,23세,경상
2022052100100297,2022년 5월 21일 13시,토요일,대구광역시 달성군 현풍읍,경상사고,0,0,3,0,차대차 - 기타,안전거리미확보,건조,맑음,단일로 - 기타,승용,남,61세,상해없음,승용,여,42세,경상
2022052100100298,2022년 5월 21일 13시,토요일,대구광역시 달성군 화원읍,경상사고,0,0,1,0,차대차 - 측면충돌,안전운전불이행,건조,맑음,단일로 - 기타,승용,남,74세,상해없음,화물,남,40세,경상
2022052100100299,2022년 5월 21일 13시,토요일,대구광역시 중구 남산동,경상사고,0,0,1,0,차량단독 - 기타,기타,건조,맑음,단일로 - 기타,승합,남,54세,상해없음,,,,
2022052100100342,2022년 5월 21일 14시,토요일,대구광역시 동구 율암동,중상사고,0,1,2,0,차대차 - 정면충돌,신호위반,건조,맑음,단일로 - 기타,승용,남,71세,상해없음,승용,여,51세,경상
2022052100100343,2022년 5월 21일 14시,토요일,대구광역시 달서구 대천동,경상사고,0,0,1,0,차대차 - 측면충돌,안전운전불이행,건조,맑음,단일로 - 기타,승용,여,29세,상해없음,자전거,남,12세,경상
2022052100100344,2022년 5월 21일 14시,토요일,대구광역시 중구 문화동,중상사고,0,1,0,0,차대차 - 측면충돌,안전운전불이행,건조,맑음,교차로 - 교차로부근,승용,여,58세,상해없음,승용,여,29세,중상
2022052100100377,2022년 5월 21일 15시,토요일,대구광역시 달성군 화원읍,경상사고,0,0,2,0,차대차 - 기타,안전운전불이행,건조,맑음,단일로 - 기타,승용,남,40세,상해없음,화물,남,50세,경상
2022052100100380,2022년 5월 21일 15시,토요일,대구광역시 동구 방촌동,경상사고,0,0,6,1,차대차 - 측면충돌,중앙선침범,건조,맑음,단일로 - 기타,화물,남,74세,상해없음,승용,남,36세,경상
2022052100100381,2022년 5월 21일 15시,토요일,대구광역시 중구 대봉동,경상사고,0,0,1,0,차대차 - 기타,안전운전불이행,건조,맑음,단일로 - 기타,자전거,기타불명,미분류,기타불명,자전거,여,31세,경상
2022052100100382,2022년 5월 21일 15시,토요일,대구광역시 달성군 다사읍,경상사고,0,0,2,0,차대차 - 추돌,안전거리미확보,건조,맑음,단일로 - 교량,승용,남,71세,상해없음,승용,여,53세,경상
2022052100100414,2022년 5월 21일 16시,토요일,대구광역시 북구 칠성동1가,중상사고,0,1,0,0,차대차 - 측면충돌,안전운전불이행,건조,맑음,기타 - 기타,자전거,남,69세,중상,승용,남,35세,상해없음
2022052100100449,2022년 5월 21일 17시,토요일,대구광역시 동구 신암동,중상사고,0,1,0,0,차대차 - 측면충돌,불법유턴,건조,맑음,교차로 - 교차로횡단보도내,자전거,여,61세,중상,승용,여,30세,상해없음
2022052100100450,2022년 5월 21일 17시,토요일,대구광역시 수성구 범물동,경상사고,0,0,2,0,차대차 - 측면충돌,안전운전불이행,건조,맑음,단일로 - 기타,승용,남,70세,상해없음,승용,여,53세,경상
2022052100100484,2022년 5월 21일 18시,토요일,대구광역시 달서구 두류동,경상사고,0,0,1,0,차대차 - 측면충돌,교차로운행방법위반,건조,맑음,교차로 - 교차로부근,승용,남,25세,상해없음,승용,남,46세,경상
2022052100100510,2022년 5월 21일 19시,토요일,대구광역시 동구 도동,경상사고,0,0,1,0,차대사람 - 차도통행중,안전운전불이행,건조,맑음,교차로 - 교차로안,승용,남,36세,상해없음,보행자,여,75세,경상
2022052100100544,2022년 5월 21일 20시,토요일,대구광역시 동구 불로동,중상사고,0,4,3,0,차대차 - 기타,신호위반,건조,맑음,교차로 - 교차로부근,승용,남,57세,경상,승용,남,27세,경상
2022052100100545,2022년 5월 21일 20시,토요일,대구광역시 수성구 만촌동,경상사고,0,0,3,0,차대차 - 추돌,안전운전불이행,건조,맑음,단일로 - 기타,승용,남,27세,상해없음,승용,남,55세,경상
2022052100100546,2022년 5월 21일 20시,토요일,대구광역시 수성구 신매동,경상사고,0,0,1,0,차대차 - 측면충돌,안전운전불이행,건조,맑음,단일로 - 기타,이륜,남,56세,상해없음,자전거,여,10세,경상
2022052100100547,2022년 5월 21일 20시,토요일,대구광역시 북구 대현동,부상신고사고,0,0,0,1,차대사람 - 기타,안전운전불이행,건조,맑음,기타 - 기타,원동기,남,69세,상해없음,보행자,남,55세,부상신고
2022052100100567,2022년 5월 21일 21시,토요일,대구광역시 남구 대명동,경상사고,0,0,1,0,차대차 - 기타,중앙선침범,건조,맑음,단일로 - 기타,승용,남,30세,상해없음,이륜,남,35세,경상
2022052100100588,2022년 5월 21일 22시,토요일,대구광역시 달서구 성당동,사망사고,1,0,0,0,차대사람 - 횡단중,안전운전불이행,건조,맑음,단일로 - 기타,승용,남,63세,상해없음,보행자,남,67세,사망
2022052100100614,2022년 5월 21일 23시,토요일,대구광역시 동구 신천동,경상사고,0,0,2,0,차대차 - 측면충돌,안전운전불이행,건조,맑음,단일로 - 기타,승용,남,44세,상해없음,승용,남,31세,경상
2022052100100615,2022년 5월 21일 23시,토요일,대구광역시 서구 내당동,중상사고,0,1,0,0,차대차 - 추돌,안전거리미확보,건조,맑음,교차로 - 교차로부근,승용,남,66세,상해없음,이륜,남,29세,중상
2022052200100020,2022년 5월 22일 01시,일요일,대구광역시 달서구 대곡동,경상사고,0,0,5,0,차대차 - 추돌,안전운전불이행,건조,맑음,단일로 - 기타,승용,남,80세,상해없음,승용,남,56세,경상
2022052200100021,2022년 5월 22일 01시,일요일,대구광역시 중구 삼덕동1가,중상사고,0,1,0,0,차대차 - 측면충돌,불법유턴,건조,맑음,단일로 - 기타,개인형이동수단(PM),여,22세,중상,승용,남,70세,상해없음
2022052200100054,2022년 5월 22일 05시,일요일,대구광역시 남구 봉덕동,경상사고,0,0,1,0,차대차 - 기타,신호위반,건조,맑음,교차로 - 교차로안,승용,남,29세,상해없음,승용,남,56세,상해없음
2022052200100067,2022년 5월 22일 07시,일요일,대구광역시 수성구 중동,경상사고,0,0,2,0,차대차 - 측면충돌,안전운전불이행,건조,맑음,단일로 - 기타,승용,여,58세,상해없음,승합,남,48세,경상
2022052200100079,2022년 5월 22일 08시,일요일,대구광역시 동구 신암동,경상사고,0,0,2,0,차대차 - 측면충돌,안전운전불이행,건조,맑음,단일로 - 기타,승용,여,39세,상해없음,승용,남,40세,경상
2022052200100080,2022년 5월 22일 08시,일요일,대구광역시 달성군 가창면,경상사고,0,0,1,0,차대차 - 기타,안전운전불이행,건조,맑음,기타 - 기타,승용,여,65세,상해없음,승용,남,33세,경상