사고번호,사고일시,요일,시군구,사고내용,사망자수,중상자수,경상자수,부상신고자수,사고유형,법규위반,노면상태,기상상태,도로형태,가해운전자 차종,가해운전자 성별,가해운전자 연령,가해운전자 상해정도,피해운전자 차종,피해운전자 성별,피해운전자 연령,피해운전자 상해정도
2022053000100199,2022년 5월 30일 12시,월요일,대구광역시 동구 효목동,경상사고,0,0,1,0,차대차 - 기타,안전운전불이행,건조,맑음,교차로 - 교차로안,승용,남,45세,상해없음,승용,남,42세,경상
2022053000100200,2022년 5월 30일 12시,월요일,대구광역시 서구 비산동,경상사고,0,0,2,0,차대차 - 측면충돌,차로위반,건조,맑음,교차로 - 교차로안,승용,남,54세,경상,승합,남,40세,경상
2022053000100201,2022년 5월 30일 12시,월요일,대구광역시 중구 동인동2가,경상사고,0,0,1,0,차대사람 - 차도통행중,안전운전불이행,건조,맑음,교차로 - 교차로안,승용,여,67세,상해없음,보행자,여,73세,경상
2022053000100240,2022년 5월 30일 13시,월요일,대구광역시 달서구 진천동,중상사고,0,1,0,0,차대사람 - 횡단중,보행자보호의무위반,건조,맑음,교차로 - 교차로횡단보도내,화물,남,53세,상해없음,보행자,남,64세,중상
2022053000100241,2022년 5월 30일 13시,월요일,대구광역시 서구 비산동,경상사고,0,0,1,0,차대차 - 측면충돌,안전운전불이행,건조,맑음,단일로 - 기타,승용,남,29세,상해없음,자전거,남,63세,경상
2022053000100242,2022년 5월 30일 13시,월요일,대구광역시 달서구 이곡동,경상사고,0,0,1,0,차대차 - 추돌,안전운전불이행,건조,맑음,단일로 - 기타,화물,남,63세,상해없음,화물,남,44세,경상
2022053000100311,2022년 5월 30일 15시,월요일,대구광역시 동구 매여동,중상사고,0,1,0,0,차대사람 - 기타,안전운전불이행,건조,맑음,단일로 - 기타,승용,여,50세,상해없음,보행자,여,62세,중상
2022053000100312,2022년 5월 30일 15시,월요일,대구광역시 달서구 죽전동,경상사고,0,0,1,0,차대차 - 기타,기타,건조,맑음,교차로 - 교차로부근,화물,여,61세,상해없음,자전거,남,10세,경상
2022053000100350,2022년 5월 30일 16시,월요일,대구광역시 수성구 범어동,경상사고,0,0,1,0,차대차 - 추돌,안전거리미확보,건조,맑음,단일로 - 기타,승용,남,27세,상해없음,승용,여,32세,경상
2022053000100351,2022년 5월 30일 16시,월요일,대구광역시 달서구 대곡동,경상사고,0,0,1,0,차대차 - 추돌,안전운전불이행,건조,맑음,단일로 - 지하차도(도로)내,승용,남,36세,상해없음,승용,남,51세,경상
2022053000100352,2022년 5월 30일 16시,월요일,대구광역시 달성군 다사읍,경상사고,0,0,1,0,차대차 - 추돌,안전운전불이행,건조,맑음,교차로 - 교차로부근,승용,남,63세,상해없음,승용,여,46세,경상
2022053000100393,2022년 5월 30일 17시,월요일,대구광역시 서구 상리동,경상사고,0,0,1,0,차대차 - 측면충돌,안전운전불이행,건조,맑음,단일로 - 기타,승용,남,49세,상해없음,승용,남,29세,경상
2022053000100398,2022년 5월 30일 17시,월요일,대구광역시 중구 남산동,중상사고,0,1,0,0,차대차 - 추돌,안전운전불이행,건조,맑음,단일로 - 기타,승용,여,39세,상해없음,승용,여,59세,중상
2022053000100399,2022년 5월 30일 17시,월요일,대구광역시 북구 구암동,경상사고,0,0,1,0,차대차 - 측면충돌,안전운전불이행,건조,맑음,단일로 - 지하차도(도로)내,건설기계,남,49세,상해없음,승용,여,40세,경상
2022053000100444,2022년 5월 30일 18시,월요일,대구광역시 달서구 진천동,경상사고,0,0,1,0,차대사람 - 횡단중,보행자보호의무위반,건조,맑음,기타 - 기타,승용,남,50세,상해없음,보행자,여,10세,경상
2022053000100445,2022년 5월 30일 18시,월요일,대구광역시 북구 동천동,경상사고,0,0,2,0,차대차 - 측면충돌,교차로운행방법위반,건조,맑음,교차로 - 교차로안,승용,남,63세,경상,승용,여,41세,경상
2022053000100469,2022년 5월 30일 19시,월요일,대구광역시 동구 신암동,경상사고,0,0,1,0,차대차 - 측면충돌,안전운전불이행,건조,맑음,단일로 - 기타,승용,남,29세,상해없음,이륜,남,22세,경상
2022053000100470,2022년 5월 30일 19시,월요일,대구광역시 수성구 신매동,경상사고,0,0,1,0,차대사람 - 보도통행중,기타,건조,맑음,단일로 - 기타,자전거,남,61세,상해없음,보행자,남,50세,경상
2022053000100471,2022년 5월 30일 19시,월요일,대구광역시 달서구 감삼동,경상사고,0,0,1,0,차대차 - 측면충돌,안전운전불이행,건조,맑음,교차로 - 교차로부근,승용,남,66세,상해없음,승용,여,63세,경상
2022053000100494,2022년 5월 30일 20시,월요일,대구광역시 달서구 신당동,경상사고,0,0,1,0,차대사람 - 보도통행중,기타,건조,맑음,단일로 - 기타,화물,남,41세,상해없음,보행자,남,33세,경상
2022053000100529,2022년 5월 30일 22시,월요일,대구광역시 서구 내당동,경상사고,0,0,3,0,차대차 - 측면충돌,안전운전불이행,건조,맑음,단일로 - 기타,승용,남,29세,상해없음,승용,남,47세,상해없음
2022053000100550,2022년 5월 30일 23시,월요일,대구광역시 중구 대봉동,중상사고,0,1,0,0,차대차 - 측면충돌,안전운전불이행,건조,맑음,교차로 - 교차로안,승용,남,40세,상해없음,개인형이동수단(PM),남,28세,중상
2022053100100008,2022년 5월 31일 00시,화요일,대구광역시 달성군 현풍읍,경상사고,0,0,1,0,차대차 - 기타,안전운전불이행,건조,맑음,단일로 - 기타,승용,남,36세,상해없음,승용,여,35세,경상
2022053100100014,2022년 5월 31일 01시,화요일,대구광역시 남구 대명동,경상사고,0,0,1,0,차대차 - 정면충돌,직진우회전진행방해,건조,맑음,교차로 - 교차로안,승용,남,49세,상해없음,승용,남,67세,상해없음
2022053100100030,2022년 5월 31일 04시,화요일,대구광역시 수성구 이천동,경상사고,0,0,1,0,차대차 - 측면충돌,중앙선침범,건조,맑음,단일로 - 기타,기타불명,기타불명,미분류,기타불명,승용,여,55세,경상
2022053100100049,2022년 5월 31일 06시,화요일,대구광역시 달서구 도원동,중상사고,0,1,0,0,차대차 - 측면충돌,안전운전불이행,건조,맑음,교차로 - 교차로부근,승용,남,62세,상해없음,원동기,남,32세,중상
2022053100100079,2022년 5월 31일 07시,화요일,대구광역시 달서구 도원동,경상사고,0,0,2,0,차대차 - 측면충돌,교차로운행방법위반,건조,맑음,교차로 - 교차로안,승합,여,66세,경상,승용,남,41세,경상
2022053100100080,2022년 5월 31일 07시,화요일,대구광역시 달서구 도원동,경상사고,0,0,2,0,차대차 - 추돌,안전운전불이행,건조,맑음,교차로 - 교차로부근,화물,남,42세,상해없음,승용,여,33세,경상
2022053100100081,2022년 5월 31일 07시,화요일,대구광역시 달서구 호산동,경상사고,0,0,2,0,차대차 - 측면충돌,중앙선침범,건조,맑음,단일로 - 기타,승용,남,26세,상해없음,화물,남,47세,경상
2022053100100131,2022년 5월 31일 08시,화요일,대구광역시 중구 동인동2가,경상사고,0,0,1,0,차대사람 - 횡단중,보행자보호의무위반,건조,맑음,단일로 - 기타,승용,남,79세,상해없음,보행자,여,32세,경상
2022053100100132,2022년 5월 31일 08시,화요일,대구광역시 중구 태평로3가,경상사고,0,0,3,1,차대차 - 측면충돌,안전거리미확보,건조,맑음,교차로 - 교차로부근,승용,남,69세,부상신고,화물,남,34세,경상
2022053100100169,2022년 5월 31일 09시,화요일,대구광역시 남구 대명동,중상사고,0,1,0,0,차대차 - 측면충돌,안전운전불이행,건조,맑음,단일로 - 기타,승용,남,53세,상해없음,이륜,남,77세,중상
2022053100100170,2022년 5월 31일 09시,화요일,대구광역시 수성구 수성동4가,경상사고,0,0,2,0,차대차 - 기타,안전운전불이행,건조,맑음,교차로 - 교차로부근,승용,남,73세,상해없음,승용,남,38세,경상
2022053100100171,2022년 5월 31일 09시,화요일,대구광역시 달서구 대천동,경상사고,0,0,1,0,차대차 - 측면충돌,교차로운행방법위반,건조,맑음,교차로 - 교차로안,승용,여,54세,상해없음,화물,남,61세,경상
2022053100100172,2022년 5월 31일 09시,화요일,대구광역시 달서구 본리동,경상사고,0,0,1,0,차대차 - 측면충돌,교차로운행방법위반,건조,맑음,교차로 - 교차로안,승용,남,58세,상해없음,이륜,남,40세,경상
2022053100100173,2022년 5월 31일 09시,화요일,대구광역시 달서구 성당동,경상사고,0,0,1,0,차대사람 - 기타,안전운전불이행,건조,맑음,단일로 - 기타,승용,여,62세,상해없음,보행자,여,29세,경상
2022053100100198,2022년 5월 31일 10시,화요일,대구광역시 중구 삼덕동2가,부상신고사고,0,0,0,1,차량단독 - 기타,안전운전불이행,건조,맑음,단일로 - 기타,승합,남,47세,상해없음,,,,
2022053100100199,2022년 5월 31일 10시,화요일,대구광역시 달서구 감삼동,경상사고,0,0,1,0,차대차 - 측면충돌,신호위반,건조,맑음,단일로 - 기타,승용,여,40세,상해없음,이륜,남,24세,경상
2022053100100243,2022년 5월 31일 11시,화요일,대구광역시 달서구 상인동,경상사고,0,0,7,0,차대차 - 추돌,안전운전불이행,건조,맑음,단일로 - 기타,승용,남,83세,상해없음,승용,여,30세,경상
2022053100100244,2022년 5월 31일 11시,화요일,대구광역시 북구 산격동,부상신고사고,0,0,0,1,차대사람 - 횡단중,안전운전불이행,건조,맑음,교차로 - 교차로부근,승용,여,58세,상해없음,보행자,남,57세,부상신고
2022053100100245,2022년 5월 31일 11시,화요일,대구광역시 중구 봉산동,경상사고,0,0,2,0,차대차 - 추돌,안전운전불이행,건조,맑음,단일로 - 기타,승용,기타불명,미분류,기타불명,승용,남,48세,경상
2022053100100313,2022년 5월 31일 13시,화요일,대구광역시 수성구 지산동,중상사고,0,1,0,0,차대사람 - 기타,안전운전불이행,건조,맑음,교차로 - 교차로안,승용,여,56세,상해없음,보행자,여,73세,중상
2022053100100314,2022년 5월 31일 13시,화요일,대구광역시 수성구 중동,경상사고,0,0,1,0,차대사람 - 기타,안전운전불이행,건조,맑음,단일로 - 기타,승합,남,51세,상해없음,보행자,남,65세,경상
2022053100100315,2022년 5월 31일 13시,화요일,대구광역시 중구 동성로2가,경상사고,0,0,2,0,차대차 - 측면충돌,안전운전불이행,건조,맑음,기타 - 기타,승용,남,35세,기타불명,승용,남,29세,경상
2022053100100316,2022년 5월 31일 13시,화요일,대구광역시 달서구 신당동,경상사고,0,0,1,0,차대차 - 측면충돌,신호위반,건조,맑음,교차로 - 교차로안,승용,남,69세,상해없음,승용,남,73세,상해없음
2022053100100355,2022년 5월 31일 14시,화요일,대구광역시 수성구 범어동,경상사고,0,0,4,0,차대차 - 측면충돌,안전운전불이행,건조,맑음,교차로 - 교차로안,승용,남,64세,상해없음,승용,여,42세,경상
2022053100100356,2022년 5월 31일 14시,화요일,대구광역시 수성구 황금동,중상사고,0,1,0,0,차대차 - 측면충돌,안전운전불이행,건조,맑음,단일로 - 기타,화물,남,63세,상해없음,자전거,남,56세,중상
2022053100100357,2022년 5월 31일 14시,화요일,대구광역시 중구 남일동,중상사고,0,1,0,0,차대사람 - 횡단중,보행자보호의무위반,건조,맑음,단일로 - 기타,이륜,남,43세,상해없음,보행자,남,78세,중상
2022053100100444,2022년 5월 31일 16시,화요일,대구광역시 달서구 대천동,경상사고,0,0,1,0,차대차 - 기타,안전운전불이행,건조,맑음,기타 - 기타,승용,여,30세,상해없음,자전거,남,11세,경상
2022053100100445,2022년 5월 31일 16시,화요일,대구광역시 서구 평리동,경상사고,0,0,1,0,차대차 - 측면충돌,안전거리미확보,건조,맑음,단일로 - 기타,화물,남,31세,경상,건설기계,남,69세,상해없음
2022053100100446,2022년 5월 31일 16시,화요일,대구광역시 서구 비산동,경상사고,0,0,1,0,차량단독 - 기타,안전운전불이행,건조,맑음,단일로 - 기타,승합,남,47세,상해없음,,,,
2022053100100497,2022년 5월 31일 17시,화요일,대구광역시 수성구 시지동,중상사고,0,1,0,0,차대사람 - 보도통행중,보행자보호의무위반,건조,맑음,교차로 - 교차로횡단보도내,화물,남,25세,상해없음,보행자,여,55세,중상
2022053100100498,2022년 5월 31일 17시,화요일,대구광역시 북구 침산동,중상사고,0,1,0,0,차대차 - 측면충돌,안전운전불이행,건조,맑음,기타 - 기타,승용,남,64세,상해없음,자전거,여,67세,중상
2022053100100499,2022년 5월 31일 17시,화요일,대구광역시 북구 노원동3가,경상사고,0,0,2,0,차대차 - 측면충돌,안전거리미확보,건조,맑음,교차로 - 교차로안,건설기계,남,69세,경상,승용,남,61세,경상
2022053100100500,2022년 5월 31일 17시,화요일,대구광역시 달서구 본리동,부상신고사고,0,0,0,1,차대차 - 정면충돌,안전운전불이행,건조,맑음,교차로 - 교차로횡단보도내,승용,남,54세,상해없음,자전거,남,10세,부상신고
2022053100100556,2022년 5월 31일 18시,화요일,대구광역시 북구 산격동,부상신고사고,0,0,0,1,차대차 - 측면충돌,안전운전불이행,건조,맑음,단일로 - 기타,자전거,남,54세,부상신고,승용,남,35세,상해없음
2022053100100557,2022년 5월 31일 18시,화요일,대구광역시 달서구 이곡동,중상사고,0,1,0,0,차대사람 - 횡단중,신호위반,건조,맑음,교차로 - 교차로안,승용,여,60세,상해없음,보행자,여,89세,중상
2022053100100595,2022년 5월 31일 19시,화요일,대구광역시 달서구 진천동,경상사고,0,0,1,0,차대차 - 기타,중앙선침범,건조,맑음,단일로 - 기타,승용,여,52세,상해없음,이륜,남,19세,경상
2022053100100596,2022년 5월 31일 19시,화요일,대구광역시 북구 동천동,경상사고,0,0,2,0,차대차 - 측면충돌,안전거리미확보,건조,맑음,단일로 - 고가도로위,승용,남,51세,상해없음,이륜,남,17세,경상
2022053100100632,2022년 5월 31일 20시,화요일,대구광역시 달성군 논공읍,중상사고,0,1,0,0,차대차 - 추돌,안전운전불이행,건조,맑음,교차로 - 교차로부근,승합,남,52세,상해없음,승용,여,59세,중상
2022053100100656,2022년 5월 31일 21시,화요일,대구광역시 수성구 두산동,중상사고,0,1,0,0,차대사람 - 기타,기타,건조,맑음,기타 - 기타,자전거,남,14세,상해없음,보행자,여,31세,중상
2022053100100686,2022년 5월 31일 22시,화요일,대구광역시 동구 용계동,경상사고,0,0,1,0,차대차 - 측면충돌,차로위반,건조,맑음,교차로 - 교차로부근,승용,남,67세,상해없음,화물,남,52세,경상
2022053100100709,2022년 5월 31일 23시,화요일,대구광역시 서구 내당동,경상사고,0,0,1,0,차대차 - 측면충돌,안전거리미확보,건조,맑음,단일로 - 기타,승용,남,28세,상해없음,이륜,남,28세,경상
2022060100100018,2022년 6월 1일 00시,수요일,대구광역시 달성군 다사읍,사망사고,1,2,0,0,차대사람 - 보도통행중,기타,건조,맑음,단일로 - 기타,승용,남,29세,중상,보행자,남,41세,사망
2022060100100051,2022년 6월 1일 02시,수요일,대구광역시 수성구 황금동,경상사고,0,0,1,0,차대차 - 후진중충돌,안전운전불이행,건조,맑음,단일로 - 기타,승용,남,40세,상해없음,승용,남,33세,경상
2022060100100052,2022년 6월 1일 02시,수요일,대구광역시 중구 삼덕동1가,경상사고,0,0,1,0,차대사람 - 기타,안전운전불이행,건조,맑음,단일로 - 기타,승용,남,30세,상해없음,보행자,남,19세,경상
2022060100100080,2022년 6월 1일 05시,수요일,대구광역시 수성구 지산동,경상사고,0,0,1,0,차대차 - 정면충돌,중앙선침범,건조,맑음,교차로 - 교차로부근,승용,여,36세,상해없음,화물,남,43세,경상
2022060100100092,2022년 6월 1일 06시,수요일,대구광역시 수성구 만촌동,중상사고,0,1,0,0,차대차 - 기타,교차로운행방법위반,건조,맑음,교차로 - 교차로부근,승용,남,53세,상해없음,승합,남,61세,상해없음
2022060100100129,2022년 6월 1일 08시,수요일,대구광역시 북구 산격동,경상사고,0,0,1,0,차대차 - 측면충돌,교차로운행방법위반,건조,맑음,교차로 - 교차로안,화물,남,66세,상해없음,승용,여,41세,경상
2022060100100152,2022년 6월 1일 09시,수요일,대구광역시 북구 칠성동1가,중상사고,0,1,0,0,차량단독 - 기타,안전운전불이행,건조,맑음,단일로 - 기타,승합,남,59세,상해없음,,,,
2022060100100153,2022년 6월 1일 09시,수요일,대구광역시 북구 산격동,경상사고,0,0,1,0,차대차 - 측면충돌,안전운전불이행,건조,맑음,단일로 - 기타,승용,남,64세,상해없음,자전거,남,53세,경상
2022060100100174,2022년 6월 1일 10시,수요일,대구광역시 북구 금호동,경상사고,0,0,2,0,차대차 - 측면충돌,안전운전불이행,건조,맑음,단일로 - 기타,승용,여,30세,상해없음,승용,남,57세,경상
2022060100100176,2022년 6월 1일 10시,수요일,대구광역시 북구 산격동,경상사고,0,0,1,0,차대사람 - 차도통행중,안전운전불이행,건조,맑음,단일로 - 기타,승용,여,73세,상해없음,보행자,남,57세,경상
2022060100100201,2022년 6월 1일 11시,수요일,대구광역시 수성구 만촌동,경상사고,0,0,1,0,차대사람 - 횡단중,신호위반,건조,맑음,교차로 - 교차로횡단보도내,이륜,남,48세,상해없음,보행자,여,20세,경상
2022060100100202,2022년 6월 1일 11시,수요일,대구광역시 북구 산격동,경상사고,0,0,1,0,차대차 - 후진중충돌,안전운전불이행,건조,맑음,단일로 - 기타,승용,남,34세,상해없음,이륜,남,24세,경상
2022060100100203,2022년 6월 1일 11시,수요일,대구광역시 중구 동인동4가,중상사고,0,1,2,0,차대사람 - 기타,안전운전불이행,건조,맑음,단일로 - 기타,승용,남,58세,상해없음,보행자,여,63세,경상
2022060100100204,2022년 6월 1일 11시,수요일,대구광역시 중구 사일동,경상사고,0,0,3,0,차대차 - 기타,안전운전불이행,건조,맑음,단일로 - 기타,이륜,남,21세,상해없음,승용,남,48세,경상
2022060100100235,2022년 6월 1일 12시,수요일,대구광역시 달성군 다사읍,중상사고,0,1,0,0,차대사람 - 차도통행중,안전운전불이행,건조,맑음,기타 - 기타,승용,여,67세,상해없음,보행자,여,22세,중상
2022060100100272,2022년 6월 1일 13시,수요일,대구광역시 동구 효목동,경상사고,0,0,2,0,차대차 - 측면충돌,안전운전불이행,건조,맑음,단일로 - 고가도로위,승용,남,39세,상해없음,승용,남,60세,경상
2022060100100346,2022년 6월 1일 15시,수요일,대구광역시 수성구 범어동,경상사고,0,0,1,0,차대차 - 측면충돌,안전운전불이행,건조,맑음,단일로 - 기타,승용,남,58세,기타불명,자전거,여,23세,경상
2022060100100347,2022년 6월 1일 15시,수요일,대구광역시 북구 칠성동2가,경상사고,0,0,1,0,차대차 - 측면충돌,안전거리미확보,건조,맑음,단일로 - 기타,승용,남,68세,상해없음,원동기,남,22세,경상
2022060100100390,2022년 6월 1일 16시,수요일,대구광역시 북구 노원동3가,중상사고,0,1,0,0,차대차 - 측면충돌,안전운전불이행,건조,맑음,단일로 - 기타,승용,남,66세,기타불명,자전거,여,56세,중상
2022060100100419,2022년 6월 1일 17시,수요일,대구광역시 동구 신기동,경상사고,0,0,2,0,차대차 - 측면충돌,안전운전불이행,건조,맑음,교차로 - 교차로안,원동기,남,29세,상해없음,승용,남,32세,경상
2022060100100420,2022년 6월 1일 17시,수요일,대구광역시 동구 봉무동,경상사고,0,0,1,0,차대사람 - 횡단중,신호위반,건조,맑음,교차로 - 교차로횡단보도내,화물,남,70세,상해없음,보행자,남,6세,경상
2022060100100421,2022년 6월 1일 17시,수요일,대구광역시 수성구 범물동,경상사고,0,0,1,0,차대차 - 측면충돌,안전거리미확보,건조,맑음,단일로 - 기타,특수,남,59세,상해없음,승용,여,74세,경상
2022060100100460,2022년 6월 1일 18시,수요일,대구광역시 남구 이천동,경상사고,0,0,4,0,차대차 - 추돌,안전거리미확보,건조,맑음,단일로 - 지하차도(도로)내,승용,남,30세,상해없음,승용,남,46세,경상
2022060100100461,2022년 6월 1일 18시,수요일,대구광역시 수성구 황금동,중상사고,0,1,0,0,차대차 - 기타,안전거리미확보,건조,맑음,단일로 - 기타,승용,남,33세,상해없음,이륜,남,23세,중상
2022060100100489,2022년 6월 1일 19시,수요일,대구광역시 수성구 범어동,부상신고사고,0,0,0,1,차대사람 - 횡단중,안전운전불이행,건조,맑음,교차로 - 교차로안,기타불명,기타불명,미분류,기타불명,보행자,여,20세,부상신고
2022060100100517,2022년 6월 1일 20시,수요일,대구광역시 북구 산격동,중상사고,0,1,2,0,차대차 - 추돌,안전운전불이행,건조,맑음,단일로 - 기타,승용,남,56세,상해없음,승용,여,40세,중상
2022060100100518,2022년 6월 1일 20시,수요일,대구광역시 북구 태전동,경상사고,0,0,1,0,차대사람 - 횡단중,신호위반,건조,맑음,교차로 - 교차로안,승용,남,60세,상해없음,보행자,남,13세,경상
2022060100100538,2022년 6월 1일 21시,수요일,대구광역시 북구 대현동,중상사고,0,1,0,0,차대사람 - 차도통행중,안전운전불이행,건조,맑음,단일로 - 기타,승용,여,48세,상해없음,보행자,남,64세,중상
2022060100100563,2022년 6월 1일 23시,수요일,대구광역시 달서구 감삼동,경상사고,0,0,2,0,차대차 - 추돌,안전운전불이행,건조,맑음,교차로 - 교차로부근,승용,남,59세,상해없음,승용,남,52세,상해없음
2022060200100005,2022년 6월 2일 00시,목요일,대구광역시 달서구 진천동,중상사고,0,1,0,0,차대차 - 측면충돌,신호위반,건조,맑음,단일로 - 기타,승용,남,68세,상해없음,이륜,남,35세,중상
2022060200100009,2022년 6월 2일 01시,목요일,대구광역시 달서구 송현동,중상사고,0,1,0,0,차량단독 - 기타,기타,건조,맑음,교차로 - 교차로안,승용,남,63세,상해없음,,,,
2022060200100041,2022년 6월 2일 06시,목요일,대구광역시 동구 신천동,경상사고,0,0,1,0,차대차 - 측면충돌,교차로운행방법위반,건조,맑음,교차로 - 교차로안,화물,남,26세,상해없음,자전거,남,78세,경상
2022060200100127,2022년 6월 2일 09시,목요일,대구광역시 달서구 대곡동,경상사고,0,0,2,0,차대차 - 측면충돌,안전거리미확보,건조,맑음,단일로 - 기타,승용,여,32세,경상,승용,여,52세,경상
2022060200100158,2022년 6월 2일 10시,목요일,대구광역시 달성군 하빈면,부상신고사고,0,0,0,1,차대차 - 후진중충돌,안전운전불이행,건조,맑음,단일로 - 기타,승용,남,35세,부상신고,화물,남,59세,상해없음
2022060200100159,2022년 6월 2일 10시,목요일,대구광역시 북구 태전동,경상사고,0,0,1,0,차대차 - 측면충돌,불법유턴,건조,맑음,단일로 - 기타,화물,남,54세,기타불명,승용,남,51세,경상
2022060200100219,2022년 6월 2일 12시,목요일,대구광역시 수성구 수성동2가,중상사고,0,1,0,0,차대차 - 추돌,안전운전불이행,건조,맑음,단일로 - 기타,승용,여,60세,상해없음,원동기,남,33세,중상
2022060200100220,2022년 6월 2일 12시,목요일,대구광역시 북구 산격동,부상신고사고,0,0,0,3,차대차 - 기타,안전운전불이행,건조,맑음,단일로 - 기타,승용,남,63세,부상신고,승용,남,31세,상해없음
2022060200100252,2022년 6월 2일 13시,목요일,대구광역시 동구 신천동,경상사고,0,0,1,0,차대사람 - 길가장자리구역통행중,기타,건조,맑음,단일로 - 기타,승용,남,74세,상해없음,보행자,남,40세,경상
2022060200100253,2022년 6월 2일 13시,목요일,대구광역시 수성구 만촌동,경상사고,0,0,2,0,차대차 - 추돌,안전운전불이행,건조,맑음,단일로 - 기타,승용,여,59세,상해없음,승용,남,58세,경상
2022060200100285,2022년 6월 2일 14시,목요일,대구광역시 동구 신기동,경상사고,0,0,1,0,차대차 - 추돌,안전운전불이행,건조,맑음,단일로 - 기타,화물,남,55세,상해없음,승용,남,53세,경상
2022060200100286,2022년 6월 2일 14시,목요일,대구광역시 달서구 상인동,경상사고,0,0,1,0,차량단독 - 공작물충돌,안전운전불이행,건조,맑음,단일로 - 기타,개인형이동수단(PM),여,54세,경상,,,,
2022060200100287,2022년 6월 2일 14시,목요일,대구광역시 서구 평리동,경상사고,0,0,1,0,차대차 - 측면충돌,안전운전불이행,건조,맑음,단일로 - 기타,승용,남,71세,상해없음,승용,여,44세,경상
2022060200100288,2022년 6월 2일 14시,목요일,대구광역시 서구 평리동,경상사고,0,0,1,0,차대사람 - 차도통행중,안전운전불이행,건조,맑음,단일로 - 기타,승용,여,29세,상해없음,보행자,남,7세,경상
2022060200100321,2022년 6월 2일 15시,목요일,대구광역시 서구 비산동,경상사고,0,0,1,0,차대차 - 측면충돌,안전운전불이행,건조,맑음,교차로 - 교차로안,승용,남,75세,상해없음,승용,여,34세,경상
2022060200100322,2022년 6월 2일 15시,목요일,대구광역시 북구 국우동,경상사고,0,0,1,0,차대사람 - 차도통행중,안전운전불이행,건조,맑음,주차장 - 주차장,승용,여,39세,상해없음,보행자,남,9세,경상
2022060200100366,2022년 6월 2일 16시,목요일,대구광역시 남구 대명동,경상사고,0,0,1,0,차대차 - 측면충돌,교차로운행방법위반,건조,맑음,단일로 - 기타,승용,남,45세,상해없음,승용,남,62세,경상
2022060200100367,2022년 6월 2일 16시,목요일,대구광역시 달서구 상인동,경상사고,0,0,1,1,차대차 - 기타,안전거리미확보,건조,맑음,단일로 - 기타,승용,여,52세,상해없음,승용,남,44세,부상신고
2022060200100368,2022년 6월 2일 16시,목요일,대구광역시 달성군 현풍읍,중상사고,0,1,0,0,차대차 - 추돌,안전운전불이행,건조,맑음,단일로 - 기타,화물,남,51세,상해없음,화물,남,48세,중상
2022060200100409,2022년 6월 2일 17시,목요일,대구광역시 남구 봉덕동,중상사고,0,1,0,0,차대사람 - 기타,안전운전불이행,건조,맑음,교차로 - 교차로안,승용,남,47세,상해없음,보행자,남,77세,중상
2022060200100410,2022년 6월 2일 17시,목요일,대구광역시 달성군 논공읍,경상사고,0,0,2,0,차대차 - 기타,안전운전불이행,건조,맑음,단일로 - 기타,승용,여,25세,상해없음,승용,여,61세,경상
2022060200100411,2022년 6월 2일 17시,목요일,대구광역시 달성군 다사읍,경상사고,0,0,1,0,차대차 - 기타,안전운전불이행,건조,맑음,교차로 - 교차로안,승용,남,37세,상해없음,승용,여,57세,경상
2022060200100412,2022년 6월 2일 17시,목요일,대구광역시 달서구 용산동,경상사고,0,0,1,0,차대사람 - 기타,보행자보호의무위반,건조,맑음,기타 - 기타,승용,남,71세,상해없음,보행자,남,9세,경상
2022060200100413,2022년 6월 2일 17시,목요일,대구광역시 북구 동천동,경상사고,0,0,1,0,차대사람 - 횡단중,보행자보호의무위반,건조,맑음,교차로 - 교차로횡단보도내,승용,여,53세,상해없음,보행자,남,10세,경상
2022060200100465,2022년 6월 2일 18시,목요일,대구광역시 수성구 수성동4가,중상사고,0,1,0,0,차대차 - 측면충돌,신호위반,건조,맑음,교차로 - 교차로안,승용,여,27세,상해없음,이륜,남,58세,중상
2022060200100466,2022년 6월 2일 18시,목요일,대구광역시 수성구 황금동,경상사고,0,0,1,0,차대차 - 정면충돌,안전운전불이행,건조,맑음,단일로 - 기타,자전거,남,12세,경상,승용,여,54세,상해없음
2022060200100467,2022년 6월 2일 18시,목요일,대구광역시 수성구 지산동,경상사고,0,0,1,1,차대차 - 측면충돌,교차로운행방법위반,건조,맑음,교차로 - 교차로안,원동기,남,48세,부상신고,승용,여,36세,경상
2022060200100468,2022년 6월 2일 18시,목요일,대구광역시 달서구 상인동,경상사고,0,0,1,0,차대차 - 기타,안전운전불이행,건조,맑음,기타 - 기타,화물,남,69세,상해없음,화물,남,39세,경상
2022060200100469,2022년 6월 2일 18시,목요일,대구광역시 북구 침산동,경상사고,0,0,1,0,차대차 - 추돌,교차로운행방법위반,건조,맑음,교차로 - 교차로부근,승용,남,69세,상해없음,승용,여,56세,경상
2022060200100470,2022년 6월 2일 18시,목요일,대구광역시 달서구 성당동,경상사고,0,0,1,0,차대차 - 측면충돌,안전운전불이행,건조,맑음,단일로 - 기타,승용,남,32세,상해없음,자전거,여,26세,경상
2022060200100507,2022년 6월 2일 19시,목요일,대구광역시 북구 산격동,부상신고사고,0,0,0,1,차대차 - 측면충돌,안전운전불이행,건조,맑음,교차로 - 교차로부근,기타불명,기타불명,미분류,기타불명,승용,여,45세,부상신고