사고번호,사고일시,요일,시군구,사고내용,사망자수,중상자수,경상자수,부상신고자수,사고유형,법규위반,노면상태,기상상태,도로형태,가해운전자 차종,가해운전자 성별,가해운전자 연령,가해운전자 상해정도,피해운전자 차종,피해운전자 성별,피해운전자 연령,피해운전자 상해정도
2022060200100539,2022년 6월 2일 20시,목요일,대구광역시 동구 효목동,경상사고,0,0,1,0,차대사람 - 길가장자리구역통행중,안전운전불이행,건조,맑음,단일로 - 기타,승용,남,46세,상해없음,보행자,남,69세,경상
2022060200100540,2022년 6월 2일 20시,목요일,대구광역시 달서구 상인동,경상사고,0,0,2,0,차대차 - 측면충돌,교차로운행방법위반,건조,맑음,교차로 - 교차로안,승용,남,24세,경상,이륜,여,42세,경상
2022060200100541,2022년 6월 2일 20시,목요일,대구광역시 달서구 두류동,부상신고사고,0,0,0,1,차대사람 - 기타,기타,건조,흐림,교차로 - 교차로횡단보도내,승용,남,49세,상해없음,보행자,여,14세,부상신고
2022060200100562,2022년 6월 2일 21시,목요일,대구광역시 달성군 다사읍,중상사고,0,1,0,0,차대사람 - 보도통행중,안전운전불이행,건조,맑음,단일로 - 기타,개인형이동수단(PM),남,15세,기타불명,보행자,여,14세,중상
2022060200100585,2022년 6월 2일 22시,목요일,대구광역시 달서구 송현동,경상사고,0,0,1,0,차대차 - 기타,안전운전불이행,건조,맑음,단일로 - 기타,승용,여,23세,상해없음,이륜,남,37세,경상
2022060200100586,2022년 6월 2일 22시,목요일,대구광역시 북구 산격동,경상사고,0,0,1,0,차대차 - 기타,안전거리미확보,건조,맑음,단일로 - 기타,승용,남,35세,상해없음,승용,남,66세,경상
2022060300100007,2022년 6월 3일 00시,금요일,대구광역시 남구 대명동,경상사고,0,0,1,0,차대차 - 기타,안전운전불이행,건조,맑음,단일로 - 기타,승용,여,41세,상해없음,승용,남,45세,경상
2022060300100022,2022년 6월 3일 02시,금요일,대구광역시 중구 삼덕동1가,경상사고,0,0,1,0,차대사람 - 기타,안전운전불이행,건조,맑음,단일로 - 기타,승용,남,28세,상해없음,보행자,남,19세,경상
2022060300100032,2022년 6월 3일 04시,금요일,대구광역시 수성구 수성동2가,중상사고,0,1,0,0,차대사람 - 횡단중,신호위반,건조,맑음,단일로 - 기타,이륜,남,68세,상해없음,보행자,남,79세,중상
2022060300100049,2022년 6월 3일 06시,금요일,대구광역시 달서구 죽전동,경상사고,0,0,1,0,차대차 - 측면충돌,안전운전불이행,건조,맑음,단일로 - 기타,승용,남,42세,상해없음,승용,남,32세,경상
2022060300100103,2022년 6월 3일 08시,금요일,대구광역시 동구 효목동,부상신고사고,0,0,0,1,차대차 - 기타,안전운전불이행,건조,맑음,교차로 - 교차로부근,기타불명,기타불명,미분류,기타불명,승용,여,37세,부상신고
2022060300100104,2022년 6월 3일 08시,금요일,대구광역시 달성군 화원읍,중상사고,0,1,0,0,차대차 - 기타,중앙선침범,건조,맑음,교차로 - 교차로횡단보도내,화물,남,50세,상해없음,자전거,남,67세,중상
2022060300100105,2022년 6월 3일 08시,금요일,대구광역시 중구 동인동1가,중상사고,0,1,0,0,차대차 - 측면충돌,중앙선침범,건조,흐림,단일로 - 기타,승합,남,59세,상해없음,이륜,남,32세,중상
2022060300100106,2022년 6월 3일 08시,금요일,대구광역시 달서구 성당동,경상사고,0,0,1,0,차대차 - 측면충돌,기타,건조,맑음,교차로 - 교차로부근,승용,남,62세,상해없음,승용,여,41세,경상
2022060300100107,2022년 6월 3일 08시,금요일,대구광역시 북구 서변동,중상사고,0,1,0,0,차대차 - 측면충돌,안전운전불이행,건조,맑음,기타 - 기타,승용,남,63세,상해없음,자전거,남,37세,중상
2022060300100108,2022년 6월 3일 08시,금요일,대구광역시 북구 서변동,경상사고,0,0,1,0,차량단독 - 공작물충돌,안전운전불이행,건조,맑음,기타 - 기타,승용,남,61세,상해없음,,,,
2022060300100140,2022년 6월 3일 09시,금요일,대구광역시 수성구 만촌동,부상신고사고,0,0,0,1,차대차 - 측면충돌,중앙선침범,건조,맑음,교차로 - 교차로안,자전거,남,61세,부상신고,승용,여,39세,상해없음
2022060300100141,2022년 6월 3일 09시,금요일,대구광역시 수성구 상동,경상사고,0,0,1,0,차대사람 - 기타,안전운전불이행,건조,맑음,단일로 - 기타,승합,남,38세,상해없음,보행자,여,74세,경상
2022060300100142,2022년 6월 3일 09시,금요일,대구광역시 달서구 성당동,경상사고,0,0,1,0,차대사람 - 기타,안전운전불이행,건조,맑음,단일로 - 기타,승용,여,73세,상해없음,보행자,남,84세,경상
2022060300100232,2022년 6월 3일 11시,금요일,대구광역시 달서구 호산동,중상사고,0,1,0,0,차대사람 - 횡단중,신호위반,건조,맑음,단일로 - 기타,승용,여,42세,상해없음,보행자,여,54세,중상
2022060300100233,2022년 6월 3일 11시,금요일,대구광역시 달서구 신당동,경상사고,0,0,1,0,차대차 - 기타,안전운전불이행,건조,맑음,기타 - 기타,승용,남,52세,상해없음,개인형이동수단(PM),여,19세,경상
2022060300100325,2022년 6월 3일 14시,금요일,대구광역시 서구 내당동,중상사고,0,1,0,0,차대사람 - 기타,안전운전불이행,건조,맑음,교차로 - 교차로안,승용,여,61세,상해없음,보행자,여,81세,중상
2022060300100360,2022년 6월 3일 15시,금요일,대구광역시 남구 봉덕동,경상사고,0,0,1,0,차대차 - 추돌,안전운전불이행,건조,맑음,단일로 - 기타,승용,여,49세,상해없음,화물,남,68세,상해없음
2022060300100361,2022년 6월 3일 15시,금요일,대구광역시 수성구 만촌동,경상사고,0,0,2,0,차대차 - 기타,안전운전불이행,건조,맑음,교차로 - 교차로부근,승용,여,64세,상해없음,승용,남,68세,경상
2022060300100402,2022년 6월 3일 16시,금요일,대구광역시 서구 내당동,경상사고,0,0,1,0,차대사람 - 차도통행중,안전운전불이행,건조,맑음,단일로 - 기타,승용,남,61세,상해없음,보행자,남,58세,경상
2022060300100403,2022년 6월 3일 16시,금요일,대구광역시 달서구 용산동,경상사고,0,0,1,0,차대사람 - 기타,안전운전불이행,건조,맑음,교차로 - 교차로안,승용,남,30세,상해없음,보행자,남,10세,경상
2022060300100449,2022년 6월 3일 17시,금요일,대구광역시 동구 검사동,경상사고,0,0,1,0,차대사람 - 차도통행중,안전운전불이행,건조,맑음,단일로 - 기타,승용,남,67세,상해없음,보행자,남,40세,경상
2022060300100450,2022년 6월 3일 17시,금요일,대구광역시 달서구 송현동,경상사고,0,0,1,0,차대사람 - 기타,안전운전불이행,건조,맑음,단일로 - 기타,승용,여,48세,상해없음,보행자,남,52세,경상
2022060300100451,2022년 6월 3일 17시,금요일,대구광역시 달성군 화원읍,중상사고,0,1,0,0,차대차 - 측면충돌,중앙선침범,건조,맑음,교차로 - 교차로부근,승용,남,65세,상해없음,이륜,남,21세,중상
2022060300100452,2022년 6월 3일 17시,금요일,대구광역시 북구 구암동,경상사고,0,0,1,0,차대차 - 측면충돌,교차로운행방법위반,건조,맑음,교차로 - 교차로안,승용,남,44세,상해없음,화물,남,37세,경상
2022060300100496,2022년 6월 3일 18시,금요일,대구광역시 달서구 진천동,경상사고,0,0,1,0,차대차 - 측면충돌,신호위반,건조,맑음,단일로 - 기타,승용,남,38세,상해없음,승용,남,25세,경상
2022060300100497,2022년 6월 3일 18시,금요일,대구광역시 달성군 화원읍,경상사고,0,0,1,0,차대차 - 기타,직진우회전진행방해,건조,맑음,교차로 - 교차로안,승용,남,48세,상해없음,농기계,남,80세,경상
2022060300100532,2022년 6월 3일 19시,금요일,대구광역시 서구 내당동,경상사고,0,0,1,0,차대차 - 측면충돌,중앙선침범,건조,맑음,교차로 - 교차로부근,자전거,남,34세,경상,승용,남,61세,상해없음
2022060300100567,2022년 6월 3일 20시,금요일,대구광역시 동구 신암동,경상사고,0,0,1,0,차대차 - 추돌,안전거리미확보,건조,맑음,단일로 - 기타,승용,남,57세,상해없음,승용,남,62세,경상
2022060300100568,2022년 6월 3일 20시,금요일,대구광역시 달서구 송현동,경상사고,0,0,1,0,차대차 - 추돌,안전운전불이행,건조,맑음,단일로 - 기타,승용,남,70세,상해없음,화물,남,36세,경상
2022060300100569,2022년 6월 3일 20시,금요일,대구광역시 중구 동인동4가,중상사고,0,1,1,0,차대차 - 측면충돌,안전거리미확보,건조,맑음,단일로 - 기타,승용,남,57세,기타불명,승용,남,44세,중상
2022060300100625,2022년 6월 3일 22시,금요일,대구광역시 동구 율하동,경상사고,0,0,1,0,차대차 - 추돌,안전운전불이행,건조,맑음,단일로 - 기타,승용,남,47세,상해없음,승용,여,29세,경상
2022060300100644,2022년 6월 3일 23시,금요일,대구광역시 달서구 두류동,중상사고,0,1,0,0,차대차 - 정면충돌,교차로운행방법위반,건조,맑음,교차로 - 교차로부근,승용,남,51세,상해없음,이륜,남,39세,중상
2022060400100011,2022년 6월 4일 00시,토요일,대구광역시 수성구 범물동,경상사고,0,0,2,0,차대차 - 측면충돌,안전운전불이행,건조,맑음,교차로 - 교차로안,원동기,남,47세,경상,승용,여,27세,경상
2022060400100012,2022년 6월 4일 00시,토요일,대구광역시 서구 평리동,경상사고,0,0,1,0,차대차 - 측면충돌,안전운전불이행,건조,맑음,교차로 - 교차로부근,승용,여,29세,상해없음,승용,남,44세,경상
2022060400100013,2022년 6월 4일 00시,토요일,대구광역시 서구 이현동,경상사고,0,0,1,0,차대차 - 측면충돌,안전운전불이행,건조,맑음,교차로 - 교차로안,승용,여,53세,상해없음,승용,여,53세,경상
2022060400100014,2022년 6월 4일 00시,토요일,대구광역시 중구 삼덕동1가,경상사고,0,0,3,0,차대차 - 기타,안전운전불이행,건조,맑음,단일로 - 기타,승용,남,62세,상해없음,승용,남,56세,상해없음
2022060400100050,2022년 6월 4일 03시,토요일,대구광역시 동구 신천동,경상사고,0,0,1,0,차대차 - 측면충돌,안전운전불이행,건조,맑음,단일로 - 기타,승용,남,30세,상해없음,승용,남,75세,경상
2022060400100051,2022년 6월 4일 03시,토요일,대구광역시 달서구 이곡동,부상신고사고,0,0,0,1,차대차 - 추돌,기타,건조,맑음,단일로 - 기타,개인형이동수단(PM),남,21세,부상신고,승용,여,42세,상해없음
2022060400100135,2022년 6월 4일 09시,토요일,대구광역시 수성구 황금동,경상사고,0,0,1,0,차대차 - 기타,안전운전불이행,건조,맑음,교차로 - 교차로안,승용,남,62세,상해없음,자전거,남,80세,경상
2022060400100136,2022년 6월 4일 09시,토요일,대구광역시 달성군 다사읍,중상사고,0,1,0,0,차대차 - 기타,안전운전불이행,건조,맑음,교차로 - 교차로부근,승용,여,70세,상해없음,자전거,여,59세,중상
2022060400100137,2022년 6월 4일 09시,토요일,대구광역시 달서구 장기동,경상사고,0,0,1,0,차대사람 - 기타,안전운전불이행,건조,맑음,주차장 - 주차장,승용,남,71세,상해없음,보행자,여,7세,경상
2022060400100179,2022년 6월 4일 10시,토요일,대구광역시 달성군 옥포읍,중상사고,0,1,0,0,차대사람 - 기타,기타,건조,맑음,단일로 - 기타,승합,남,53세,상해없음,보행자,여,49세,중상
2022060400100180,2022년 6월 4일 10시,토요일,대구광역시 북구 태전동,경상사고,0,0,2,0,차대차 - 측면충돌,중앙선침범,건조,맑음,교차로 - 교차로부근,승용,여,69세,경상,승용,여,48세,경상
2022060400100231,2022년 6월 4일 11시,토요일,대구광역시 남구 대명동,경상사고,0,0,1,0,차대차 - 측면충돌,안전운전불이행,건조,맑음,단일로 - 기타,승용,여,25세,상해없음,승용,여,56세,경상
2022060400100303,2022년 6월 4일 13시,토요일,대구광역시 북구 산격동,경상사고,0,0,1,0,차대차 - 측면충돌,안전거리미확보,건조,맑음,단일로 - 기타,승용,여,61세,상해없음,승용,여,47세,경상
2022060400100304,2022년 6월 4일 13시,토요일,대구광역시 북구 산격동,부상신고사고,0,0,0,1,차대차 - 기타,안전운전불이행,건조,맑음,기타 - 기타,자전거,여,67세,상해없음,자전거,남,55세,부상신고
2022060400100337,2022년 6월 4일 14시,토요일,대구광역시 남구 대명동,경상사고,0,0,2,0,차대차 - 측면충돌,안전운전불이행,건조,맑음,교차로 - 교차로안,이륜,남,51세,경상,승용,남,58세,경상
2022060400100338,2022년 6월 4일 14시,토요일,대구광역시 수성구 범물동,경상사고,0,0,1,0,차대차 - 추돌,안전운전불이행,건조,맑음,교차로 - 교차로부근,승용,남,60세,상해없음,승용,남,61세,경상
2022060400100397,2022년 6월 4일 16시,토요일,대구광역시 북구 읍내동,경상사고,0,0,1,0,차대차 - 측면충돌,불법유턴,건조,맑음,단일로 - 기타,승용,여,62세,상해없음,원동기,남,22세,경상
2022060400100435,2022년 6월 4일 17시,토요일,대구광역시 동구 율하동,중상사고,0,2,4,1,차대차 - 정면충돌,안전운전불이행,건조,맑음,교차로 - 교차로부근,승용,남,54세,부상신고,승용,남,44세,중상
2022060400100436,2022년 6월 4일 17시,토요일,대구광역시 북구 태전동,부상신고사고,0,0,0,1,차대사람 - 길가장자리구역통행중,안전운전불이행,건조,맑음,교차로 - 교차로부근,승용,여,63세,상해없음,보행자,여,20세,부상신고
2022060400100465,2022년 6월 4일 18시,토요일,대구광역시 수성구 황금동,경상사고,0,0,1,0,차대차 - 기타,안전운전불이행,건조,맑음,기타 - 기타,승용,남,58세,상해없음,승합,남,60세,경상
2022060400100466,2022년 6월 4일 18시,토요일,대구광역시 달서구 진천동,경상사고,0,0,1,0,차대차 - 기타,안전운전불이행,건조,맑음,단일로 - 기타,승용,여,53세,상해없음,개인형이동수단(PM),남,54세,경상
2022060400100467,2022년 6월 4일 18시,토요일,대구광역시 북구 산격동,경상사고,0,0,2,0,차대차 - 측면충돌,안전운전불이행,건조,맑음,교차로 - 교차로안,이륜,남,29세,경상,이륜,남,19세,경상
2022060400100468,2022년 6월 4일 18시,토요일,대구광역시 북구 매천동,중상사고,0,1,4,0,차대차 - 추돌,안전운전불이행,건조,맑음,단일로 - 지하차도(도로)내,승용,남,37세,상해없음,승용,남,48세,경상
2022060400100486,2022년 6월 4일 19시,토요일,대구광역시 남구 이천동,경상사고,0,0,3,0,차대차 - 측면충돌,안전운전불이행,건조,맑음,교차로 - 교차로부근,승용,남,54세,상해없음,승용,남,45세,상해없음
2022060400100487,2022년 6월 4일 19시,토요일,대구광역시 수성구 범어동,경상사고,0,0,1,1,차대차 - 기타,안전거리미확보,건조,맑음,단일로 - 기타,승용,여,21세,상해없음,승용,남,62세,상해없음
2022060400100488,2022년 6월 4일 19시,토요일,대구광역시 달서구 월성동,경상사고,0,0,1,0,차대차 - 측면충돌,안전거리미확보,건조,맑음,교차로 - 교차로안,승용,여,42세,상해없음,승용,여,46세,경상
2022060400100513,2022년 6월 4일 20시,토요일,대구광역시 동구 신천동,중상사고,0,1,0,0,차량단독 - 기타,안전운전불이행,건조,맑음,단일로 - 기타,승용,남,71세,상해없음,,,,
2022060400100514,2022년 6월 4일 20시,토요일,대구광역시 수성구 범어동,중상사고,0,1,0,0,차대차 - 측면충돌,안전운전불이행,건조,맑음,단일로 - 기타,승용,남,53세,기타불명,승용,남,68세,중상
2022060400100546,2022년 6월 4일 21시,토요일,대구광역시 수성구 두산동,중상사고,0,1,1,0,차대차 - 측면충돌,신호위반,건조,맑음,교차로 - 교차로안,승용,남,22세,경상,이륜,남,49세,중상
2022060400100547,2022년 6월 4일 21시,토요일,대구광역시 달성군 다사읍,경상사고,0,0,1,0,차대차 - 측면충돌,차로위반,건조,맑음,단일로 - 기타,승용,남,55세,상해없음,승용,남,20세,경상
2022060400100572,2022년 6월 4일 22시,토요일,대구광역시 동구 율하동,경상사고,0,0,2,0,차대차 - 추돌,안전운전불이행,건조,맑음,교차로 - 교차로부근,승용,남,62세,상해없음,승용,남,46세,경상
2022060400100573,2022년 6월 4일 22시,토요일,대구광역시 수성구 황금동,부상신고사고,0,0,0,1,차대차 - 측면충돌,중앙선침범,건조,맑음,교차로 - 교차로안,자전거,여,32세,부상신고,승용,여,48세,상해없음
2022060400100586,2022년 6월 4일 23시,토요일,대구광역시 북구 산격동,중상사고,0,1,0,0,차대차 - 측면충돌,신호위반,건조,맑음,교차로 - 교차로안,승용,여,51세,상해없음,이륜,남,60세,중상
2022060500100023,2022년 6월 5일 01시,일요일,대구광역시 남구 대명동,경상사고,0,0,1,0,차대차 - 추돌,안전운전불이행,건조,맑음,교차로 - 교차로부근,승용,남,25세,상해없음,승용,남,47세,경상
2022060500100030,2022년 6월 5일 02시,일요일,대구광역시 남구 이천동,경상사고,0,0,2,0,차대차 - 측면충돌,신호위반,건조,맑음,교차로 - 교차로안,자전거,남,18세,상해없음,승용,남,25세,경상
2022060500100031,2022년 6월 5일 02시,일요일,대구광역시 수성구 상동,부상신고사고,0,0,0,1,차량단독 - 기타,안전운전불이행,건조,맑음,단일로 - 기타,이륜,여,42세,부상신고,,,,
2022060500100048,2022년 6월 5일 04시,일요일,대구광역시 달서구 상인동,중상사고,0,1,0,0,차대차 - 정면충돌,중앙선침범,건조,맑음,단일로 - 기타,승용,여,53세,상해없음,이륜,남,30세,중상
2022060500100049,2022년 6월 5일 04시,일요일,대구광역시 중구 동인동1가,중상사고,0,2,1,0,차대차 - 측면충돌,신호위반,건조,맑음,교차로 - 교차로안,승용,남,67세,경상,승용,남,58세,중상
2022060500100061,2022년 6월 5일 06시,일요일,대구광역시 북구 국우동,경상사고,0,0,1,0,차대차 - 추돌,안전거리미확보,젖음/습기,비,단일로 - 지하차도(도로)내,화물,남,40세,상해없음,화물,남,53세,상해없음
2022060500100067,2022년 6월 5일 07시,일요일,대구광역시 북구 침산동,경상사고,0,0,1,0,차대차 - 측면충돌,안전거리미확보,젖음/습기,비,단일로 - 기타,승용,여,62세,상해없음,승용,남,30세,경상
2022060500100074,2022년 6월 5일 08시,일요일,대구광역시 남구 이천동,부상신고사고,0,0,0,1,차량단독 - 공작물충돌,안전운전불이행,건조,맑음,단일로 - 기타,승용,여,57세,부상신고,,,,
2022060500100075,2022년 6월 5일 08시,일요일,대구광역시 수성구 범어동,경상사고,0,0,2,0,차대차 - 추돌,안전운전불이행,건조,맑음,단일로 - 기타,승용,남,55세,상해없음,승용,남,42세,경상
2022060500100107,2022년 6월 5일 10시,일요일,대구광역시 동구 검사동,경상사고,0,0,1,0,차대차 - 측면충돌,안전운전불이행,건조,맑음,교차로 - 교차로부근,승용,남,59세,상해없음,자전거,남,83세,경상
2022060500100108,2022년 6월 5일 10시,일요일,대구광역시 달서구 감삼동,경상사고,0,0,1,0,차대차 - 정면충돌,안전운전불이행,젖음/습기,비,단일로 - 기타,승용,남,29세,상해없음,승용,남,44세,경상
2022060500100127,2022년 6월 5일 11시,일요일,대구광역시 북구 산격동,경상사고,0,0,2,0,차대차 - 측면충돌,안전거리미확보,젖음/습기,흐림,단일로 - 기타,승용,남,63세,상해없음,승용,남,40세,경상
2022060500100160,2022년 6월 5일 12시,일요일,대구광역시 달서구 용산동,경상사고,0,0,3,0,차대차 - 측면충돌,안전운전불이행,건조,맑음,교차로 - 교차로안,승용,남,75세,상해없음,승용,여,29세,경상
2022060500100188,2022년 6월 5일 13시,일요일,대구광역시 동구 효목동,경상사고,0,0,2,0,차대차 - 추돌,안전운전불이행,건조,맑음,단일로 - 기타,승용,남,22세,상해없음,승용,여,33세,경상
2022060500100189,2022년 6월 5일 13시,일요일,대구광역시 수성구 지산동,경상사고,0,0,1,0,차대차 - 기타,안전운전불이행,건조,맑음,교차로 - 교차로횡단보도내,승용,남,52세,상해없음,자전거,남,77세,경상
2022060500100190,2022년 6월 5일 13시,일요일,대구광역시 북구 관음동,경상사고,0,0,1,0,차대차 - 측면충돌,안전운전불이행,젖음/습기,비,교차로 - 교차로안,승용,여,49세,상해없음,승용,남,29세,경상
2022060500100245,2022년 6월 5일 15시,일요일,대구광역시 동구 동호동,경상사고,0,0,1,0,차대차 - 추돌,안전거리미확보,젖음/습기,비,단일로 - 기타,승용,여,43세,상해없음,이륜,남,19세,경상
2022060500100246,2022년 6월 5일 15시,일요일,대구광역시 동구 신암동,경상사고,0,0,2,0,차대차 - 측면충돌,안전운전불이행,건조,맑음,교차로 - 교차로안,승용,남,36세,상해없음,승용,남,33세,경상
2022060500100292,2022년 6월 5일 17시,일요일,대구광역시 달서구 상인동,중상사고,0,1,1,0,차대차 - 기타,교차로운행방법위반,젖음/습기,비,교차로 - 교차로안,이륜,남,40세,중상,승용,남,26세,경상
2022060500100293,2022년 6월 5일 17시,일요일,대구광역시 북구 사수동,경상사고,0,0,3,0,차대차 - 정면충돌,교차로운행방법위반,젖음/습기,비,교차로 - 교차로안,승용,남,32세,경상,이륜,남,27세,경상
2022060500100314,2022년 6월 5일 18시,일요일,대구광역시 남구 대명동,경상사고,0,0,1,0,차대차 - 기타,안전운전불이행,젖음/습기,비,교차로 - 교차로부근,승용,남,61세,상해없음,이륜,남,33세,경상
2022060500100315,2022년 6월 5일 18시,일요일,대구광역시 서구 상리동,부상신고사고,0,0,0,1,차량단독 - 전도전복 - 전복,안전운전불이행,젖음/습기,비,단일로 - 고가도로위,승용,여,27세,부상신고,,,,
2022060500100316,2022년 6월 5일 18시,일요일,대구광역시 북구 태전동,중상사고,0,1,1,0,차대사람 - 횡단중,신호위반,젖음/습기,비,단일로 - 지하차도(도로)내,이륜,남,19세,상해없음,보행자,여,53세,중상
2022060500100350,2022년 6월 5일 19시,일요일,대구광역시 남구 대명동,경상사고,0,0,2,0,차대차 - 측면충돌,안전운전불이행,젖음/습기,비,교차로 - 교차로안,승용,남,56세,상해없음,승용,남,24세,경상
2022060500100375,2022년 6월 5일 20시,일요일,대구광역시 수성구 범어동,경상사고,0,0,1,0,차대차 - 기타,안전거리미확보,젖음/습기,비,교차로 - 교차로부근,기타불명,기타불명,미분류,기타불명,원동기,남,26세,경상
2022060500100376,2022년 6월 5일 20시,일요일,대구광역시 달서구 송현동,경상사고,0,0,1,0,차대사람 - 횡단중,보행자보호의무위반,건조,맑음,교차로 - 교차로횡단보도내,승용,남,42세,상해없음,보행자,남,21세,경상
2022060500100377,2022년 6월 5일 20시,일요일,대구광역시 북구 칠성동2가,중상사고,0,1,2,0,차대차 - 정면충돌,안전운전불이행,젖음/습기,비,교차로 - 교차로안,승용,여,53세,경상,승용,여,21세,경상
2022060500100378,2022년 6월 5일 20시,일요일,대구광역시 중구 덕산동,경상사고,0,0,1,1,차대차 - 추돌,안전거리미확보,건조,맑음,단일로 - 기타,승용,남,20세,부상신고,승용,남,30세,경상
2022060500100419,2022년 6월 5일 22시,일요일,대구광역시 수성구 두산동,부상신고사고,0,0,0,1,차대사람 - 횡단중,안전운전불이행,젖음/습기,비,교차로 - 교차로횡단보도내,승용,남,61세,상해없음,보행자,남,72세,부상신고
2022060500100420,2022년 6월 5일 22시,일요일,대구광역시 서구 중리동,경상사고,0,0,4,0,차대차 - 후진중충돌,안전운전불이행,젖음/습기,비,교차로 - 교차로안,승용,남,56세,상해없음,승용,남,57세,경상
2022060500100421,2022년 6월 5일 22시,일요일,대구광역시 달서구 신당동,중상사고,0,1,0,0,차대차 - 정면충돌,신호위반,건조,맑음,교차로 - 교차로안,승용,여,52세,상해없음,이륜,남,45세,중상
2022060500100422,2022년 6월 5일 22시,일요일,대구광역시 달서구 장기동,경상사고,0,0,1,0,차량단독 - 공작물충돌,안전운전불이행,젖음/습기,비,단일로 - 기타,승용,남,61세,상해없음,,,,
2022060500100441,2022년 6월 5일 23시,일요일,대구광역시 남구 이천동,경상사고,0,0,1,0,차대차 - 추돌,안전운전불이행,젖음/습기,흐림,단일로 - 기타,승용,남,33세,상해없음,승용,남,18세,경상
2022060500100442,2022년 6월 5일 23시,일요일,대구광역시 달서구 두류동,중상사고,0,1,1,0,차대사람 - 기타,안전운전불이행,젖음/습기,비,단일로 - 기타,승용,남,55세,상해없음,보행자,남,62세,중상
2022060600100024,2022년 6월 6일 01시,월요일,대구광역시 동구 율하동,부상신고사고,0,0,0,1,차대차 - 기타,안전운전불이행,건조,맑음,교차로 - 교차로부근,기타불명,기타불명,미분류,기타불명,이륜,남,26세,부상신고
2022060600100036,2022년 6월 6일 02시,월요일,대구광역시 북구 구암동,사망사고,1,0,0,0,차대사람 - 차도통행중,안전운전불이행,젖음/습기,비,단일로 - 기타,승용,남,60세,상해없음,보행자,여,90세,사망
2022060600100045,2022년 6월 6일 03시,월요일,대구광역시 수성구 두산동,경상사고,0,0,2,0,차대차 - 추돌,안전운전불이행,건조,맑음,교차로 - 교차로부근,승용,여,48세,상해없음,승용,남,49세,경상
2022060600100046,2022년 6월 6일 03시,월요일,대구광역시 서구 비산동,경상사고,0,0,1,0,차대차 - 기타,직진우회전진행방해,건조,맑음,교차로 - 교차로안,승용,남,52세,상해없음,승용,여,56세,경상
2022060600100074,2022년 6월 6일 07시,월요일,대구광역시 달성군 유가읍,중상사고,0,1,0,0,차대차 - 기타,안전운전불이행,건조,맑음,단일로 - 기타,승용,남,46세,상해없음,승용,남,40세,중상
2022060600100088,2022년 6월 6일 08시,월요일,대구광역시 수성구 수성동1가,중상사고,0,1,0,0,차대차 - 측면충돌,신호위반,건조,맑음,단일로 - 기타,승용,남,26세,상해없음,승용,여,57세,중상
2022060600100106,2022년 6월 6일 09시,월요일,대구광역시 중구 삼덕동2가,중상사고,0,1,0,0,차대사람 - 기타,안전운전불이행,건조,맑음,단일로 - 기타,승용,남,61세,상해없음,보행자,남,23세,중상
2022060600100124,2022년 6월 6일 10시,월요일,대구광역시 남구 봉덕동,경상사고,0,0,1,0,차대차 - 측면충돌,교차로운행방법위반,건조,맑음,교차로 - 교차로안,이륜,남,43세,경상,승용,남,62세,상해없음
2022060600100125,2022년 6월 6일 10시,월요일,대구광역시 수성구 매호동,경상사고,0,0,2,0,차대차 - 측면충돌,차로위반,건조,맑음,단일로 - 기타,승용,여,53세,경상,승용,여,27세,경상
2022060600100126,2022년 6월 6일 10시,월요일,대구광역시 북구 산격동,경상사고,0,0,1,0,차대차 - 측면충돌,신호위반,건조,맑음,교차로 - 교차로부근,승용,남,45세,상해없음,승용,남,54세,경상
2022060600100142,2022년 6월 6일 11시,월요일,대구광역시 남구 대명동,중상사고,0,1,0,0,차대사람 - 차도통행중,안전운전불이행,건조,맑음,단일로 - 기타,승용,남,74세,상해없음,보행자,여,84세,중상
2022060600100143,2022년 6월 6일 11시,월요일,대구광역시 동구 봉무동,경상사고,0,0,2,1,차대차 - 측면충돌,안전운전불이행,건조,흐림,단일로 - 기타,승용,여,65세,부상신고,승용,여,63세,경상
2022060600100171,2022년 6월 6일 12시,월요일,대구광역시 동구 진인동,경상사고,0,0,1,0,차대차 - 측면충돌,안전거리미확보,건조,맑음,교차로 - 교차로부근,화물,남,66세,상해없음,승용,남,23세,경상
2022060600100172,2022년 6월 6일 12시,월요일,대구광역시 동구 신천동,경상사고,0,0,1,0,차대차 - 측면충돌,불법유턴,건조,맑음,단일로 - 기타,승용,남,60세,상해없음,이륜,남,26세,경상
2022060600100173,2022년 6월 6일 12시,월요일,대구광역시 달성군 화원읍,경상사고,0,0,1,0,차대차 - 정면충돌,안전운전불이행,건조,맑음,미분류 - 미분류,승용,남,36세,상해없음,자전거,여,47세,경상
2022060600100194,2022년 6월 6일 13시,월요일,대구광역시 달서구 진천동,경상사고,0,0,3,0,차대차 - 측면충돌,안전거리미확보,건조,맑음,기타 - 기타,승용,남,63세,경상,승용,여,36세,경상
2022060600100195,2022년 6월 6일 13시,월요일,대구광역시 달서구 상인동,경상사고,0,0,1,0,차대차 - 측면충돌,안전운전불이행,젖음/습기,맑음,단일로 - 지하차도(도로)내,원동기,남,26세,경상,승용,여,29세,상해없음
2022060600100232,2022년 6월 6일 14시,월요일,대구광역시 동구 신암동,경상사고,0,0,1,0,차대차 - 측면충돌,안전운전불이행,젖음/습기,맑음,교차로 - 교차로안,승용,남,48세,상해없음,이륜,남,43세,경상
2022060600100233,2022년 6월 6일 14시,월요일,대구광역시 동구 불로동,경상사고,0,0,1,0,차대차 - 측면충돌,교차로운행방법위반,건조,맑음,교차로 - 교차로안,승용,남,31세,상해없음,이륜,남,64세,경상