사고번호,사고일시,요일,시군구,사고내용,사망자수,중상자수,경상자수,부상신고자수,사고유형,법규위반,노면상태,기상상태,도로형태,가해운전자 차종,가해운전자 성별,가해운전자 연령,가해운전자 상해정도,피해운전자 차종,피해운전자 성별,피해운전자 연령,피해운전자 상해정도
2022060600100234,2022년 6월 6일 14시,월요일,대구광역시 서구 평리동,경상사고,0,0,1,0,차대차 - 기타,안전운전불이행,건조,맑음,단일로 - 기타,승용,남,26세,상해없음,이륜,남,40세,경상
2022060600100269,2022년 6월 6일 15시,월요일,대구광역시 수성구 황금동,경상사고,0,0,1,0,차대차 - 추돌,안전운전불이행,젖음/습기,맑음,교차로 - 교차로부근,화물,남,62세,기타불명,승용,여,47세,경상
2022060600100270,2022년 6월 6일 15시,월요일,대구광역시 달서구 대천동,중상사고,0,2,0,0,차대차 - 측면충돌,신호위반,젖음/습기,비,교차로 - 교차로안,이륜,남,16세,상해없음,승용,여,46세,중상
2022060600100304,2022년 6월 6일 16시,월요일,대구광역시 동구 효목동,경상사고,0,0,1,0,차대차 - 측면충돌,안전운전불이행,건조,맑음,교차로 - 교차로횡단보도내,승용,남,68세,상해없음,자전거,여,67세,경상
2022060600100339,2022년 6월 6일 17시,월요일,대구광역시 달서구 유천동,경상사고,0,0,1,0,차대차 - 측면충돌,안전거리미확보,건조,맑음,교차로 - 교차로안,승용,여,41세,상해없음,이륜,남,21세,경상
2022060600100366,2022년 6월 6일 18시,월요일,대구광역시 동구 신천동,경상사고,0,0,1,0,차대차 - 측면충돌,안전운전불이행,건조,맑음,단일로 - 기타,승용,남,35세,상해없음,승용,여,56세,경상
2022060600100367,2022년 6월 6일 18시,월요일,대구광역시 달서구 이곡동,경상사고,0,0,1,0,차대차 - 측면충돌,안전운전불이행,건조,맑음,단일로 - 기타,승용,여,65세,상해없음,승용,남,64세,상해없음
2022060600100392,2022년 6월 6일 19시,월요일,대구광역시 북구 산격동,경상사고,0,0,1,0,차대차 - 측면충돌,신호위반,건조,맑음,교차로 - 교차로안,승용,여,42세,상해없음,승용,남,60세,경상
2022060600100422,2022년 6월 6일 20시,월요일,대구광역시 수성구 신매동,중상사고,0,1,1,0,차대사람 - 횡단중,신호위반,건조,맑음,단일로 - 기타,이륜,남,34세,경상,보행자,여,49세,중상
2022060600100446,2022년 6월 6일 21시,월요일,대구광역시 달서구 상인동,경상사고,0,0,1,0,차량단독 - 공작물충돌,기타,건조,맑음,단일로 - 지하차도(도로)내,승합,남,61세,상해없음,,,,
2022060600100447,2022년 6월 6일 21시,월요일,대구광역시 달서구 진천동,경상사고,0,0,2,0,차대차 - 기타,안전거리미확보,건조,맑음,교차로 - 교차로부근,승용,남,67세,상해없음,승용,여,66세,경상
2022060700100006,2022년 6월 7일 00시,화요일,대구광역시 수성구 만촌동,경상사고,0,0,4,0,차대차 - 측면충돌,안전거리미확보,건조,맑음,단일로 - 기타,승용,남,33세,상해없음,승용,남,74세,상해없음
2022060700100017,2022년 6월 7일 03시,화요일,대구광역시 남구 이천동,경상사고,0,0,2,0,차대차 - 기타,안전운전불이행,건조,맑음,교차로 - 교차로부근,승용,남,24세,상해없음,승용,남,61세,경상
2022060700100061,2022년 6월 7일 07시,화요일,대구광역시 수성구 범물동,중상사고,0,1,0,0,차대사람 - 횡단중,신호위반,건조,맑음,단일로 - 기타,승합,남,55세,상해없음,보행자,여,64세,중상
2022060700100062,2022년 6월 7일 07시,화요일,대구광역시 서구 비산동,중상사고,0,1,0,0,차대차 - 측면충돌,안전운전불이행,건조,맑음,교차로 - 교차로안,화물,남,52세,상해없음,자전거,여,60세,중상
2022060700100063,2022년 6월 7일 07시,화요일,대구광역시 서구 평리동,경상사고,0,0,1,0,차대차 - 측면충돌,안전운전불이행,건조,맑음,교차로 - 교차로안,승용,남,33세,상해없음,화물,남,58세,경상
2022060700100064,2022년 6월 7일 07시,화요일,대구광역시 달서구 이곡동,중상사고,0,1,0,0,차대차 - 기타,신호위반,건조,맑음,교차로 - 교차로부근,승용,여,37세,상해없음,자전거,남,62세,중상
2022060700100113,2022년 6월 7일 08시,화요일,대구광역시 수성구 만촌동,중상사고,0,1,0,0,차대차 - 추돌,안전운전불이행,건조,맑음,단일로 - 기타,승용,여,50세,기타불명,승용,여,27세,중상
2022060700100114,2022년 6월 7일 08시,화요일,대구광역시 달서구 상인동,경상사고,0,0,1,0,차대사람 - 횡단중,보행자보호의무위반,건조,맑음,교차로 - 교차로횡단보도내,화물,남,61세,상해없음,보행자,여,24세,경상
2022060700100115,2022년 6월 7일 08시,화요일,대구광역시 달서구 이곡동,경상사고,0,0,1,0,차대차 - 기타,신호위반,건조,맑음,교차로 - 교차로안,승용,남,67세,상해없음,화물,남,34세,경상
2022060700100148,2022년 6월 7일 09시,화요일,대구광역시 남구 대명동,중상사고,0,1,0,0,차대차 - 추돌,신호위반,건조,맑음,단일로 - 기타,승용,남,63세,상해없음,승용,여,63세,상해없음
2022060700100149,2022년 6월 7일 09시,화요일,대구광역시 수성구 상동,경상사고,0,0,4,0,차대차 - 기타,교차로운행방법위반,건조,맑음,교차로 - 교차로안,승용,여,78세,경상,승용,남,44세,경상
2022060700100150,2022년 6월 7일 09시,화요일,대구광역시 달서구 월성동,경상사고,0,0,1,0,차대차 - 측면충돌,안전거리미확보,건조,맑음,교차로 - 교차로부근,승용,여,32세,상해없음,승용,여,49세,경상
2022060700100151,2022년 6월 7일 09시,화요일,대구광역시 달서구 두류동,경상사고,0,0,1,0,차대사람 - 길가장자리구역통행중,안전운전불이행,건조,맑음,단일로 - 기타,승용,여,57세,상해없음,보행자,여,26세,경상
2022060700100182,2022년 6월 7일 10시,화요일,대구광역시 동구 신암동,경상사고,0,0,1,0,차대차 - 측면충돌,안전운전불이행,건조,맑음,교차로 - 교차로안,이륜,남,73세,경상,승용,남,29세,상해없음
2022060700100183,2022년 6월 7일 10시,화요일,대구광역시 북구 칠성동2가,경상사고,0,0,1,0,차대사람 - 횡단중,신호위반,건조,맑음,교차로 - 교차로횡단보도내,승용,남,55세,기타불명,보행자,여,19세,경상
2022060700100210,2022년 6월 7일 11시,화요일,대구광역시 수성구 매호동,경상사고,0,0,2,0,차대차 - 측면충돌,직진우회전진행방해,건조,맑음,교차로 - 교차로안,승용,남,72세,경상,승용,남,28세,상해없음
2022060700100211,2022년 6월 7일 11시,화요일,대구광역시 달서구 용산동,경상사고,0,0,1,0,차대사람 - 보도통행중,보행자보호의무위반,건조,맑음,단일로 - 기타,승용,남,54세,상해없음,보행자,여,44세,경상
2022060700100261,2022년 6월 7일 13시,화요일,대구광역시 남구 대명동,경상사고,0,0,1,0,차대차 - 후진중충돌,안전운전불이행,건조,맑음,단일로 - 기타,화물,남,48세,상해없음,이륜,남,21세,경상
2022060700100262,2022년 6월 7일 13시,화요일,대구광역시 동구 율하동,경상사고,0,0,1,0,차대사람 - 차도통행중,안전운전불이행,건조,맑음,교차로 - 교차로부근,승용,남,42세,상해없음,보행자,남,65세,경상
2022060700100263,2022년 6월 7일 13시,화요일,대구광역시 동구 서호동,경상사고,0,0,2,0,차대차 - 측면충돌,중앙선침범,건조,맑음,교차로 - 교차로횡단보도내,이륜,남,33세,경상,승용,남,65세,경상
2022060700100264,2022년 6월 7일 13시,화요일,대구광역시 달서구 두류동,경상사고,0,0,1,0,차대사람 - 길가장자리구역통행중,안전운전불이행,건조,맑음,단일로 - 기타,승용,남,64세,상해없음,보행자,남,28세,경상
2022060700100291,2022년 6월 7일 14시,화요일,대구광역시 수성구 지산동,경상사고,0,0,2,0,차대차 - 측면충돌,안전운전불이행,건조,맑음,단일로 - 기타,승용,남,42세,경상,승용,남,26세,경상
2022060700100293,2022년 6월 7일 14시,화요일,대구광역시 북구 침산동,경상사고,0,0,1,0,차대차 - 정면충돌,직진우회전진행방해,건조,맑음,교차로 - 교차로안,화물,남,61세,기타불명,승용,여,51세,경상
2022060700100294,2022년 6월 7일 14시,화요일,대구광역시 북구 침산동,중상사고,0,1,1,0,차대사람 - 보도통행중,기타,건조,흐림,단일로 - 기타,자전거,남,78세,상해없음,보행자,여,38세,중상
2022060700100325,2022년 6월 7일 15시,화요일,대구광역시 수성구 수성동3가,경상사고,0,0,1,0,차대차 - 측면충돌,안전운전불이행,건조,맑음,교차로 - 교차로안,승용,여,59세,상해없음,이륜,남,33세,경상
2022060700100326,2022년 6월 7일 15시,화요일,대구광역시 달서구 장동,경상사고,0,0,1,0,차대차 - 기타,안전거리미확보,건조,맑음,단일로 - 기타,건설기계,남,67세,상해없음,승용,남,20세,경상
2022060700100360,2022년 6월 7일 16시,화요일,대구광역시 동구 용계동,중상사고,0,1,0,0,차대차 - 측면충돌,안전운전불이행,젖음/습기,흐림,단일로 - 기타,화물,남,60세,상해없음,이륜,남,54세,중상
2022060700100361,2022년 6월 7일 16시,화요일,대구광역시 북구 산격동,경상사고,0,0,1,0,차대차 - 추돌,안전운전불이행,젖음/습기,비,단일로 - 기타,화물,남,59세,기타불명,승용,남,38세,경상
2022060700100362,2022년 6월 7일 16시,화요일,대구광역시 북구 서변동,경상사고,0,0,1,0,차대차 - 측면충돌,직진우회전진행방해,건조,맑음,교차로 - 교차로안,승용,여,63세,상해없음,승용,여,35세,경상
2022060700100408,2022년 6월 7일 17시,화요일,대구광역시 남구 대명동,경상사고,0,0,4,0,차대차 - 기타,안전거리미확보,건조,맑음,교차로 - 교차로안,승용,여,53세,상해없음,승용,남,50세,경상
2022060700100409,2022년 6월 7일 17시,화요일,대구광역시 수성구 지산동,중상사고,0,1,0,0,차대사람 - 횡단중,보행자보호의무위반,건조,맑음,교차로 - 교차로부근,승용,여,44세,상해없음,보행자,여,19세,중상
2022060700100441,2022년 6월 7일 18시,화요일,대구광역시 북구 고성동2가,경상사고,0,0,4,0,차대차 - 기타,안전운전불이행,젖음/습기,비,단일로 - 기타,이륜,남,49세,경상,승용,남,44세,경상
2022060700100442,2022년 6월 7일 18시,화요일,대구광역시 북구 산격동,경상사고,0,0,1,0,차대차 - 정면충돌,안전운전불이행,젖음/습기,비,교차로 - 교차로안,이륜,남,51세,경상,승용,남,30세,상해없음
2022060700100464,2022년 6월 7일 19시,화요일,대구광역시 수성구 수성동3가,경상사고,0,0,1,0,차대차 - 측면충돌,직진우회전진행방해,건조,맑음,교차로 - 교차로안,이륜,남,25세,경상,승용,여,49세,상해없음
2022060700100504,2022년 6월 7일 20시,화요일,대구광역시 동구 신천동,경상사고,0,0,1,0,차대사람 - 기타,안전운전불이행,젖음/습기,비,단일로 - 기타,승합,남,58세,상해없음,보행자,여,18세,경상
2022060700100505,2022년 6월 7일 20시,화요일,대구광역시 동구 효목동,부상신고사고,0,0,0,1,차대차 - 측면충돌,중앙선침범,건조,맑음,교차로 - 교차로안,자전거,남,55세,부상신고,승용,남,57세,상해없음
2022060700100506,2022년 6월 7일 20시,화요일,대구광역시 수성구 두산동,경상사고,0,0,1,0,차대사람 - 기타,안전운전불이행,젖음/습기,맑음,단일로 - 기타,승용,남,28세,상해없음,보행자,여,63세,경상
2022060700100507,2022년 6월 7일 20시,화요일,대구광역시 서구 내당동,경상사고,0,0,1,0,차대차 - 측면충돌,신호위반,젖음/습기,비,교차로 - 교차로안,승용,남,69세,상해없음,이륜,남,21세,경상
2022060700100508,2022년 6월 7일 20시,화요일,대구광역시 달서구 두류동,중상사고,0,4,0,0,차대차 - 기타,안전운전불이행,젖음/습기,비,단일로 - 기타,승용,남,33세,상해없음,승용,남,78세,중상
2022060700100537,2022년 6월 7일 21시,화요일,대구광역시 동구 용계동,중상사고,0,1,2,1,차대차 - 추돌,기타,젖음/습기,비,단일로 - 기타,승용,여,25세,부상신고,승용,남,37세,경상
2022060700100538,2022년 6월 7일 21시,화요일,대구광역시 달서구 월성동,경상사고,0,0,1,0,차대차 - 기타,안전운전불이행,젖음/습기,비,단일로 - 기타,승용,남,55세,경상,승용,남,60세,상해없음
2022060700100577,2022년 6월 7일 23시,화요일,대구광역시 남구 대명동,경상사고,0,0,3,0,차대차 - 기타,신호위반,건조,맑음,교차로 - 교차로안,승용,여,35세,상해없음,승용,남,73세,경상
2022060700100578,2022년 6월 7일 23시,화요일,대구광역시 달서구 대천동,중상사고,0,1,1,0,차대차 - 기타,신호위반,젖음/습기,비,교차로 - 교차로안,승용,남,49세,경상,승용,여,55세,중상
2022060800100013,2022년 6월 8일 00시,수요일,대구광역시 수성구 시지동,경상사고,0,0,3,0,차대차 - 추돌,안전운전불이행,젖음/습기,비,교차로 - 교차로안,승용,남,66세,상해없음,승용,남,53세,경상
2022060800100029,2022년 6월 8일 02시,수요일,대구광역시 수성구 범어동,경상사고,0,0,1,0,차대차 - 기타,안전운전불이행,건조,맑음,단일로 - 기타,승용,남,32세,상해없음,승용,남,61세,경상
2022060800100045,2022년 6월 8일 05시,수요일,대구광역시 북구 산격동,중상사고,0,1,0,0,차대차 - 추돌,교차로운행방법위반,건조,맑음,교차로 - 교차로부근,화물,남,50세,상해없음,승용,남,49세,중상
2022060800100076,2022년 6월 8일 07시,수요일,대구광역시 달서구 본동,경상사고,0,0,3,0,차대차 - 측면충돌,교차로운행방법위반,건조,맑음,교차로 - 교차로안,승용,남,39세,경상,승용,남,50세,경상
2022060800100077,2022년 6월 8일 07시,수요일,대구광역시 달서구 용산동,중상사고,0,1,0,0,차대차 - 측면충돌,안전운전불이행,건조,맑음,단일로 - 기타,자전거,남,79세,중상,화물,남,60세,상해없음
2022060800100108,2022년 6월 8일 08시,수요일,대구광역시 수성구 신매동,경상사고,0,0,6,1,차대차 - 정면충돌,중앙선침범,건조,맑음,교차로 - 교차로부근,승용,남,32세,부상신고,승용,여,40세,경상
2022060800100109,2022년 6월 8일 08시,수요일,대구광역시 달서구 성당동,중상사고,0,1,0,0,차대차 - 측면충돌,안전운전불이행,건조,맑음,기타 - 기타,자전거,여,42세,중상,승용,남,27세,상해없음
2022060800100110,2022년 6월 8일 08시,수요일,대구광역시 달서구 장기동,경상사고,0,0,1,0,차대차 - 측면충돌,안전운전불이행,건조,맑음,단일로 - 기타,승용,여,46세,상해없음,화물,남,53세,경상
2022060800100145,2022년 6월 8일 09시,수요일,대구광역시 달서구 도원동,중상사고,0,1,0,0,차대사람 - 차도통행중,안전운전불이행,건조,맑음,교차로 - 교차로횡단보도내,승용,남,65세,상해없음,보행자,여,71세,중상
2022060800100146,2022년 6월 8일 09시,수요일,대구광역시 달서구 본리동,중상사고,0,1,0,0,차대차 - 기타,안전운전불이행,건조,맑음,단일로 - 기타,승용,남,64세,상해없음,자전거,남,58세,중상
2022060800100147,2022년 6월 8일 09시,수요일,대구광역시 달서구 호산동,경상사고,0,0,2,0,차대차 - 측면충돌,직진우회전진행방해,건조,맑음,교차로 - 교차로안,화물,남,25세,경상,화물,남,50세,경상
2022060800100148,2022년 6월 8일 09시,수요일,대구광역시 달서구 신당동,경상사고,0,0,1,0,차대사람 - 기타,안전운전불이행,건조,맑음,단일로 - 기타,승용,여,47세,상해없음,보행자,남,24세,경상
2022060800100175,2022년 6월 8일 10시,수요일,대구광역시 남구 이천동,경상사고,0,0,1,0,차대차 - 측면충돌,안전운전불이행,건조,맑음,단일로 - 기타,개인형이동수단(PM),남,46세,상해없음,자전거,남,70세,경상
2022060800100231,2022년 6월 8일 12시,수요일,대구광역시 달서구 월성동,경상사고,0,0,1,0,차대사람 - 보도통행중,기타,건조,맑음,단일로 - 기타,개인형이동수단(PM),남,21세,상해없음,보행자,여,61세,경상
2022060800100232,2022년 6월 8일 12시,수요일,대구광역시 동구 불로동,경상사고,0,0,1,2,차대차 - 측면충돌,안전거리미확보,건조,맑음,교차로 - 교차로부근,승용,남,79세,부상신고,승용,남,41세,경상
2022060800100233,2022년 6월 8일 12시,수요일,대구광역시 달서구 장기동,중상사고,0,1,1,0,차대차 - 측면충돌,신호위반,건조,맑음,교차로 - 교차로안,화물,남,54세,상해없음,승용,남,72세,경상
2022060800100261,2022년 6월 8일 13시,수요일,대구광역시 달성군 유가읍,중상사고,0,1,1,0,차대차 - 추돌,안전운전불이행,건조,맑음,교차로 - 교차로부근,승합,남,78세,중상,화물,남,67세,경상
2022060800100262,2022년 6월 8일 13시,수요일,대구광역시 달서구 용산동,경상사고,0,0,1,0,차대차 - 기타,안전운전불이행,건조,맑음,교차로 - 교차로횡단보도내,이륜,남,88세,상해없음,승용,여,28세,경상
2022060800100286,2022년 6월 8일 14시,수요일,대구광역시 남구 대명동,부상신고사고,0,0,0,1,차대사람 - 기타,안전운전불이행,건조,맑음,교차로 - 교차로부근,승용,남,47세,상해없음,보행자,여,45세,부상신고
2022060800100287,2022년 6월 8일 14시,수요일,대구광역시 수성구 수성동4가,경상사고,0,0,1,0,차대차 - 기타,안전운전불이행,건조,맑음,단일로 - 기타,화물,남,29세,상해없음,승합,남,31세,상해없음
2022060800100288,2022년 6월 8일 14시,수요일,대구광역시 동구 신암동,중상사고,0,2,1,0,차대차 - 측면충돌,안전운전불이행,건조,맑음,교차로 - 교차로부근,건설기계,남,51세,상해없음,승용,남,74세,상해없음
2022060800100318,2022년 6월 8일 15시,수요일,대구광역시 수성구 범어동,경상사고,0,0,1,0,차대사람 - 기타,안전운전불이행,건조,맑음,단일로 - 기타,화물,남,30세,상해없음,보행자,남,15세,경상
2022060800100319,2022년 6월 8일 15시,수요일,대구광역시 달서구 본동,경상사고,0,0,1,0,차대차 - 측면충돌,안전운전불이행,건조,맑음,단일로 - 기타,승용,남,61세,상해없음,자전거,남,61세,경상
2022060800100320,2022년 6월 8일 15시,수요일,대구광역시 달서구 본동,중상사고,0,1,0,0,차대사람 - 횡단중,안전운전불이행,건조,맑음,교차로 - 교차로부근,승용,여,61세,상해없음,보행자,여,28세,중상
2022060800100321,2022년 6월 8일 15시,수요일,대구광역시 북구 산격동,부상신고사고,0,0,0,2,차대차 - 측면충돌,교차로운행방법위반,건조,맑음,단일로 - 교량,승용,남,36세,상해없음,승용,여,50세,부상신고
2022060800100322,2022년 6월 8일 15시,수요일,대구광역시 달서구 본리동,경상사고,0,0,2,0,차대차 - 측면충돌,안전운전불이행,건조,맑음,단일로 - 기타,건설기계,남,53세,경상,승용,여,22세,경상
2022060800100357,2022년 6월 8일 16시,수요일,대구광역시 수성구 범어동,경상사고,0,0,1,0,차대차 - 측면충돌,안전운전불이행,건조,맑음,교차로 - 교차로안,승용,남,62세,상해없음,승용,남,37세,경상
2022060800100358,2022년 6월 8일 16시,수요일,대구광역시 북구 산격동,경상사고,0,0,1,0,차대차 - 추돌,안전거리미확보,건조,맑음,단일로 - 기타,화물,남,30세,상해없음,승용,남,68세,경상
2022060800100359,2022년 6월 8일 16시,수요일,대구광역시 북구 매천동,부상신고사고,0,0,0,1,차대차 - 측면충돌,차로위반,건조,맑음,단일로 - 지하차도(도로)내,승용,남,71세,상해없음,승용,여,31세,상해없음
2022060800100402,2022년 6월 8일 17시,수요일,대구광역시 서구 내당동,부상신고사고,0,0,0,1,차대차 - 측면충돌,안전운전불이행,건조,맑음,단일로 - 기타,이륜,남,23세,부상신고,승용,남,52세,상해없음
2022060800100445,2022년 6월 8일 18시,수요일,대구광역시 달서구 월암동,경상사고,0,0,2,0,차대차 - 추돌,안전운전불이행,건조,맑음,교차로 - 교차로횡단보도내,승용,여,22세,상해없음,승용,남,66세,경상
2022060800100446,2022년 6월 8일 18시,수요일,대구광역시 달서구 상인동,경상사고,0,0,2,0,차대차 - 측면충돌,안전운전불이행,건조,맑음,교차로 - 교차로횡단보도내,개인형이동수단(PM),남,16세,상해없음,이륜,남,30세,경상
2022060800100447,2022년 6월 8일 18시,수요일,대구광역시 북구 복현동,경상사고,0,0,1,0,차대차 - 추돌,안전운전불이행,건조,맑음,단일로 - 기타,이륜,남,22세,기타불명,승용,남,65세,경상
2022060800100508,2022년 6월 8일 20시,수요일,대구광역시 서구 비산동,경상사고,0,0,1,0,차대차 - 측면충돌,안전운전불이행,건조,맑음,교차로 - 교차로안,승용,남,65세,상해없음,승용,남,31세,경상
2022060800100509,2022년 6월 8일 20시,수요일,대구광역시 중구 봉산동,경상사고,0,0,1,0,차대차 - 기타,안전운전불이행,건조,맑음,단일로 - 기타,자전거,남,13세,경상,승용,여,60세,상해없음
2022060800100531,2022년 6월 8일 21시,수요일,대구광역시 남구 대명동,경상사고,0,0,1,0,차대차 - 기타,안전운전불이행,건조,맑음,단일로 - 기타,화물,남,69세,상해없음,이륜,남,32세,경상
2022060800100532,2022년 6월 8일 21시,수요일,대구광역시 수성구 가천동,중상사고,0,1,0,0,차대차 - 추돌,안전운전불이행,건조,맑음,단일로 - 기타,화물,남,31세,상해없음,승용,남,56세,중상
2022060800100571,2022년 6월 8일 23시,수요일,대구광역시 수성구 만촌동,부상신고사고,0,0,0,1,차대차 - 추돌,안전운전불이행,건조,맑음,교차로 - 교차로부근,이륜,남,35세,부상신고,승용,여,54세,상해없음
2022060900100023,2022년 6월 9일 02시,목요일,대구광역시 북구 태전동,경상사고,0,0,3,0,차대차 - 측면충돌,안전운전불이행,건조,맑음,교차로 - 교차로안,승용,남,65세,기타불명,승용,남,21세,경상
2022060900100108,2022년 6월 9일 08시,목요일,대구광역시 달서구 대곡동,경상사고,0,0,1,0,차대차 - 추돌,안전운전불이행,건조,맑음,단일로 - 기타,승용,여,38세,상해없음,승용,여,40세,경상
2022060900100109,2022년 6월 9일 08시,목요일,대구광역시 서구 내당동,경상사고,0,0,1,1,차대차 - 측면충돌,안전거리미확보,건조,흐림,교차로 - 교차로부근,승용,남,58세,부상신고,승용,남,49세,경상
2022060900100110,2022년 6월 9일 08시,목요일,대구광역시 중구 남산동,경상사고,0,0,1,0,차대차 - 추돌,안전운전불이행,건조,맑음,교차로 - 교차로안,화물,남,41세,상해없음,원동기,남,21세,경상
2022060900100151,2022년 6월 9일 09시,목요일,대구광역시 서구 중리동,경상사고,0,0,1,0,차대차 - 측면충돌,기타,건조,맑음,교차로 - 교차로안,승용,남,63세,상해없음,원동기,여,21세,경상
2022060900100278,2022년 6월 9일 14시,목요일,대구광역시 달서구 두류동,경상사고,0,0,1,0,차대차 - 기타,안전거리미확보,건조,맑음,교차로 - 교차로부근,화물,남,79세,상해없음,이륜,남,30세,경상
2022060900100314,2022년 6월 9일 15시,목요일,대구광역시 달서구 월암동,경상사고,0,0,1,0,차대차 - 측면충돌,안전거리미확보,건조,맑음,단일로 - 기타,화물,남,66세,상해없음,승용,남,34세,경상
2022060900100382,2022년 6월 9일 17시,목요일,대구광역시 달성군 화원읍,경상사고,0,0,1,0,차대차 - 기타,안전운전불이행,기타,맑음,기타 - 기타,승용,남,67세,상해없음,승용,남,30세,경상
2022060900100383,2022년 6월 9일 17시,목요일,대구광역시 북구 산격동,경상사고,0,0,1,0,차대차 - 측면충돌,안전운전불이행,건조,맑음,단일로 - 기타,승용,남,61세,상해없음,승용,남,24세,경상
2022060900100384,2022년 6월 9일 17시,목요일,대구광역시 북구 매천동,경상사고,0,0,2,0,차대차 - 추돌,안전운전불이행,건조,맑음,단일로 - 지하차도(도로)내,승용,남,54세,상해없음,승용,남,35세,경상
2022060900100432,2022년 6월 9일 18시,목요일,대구광역시 달서구 송현동,경상사고,0,0,1,0,차대사람 - 길가장자리구역통행중,안전운전불이행,건조,맑음,단일로 - 기타,승용,남,63세,상해없음,보행자,남,14세,경상
2022060900100433,2022년 6월 9일 18시,목요일,대구광역시 달성군 논공읍,경상사고,0,0,1,0,차대차 - 기타,안전운전불이행,건조,맑음,기타 - 기타,승용,남,71세,상해없음,이륜,남,21세,경상
2022060900100434,2022년 6월 9일 18시,목요일,대구광역시 달성군 현풍읍,중상사고,0,1,1,0,차대차 - 추돌,안전운전불이행,건조,맑음,교차로 - 교차로부근,승용,여,41세,상해없음,승용,여,46세,상해없음
2022060900100436,2022년 6월 9일 18시,목요일,대구광역시 서구 중리동,경상사고,0,0,3,0,차대차 - 기타,직진우회전진행방해,건조,맑음,교차로 - 교차로안,승용,남,38세,경상,승용,남,56세,경상
2022060900100437,2022년 6월 9일 18시,목요일,대구광역시 달서구 갈산동,경상사고,0,0,1,0,차대사람 - 횡단중,안전운전불이행,건조,맑음,단일로 - 기타,승용,남,24세,상해없음,보행자,여,51세,경상
2022060900100464,2022년 6월 9일 19시,목요일,대구광역시 북구 노원동2가,중상사고,0,1,0,0,차대차 - 측면충돌,중앙선침범,건조,맑음,단일로 - 기타,승용,남,53세,상해없음,승용,남,27세,중상
2022060900100515,2022년 6월 9일 21시,목요일,대구광역시 북구 동천동,경상사고,0,0,1,0,차대사람 - 횡단중,보행자보호의무위반,건조,맑음,단일로 - 지하차도(도로)내,개인형이동수단(PM),남,15세,상해없음,보행자,남,34세,경상
2022060900100529,2022년 6월 9일 22시,목요일,대구광역시 달서구 상인동,경상사고,0,0,3,0,차대차 - 측면충돌,교차로운행방법위반,건조,흐림,교차로 - 교차로안,승용,여,62세,경상,승용,남,61세,경상
2022061000100013,2022년 6월 10일 00시,금요일,대구광역시 수성구 지산동,중상사고,0,1,0,0,차대사람 - 횡단중,보행자보호의무위반,건조,맑음,교차로 - 교차로횡단보도내,승용,남,58세,상해없음,보행자,남,82세,중상
2022061000100020,2022년 6월 10일 01시,금요일,대구광역시 남구 이천동,경상사고,0,0,2,0,차대차 - 측면충돌,안전거리미확보,건조,맑음,단일로 - 기타,이륜,남,33세,상해없음,승용,남,66세,경상
2022061000100024,2022년 6월 10일 02시,금요일,대구광역시 중구 동인동2가,경상사고,0,0,1,0,차대차 - 정면충돌,안전운전불이행,건조,맑음,기타 - 기타,개인형이동수단(PM),남,26세,상해없음,개인형이동수단(PM),여,23세,경상
2022061000100035,2022년 6월 10일 04시,금요일,대구광역시 중구 남일동,중상사고,0,1,0,1,차량단독 - 공작물충돌,신호위반,건조,맑음,단일로 - 기타,승용,남,25세,중상,,,,
2022061000100043,2022년 6월 10일 05시,금요일,대구광역시 동구 율하동,경상사고,0,0,1,0,차대차 - 측면충돌,신호위반,건조,맑음,교차로 - 교차로안,승용,남,71세,상해없음,승용,남,59세,경상
2022061000100070,2022년 6월 10일 07시,금요일,대구광역시 달성군 논공읍,중상사고,0,1,0,0,차대차 - 기타,신호위반,건조,맑음,교차로 - 교차로안,승합,남,73세,상해없음,원동기,남,80세,중상
2022061000100071,2022년 6월 10일 07시,금요일,대구광역시 북구 읍내동,경상사고,0,0,1,0,차대차 - 추돌,안전운전불이행,건조,맑음,단일로 - 기타,승용,남,45세,경상,승용,남,56세,상해없음
2022061000100117,2022년 6월 10일 08시,금요일,대구광역시 달성군 현풍읍,경상사고,0,0,2,0,차대차 - 측면충돌,안전운전불이행,건조,맑음,교차로 - 교차로안,승용,남,74세,상해없음,승용,남,40세,경상
2022061000100118,2022년 6월 10일 08시,금요일,대구광역시 달서구 감삼동,경상사고,0,0,1,0,차대차 - 기타,안전거리미확보,건조,맑음,단일로 - 기타,승용,여,29세,상해없음,승용,남,38세,경상
2022061000100158,2022년 6월 10일 09시,금요일,대구광역시 중구 종로1가,경상사고,0,0,1,0,차대차 - 측면충돌,안전운전불이행,건조,맑음,단일로 - 기타,승용,여,65세,상해없음,승용,여,54세,경상
2022061000100215,2022년 6월 10일 11시,금요일,대구광역시 북구 산격동,경상사고,0,0,2,0,차대차 - 측면충돌,차로위반,건조,맑음,단일로 - 기타,승용,여,43세,기타불명,승용,남,69세,경상
2022061000100272,2022년 6월 10일 13시,금요일,대구광역시 서구 평리동,경상사고,0,0,1,0,차량단독 - 기타,안전운전불이행,건조,맑음,단일로 - 기타,승합,남,54세,기타불명,,,,
2022061000100346,2022년 6월 10일 15시,금요일,대구광역시 남구 봉덕동,경상사고,0,0,1,0,차대차 - 기타,안전운전불이행,건조,맑음,교차로 - 교차로안,이륜,남,63세,경상,화물,남,69세,상해없음
2022061000100347,2022년 6월 10일 15시,금요일,대구광역시 수성구 범어동,경상사고,0,0,1,0,차대사람 - 횡단중,안전운전불이행,건조,맑음,단일로 - 기타,승용,여,41세,상해없음,보행자,여,14세,경상