사고번호,사고일시,요일,시군구,사고내용,사망자수,중상자수,경상자수,부상신고자수,사고유형,법규위반,노면상태,기상상태,도로형태,가해운전자 차종,가해운전자 성별,가해운전자 연령,가해운전자 상해정도,피해운전자 차종,피해운전자 성별,피해운전자 연령,피해운전자 상해정도
2022062200100162,2022년 6월 22일 09시,수요일,대구광역시 남구 봉덕동,경상사고,0,0,1,1,차대차 - 측면충돌,교차로운행방법위반,건조,맑음,교차로 - 교차로안,승용,남,67세,부상신고,승용,여,46세,경상
2022062200100163,2022년 6월 22일 09시,수요일,대구광역시 수성구 상동,중상사고,0,1,0,0,차대차 - 정면충돌,안전운전불이행,건조,맑음,단일로 - 기타,승용,남,31세,상해없음,자전거,남,71세,중상
2022062200100164,2022년 6월 22일 09시,수요일,대구광역시 수성구 지산동,중상사고,0,1,0,0,차대차 - 추돌,신호위반,건조,맑음,단일로 - 기타,승용,여,44세,기타불명,자전거,남,90세,중상
2022062200100197,2022년 6월 22일 10시,수요일,대구광역시 달서구 갈산동,경상사고,0,0,1,0,차대차 - 측면충돌,안전운전불이행,건조,맑음,단일로 - 기타,승용,여,38세,상해없음,승용,남,39세,경상
2022062200100281,2022년 6월 22일 13시,수요일,대구광역시 동구 신천동,중상사고,0,1,1,0,차대차 - 측면충돌,안전운전불이행,건조,맑음,단일로 - 기타,이륜,남,62세,중상,승용,여,40세,경상
2022062200100282,2022년 6월 22일 13시,수요일,대구광역시 달서구 이곡동,경상사고,0,0,1,0,차대사람 - 기타,안전운전불이행,건조,맑음,단일로 - 기타,승합,남,40세,상해없음,보행자,남,30세,경상
2022062200100283,2022년 6월 22일 13시,수요일,대구광역시 북구 서변동,중상사고,0,1,0,0,차대차 - 측면충돌,안전운전불이행,건조,맑음,기타 - 기타,승용,남,33세,상해없음,이륜,남,39세,중상
2022062200100321,2022년 6월 22일 14시,수요일,대구광역시 남구 대명동,경상사고,0,0,1,0,차대차 - 측면충돌,안전운전불이행,건조,맑음,교차로 - 교차로안,이륜,남,24세,상해없음,화물,남,44세,경상
2022062200100322,2022년 6월 22일 14시,수요일,대구광역시 동구 신암동,경상사고,0,0,1,0,차대차 - 측면충돌,안전거리미확보,건조,맑음,단일로 - 지하차도(도로)내,이륜,남,49세,기타불명,승합,남,42세,경상
2022062200100323,2022년 6월 22일 14시,수요일,대구광역시 달성군 다사읍,경상사고,0,0,1,0,차대사람 - 횡단중,보행자보호의무위반,건조,맑음,교차로 - 교차로횡단보도내,승용,여,34세,상해없음,보행자,여,8세,경상
2022062200100402,2022년 6월 22일 16시,수요일,대구광역시 달서구 성당동,부상신고사고,0,0,0,1,차대사람 - 기타,안전운전불이행,건조,맑음,단일로 - 기타,승용,남,64세,상해없음,보행자,여,17세,부상신고
2022062200100403,2022년 6월 22일 16시,수요일,대구광역시 북구 관음동,경상사고,0,0,1,0,차대사람 - 차도통행중,안전운전불이행,건조,맑음,단일로 - 지하차도(도로)내,승용,남,41세,상해없음,보행자,남,7세,경상
2022062200100453,2022년 6월 22일 17시,수요일,대구광역시 수성구 범어동,중상사고,0,2,3,0,차대차 - 측면충돌,안전거리미확보,건조,맑음,단일로 - 기타,승용,남,67세,상해없음,승용,여,46세,경상
2022062200100506,2022년 6월 22일 18시,수요일,대구광역시 남구 이천동,경상사고,0,0,1,0,차대차 - 측면충돌,안전운전불이행,건조,맑음,단일로 - 지하차도(도로)내,승용,남,33세,상해없음,승용,여,52세,경상
2022062200100507,2022년 6월 22일 18시,수요일,대구광역시 동구 상매동,경상사고,0,0,1,0,차대차 - 측면충돌,중앙선침범,건조,맑음,단일로 - 기타,승용,여,53세,상해없음,승용,남,42세,경상
2022062200100508,2022년 6월 22일 18시,수요일,대구광역시 서구 내당동,경상사고,0,0,1,0,차대사람 - 기타,보행자보호의무위반,건조,맑음,교차로 - 교차로횡단보도내,승용,남,70세,상해없음,보행자,남,61세,경상
2022062200100509,2022년 6월 22일 18시,수요일,대구광역시 서구 비산동,경상사고,0,0,3,0,차대차 - 측면충돌,안전운전불이행,건조,맑음,교차로 - 교차로안,화물,남,57세,상해없음,승용,남,26세,경상
2022062200100510,2022년 6월 22일 18시,수요일,대구광역시 달서구 신당동,경상사고,0,0,1,0,차대차 - 측면충돌,안전운전불이행,젖음/습기,비,교차로 - 교차로횡단보도내,승용,여,62세,상해없음,자전거,남,64세,경상
2022062200100538,2022년 6월 22일 19시,수요일,대구광역시 달성군 현풍읍,경상사고,0,0,3,0,차대차 - 측면충돌,중앙선침범,건조,맑음,단일로 - 기타,승용,남,32세,상해없음,승용,여,43세,경상
2022062200100563,2022년 6월 22일 20시,수요일,대구광역시 북구 산격동,부상신고사고,0,0,0,1,차대차 - 정면충돌,중앙선침범,건조,맑음,교차로 - 교차로부근,자전거,남,50세,부상신고,승용,남,55세,상해없음
2022062200100564,2022년 6월 22일 20시,수요일,대구광역시 북구 복현동,중상사고,0,1,0,0,차대사람 - 횡단중,보행자보호의무위반,건조,기타,교차로 - 교차로횡단보도내,화물,남,73세,상해없음,보행자,여,50세,중상
2022062200100565,2022년 6월 22일 20시,수요일,대구광역시 서구 내당동,경상사고,0,0,2,0,차대차 - 측면충돌,안전운전불이행,건조,맑음,단일로 - 기타,이륜,남,59세,경상,승용,남,61세,경상
2022062200100566,2022년 6월 22일 20시,수요일,대구광역시 중구 삼덕동3가,경상사고,0,0,1,0,차대차 - 측면충돌,안전운전불이행,건조,맑음,교차로 - 교차로안,승용,여,37세,상해없음,이륜,남,27세,경상
2022062200100567,2022년 6월 22일 20시,수요일,대구광역시 중구 동인동4가,경상사고,0,0,1,1,차대차 - 측면충돌,신호위반,건조,흐림,교차로 - 교차로안,승용,여,66세,부상신고,승용,여,56세,경상
2022062200100568,2022년 6월 22일 20시,수요일,대구광역시 달서구 용산동,중상사고,0,1,0,0,차대사람 - 기타,안전운전불이행,건조,맑음,단일로 - 기타,승용,남,47세,상해없음,보행자,남,70세,중상
2022062200100634,2022년 6월 22일 23시,수요일,대구광역시 달서구 본리동,경상사고,0,0,3,0,차대차 - 추돌,안전운전불이행,건조,맑음,교차로 - 교차로부근,승용,남,31세,상해없음,승용,여,49세,경상
2022062300100054,2022년 6월 23일 05시,목요일,대구광역시 달서구 월성동,경상사고,0,0,2,0,차대차 - 측면충돌,중앙선침범,건조,맑음,단일로 - 기타,승용,남,53세,상해없음,화물,남,28세,경상
2022062300100076,2022년 6월 23일 07시,목요일,대구광역시 달서구 송현동,경상사고,0,0,1,0,차대차 - 측면충돌,안전운전불이행,건조,맑음,교차로 - 교차로부근,승합,남,69세,상해없음,승합,남,62세,상해없음
2022062300100077,2022년 6월 23일 07시,목요일,대구광역시 북구 침산동,경상사고,0,0,1,0,차대차 - 기타,안전운전불이행,건조,맑음,단일로 - 기타,자전거,여,48세,상해없음,자전거,여,62세,경상
2022062300100128,2022년 6월 23일 08시,목요일,대구광역시 동구 도동,경상사고,0,0,1,0,차대차 - 측면충돌,신호위반,건조,맑음,교차로 - 교차로안,승용,남,22세,상해없음,이륜,남,39세,경상
2022062300100129,2022년 6월 23일 08시,목요일,대구광역시 달서구 이곡동,중상사고,0,1,0,0,차대차 - 기타,안전거리미확보,건조,맑음,단일로 - 기타,화물,남,47세,상해없음,이륜,여,58세,중상
2022062300100130,2022년 6월 23일 08시,목요일,대구광역시 북구 매천동,부상신고사고,0,0,0,1,차량단독 - 기타,안전운전불이행,건조,맑음,단일로 - 지하차도(도로)내,승합,남,57세,상해없음,,,,
2022062300100159,2022년 6월 23일 09시,목요일,대구광역시 동구 봉무동,경상사고,0,0,1,0,차대차 - 측면충돌,안전운전불이행,건조,맑음,교차로 - 교차로안,승용,남,51세,상해없음,승용,여,45세,경상
2022062300100160,2022년 6월 23일 09시,목요일,대구광역시 동구 용계동,중상사고,0,1,0,0,차대차 - 측면충돌,안전거리미확보,건조,맑음,단일로 - 기타,화물,남,28세,기타불명,승용,여,36세,중상
2022062300100161,2022년 6월 23일 09시,목요일,대구광역시 서구 내당동,중상사고,0,1,0,0,차대차 - 측면충돌,안전운전불이행,건조,맑음,교차로 - 교차로안,자전거,남,64세,중상,화물,남,56세,기타불명
2022062300100189,2022년 6월 23일 10시,목요일,대구광역시 수성구 상동,경상사고,0,0,1,0,차대차 - 추돌,안전운전불이행,건조,맑음,기타 - 기타,화물,남,66세,상해없음,승용,남,42세,경상
2022062300100216,2022년 6월 23일 11시,목요일,대구광역시 달서구 두류동,경상사고,0,0,1,0,차대사람 - 길가장자리구역통행중,보행자보호의무위반,건조,맑음,단일로 - 기타,기타불명,기타불명,미분류,기타불명,보행자,남,28세,경상
2022062300100243,2022년 6월 23일 12시,목요일,대구광역시 중구 태평로2가,중상사고,0,1,0,0,차량단독 - 전도전복 - 전도,안전운전불이행,건조,맑음,단일로 - 기타,이륜,남,29세,중상,,,,
2022062300100244,2022년 6월 23일 12시,목요일,대구광역시 북구 동천동,중상사고,0,1,0,1,차대차 - 측면충돌,교차로운행방법위반,건조,맑음,교차로 - 교차로안,승용,남,53세,기타불명,이륜,남,20세,중상
2022062300100280,2022년 6월 23일 13시,목요일,대구광역시 달성군 현풍읍,중상사고,0,1,1,0,차대차 - 측면충돌,안전운전불이행,건조,맑음,교차로 - 교차로횡단보도내,이륜,남,41세,경상,이륜,남,31세,중상
2022062300100281,2022년 6월 23일 13시,목요일,대구광역시 달성군 현풍읍,경상사고,0,0,1,0,차대차 - 추돌,안전운전불이행,건조,맑음,기타 - 기타,화물,남,72세,상해없음,승합,남,70세,경상
2022062300100337,2022년 6월 23일 15시,목요일,대구광역시 달서구 도원동,경상사고,0,0,2,0,차대차 - 측면충돌,안전운전불이행,건조,맑음,교차로 - 교차로안,승용,여,55세,상해없음,승용,남,43세,경상
2022062300100338,2022년 6월 23일 15시,목요일,대구광역시 중구 달성동,경상사고,0,0,3,0,차대차 - 측면충돌,안전운전불이행,건조,맑음,단일로 - 기타,화물,남,64세,경상,승용,남,55세,경상
2022062300100371,2022년 6월 23일 16시,목요일,대구광역시 수성구 범어동,경상사고,0,0,1,0,차대차 - 측면충돌,안전운전불이행,건조,맑음,교차로 - 교차로부근,화물,남,49세,상해없음,자전거,남,67세,경상
2022062300100413,2022년 6월 23일 17시,목요일,대구광역시 달성군 다사읍,경상사고,0,0,1,0,차대차 - 기타,안전운전불이행,건조,맑음,교차로 - 교차로부근,원동기,남,53세,상해없음,승용,여,50세,경상
2022062300100464,2022년 6월 23일 18시,목요일,대구광역시 수성구 지산동,중상사고,0,1,0,0,차대사람 - 횡단중,보행자보호의무위반,건조,맑음,단일로 - 기타,이륜,남,39세,상해없음,보행자,남,21세,중상
2022062300100465,2022년 6월 23일 18시,목요일,대구광역시 달성군 현풍읍,경상사고,0,0,1,0,차대차 - 기타,안전운전불이행,건조,맑음,교차로 - 교차로부근,승용,남,31세,상해없음,승용,여,30세,경상
2022062300100466,2022년 6월 23일 18시,목요일,대구광역시 서구 이현동,경상사고,0,0,1,0,차대차 - 정면충돌,신호위반,건조,맑음,교차로 - 교차로안,승용,남,27세,상해없음,승용,남,49세,경상
2022062300100467,2022년 6월 23일 18시,목요일,대구광역시 북구 팔달동,경상사고,0,0,1,0,차대차 - 후진중충돌,불법유턴,건조,맑음,교차로 - 교차로부근,승용,여,51세,상해없음,승용,남,37세,경상
2022062300100509,2022년 6월 23일 19시,목요일,대구광역시 동구 효목동,경상사고,0,0,1,0,차대차 - 기타,안전운전불이행,건조,맑음,단일로 - 기타,승용,남,54세,상해없음,이륜,남,21세,상해없음
2022062300100548,2022년 6월 23일 20시,목요일,대구광역시 수성구 범어동,경상사고,0,0,1,0,차대차 - 기타,교차로운행방법위반,건조,맑음,교차로 - 교차로부근,승용,남,23세,상해없음,이륜,남,41세,경상
2022062300100549,2022년 6월 23일 20시,목요일,대구광역시 달성군 구지면,경상사고,0,0,2,0,차대차 - 측면충돌,안전운전불이행,건조,맑음,교차로 - 교차로안,승용,남,27세,경상,승용,남,26세,경상
2022062300100550,2022년 6월 23일 20시,목요일,대구광역시 북구 노원동1가,중상사고,0,1,0,0,차대차 - 기타,안전운전불이행,건조,맑음,단일로 - 기타,승합,남,52세,상해없음,이륜,여,37세,중상
2022062300100551,2022년 6월 23일 20시,목요일,대구광역시 중구 동산동,부상신고사고,0,0,0,2,차대사람 - 기타,안전운전불이행,건조,맑음,교차로 - 교차로안,승합,남,53세,상해없음,보행자,여,10세,부상신고
2022062300100599,2022년 6월 23일 21시,목요일,대구광역시 수성구 만촌동,경상사고,0,0,2,0,차대차 - 기타,안전운전불이행,건조,맑음,기타 - 기타,승용,남,74세,상해없음,승용,남,36세,경상
2022062300100600,2022년 6월 23일 21시,목요일,대구광역시 달서구 이곡동,중상사고,0,1,1,0,차대차 - 측면충돌,직진우회전진행방해,건조,맑음,교차로 - 교차로안,이륜,남,28세,중상,승용,여,21세,경상
2022062300100628,2022년 6월 23일 22시,목요일,대구광역시 달서구 송현동,경상사고,0,0,4,0,차대차 - 추돌,안전운전불이행,건조,흐림,교차로 - 교차로부근,승용,남,39세,상해없음,승용,남,39세,경상
2022062300100629,2022년 6월 23일 22시,목요일,대구광역시 북구 침산동,경상사고,0,0,1,0,차대차 - 측면충돌,신호위반,건조,맑음,교차로 - 교차로횡단보도내,승용,남,22세,상해없음,승용,남,54세,경상
2022062300100658,2022년 6월 23일 23시,목요일,대구광역시 동구 율하동,중상사고,0,1,0,0,차대사람 - 횡단중,보행자보호의무위반,건조,흐림,교차로 - 교차로횡단보도내,승용,남,60세,상해없음,보행자,여,78세,중상
2022062400100053,2022년 6월 24일 03시,금요일,대구광역시 수성구 노변동,경상사고,0,0,1,0,차량단독 - 전도전복 - 전복,안전운전불이행,젖음/습기,비,단일로 - 기타,승용,남,19세,기타불명,,,,
2022062400100054,2022년 6월 24일 03시,금요일,대구광역시 중구 대신동,경상사고,0,0,2,0,차대차 - 측면충돌,안전거리미확보,젖음/습기,맑음,단일로 - 기타,승용,남,63세,상해없음,승용,남,24세,경상
2022062400100068,2022년 6월 24일 05시,금요일,대구광역시 북구 노곡동,중상사고,0,1,5,0,차대차 - 추돌,안전거리미확보,건조,맑음,단일로 - 기타,승용,남,32세,경상,승용,여,21세,경상
2022062400100129,2022년 6월 24일 08시,금요일,대구광역시 수성구 지산동,경상사고,0,0,2,0,차대차 - 기타,불법유턴,건조,맑음,교차로 - 교차로횡단보도내,자전거,여,24세,경상,승용,여,33세,경상
2022062400100130,2022년 6월 24일 08시,금요일,대구광역시 수성구 삼덕동,경상사고,0,0,1,0,차대차 - 추돌,안전운전불이행,건조,맑음,단일로 - 기타,화물,남,53세,상해없음,승용,남,45세,경상
2022062400100131,2022년 6월 24일 08시,금요일,대구광역시 달성군 하빈면,중상사고,0,1,0,0,차대차 - 기타,안전운전불이행,건조,맑음,교차로 - 교차로안,승용,남,68세,상해없음,이륜,여,62세,중상
2022062400100242,2022년 6월 24일 12시,금요일,대구광역시 동구 신천동,경상사고,0,0,1,0,차대차 - 측면충돌,안전운전불이행,건조,맑음,기타 - 기타,승용,남,55세,상해없음,승용,남,49세,경상
2022062400100243,2022년 6월 24일 12시,금요일,대구광역시 중구 대봉동,경상사고,0,0,1,0,차대차 - 기타,안전운전불이행,건조,맑음,교차로 - 교차로안,자전거,여,35세,경상,승용,남,67세,상해없음
2022062400100382,2022년 6월 24일 16시,금요일,대구광역시 동구 부동,경상사고,0,0,1,0,차대차 - 측면충돌,안전운전불이행,건조,맑음,단일로 - 기타,화물,남,54세,상해없음,승용,여,55세,경상
2022062400100386,2022년 6월 24일 16시,금요일,대구광역시 수성구 노변동,경상사고,0,0,2,0,차대차 - 측면충돌,안전거리미확보,건조,맑음,단일로 - 기타,승용,남,56세,경상,승용,여,41세,경상
2022062400100448,2022년 6월 24일 17시,금요일,대구광역시 수성구 지산동,경상사고,0,0,1,0,차대사람 - 기타,안전운전불이행,건조,맑음,단일로 - 기타,기타불명,기타불명,미분류,기타불명,보행자,남,64세,경상
2022062400100491,2022년 6월 24일 18시,금요일,대구광역시 수성구 황금동,경상사고,0,0,1,0,차대사람 - 보도통행중,기타,건조,맑음,단일로 - 기타,자전거,남,8세,상해없음,보행자,여,61세,경상
2022062400100492,2022년 6월 24일 18시,금요일,대구광역시 수성구 범물동,경상사고,0,0,1,0,차대차 - 측면충돌,안전운전불이행,건조,맑음,단일로 - 기타,승용,남,76세,상해없음,승용,여,23세,경상
2022062400100493,2022년 6월 24일 18시,금요일,대구광역시 달서구 상인동,경상사고,0,0,1,0,차대차 - 측면충돌,안전거리미확보,건조,맑음,단일로 - 기타,승용,남,77세,상해없음,승용,남,43세,경상
2022062400100494,2022년 6월 24일 18시,금요일,대구광역시 달성군 다사읍,경상사고,0,0,1,0,차대차 - 측면충돌,안전운전불이행,건조,맑음,교차로 - 교차로안,승합,남,24세,상해없음,승용,남,30세,경상
2022062400100495,2022년 6월 24일 18시,금요일,대구광역시 달성군 다사읍,경상사고,0,0,1,0,차대사람 - 차도통행중,안전운전불이행,건조,맑음,단일로 - 기타,승용,남,38세,상해없음,보행자,남,43세,경상
2022062400100530,2022년 6월 24일 19시,금요일,대구광역시 달서구 진천동,경상사고,0,0,1,0,차대차 - 추돌,안전운전불이행,건조,맑음,교차로 - 교차로안,승용,남,70세,상해없음,승용,남,61세,상해없음
2022062400100560,2022년 6월 24일 20시,금요일,대구광역시 수성구 수성동2가,경상사고,0,0,1,0,차대차 - 기타,안전운전불이행,건조,맑음,단일로 - 기타,승용,남,58세,상해없음,승용,남,30세,경상
2022062400100561,2022년 6월 24일 20시,금요일,대구광역시 서구 비산동,중상사고,0,1,0,0,차대차 - 측면충돌,신호위반,건조,맑음,교차로 - 교차로안,승용,여,62세,상해없음,이륜,남,23세,중상
2022062400100591,2022년 6월 24일 21시,금요일,대구광역시 남구 대명동,경상사고,0,0,1,0,차대차 - 측면충돌,안전운전불이행,건조,맑음,교차로 - 교차로부근,승용,남,27세,상해없음,이륜,남,22세,경상
2022062400100612,2022년 6월 24일 22시,금요일,대구광역시 동구 효목동,경상사고,0,0,1,0,차대차 - 기타,중앙선침범,건조,맑음,교차로 - 교차로안,기타불명,기타불명,미분류,기타불명,승용,남,58세,경상
2022062400100613,2022년 6월 24일 22시,금요일,대구광역시 서구 비산동,중상사고,0,1,1,0,차대차 - 측면충돌,안전운전불이행,건조,맑음,단일로 - 기타,승용,남,46세,경상,자전거,남,60세,중상
2022062400100614,2022년 6월 24일 22시,금요일,대구광역시 서구 평리동,경상사고,0,0,1,0,차대차 - 측면충돌,직진우회전진행방해,건조,맑음,교차로 - 교차로안,승용,여,59세,상해없음,이륜,남,28세,경상
2022062400100631,2022년 6월 24일 23시,금요일,대구광역시 동구 효목동,경상사고,0,0,2,0,차대차 - 측면충돌,안전운전불이행,건조,맑음,교차로 - 교차로안,승용,여,47세,상해없음,승용,남,63세,경상
2022062500100029,2022년 6월 25일 02시,토요일,대구광역시 수성구 연호동,중상사고,0,1,0,0,차대차 - 추돌,안전운전불이행,건조,맑음,단일로 - 기타,승용,남,19세,상해없음,승용,남,52세,중상
2022062500100049,2022년 6월 25일 04시,토요일,대구광역시 동구 신암동,경상사고,0,0,1,0,차대차 - 측면충돌,안전운전불이행,건조,맑음,단일로 - 교량,승용,남,71세,상해없음,승용,남,30세,경상
2022062500100058,2022년 6월 25일 05시,토요일,대구광역시 중구 대신동,경상사고,0,0,1,0,차대차 - 추돌,안전운전불이행,건조,맑음,교차로 - 교차로안,승용,남,37세,상해없음,승용,남,48세,경상
2022062500100083,2022년 6월 25일 07시,토요일,대구광역시 수성구 신매동,부상신고사고,0,0,0,1,차대차 - 측면충돌,신호위반,건조,맑음,교차로 - 교차로안,자전거,여,66세,부상신고,승용,여,43세,상해없음
2022062500100102,2022년 6월 25일 08시,토요일,대구광역시 달성군 다사읍,경상사고,0,0,1,0,차대차 - 추돌,안전운전불이행,건조,맑음,교차로 - 교차로안,화물,남,29세,상해없음,승용,여,47세,경상
2022062500100132,2022년 6월 25일 09시,토요일,대구광역시 북구 침산동,중상사고,0,1,0,0,차대사람 - 횡단중,보행자보호의무위반,건조,맑음,교차로 - 교차로횡단보도내,승용,남,30세,상해없음,보행자,남,10세,중상
2022062500100133,2022년 6월 25일 09시,토요일,대구광역시 북구 침산동,경상사고,0,0,3,0,차대차 - 추돌,안전운전불이행,건조,맑음,단일로 - 기타,승용,여,40세,상해없음,승용,남,41세,경상
2022062500100134,2022년 6월 25일 09시,토요일,대구광역시 북구 태전동,경상사고,0,0,1,0,차대차 - 측면충돌,안전운전불이행,건조,맑음,단일로 - 기타,화물,남,69세,상해없음,승용,여,39세,경상
2022062500100167,2022년 6월 25일 10시,토요일,대구광역시 수성구 황금동,경상사고,0,0,1,0,차대차 - 추돌,안전거리미확보,건조,맑음,교차로 - 교차로부근,승용,여,57세,상해없음,건설기계,남,56세,경상
2022062500100168,2022년 6월 25일 10시,토요일,대구광역시 북구 산격동,경상사고,0,0,1,0,차대차 - 측면충돌,안전운전불이행,건조,맑음,단일로 - 기타,승용,여,34세,상해없음,승용,남,27세,경상
2022062500100169,2022년 6월 25일 10시,토요일,대구광역시 서구 평리동,경상사고,0,0,1,0,차대차 - 기타,안전운전불이행,건조,맑음,단일로 - 기타,승용,남,61세,상해없음,자전거,남,42세,경상
2022062500100214,2022년 6월 25일 11시,토요일,대구광역시 수성구 만촌동,경상사고,0,0,2,0,차대차 - 추돌,안전거리미확보,건조,맑음,단일로 - 기타,승용,남,45세,상해없음,승용,남,61세,경상
2022062500100215,2022년 6월 25일 11시,토요일,대구광역시 수성구 수성동4가,경상사고,0,0,1,1,차대차 - 기타,안전운전불이행,건조,맑음,단일로 - 기타,승용,남,72세,상해없음,승용,여,54세,경상
2022062500100262,2022년 6월 25일 12시,토요일,대구광역시 남구 봉덕동,경상사고,0,0,1,0,차대차 - 기타,안전운전불이행,건조,맑음,교차로 - 교차로부근,승용,남,44세,상해없음,승용,남,74세,경상
2022062500100263,2022년 6월 25일 12시,토요일,대구광역시 동구 용계동,중상사고,0,2,0,0,차대차 - 측면충돌,안전거리미확보,건조,맑음,단일로 - 기타,화물,남,56세,상해없음,승용,남,62세,중상
2022062500100306,2022년 6월 25일 13시,토요일,대구광역시 달서구 성당동,경상사고,0,0,1,0,차량단독 - 기타,안전운전불이행,건조,맑음,단일로 - 기타,승합,남,32세,상해없음,,,,
2022062500100355,2022년 6월 25일 14시,토요일,대구광역시 서구 내당동,경상사고,0,0,1,0,차대차 - 측면충돌,안전운전불이행,건조,맑음,단일로 - 기타,승용,남,70세,상해없음,이륜,남,28세,경상
2022062500100470,2022년 6월 25일 17시,토요일,대구광역시 수성구 수성동4가,경상사고,0,0,2,0,차대차 - 기타,차로위반,건조,맑음,단일로 - 기타,승용,여,54세,상해없음,승용,남,35세,경상
2022062500100471,2022년 6월 25일 17시,토요일,대구광역시 달서구 월암동,경상사고,0,0,1,0,차량단독 - 공작물충돌,기타,건조,맑음,단일로 - 지하차도(도로)내,승합,남,58세,상해없음,,,,
2022062500100510,2022년 6월 25일 18시,토요일,대구광역시 동구 신천동,경상사고,0,0,2,0,차대차 - 측면충돌,안전운전불이행,건조,맑음,단일로 - 기타,건설기계,남,51세,상해없음,승용,남,25세,경상
2022062500100511,2022년 6월 25일 18시,토요일,대구광역시 달서구 대곡동,경상사고,0,0,2,0,차대차 - 기타,안전거리미확보,건조,맑음,단일로 - 기타,승용,여,59세,상해없음,승용,남,46세,상해없음
2022062500100512,2022년 6월 25일 18시,토요일,대구광역시 달서구 월성동,경상사고,0,0,1,0,차대차 - 추돌,안전운전불이행,건조,맑음,기타 - 기타,이륜,남,22세,기타불명,승용,남,64세,경상
2022062500100534,2022년 6월 25일 19시,토요일,대구광역시 수성구 범어동,중상사고,0,1,0,0,차대사람 - 기타,안전운전불이행,건조,맑음,단일로 - 기타,개인형이동수단(PM),남,16세,상해없음,보행자,남,54세,중상
2022062500100571,2022년 6월 25일 20시,토요일,대구광역시 동구 각산동,경상사고,0,0,1,1,차대사람 - 기타,안전운전불이행,건조,맑음,기타 - 기타,자전거,남,15세,부상신고,보행자,남,47세,경상
2022062500100572,2022년 6월 25일 20시,토요일,대구광역시 달서구 파호동,경상사고,0,0,1,0,차대사람 - 횡단중,안전운전불이행,건조,맑음,교차로 - 교차로안,승용,여,58세,상해없음,보행자,여,55세,경상
2022062500100601,2022년 6월 25일 21시,토요일,대구광역시 달서구 상인동,경상사고,0,0,1,0,차대차 - 측면충돌,안전거리미확보,건조,맑음,기타 - 기타,승용,여,42세,상해없음,승용,남,65세,경상
2022062500100624,2022년 6월 25일 22시,토요일,대구광역시 북구 동천동,중상사고,0,1,0,0,차대차 - 측면충돌,안전운전불이행,건조,맑음,단일로 - 기타,승용,여,51세,상해없음,자전거,남,68세,중상
2022062500100649,2022년 6월 25일 23시,토요일,대구광역시 동구 율하동,중상사고,0,1,0,0,차대차 - 정면충돌,신호위반,건조,맑음,교차로 - 교차로안,승용,남,57세,상해없음,승용,남,63세,중상
2022062600100014,2022년 6월 26일 00시,일요일,대구광역시 수성구 상동,중상사고,0,1,4,1,차대차 - 추돌,안전운전불이행,건조,맑음,교차로 - 교차로부근,승용,남,55세,상해없음,승용,남,63세,경상
2022062600100026,2022년 6월 26일 01시,일요일,대구광역시 수성구 삼덕동,경상사고,0,0,1,0,차대차 - 측면충돌,안전운전불이행,건조,맑음,단일로 - 기타,승용,남,38세,상해없음,승용,여,50세,경상
2022062600100033,2022년 6월 26일 02시,일요일,대구광역시 중구 삼덕동2가,경상사고,0,0,1,0,차대사람 - 기타,안전운전불이행,건조,맑음,단일로 - 기타,승용,남,54세,상해없음,보행자,남,26세,경상
2022062600100065,2022년 6월 26일 08시,일요일,대구광역시 서구 비산동,중상사고,0,2,0,0,차대차 - 정면충돌,안전운전불이행,건조,맑음,교차로 - 교차로안,개인형이동수단(PM),남,60세,중상,이륜,남,73세,중상
2022062600100125,2022년 6월 26일 11시,일요일,대구광역시 북구 노원동2가,중상사고,0,1,0,0,차대사람 - 차도통행중,안전운전불이행,건조,맑음,단일로 - 기타,화물,여,61세,상해없음,보행자,남,41세,중상
2022062600100146,2022년 6월 26일 12시,일요일,대구광역시 남구 봉덕동,경상사고,0,0,1,0,차대사람 - 기타,보행자보호의무위반,건조,맑음,교차로 - 교차로횡단보도내,이륜,남,66세,상해없음,보행자,여,51세,경상
2022062600100147,2022년 6월 26일 12시,일요일,대구광역시 달서구 신당동,경상사고,0,0,1,0,차대차 - 측면충돌,안전운전불이행,건조,맑음,교차로 - 교차로부근,승용,남,44세,상해없음,승용,남,62세,경상
2022062600100148,2022년 6월 26일 12시,일요일,대구광역시 북구 읍내동,중상사고,0,1,0,0,차대사람 - 횡단중,안전운전불이행,건조,맑음,단일로 - 지하차도(도로)내,승용,남,55세,상해없음,보행자,여,34세,중상
2022062600100171,2022년 6월 26일 13시,일요일,대구광역시 달성군 다사읍,경상사고,0,0,4,0,차대차 - 기타,신호위반,건조,맑음,교차로 - 교차로안,승용,남,43세,상해없음,승용,남,40세,경상
2022062600100195,2022년 6월 26일 14시,일요일,대구광역시 동구 신암동,부상신고사고,0,0,0,1,차대차 - 기타,안전운전불이행,건조,맑음,교차로 - 교차로안,자전거,남,36세,부상신고,승용,여,64세,상해없음
2022062600100196,2022년 6월 26일 14시,일요일,대구광역시 동구 각산동,경상사고,0,0,2,0,차대차 - 측면충돌,신호위반,건조,맑음,교차로 - 교차로안,기타불명,기타불명,미분류,기타불명,승용,남,47세,경상
2022062600100197,2022년 6월 26일 14시,일요일,대구광역시 달성군 현풍읍,경상사고,0,0,1,0,차대차 - 기타,직진우회전진행방해,건조,맑음,교차로 - 교차로안,승용,남,39세,상해없음,승용,여,57세,경상