사고번호,사고일시,요일,시군구,사고내용,사망자수,중상자수,경상자수,부상신고자수,사고유형,법규위반,노면상태,기상상태,도로형태,가해운전자 차종,가해운전자 성별,가해운전자 연령,가해운전자 상해정도,피해운전자 차종,피해운전자 성별,피해운전자 연령,피해운전자 상해정도
2022062600100198,2022년 6월 26일 14시,일요일,대구광역시 서구 내당동,경상사고,0,0,1,0,차대차 - 측면충돌,안전운전불이행,건조,맑음,단일로 - 기타,승용,남,89세,상해없음,승용,여,69세,경상
2022062600100199,2022년 6월 26일 14시,일요일,대구광역시 중구 태평로2가,경상사고,0,0,2,0,차대차 - 측면충돌,교차로운행방법위반,건조,맑음,교차로 - 교차로안,승용,남,76세,상해없음,승용,남,30세,경상
2022062600100219,2022년 6월 26일 15시,일요일,대구광역시 달성군 현풍읍,경상사고,0,0,2,0,차대차 - 추돌,안전운전불이행,건조,맑음,단일로 - 기타,승용,남,50세,상해없음,승용,남,51세,경상
2022062600100221,2022년 6월 26일 15시,일요일,대구광역시 수성구 범물동,경상사고,0,0,5,0,차대차 - 추돌,안전운전불이행,건조,맑음,단일로 - 기타,화물,남,67세,상해없음,승용,여,40세,경상
2022062600100253,2022년 6월 26일 16시,일요일,대구광역시 북구 산격동,경상사고,0,0,1,0,차대차 - 기타,기타,건조,맑음,단일로 - 기타,승용,여,61세,상해없음,이륜,남,41세,경상
2022062600100285,2022년 6월 26일 17시,일요일,대구광역시 수성구 두산동,경상사고,0,0,1,0,차대사람 - 길가장자리구역통행중,안전운전불이행,건조,맑음,단일로 - 기타,승용,남,45세,상해없음,보행자,남,62세,경상
2022062600100286,2022년 6월 26일 17시,일요일,대구광역시 북구 노원동1가,경상사고,0,0,1,0,차대차 - 측면충돌,신호위반,건조,맑음,교차로 - 교차로안,자전거,남,23세,경상,승용,여,60세,상해없음
2022062600100287,2022년 6월 26일 17시,일요일,대구광역시 달서구 신당동,경상사고,0,0,1,0,차대차 - 기타,안전운전불이행,건조,맑음,교차로 - 교차로부근,승용,남,70세,상해없음,이륜,남,26세,경상
2022062600100351,2022년 6월 26일 20시,일요일,대구광역시 남구 이천동,중상사고,0,1,0,0,차대차 - 측면충돌,중앙선침범,건조,맑음,단일로 - 기타,승용,남,72세,상해없음,이륜,남,36세,중상
2022062600100352,2022년 6월 26일 20시,일요일,대구광역시 수성구 황금동,경상사고,0,0,1,0,차대차 - 측면충돌,안전운전불이행,건조,맑음,단일로 - 기타,승용,남,34세,상해없음,자전거,남,44세,경상
2022062600100379,2022년 6월 26일 21시,일요일,대구광역시 남구 대명동,경상사고,0,0,2,0,차대차 - 측면충돌,신호위반,건조,맑음,교차로 - 교차로안,승용,남,67세,상해없음,승용,남,63세,경상
2022062600100391,2022년 6월 26일 22시,일요일,대구광역시 수성구 두산동,경상사고,0,0,3,0,차대차 - 기타,안전운전불이행,건조,맑음,교차로 - 교차로부근,승용,여,49세,경상,승용,남,31세,경상
2022062600100392,2022년 6월 26일 22시,일요일,대구광역시 북구 산격동,경상사고,0,0,1,1,차대차 - 측면충돌,신호위반,건조,기타,교차로 - 교차로안,승용,여,53세,기타불명,승용,남,65세,경상
2022062600100405,2022년 6월 26일 23시,일요일,대구광역시 달서구 본동,경상사고,0,0,1,0,차대사람 - 길가장자리구역통행중,안전운전불이행,건조,맑음,교차로 - 교차로부근,승용,남,31세,상해없음,보행자,남,48세,경상
2022062700100005,2022년 6월 27일 00시,월요일,대구광역시 북구 노원동1가,경상사고,0,0,1,0,차대차 - 측면충돌,안전운전불이행,건조,맑음,단일로 - 기타,승용,여,44세,기타불명,자전거,여,64세,경상
2022062700100024,2022년 6월 27일 02시,월요일,대구광역시 동구 신암동,경상사고,0,0,1,0,차량단독 - 전도전복 - 전도,안전운전불이행,건조,흐림,단일로 - 기타,개인형이동수단(PM),남,23세,경상,,,,
2022062700100072,2022년 6월 27일 07시,월요일,대구광역시 북구 산격동,경상사고,0,0,1,0,차대차 - 기타,신호위반,젖음/습기,비,교차로 - 교차로부근,승용,여,28세,상해없음,이륜,남,19세,경상
2022062700100073,2022년 6월 27일 07시,월요일,대구광역시 서구 이현동,경상사고,0,0,1,0,차대차 - 추돌,안전운전불이행,젖음/습기,맑음,교차로 - 교차로부근,건설기계,남,38세,상해없음,승용,남,61세,경상
2022062700100112,2022년 6월 27일 08시,월요일,대구광역시 동구 신암동,경상사고,0,0,1,0,차대차 - 측면충돌,안전거리미확보,건조,맑음,단일로 - 지하차도(도로)내,승용,남,64세,기타불명,승용,여,41세,경상
2022062700100113,2022년 6월 27일 08시,월요일,대구광역시 수성구 만촌동,경상사고,0,0,2,0,차대차 - 측면충돌,안전거리미확보,건조,맑음,단일로 - 기타,승용,여,39세,경상,승용,여,52세,경상
2022062700100114,2022년 6월 27일 08시,월요일,대구광역시 북구 산격동,중상사고,0,1,0,0,차대차 - 기타,신호위반,젖음/습기,흐림,교차로 - 교차로안,이륜,남,74세,기타불명,자전거,남,53세,중상
2022062700100149,2022년 6월 27일 09시,월요일,대구광역시 달성군 다사읍,중상사고,0,1,0,0,차대차 - 기타,안전운전불이행,건조,맑음,교차로 - 교차로부근,이륜,남,13세,중상,승용,여,38세,상해없음
2022062700100276,2022년 6월 27일 13시,월요일,대구광역시 남구 대명동,경상사고,0,0,2,0,차대차 - 추돌,안전운전불이행,건조,맑음,단일로 - 지하차도(도로)내,화물,남,31세,경상,승용,여,25세,상해없음
2022062700100277,2022년 6월 27일 13시,월요일,대구광역시 동구 봉무동,경상사고,0,0,1,0,차량단독 - 공작물충돌,안전운전불이행,건조,맑음,단일로 - 고가도로위,승용,여,61세,경상,,,,
2022062700100278,2022년 6월 27일 13시,월요일,대구광역시 수성구 황금동,경상사고,0,0,1,0,차대차 - 측면충돌,안전거리미확보,젖음/습기,비,단일로 - 기타,승용,남,53세,상해없음,이륜,남,51세,경상
2022062700100279,2022년 6월 27일 13시,월요일,대구광역시 달서구 진천동,경상사고,0,0,1,0,차대차 - 기타,안전운전불이행,젖음/습기,비,단일로 - 기타,자전거,남,73세,경상,승용,남,61세,기타불명
2022062700100280,2022년 6월 27일 13시,월요일,대구광역시 달서구 장동,경상사고,0,0,1,0,차대차 - 기타,안전거리미확보,젖음/습기,비,단일로 - 기타,승용,여,53세,상해없음,건설기계,남,47세,경상
2022062700100281,2022년 6월 27일 13시,월요일,대구광역시 북구 침산동,경상사고,0,0,1,0,차대차 - 기타,안전운전불이행,젖음/습기,비,단일로 - 기타,승용,남,52세,상해없음,승용,남,51세,경상
2022062700100300,2022년 6월 27일 14시,월요일,대구광역시 동구 도동,중상사고,0,1,0,0,차량단독 - 도로외이탈 - 추락,안전운전불이행,젖음/습기,맑음,단일로 - 기타,이륜,남,55세,중상,,,,
2022062700100329,2022년 6월 27일 15시,월요일,대구광역시 달성군 유가읍,경상사고,0,0,2,0,차대차 - 기타,안전운전불이행,건조,맑음,단일로 - 기타,승용,남,29세,경상,승용,여,37세,경상
2022062700100330,2022년 6월 27일 15시,월요일,대구광역시 중구 삼덕동3가,경상사고,0,0,1,0,차대차 - 기타,안전운전불이행,젖음/습기,비,교차로 - 교차로안,승용,남,72세,상해없음,승용,남,26세,경상
2022062700100368,2022년 6월 27일 16시,월요일,대구광역시 달서구 상인동,중상사고,0,1,0,0,차대차 - 기타,안전운전불이행,건조,맑음,교차로 - 교차로안,자전거,남,71세,중상,승용,남,62세,상해없음
2022062700100369,2022년 6월 27일 16시,월요일,대구광역시 북구 매천동,경상사고,0,0,1,1,차대차 - 측면충돌,직진우회전진행방해,젖음/습기,맑음,교차로 - 교차로안,승용,여,33세,기타불명,승용,남,33세,경상
2022062700100398,2022년 6월 27일 17시,월요일,대구광역시 남구 봉덕동,경상사고,0,0,1,0,차대사람 - 기타,안전운전불이행,젖음/습기,흐림,단일로 - 기타,승용,남,35세,상해없음,보행자,남,58세,경상
2022062700100400,2022년 6월 27일 17시,월요일,대구광역시 달서구 유천동,중상사고,0,1,0,0,차대사람 - 기타,안전운전불이행,건조,맑음,단일로 - 기타,승용,남,67세,상해없음,보행자,남,8세,중상
2022062700100402,2022년 6월 27일 17시,월요일,대구광역시 북구 침산동,중상사고,0,1,0,0,차대차 - 추돌,안전운전불이행,건조,맑음,단일로 - 기타,승용,여,53세,상해없음,이륜,남,41세,중상
2022062700100443,2022년 6월 27일 18시,월요일,대구광역시 동구 신서동,경상사고,0,0,1,0,차대사람 - 차도통행중,기타,건조,맑음,교차로 - 교차로안,승용,남,35세,상해없음,보행자,남,9세,경상
2022062700100444,2022년 6월 27일 18시,월요일,대구광역시 수성구 범어동,경상사고,0,0,1,0,차대사람 - 횡단중,보행자보호의무위반,건조,맑음,교차로 - 교차로횡단보도내,승용,여,28세,상해없음,보행자,남,52세,경상
2022062700100445,2022년 6월 27일 18시,월요일,대구광역시 서구 비산동,경상사고,0,0,1,0,차대사람 - 보도통행중,기타,건조,맑음,단일로 - 기타,승용,남,61세,상해없음,보행자,여,28세,경상
2022062700100446,2022년 6월 27일 18시,월요일,대구광역시 달서구 용산동,경상사고,0,0,4,0,차대차 - 기타,안전거리미확보,건조,맑음,단일로 - 기타,화물,남,44세,상해없음,승용,여,21세,경상
2022062700100474,2022년 6월 27일 19시,월요일,대구광역시 달서구 진천동,사망사고,1,0,0,0,차대차 - 정면충돌,신호위반,건조,흐림,교차로 - 교차로부근,이륜,남,17세,사망,승합,남,66세,상해없음
2022062700100497,2022년 6월 27일 20시,월요일,대구광역시 동구 방촌동,경상사고,0,0,1,0,차대차 - 측면충돌,안전운전불이행,건조,맑음,교차로 - 교차로횡단보도내,승용,남,60세,상해없음,자전거,남,58세,경상
2022062700100498,2022년 6월 27일 20시,월요일,대구광역시 달서구 월성동,경상사고,0,0,1,0,차대차 - 후진중충돌,안전운전불이행,건조,맑음,단일로 - 기타,승용,남,60세,상해없음,승용,남,28세,경상
2022062700100520,2022년 6월 27일 21시,월요일,대구광역시 달서구 송현동,중상사고,0,1,1,0,차대차 - 측면충돌,안전운전불이행,건조,맑음,기타 - 기타,승용,남,64세,상해없음,승용,남,52세,경상
2022062700100521,2022년 6월 27일 21시,월요일,대구광역시 달서구 용산동,경상사고,0,0,1,0,차대차 - 측면충돌,안전거리미확보,건조,맑음,단일로 - 기타,승용,남,23세,상해없음,승용,남,35세,경상
2022062700100537,2022년 6월 27일 22시,월요일,대구광역시 수성구 황금동,경상사고,0,0,1,0,차대차 - 기타,안전운전불이행,건조,맑음,교차로 - 교차로부근,승용,여,65세,기타불명,승합,남,71세,경상
2022062700100552,2022년 6월 27일 23시,월요일,대구광역시 북구 산격동,중상사고,0,1,0,0,차대사람 - 횡단중,안전운전불이행,건조,맑음,교차로 - 교차로횡단보도내,승용,남,57세,상해없음,보행자,남,18세,중상
2022062800100010,2022년 6월 28일 00시,화요일,대구광역시 서구 평리동,경상사고,0,0,1,0,차대차 - 측면충돌,안전운전불이행,건조,맑음,교차로 - 교차로안,승용,남,25세,상해없음,승용,남,69세,경상
2022062800100011,2022년 6월 28일 00시,화요일,대구광역시 서구 비산동,경상사고,0,0,3,0,차대차 - 후진중충돌,안전운전불이행,건조,맑음,단일로 - 기타,승용,남,52세,기타불명,승용,남,50세,경상
2022062800100024,2022년 6월 28일 02시,화요일,대구광역시 달서구 두류동,중상사고,0,2,0,0,차대차 - 정면충돌,신호위반,건조,맑음,교차로 - 교차로안,승용,남,47세,기타불명,승용,여,47세,상해없음
2022062800100040,2022년 6월 28일 05시,화요일,대구광역시 북구 관음동,경상사고,0,0,2,0,차대차 - 측면충돌,안전운전불이행,건조,맑음,단일로 - 기타,화물,남,37세,경상,승용,남,71세,경상
2022062800100047,2022년 6월 28일 06시,화요일,대구광역시 중구 대신동,경상사고,0,0,1,0,차대사람 - 길가장자리구역통행중,안전운전불이행,건조,맑음,단일로 - 기타,승용,남,65세,상해없음,보행자,여,79세,경상
2022062800100048,2022년 6월 28일 06시,화요일,대구광역시 달서구 죽전동,경상사고,0,0,1,0,차대차 - 측면충돌,안전거리미확보,건조,맑음,단일로 - 기타,건설기계,남,59세,상해없음,승용,남,65세,경상
2022062800100062,2022년 6월 28일 07시,화요일,대구광역시 달성군 유가읍,경상사고,0,0,4,0,차대차 - 기타,안전운전불이행,건조,맑음,교차로 - 교차로안,승용,남,19세,경상,승용,여,47세,경상
2022062800100063,2022년 6월 28일 07시,화요일,대구광역시 달서구 용산동,중상사고,0,1,0,0,차대차 - 정면충돌,안전운전불이행,건조,맑음,교차로 - 교차로횡단보도내,승용,남,75세,상해없음,개인형이동수단(PM),남,18세,중상
2022062800100092,2022년 6월 28일 08시,화요일,대구광역시 달성군 다사읍,경상사고,0,0,2,0,차대차 - 기타,안전운전불이행,건조,맑음,교차로 - 교차로안,이륜,남,17세,상해없음,승용,여,27세,경상
2022062800100094,2022년 6월 28일 08시,화요일,대구광역시 중구 삼덕동3가,경상사고,0,0,1,0,차대차 - 측면충돌,안전거리미확보,건조,맑음,단일로 - 기타,승용,여,42세,기타불명,승용,여,48세,경상
2022062800100124,2022년 6월 28일 09시,화요일,대구광역시 동구 사복동,경상사고,0,0,1,0,차대차 - 측면충돌,안전거리미확보,건조,맑음,기타 - 기타,화물,남,48세,상해없음,승용,남,32세,경상
2022062800100125,2022년 6월 28일 09시,화요일,대구광역시 북구 노원동3가,경상사고,0,0,1,0,차대차 - 측면충돌,교차로운행방법위반,건조,맑음,교차로 - 교차로안,화물,남,65세,상해없음,승용,여,61세,경상
2022062800100126,2022년 6월 28일 09시,화요일,대구광역시 북구 동천동,경상사고,0,0,2,0,차대차 - 측면충돌,안전운전불이행,건조,맑음,교차로 - 교차로안,승용,여,41세,경상,승용,여,49세,경상
2022062800100217,2022년 6월 28일 12시,화요일,대구광역시 동구 대림동,경상사고,0,0,1,1,차대차 - 추돌,안전거리미확보,건조,맑음,단일로 - 기타,승용,남,22세,부상신고,승용,남,56세,경상
2022062800100253,2022년 6월 28일 13시,화요일,대구광역시 동구 방촌동,경상사고,0,0,1,0,차대차 - 측면충돌,안전운전불이행,건조,맑음,단일로 - 기타,화물,남,30세,상해없음,자전거,여,54세,경상
2022062800100277,2022년 6월 28일 14시,화요일,대구광역시 달서구 송현동,경상사고,0,0,1,0,차대차 - 측면충돌,안전운전불이행,건조,맑음,단일로 - 기타,승합,남,44세,상해없음,화물,남,25세,경상
2022062800100278,2022년 6월 28일 14시,화요일,대구광역시 서구 중리동,경상사고,0,0,1,0,차대차 - 정면충돌,안전운전불이행,건조,맑음,교차로 - 교차로부근,승용,여,37세,상해없음,승합,남,54세,경상
2022062800100313,2022년 6월 28일 15시,화요일,대구광역시 동구 율하동,경상사고,0,0,1,0,차대사람 - 보도통행중,안전운전불이행,건조,맑음,기타 - 기타,승용,여,62세,상해없음,보행자,여,60세,경상
2022062800100314,2022년 6월 28일 15시,화요일,대구광역시 달서구 송현동,경상사고,0,0,3,0,차대차 - 추돌,안전운전불이행,건조,맑음,기타 - 기타,승용,남,62세,상해없음,승용,여,42세,경상
2022062800100315,2022년 6월 28일 15시,화요일,대구광역시 달서구 장동,경상사고,0,0,3,0,차대차 - 측면충돌,안전운전불이행,건조,맑음,단일로 - 기타,승용,남,83세,상해없음,승용,남,42세,경상
2022062800100354,2022년 6월 28일 16시,화요일,대구광역시 중구 남산동,경상사고,0,0,1,0,차대차 - 측면충돌,차로위반,건조,맑음,단일로 - 기타,승용,여,52세,상해없음,승용,남,47세,경상
2022062800100355,2022년 6월 28일 16시,화요일,대구광역시 북구 국우동,경상사고,0,0,1,0,차대사람 - 보도통행중,기타,건조,맑음,단일로 - 기타,개인형이동수단(PM),남,15세,상해없음,보행자,남,53세,경상
2022062800100382,2022년 6월 28일 17시,화요일,대구광역시 남구 대명동,부상신고사고,0,0,0,1,차대차 - 기타,안전운전불이행,건조,맑음,단일로 - 기타,자전거,남,11세,부상신고,승용,남,68세,상해없음
2022062800100383,2022년 6월 28일 17시,화요일,대구광역시 동구 봉무동,경상사고,0,0,1,0,차대사람 - 차도통행중,안전운전불이행,건조,맑음,단일로 - 기타,승용,남,63세,상해없음,보행자,남,7세,경상
2022062800100384,2022년 6월 28일 17시,화요일,대구광역시 북구 복현동,중상사고,0,1,0,0,차대차 - 정면충돌,안전운전불이행,건조,맑음,단일로 - 기타,승용,남,51세,상해없음,자전거,여,28세,중상
2022062800100385,2022년 6월 28일 17시,화요일,대구광역시 북구 산격동,경상사고,0,0,4,0,차대차 - 기타,안전운전불이행,건조,맑음,교차로 - 교차로안,화물,남,62세,상해없음,승용,남,20세,경상
2022062800100386,2022년 6월 28일 17시,화요일,대구광역시 북구 구암동,경상사고,0,0,1,0,차대사람 - 보도통행중,기타,건조,맑음,기타 - 기타,승용,여,53세,상해없음,보행자,여,53세,경상
2022062800100425,2022년 6월 28일 18시,화요일,대구광역시 북구 침산동,경상사고,0,0,1,0,차대차 - 측면충돌,안전거리미확보,건조,맑음,단일로 - 기타,이륜,남,32세,상해없음,승용,여,48세,경상
2022062800100426,2022년 6월 28일 18시,화요일,대구광역시 서구 내당동,경상사고,0,0,1,0,차대차 - 측면충돌,안전거리미확보,건조,맑음,단일로 - 기타,승용,여,28세,상해없음,이륜,남,29세,경상
2022062800100427,2022년 6월 28일 18시,화요일,대구광역시 북구 구암동,경상사고,0,0,1,0,차대차 - 측면충돌,교차로운행방법위반,건조,맑음,단일로 - 기타,승용,여,20세,상해없음,승용,여,44세,경상
2022062800100462,2022년 6월 28일 19시,화요일,대구광역시 북구 노원동3가,경상사고,0,0,1,0,차대차 - 기타,안전거리미확보,건조,맑음,교차로 - 교차로부근,승용,남,81세,상해없음,이륜,남,21세,경상
2022062800100463,2022년 6월 28일 19시,화요일,대구광역시 서구 평리동,경상사고,0,0,2,0,차대차 - 측면충돌,직진우회전진행방해,건조,맑음,교차로 - 교차로부근,승용,여,31세,경상,승용,남,68세,경상
2022062800100464,2022년 6월 28일 19시,화요일,대구광역시 달서구 용산동,경상사고,0,0,2,0,차대차 - 측면충돌,직진우회전진행방해,건조,맑음,교차로 - 교차로안,이륜,남,59세,경상,승용,남,53세,경상
2022062800100500,2022년 6월 28일 20시,화요일,대구광역시 수성구 수성동4가,경상사고,0,0,1,0,차대차 - 추돌,안전운전불이행,건조,맑음,교차로 - 교차로안,승용,남,38세,상해없음,승용,여,61세,경상
2022062800100502,2022년 6월 28일 20시,화요일,대구광역시 중구 남산동,경상사고,0,0,1,0,차대차 - 측면충돌,안전거리미확보,건조,맑음,단일로 - 기타,화물,남,51세,상해없음,승용,남,34세,상해없음
2022062800100527,2022년 6월 28일 21시,화요일,대구광역시 수성구 두산동,부상신고사고,0,0,0,1,차대차 - 측면충돌,안전운전불이행,건조,맑음,단일로 - 기타,승용,여,52세,상해없음,이륜,남,27세,부상신고
2022062800100528,2022년 6월 28일 21시,화요일,대구광역시 달서구 송현동,중상사고,0,1,0,0,차대차 - 측면충돌,교차로운행방법위반,건조,맑음,교차로 - 교차로안,승용,남,55세,상해없음,이륜,남,32세,중상
2022062800100529,2022년 6월 28일 21시,화요일,대구광역시 서구 원대동3가,부상신고사고,0,0,0,1,차대사람 - 기타,안전운전불이행,건조,맑음,교차로 - 교차로부근,승합,남,68세,상해없음,보행자,남,24세,부상신고
2022062900100010,2022년 6월 29일 00시,수요일,대구광역시 달성군 다사읍,경상사고,0,0,2,0,차대차 - 기타,안전운전불이행,건조,맑음,교차로 - 교차로부근,승용,남,39세,상해없음,승용,남,25세,경상
2022062900100011,2022년 6월 29일 00시,수요일,대구광역시 중구 대봉동,경상사고,0,0,1,0,차대차 - 측면충돌,안전운전불이행,건조,맑음,단일로 - 기타,승용,남,53세,상해없음,자전거,여,56세,경상
2022062900100029,2022년 6월 29일 02시,수요일,대구광역시 동구 신기동,경상사고,0,0,1,0,차대차 - 추돌,안전운전불이행,건조,맑음,교차로 - 교차로부근,승용,남,30세,상해없음,이륜,남,23세,경상
2022062900100038,2022년 6월 29일 03시,수요일,대구광역시 북구 침산동,중상사고,0,1,0,1,차대차 - 추돌,안전거리미확보,건조,맑음,단일로 - 기타,이륜,남,26세,부상신고,자전거,남,87세,중상
2022062900100070,2022년 6월 29일 07시,수요일,대구광역시 달서구 대천동,경상사고,0,0,1,0,차대차 - 측면충돌,안전운전불이행,건조,맑음,교차로 - 교차로안,화물,남,57세,상해없음,개인형이동수단(PM),남,41세,경상
2022062900100137,2022년 6월 29일 09시,수요일,대구광역시 남구 봉덕동,중상사고,0,1,1,0,차대차 - 측면충돌,안전운전불이행,건조,맑음,교차로 - 교차로안,승용,남,32세,경상,승용,남,63세,중상
2022062900100138,2022년 6월 29일 09시,수요일,대구광역시 달서구 성당동,경상사고,0,0,1,0,차대차 - 후진중충돌,안전운전불이행,건조,맑음,단일로 - 기타,화물,남,36세,상해없음,승용,여,53세,경상
2022062900100159,2022년 6월 29일 10시,수요일,대구광역시 동구 신서동,경상사고,0,0,1,0,차대사람 - 기타,보행자보호의무위반,건조,맑음,교차로 - 교차로안,화물,남,64세,상해없음,보행자,남,71세,경상
2022062900100160,2022년 6월 29일 10시,수요일,대구광역시 수성구 신매동,경상사고,0,0,1,0,차대차 - 추돌,안전운전불이행,건조,맑음,단일로 - 기타,승합,남,53세,상해없음,승용,여,48세,경상
2022062900100193,2022년 6월 29일 11시,수요일,대구광역시 달서구 상인동,경상사고,0,0,2,0,차대차 - 측면충돌,안전거리미확보,건조,맑음,단일로 - 기타,승용,남,66세,경상,승용,남,44세,경상
2022062900100194,2022년 6월 29일 11시,수요일,대구광역시 북구 구암동,중상사고,0,1,0,0,차대사람 - 보도통행중,보행자보호의무위반,건조,맑음,교차로 - 교차로부근,승용,남,66세,상해없음,보행자,여,79세,중상
2022062900100225,2022년 6월 29일 12시,수요일,대구광역시 달서구 용산동,중상사고,0,1,0,0,차대차 - 기타,안전운전불이행,건조,맑음,단일로 - 기타,승용,남,40세,중상,승합,남,37세,기타불명
2022062900100261,2022년 6월 29일 13시,수요일,대구광역시 수성구 만촌동,중상사고,0,1,4,0,차대차 - 기타,기타,건조,맑음,단일로 - 기타,승용,남,39세,상해없음,승용,남,38세,경상
2022062900100262,2022년 6월 29일 13시,수요일,대구광역시 달서구 월암동,경상사고,0,0,1,0,차대차 - 측면충돌,직진우회전진행방해,건조,맑음,교차로 - 교차로안,승용,여,61세,상해없음,승용,남,43세,경상
2022062900100300,2022년 6월 29일 14시,수요일,대구광역시 중구 태평로3가,경상사고,0,0,1,0,차량단독 - 기타,기타,건조,맑음,단일로 - 기타,승합,남,59세,상해없음,,,,
2022062900100301,2022년 6월 29일 14시,수요일,대구광역시 북구 구암동,중상사고,0,1,0,0,차대사람 - 횡단중,보행자보호의무위반,건조,맑음,교차로 - 교차로횡단보도내,화물,남,60세,상해없음,보행자,남,81세,중상
2022062900100340,2022년 6월 29일 15시,수요일,대구광역시 수성구 범어동,중상사고,0,1,0,0,차대차 - 측면충돌,신호위반,건조,맑음,교차로 - 교차로안,승용,남,67세,상해없음,이륜,남,31세,중상
2022062900100373,2022년 6월 29일 16시,수요일,대구광역시 달서구 송현동,경상사고,0,0,1,0,차대사람 - 기타,안전운전불이행,건조,맑음,단일로 - 기타,승용,남,60세,상해없음,보행자,여,57세,경상
2022062900100374,2022년 6월 29일 16시,수요일,대구광역시 북구 동천동,경상사고,0,0,2,0,차대차 - 측면충돌,신호위반,건조,맑음,교차로 - 교차로안,승용,남,30세,상해없음,승용,여,53세,경상
2022062900100413,2022년 6월 29일 17시,수요일,대구광역시 동구 신천동,경상사고,0,0,1,0,차대사람 - 기타,안전운전불이행,건조,맑음,단일로 - 기타,승용,여,30세,상해없음,보행자,남,37세,경상
2022062900100414,2022년 6월 29일 17시,수요일,대구광역시 동구 신암동,경상사고,0,0,1,0,차대차 - 측면충돌,교차로운행방법위반,건조,맑음,교차로 - 교차로안,승용,여,49세,상해없음,이륜,남,30세,경상
2022062900100453,2022년 6월 29일 18시,수요일,대구광역시 동구 효목동,경상사고,0,0,2,0,차대차 - 측면충돌,안전운전불이행,건조,맑음,교차로 - 교차로부근,승용,여,58세,기타불명,승용,남,34세,경상
2022062900100455,2022년 6월 29일 18시,수요일,대구광역시 서구 이현동,부상신고사고,0,0,0,1,차대차 - 측면충돌,안전운전불이행,건조,흐림,교차로 - 교차로횡단보도내,자전거,남,16세,부상신고,승용,여,51세,상해없음
2022062900100456,2022년 6월 29일 18시,수요일,대구광역시 북구 구암동,경상사고,0,0,1,0,차대사람 - 차도통행중,안전운전불이행,건조,맑음,교차로 - 교차로안,승용,남,63세,상해없음,보행자,여,31세,경상
2022062900100485,2022년 6월 29일 19시,수요일,대구광역시 남구 대명동,부상신고사고,0,0,0,1,차대차 - 측면충돌,교차로운행방법위반,건조,맑음,교차로 - 교차로안,이륜,남,77세,부상신고,승용,남,61세,상해없음
2022062900100519,2022년 6월 29일 20시,수요일,대구광역시 동구 서호동,경상사고,0,0,1,0,차대사람 - 차도통행중,교차로운행방법위반,건조,맑음,교차로 - 교차로안,승용,남,66세,상해없음,보행자,남,74세,경상
2022062900100520,2022년 6월 29일 20시,수요일,대구광역시 수성구 지산동,중상사고,0,1,3,0,차대차 - 측면충돌,안전운전불이행,건조,맑음,교차로 - 교차로안,승용,남,64세,상해없음,승용,남,54세,중상
2022062900100521,2022년 6월 29일 20시,수요일,대구광역시 북구 고성동3가,부상신고사고,0,0,0,1,차대차 - 측면충돌,안전운전불이행,건조,맑음,단일로 - 기타,승용,여,47세,상해없음,이륜,남,21세,부상신고
2022063000100068,2022년 6월 30일 05시,목요일,대구광역시 남구 대명동,경상사고,0,0,1,0,차대차 - 추돌,안전운전불이행,건조,맑음,교차로 - 교차로부근,승용,여,56세,상해없음,승용,남,72세,경상
2022063000100069,2022년 6월 30일 05시,목요일,대구광역시 수성구 범어동,중상사고,0,1,0,0,차대사람 - 차도통행중,안전운전불이행,건조,맑음,기타 - 기타,승용,남,72세,상해없음,보행자,여,85세,중상
2022063000100070,2022년 6월 30일 05시,목요일,대구광역시 북구 산격동,부상신고사고,0,0,0,1,차대사람 - 기타,안전운전불이행,건조,맑음,단일로 - 기타,승용,여,63세,상해없음,보행자,여,37세,부상신고
2022063000100078,2022년 6월 30일 06시,목요일,대구광역시 달서구 월성동,중상사고,0,1,1,0,차대차 - 측면충돌,중앙선침범,건조,맑음,기타 - 기타,승용,남,25세,상해없음,화물,남,55세,중상
2022063000100079,2022년 6월 30일 06시,목요일,대구광역시 북구 읍내동,경상사고,0,0,1,0,차대사람 - 횡단중,교차로운행방법위반,건조,맑음,교차로 - 교차로횡단보도내,화물,남,51세,상해없음,보행자,남,49세,경상
2022063000100132,2022년 6월 30일 08시,목요일,대구광역시 북구 서변동,중상사고,0,1,0,0,차대차 - 측면충돌,안전운전불이행,건조,맑음,단일로 - 고가도로위,건설기계,남,66세,상해없음,승용,남,55세,중상
2022063000100192,2022년 6월 30일 10시,목요일,대구광역시 동구 효목동,경상사고,0,0,1,0,차대차 - 측면충돌,교차로운행방법위반,건조,맑음,단일로 - 고가도로위,승용,남,66세,상해없음,승용,여,48세,경상
2022063000100193,2022년 6월 30일 10시,목요일,대구광역시 수성구 가천동,경상사고,0,0,1,0,차대차 - 측면충돌,안전운전불이행,건조,맑음,단일로 - 기타,자전거,남,69세,경상,승용,여,34세,상해없음
2022063000100194,2022년 6월 30일 10시,목요일,대구광역시 북구 복현동,경상사고,0,0,1,0,차대차 - 기타,안전운전불이행,건조,맑음,교차로 - 교차로안,승용,여,67세,상해없음,이륜,남,51세,경상
2022063000100195,2022년 6월 30일 10시,목요일,대구광역시 북구 산격동,부상신고사고,0,0,0,1,차대사람 - 기타,안전운전불이행,건조,맑음,단일로 - 기타,승합,남,53세,상해없음,보행자,여,69세,부상신고