사고번호,사고일시,요일,시군구,사고내용,사망자수,중상자수,경상자수,부상신고자수,사고유형,법규위반,노면상태,기상상태,도로형태,가해운전자 차종,가해운전자 성별,가해운전자 연령,가해운전자 상해정도,피해운전자 차종,피해운전자 성별,피해운전자 연령,피해운전자 상해정도
2022070300100205,2022년 7월 3일 13시,일요일,대구광역시 북구 침산동,경상사고,0,0,1,0,차대차 - 측면충돌,안전거리미확보,건조,맑음,단일로 - 기타,승용,남,54세,상해없음,승용,남,63세,상해없음
2022070300100241,2022년 7월 3일 14시,일요일,대구광역시 북구 노원동3가,중상사고,0,1,0,0,차대차 - 추돌,안전운전불이행,젖음/습기,비,단일로 - 기타,승용,여,44세,기타불명,승용,남,48세,중상
2022070300100281,2022년 7월 3일 15시,일요일,대구광역시 동구 신암동,경상사고,0,0,7,0,차대차 - 추돌,안전운전불이행,건조,맑음,교차로 - 교차로부근,승용,남,32세,경상,승용,남,56세,경상
2022070300100282,2022년 7월 3일 15시,일요일,대구광역시 서구 평리동,부상신고사고,0,0,0,1,차량단독 - 전도전복 - 전도,안전운전불이행,젖음/습기,흐림,교차로 - 교차로횡단보도내,이륜,남,29세,부상신고,,,,
2022070300100330,2022년 7월 3일 17시,일요일,대구광역시 동구 신서동,경상사고,0,0,3,0,차대차 - 기타,안전운전불이행,건조,맑음,단일로 - 기타,승용,여,26세,상해없음,승합,남,73세,경상
2022070300100331,2022년 7월 3일 17시,일요일,대구광역시 달성군 유가읍,경상사고,0,0,2,0,차대차 - 기타,안전운전불이행,건조,맑음,교차로 - 교차로부근,승용,남,35세,상해없음,승용,남,57세,경상
2022070300100360,2022년 7월 3일 18시,일요일,대구광역시 수성구 만촌동,경상사고,0,0,1,0,차대차 - 기타,안전운전불이행,건조,맑음,교차로 - 교차로안,승용,남,80세,상해없음,자전거,남,8세,경상
2022070300100361,2022년 7월 3일 18시,일요일,대구광역시 달서구 장기동,중상사고,0,1,0,0,차대사람 - 차도통행중,안전운전불이행,건조,맑음,단일로 - 기타,승용,남,24세,상해없음,보행자,남,5세,중상
2022070300100387,2022년 7월 3일 19시,일요일,대구광역시 수성구 두산동,경상사고,0,0,1,0,차대차 - 측면충돌,안전운전불이행,건조,맑음,교차로 - 교차로안,승용,남,43세,상해없음,승용,남,32세,경상
2022070300100388,2022년 7월 3일 19시,일요일,대구광역시 달서구 상인동,경상사고,0,0,2,0,차대차 - 측면충돌,안전운전불이행,건조,맑음,교차로 - 교차로부근,화물,남,63세,경상,승용,여,63세,경상
2022070300100414,2022년 7월 3일 20시,일요일,대구광역시 동구 율하동,경상사고,0,0,1,0,차대차 - 추돌,안전운전불이행,건조,맑음,단일로 - 기타,기타불명,기타불명,미분류,기타불명,자전거,남,18세,경상
2022070300100439,2022년 7월 3일 21시,일요일,대구광역시 남구 대명동,중상사고,0,1,0,0,차대차 - 측면충돌,안전운전불이행,건조,맑음,단일로 - 지하차도(도로)내,승용,남,68세,상해없음,이륜,남,30세,중상
2022070300100440,2022년 7월 3일 21시,일요일,대구광역시 수성구 만촌동,경상사고,0,0,1,0,차대차 - 기타,안전운전불이행,건조,맑음,교차로 - 교차로부근,승용,남,53세,상해없음,승용,남,45세,경상
2022070300100441,2022년 7월 3일 21시,일요일,대구광역시 북구 대현동,부상신고사고,0,0,0,2,차대사람 - 횡단중,안전운전불이행,건조,맑음,교차로 - 교차로횡단보도내,이륜,남,18세,부상신고,보행자,남,62세,부상신고
2022070300100460,2022년 7월 3일 22시,일요일,대구광역시 북구 조야동,경상사고,0,0,3,0,차대차 - 추돌,안전운전불이행,건조,맑음,단일로 - 기타,승용,남,29세,상해없음,승용,남,34세,경상
2022070300100463,2022년 7월 3일 22시,일요일,대구광역시 북구 침산동,부상신고사고,0,0,0,1,차대차 - 측면충돌,교차로운행방법위반,건조,맑음,교차로 - 교차로부근,승용,남,31세,상해없음,승용,남,49세,부상신고
2022070400100024,2022년 7월 4일 04시,월요일,대구광역시 북구 금호동,중상사고,0,1,0,0,차대차 - 측면충돌,안전운전불이행,건조,맑음,교차로 - 교차로부근,승용,남,24세,중상,승용,남,30세,상해없음
2022070400100031,2022년 7월 4일 05시,월요일,대구광역시 수성구 신매동,경상사고,0,0,1,0,차대차 - 측면충돌,안전운전불이행,건조,맑음,교차로 - 교차로안,승용,남,59세,상해없음,이륜,남,52세,경상
2022070400100042,2022년 7월 4일 06시,월요일,대구광역시 서구 비산동,경상사고,0,0,1,0,차대차 - 측면충돌,안전운전불이행,건조,맑음,교차로 - 교차로횡단보도내,개인형이동수단(PM),남,43세,경상,화물,여,48세,상해없음
2022070400100108,2022년 7월 4일 08시,월요일,대구광역시 수성구 매호동,경상사고,0,0,1,0,차대차 - 측면충돌,안전운전불이행,건조,맑음,단일로 - 기타,승용,여,60세,상해없음,화물,남,30세,경상
2022070400100178,2022년 7월 4일 10시,월요일,대구광역시 동구 효목동,경상사고,0,0,1,0,차대사람 - 차도통행중,안전운전불이행,건조,맑음,교차로 - 교차로부근,승용,남,53세,상해없음,보행자,남,33세,경상
2022070400100179,2022년 7월 4일 10시,월요일,대구광역시 수성구 욱수동,경상사고,0,0,1,0,차대차 - 추돌,안전운전불이행,건조,맑음,단일로 - 기타,승용,남,53세,상해없음,이륜,남,22세,경상
2022070400100180,2022년 7월 4일 10시,월요일,대구광역시 달서구 용산동,경상사고,0,0,2,1,차대차 - 추돌,안전운전불이행,건조,맑음,교차로 - 교차로부근,승용,남,71세,상해없음,승용,남,65세,경상
2022070400100209,2022년 7월 4일 11시,월요일,대구광역시 수성구 황금동,경상사고,0,0,2,0,차대차 - 기타,기타,건조,맑음,단일로 - 기타,승용,남,69세,경상,이륜,남,47세,경상
2022070400100210,2022년 7월 4일 11시,월요일,대구광역시 북구 산격동,중상사고,0,1,1,0,차대차 - 기타,교차로운행방법위반,건조,맑음,교차로 - 교차로안,이륜,남,43세,경상,승용,남,61세,중상
2022070400100211,2022년 7월 4일 11시,월요일,대구광역시 중구 봉산동,부상신고사고,0,0,0,2,차대차 - 측면충돌,차로위반,건조,맑음,단일로 - 기타,승용,여,51세,상해없음,승용,여,52세,부상신고
2022070400100241,2022년 7월 4일 12시,월요일,대구광역시 달서구 유천동,경상사고,0,0,1,0,차대차 - 후진중충돌,안전운전불이행,건조,맑음,주차장 - 주차장,화물,남,62세,상해없음,승용,남,26세,경상
2022070400100242,2022년 7월 4일 12시,월요일,대구광역시 북구 태전동,경상사고,0,0,1,0,차대차 - 측면충돌,안전운전불이행,건조,맑음,교차로 - 교차로부근,자전거,여,79세,경상,승용,여,36세,상해없음
2022070400100274,2022년 7월 4일 13시,월요일,대구광역시 달성군 하빈면,중상사고,0,1,0,0,차대차 - 기타,안전운전불이행,건조,맑음,교차로 - 교차로안,화물,남,71세,상해없음,화물,남,32세,중상
2022070400100275,2022년 7월 4일 13시,월요일,대구광역시 서구 평리동,중상사고,0,1,0,0,차대사람 - 차도통행중,안전운전불이행,건조,맑음,단일로 - 기타,승용,여,34세,상해없음,보행자,남,75세,중상
2022070400100312,2022년 7월 4일 14시,월요일,대구광역시 동구 효목동,경상사고,0,0,1,0,차대차 - 측면충돌,안전운전불이행,건조,맑음,단일로 - 기타,이륜,남,52세,경상,승용,남,69세,상해없음
2022070400100340,2022년 7월 4일 15시,월요일,대구광역시 수성구 만촌동,경상사고,0,0,1,0,차대차 - 측면충돌,안전거리미확보,건조,맑음,단일로 - 기타,승용,남,78세,상해없음,승용,남,63세,경상
2022070400100377,2022년 7월 4일 16시,월요일,대구광역시 남구 대명동,부상신고사고,0,0,0,1,차대사람 - 기타,기타,건조,맑음,기타 - 기타,기타불명,기타불명,미분류,기타불명,보행자,남,50세,부상신고
2022070400100378,2022년 7월 4일 16시,월요일,대구광역시 수성구 수성동2가,경상사고,0,0,3,0,차대차 - 측면충돌,안전거리미확보,건조,맑음,교차로 - 교차로부근,승용,남,37세,경상,승용,남,74세,경상
2022070400100430,2022년 7월 4일 17시,월요일,대구광역시 동구 도동,경상사고,0,0,1,0,차대차 - 측면충돌,안전운전불이행,건조,맑음,단일로 - 기타,승용,여,44세,상해없음,승용,여,30세,경상
2022070400100432,2022년 7월 4일 17시,월요일,대구광역시 동구 입석동,중상사고,0,2,0,0,차대차 - 추돌,안전운전불이행,건조,맑음,단일로 - 기타,화물,남,73세,상해없음,승용,남,36세,중상
2022070400100475,2022년 7월 4일 18시,월요일,대구광역시 동구 신천동,중상사고,0,1,2,0,차대차 - 측면충돌,안전거리미확보,건조,맑음,단일로 - 지하차도(도로)내,승용,남,36세,기타불명,승용,남,54세,중상
2022070400100476,2022년 7월 4일 18시,월요일,대구광역시 달서구 상인동,부상신고사고,0,0,0,1,차대차 - 후진중충돌,불법유턴,건조,맑음,단일로 - 기타,승용,남,53세,상해없음,이륜,남,20세,부상신고
2022070400100510,2022년 7월 4일 19시,월요일,대구광역시 남구 이천동,부상신고사고,0,0,0,1,차대차 - 기타,안전운전불이행,건조,맑음,단일로 - 기타,승용,여,64세,상해없음,자전거,남,62세,부상신고
2022070400100511,2022년 7월 4일 19시,월요일,대구광역시 북구 관음동,경상사고,0,0,1,0,차대차 - 측면충돌,교차로운행방법위반,건조,맑음,교차로 - 교차로안,화물,남,49세,상해없음,화물,남,45세,경상
2022070400100532,2022년 7월 4일 20시,월요일,대구광역시 동구 신암동,경상사고,0,0,1,0,차대차 - 측면충돌,안전운전불이행,건조,맑음,단일로 - 기타,승용,여,27세,상해없음,화물,남,38세,경상
2022070400100533,2022년 7월 4일 20시,월요일,대구광역시 달성군 현풍읍,경상사고,0,0,4,1,차대차 - 기타,신호위반,건조,맑음,교차로 - 교차로안,승용,여,33세,상해없음,승용,여,37세,경상
2022070400100556,2022년 7월 4일 21시,월요일,대구광역시 달성군 유가읍,경상사고,0,0,3,0,차대차 - 추돌,안전운전불이행,건조,맑음,기타 - 기타,승합,남,43세,상해없음,승용,여,53세,경상
2022070400100572,2022년 7월 4일 22시,월요일,대구광역시 달서구 호산동,중상사고,0,1,0,0,차대차 - 측면충돌,교차로운행방법위반,건조,맑음,교차로 - 교차로안,승용,남,32세,상해없음,이륜,남,35세,중상
2022070400100585,2022년 7월 4일 23시,월요일,대구광역시 달서구 두류동,경상사고,0,0,1,0,차대차 - 기타,안전운전불이행,건조,맑음,기타 - 기타,기타불명,기타불명,미분류,기타불명,자전거,여,23세,경상
2022070500100067,2022년 7월 5일 07시,화요일,대구광역시 서구 평리동,중상사고,0,1,0,0,차대차 - 측면충돌,안전거리미확보,건조,맑음,단일로 - 기타,건설기계,남,59세,상해없음,승용,남,42세,중상
2022070500100111,2022년 7월 5일 08시,화요일,대구광역시 동구 신천동,중상사고,0,1,0,0,차대사람 - 기타,보행자보호의무위반,건조,맑음,교차로 - 교차로횡단보도내,승용,여,39세,상해없음,보행자,여,27세,중상
2022070500100112,2022년 7월 5일 08시,화요일,대구광역시 수성구 수성동1가,경상사고,0,0,4,0,차대차 - 측면충돌,안전운전불이행,건조,맑음,단일로 - 기타,승용,여,31세,상해없음,승합,남,50세,경상
2022070500100113,2022년 7월 5일 08시,화요일,대구광역시 달서구 송현동,경상사고,0,0,1,0,차대차 - 추돌,안전운전불이행,건조,맑음,단일로 - 기타,승용,남,57세,상해없음,승용,남,59세,경상
2022070500100146,2022년 7월 5일 09시,화요일,대구광역시 달성군 논공읍,중상사고,0,1,0,0,차대차 - 기타,안전운전불이행,건조,맑음,교차로 - 교차로안,승용,남,62세,상해없음,승용,남,63세,중상
2022070500100204,2022년 7월 5일 11시,화요일,대구광역시 달성군 화원읍,경상사고,0,0,1,0,차대차 - 정면충돌,안전운전불이행,건조,맑음,교차로 - 교차로부근,자전거,여,51세,경상,승합,남,55세,상해없음
2022070500100236,2022년 7월 5일 12시,화요일,대구광역시 동구 효목동,경상사고,0,0,1,0,차대차 - 측면충돌,안전운전불이행,건조,맑음,교차로 - 교차로부근,승용,남,30세,상해없음,개인형이동수단(PM),남,17세,경상
2022070500100237,2022년 7월 5일 12시,화요일,대구광역시 북구 칠성동2가,중상사고,0,1,0,0,차대사람 - 횡단중,안전운전불이행,건조,맑음,교차로 - 교차로안,승용,남,26세,상해없음,보행자,여,33세,중상
2022070500100238,2022년 7월 5일 12시,화요일,대구광역시 북구 산격동,경상사고,0,0,4,0,차대차 - 측면충돌,교차로운행방법위반,건조,맑음,교차로 - 교차로안,승용,남,37세,상해없음,승용,남,30세,경상
2022070500100270,2022년 7월 5일 13시,화요일,대구광역시 수성구 신매동,경상사고,0,0,1,0,차대차 - 추돌,안전운전불이행,건조,맑음,단일로 - 기타,승용,여,65세,상해없음,이륜,여,23세,경상
2022070500100271,2022년 7월 5일 13시,화요일,대구광역시 달성군 논공읍,경상사고,0,0,1,0,차대차 - 측면충돌,안전운전불이행,건조,맑음,교차로 - 교차로안,이륜,남,27세,경상,승용,남,43세,상해없음
2022070500100298,2022년 7월 5일 14시,화요일,대구광역시 북구 연경동,경상사고,0,0,1,0,차대차 - 정면충돌,안전운전불이행,건조,맑음,단일로 - 터널,승용,남,39세,상해없음,건설기계,남,50세,경상
2022070500100303,2022년 7월 5일 14시,화요일,대구광역시 남구 봉덕동,경상사고,0,0,1,0,차대차 - 추돌,안전운전불이행,건조,맑음,교차로 - 교차로안,승용,남,52세,상해없음,승용,여,58세,경상
2022070500100304,2022년 7월 5일 14시,화요일,대구광역시 수성구 욱수동,경상사고,0,0,1,0,차대차 - 측면충돌,안전거리미확보,건조,맑음,단일로 - 기타,건설기계,남,60세,상해없음,승용,남,45세,경상
2022070500100305,2022년 7월 5일 14시,화요일,대구광역시 달서구 진천동,중상사고,0,1,0,0,차대차 - 추돌,안전운전불이행,건조,맑음,단일로 - 기타,승용,여,58세,상해없음,승용,남,51세,중상
2022070500100306,2022년 7월 5일 14시,화요일,대구광역시 남구 대명동,경상사고,0,0,1,0,차대차 - 기타,신호위반,건조,맑음,교차로 - 교차로횡단보도내,승용,남,75세,상해없음,자전거,여,24세,경상
2022070500100347,2022년 7월 5일 15시,화요일,대구광역시 달성군 현풍읍,중상사고,0,1,0,0,차대사람 - 기타,안전운전불이행,건조,맑음,단일로 - 기타,승용,남,23세,상해없음,보행자,여,73세,중상
2022070500100348,2022년 7월 5일 15시,화요일,대구광역시 달서구 용산동,경상사고,0,0,3,0,차대차 - 측면충돌,안전운전불이행,건조,맑음,기타 - 기타,승용,여,32세,경상,승용,남,39세,경상
2022070500100349,2022년 7월 5일 15시,화요일,대구광역시 달서구 감삼동,경상사고,0,0,1,0,차대차 - 기타,안전운전불이행,건조,맑음,교차로 - 교차로부근,승용,남,80세,상해없음,승용,남,43세,경상
2022070500100350,2022년 7월 5일 15시,화요일,대구광역시 북구 태전동,경상사고,0,0,1,0,차대차 - 측면충돌,안전운전불이행,건조,맑음,단일로 - 교량,승용,여,37세,상해없음,원동기,남,22세,경상
2022070500100380,2022년 7월 5일 16시,화요일,대구광역시 수성구 범어동,경상사고,0,0,1,0,차대차 - 기타,안전운전불이행,건조,맑음,교차로 - 교차로부근,이륜,남,25세,상해없음,승용,남,32세,상해없음
2022070500100470,2022년 7월 5일 18시,화요일,대구광역시 중구 대봉동,중상사고,0,1,0,0,차대차 - 추돌,안전운전불이행,건조,맑음,교차로 - 교차로부근,이륜,남,21세,중상,승용,남,55세,상해없음
2022070500100471,2022년 7월 5일 18시,화요일,대구광역시 북구 태전동,경상사고,0,0,1,0,차대차 - 측면충돌,직진우회전진행방해,건조,맑음,교차로 - 교차로안,승용,여,54세,기타불명,승용,남,54세,상해없음
2022070500100531,2022년 7월 5일 20시,화요일,대구광역시 동구 대림동,경상사고,0,0,1,0,차대차 - 측면충돌,안전운전불이행,건조,맑음,교차로 - 교차로안,자전거,여,26세,경상,승용,남,75세,상해없음
2022070500100532,2022년 7월 5일 20시,화요일,대구광역시 동구 신암동,부상신고사고,0,0,0,1,차대사람 - 횡단중,안전운전불이행,건조,맑음,단일로 - 기타,기타불명,기타불명,미분류,기타불명,보행자,남,32세,부상신고
2022070500100549,2022년 7월 5일 21시,화요일,대구광역시 동구 신암동,경상사고,0,0,1,0,차대차 - 측면충돌,안전운전불이행,건조,맑음,교차로 - 교차로안,승용,여,55세,상해없음,승용,여,41세,경상
2022070500100550,2022년 7월 5일 21시,화요일,대구광역시 수성구 범어동,중상사고,0,1,0,0,차대차 - 측면충돌,안전거리미확보,건조,맑음,단일로 - 기타,승용,남,64세,상해없음,이륜,남,61세,중상
2022070500100551,2022년 7월 5일 21시,화요일,대구광역시 달서구 월성동,경상사고,0,0,1,0,차대차 - 측면충돌,안전거리미확보,건조,맑음,단일로 - 기타,승용,여,63세,상해없음,승용,남,38세,경상
2022070500100568,2022년 7월 5일 22시,화요일,대구광역시 달성군 유가읍,경상사고,0,0,1,0,차대차 - 기타,안전운전불이행,건조,맑음,교차로 - 교차로안,승용,여,56세,상해없음,자전거,남,10세,경상
2022070500100569,2022년 7월 5일 22시,화요일,대구광역시 달서구 신당동,중상사고,0,1,0,0,차대차 - 기타,중앙선침범,건조,맑음,단일로 - 기타,승용,남,69세,상해없음,이륜,남,17세,중상
2022070600100048,2022년 7월 6일 06시,수요일,대구광역시 달서구 장동,경상사고,0,0,2,0,차대차 - 측면충돌,신호위반,건조,맑음,교차로 - 교차로안,승용,여,27세,상해없음,승용,남,27세,경상
2022070600100074,2022년 7월 6일 07시,수요일,대구광역시 수성구 수성동4가,경상사고,0,0,1,0,차대차 - 측면충돌,안전운전불이행,건조,맑음,단일로 - 기타,승용,남,49세,상해없음,자전거,여,63세,경상
2022070600100076,2022년 7월 6일 07시,수요일,대구광역시 달성군 화원읍,경상사고,0,0,1,0,차대차 - 기타,안전운전불이행,건조,맑음,단일로 - 기타,승용,여,67세,상해없음,승용,남,31세,경상
2022070600100109,2022년 7월 6일 08시,수요일,대구광역시 서구 비산동,경상사고,0,0,1,0,차대차 - 기타,안전거리미확보,건조,맑음,단일로 - 기타,승용,남,68세,상해없음,승합,남,61세,경상
2022070600100110,2022년 7월 6일 08시,수요일,대구광역시 달서구 죽전동,경상사고,0,0,1,0,차대차 - 추돌,안전운전불이행,건조,맑음,단일로 - 기타,승용,남,27세,상해없음,화물,남,65세,경상
2022070600100111,2022년 7월 6일 08시,수요일,대구광역시 북구 읍내동,경상사고,0,0,2,0,차대차 - 추돌,안전거리미확보,건조,맑음,단일로 - 기타,승용,여,40세,상해없음,승용,여,37세,경상
2022070600100141,2022년 7월 6일 09시,수요일,대구광역시 동구 검사동,중상사고,0,1,0,0,차대사람 - 횡단중,보행자보호의무위반,건조,맑음,교차로 - 교차로횡단보도내,승용,여,67세,상해없음,보행자,남,44세,중상
2022070600100175,2022년 7월 6일 10시,수요일,대구광역시 남구 대명동,중상사고,0,1,0,1,차대차 - 추돌,안전운전불이행,건조,맑음,단일로 - 기타,승용,남,68세,상해없음,승용,남,62세,중상
2022070600100176,2022년 7월 6일 10시,수요일,대구광역시 남구 대명동,경상사고,0,0,1,0,차대차 - 기타,안전운전불이행,건조,맑음,교차로 - 교차로부근,승용,남,43세,상해없음,승용,여,49세,경상
2022070600100178,2022년 7월 6일 10시,수요일,대구광역시 동구 지묘동,경상사고,0,0,1,0,차대사람 - 차도통행중,안전운전불이행,건조,맑음,기타 - 기타,승용,여,64세,상해없음,보행자,여,31세,경상
2022070600100225,2022년 7월 6일 12시,수요일,대구광역시 남구 대명동,중상사고,0,2,1,0,차대차 - 측면충돌,교차로운행방법위반,건조,맑음,단일로 - 지하차도(도로)내,이륜,남,61세,중상,승용,남,69세,경상
2022070600100226,2022년 7월 6일 12시,수요일,대구광역시 수성구 가천동,경상사고,0,0,2,0,차대차 - 기타,안전운전불이행,건조,맑음,교차로 - 교차로안,승용,여,57세,상해없음,승용,여,51세,경상
2022070600100227,2022년 7월 6일 12시,수요일,대구광역시 달성군 유가읍,경상사고,0,0,1,0,차대차 - 기타,안전운전불이행,건조,맑음,교차로 - 교차로부근,승용,여,50세,상해없음,승용,여,57세,경상
2022070600100228,2022년 7월 6일 12시,수요일,대구광역시 달서구 용산동,경상사고,0,0,1,0,차대사람 - 횡단중,안전운전불이행,건조,맑음,교차로 - 교차로부근,승용,여,44세,상해없음,보행자,여,27세,경상
2022070600100258,2022년 7월 6일 13시,수요일,대구광역시 달서구 호산동,중상사고,0,1,0,0,차대차 - 측면충돌,안전운전불이행,건조,맑음,단일로 - 기타,승용,여,27세,상해없음,자전거,남,36세,중상
2022070600100259,2022년 7월 6일 13시,수요일,대구광역시 달서구 신당동,경상사고,0,0,2,0,차대차 - 측면충돌,안전운전불이행,건조,맑음,교차로 - 교차로횡단보도내,승용,여,37세,상해없음,승용,남,30세,경상
2022070600100288,2022년 7월 6일 14시,수요일,대구광역시 동구 방촌동,중상사고,0,1,0,0,차대차 - 기타,안전거리미확보,건조,맑음,단일로 - 기타,승용,여,58세,상해없음,승합,남,53세,상해없음
2022070600100330,2022년 7월 6일 15시,수요일,대구광역시 수성구 지산동,경상사고,0,0,2,0,차대차 - 기타,안전운전불이행,건조,맑음,단일로 - 기타,승용,여,40세,경상,승용,남,21세,경상
2022070600100331,2022년 7월 6일 15시,수요일,대구광역시 달서구 대곡동,경상사고,0,0,1,0,차대차 - 측면충돌,신호위반,건조,맑음,교차로 - 교차로안,승용,남,78세,상해없음,이륜,남,36세,경상
2022070600100332,2022년 7월 6일 15시,수요일,대구광역시 달성군 논공읍,경상사고,0,0,4,0,차대차 - 기타,안전운전불이행,건조,맑음,단일로 - 기타,승용,여,66세,경상,승용,남,67세,경상
2022070600100359,2022년 7월 6일 16시,수요일,대구광역시 수성구 중동,경상사고,0,0,2,0,차대차 - 기타,안전운전불이행,건조,맑음,단일로 - 기타,승용,여,27세,상해없음,승용,남,43세,경상
2022070600100360,2022년 7월 6일 16시,수요일,대구광역시 달서구 진천동,중상사고,0,1,0,0,차대차 - 측면충돌,교차로운행방법위반,건조,맑음,교차로 - 교차로안,화물,남,71세,상해없음,자전거,남,64세,중상
2022070600100393,2022년 7월 6일 17시,수요일,대구광역시 남구 대명동,경상사고,0,0,3,0,차대차 - 측면충돌,불법유턴,건조,맑음,단일로 - 기타,승용,남,54세,상해없음,승용,여,28세,경상
2022070600100394,2022년 7월 6일 17시,수요일,대구광역시 북구 태전동,경상사고,0,0,1,0,차대차 - 측면충돌,안전거리미확보,건조,맑음,교차로 - 교차로안,특수,남,64세,상해없음,승용,여,35세,경상
2022070600100436,2022년 7월 6일 18시,수요일,대구광역시 달서구 송현동,경상사고,0,0,4,0,차대차 - 측면충돌,교차로운행방법위반,건조,맑음,교차로 - 교차로부근,승용,여,54세,상해없음,승용,여,37세,경상
2022070600100437,2022년 7월 6일 18시,수요일,대구광역시 북구 침산동,경상사고,0,0,1,0,차대차 - 측면충돌,안전운전불이행,젖음/습기,비,단일로 - 기타,승용,남,61세,상해없음,자전거,남,73세,경상
2022070600100438,2022년 7월 6일 18시,수요일,대구광역시 달서구 이곡동,경상사고,0,0,1,0,차대차 - 측면충돌,교차로운행방법위반,건조,맑음,교차로 - 교차로안,승용,남,62세,상해없음,원동기,남,41세,경상
2022070600100439,2022년 7월 6일 18시,수요일,대구광역시 북구 관음동,경상사고,0,0,2,0,차대차 - 측면충돌,신호위반,젖음/습기,비,교차로 - 교차로부근,승용,남,27세,상해없음,승합,남,63세,경상
2022070600100473,2022년 7월 6일 19시,수요일,대구광역시 북구 노원동3가,중상사고,0,1,0,0,차량단독 - 공작물충돌,안전운전불이행,젖음/습기,비,단일로 - 기타,이륜,남,74세,중상,,,,
2022070600100474,2022년 7월 6일 19시,수요일,대구광역시 서구 평리동,부상신고사고,0,0,0,1,차대차 - 기타,안전운전불이행,젖음/습기,비,교차로 - 교차로안,이륜,남,48세,부상신고,승용,남,50세,상해없음
2022070600100504,2022년 7월 6일 20시,수요일,대구광역시 동구 신천동,경상사고,0,0,1,0,차대사람 - 보도통행중,안전운전불이행,건조,맑음,교차로 - 교차로횡단보도내,승용,남,52세,상해없음,보행자,남,72세,경상
2022070600100505,2022년 7월 6일 20시,수요일,대구광역시 북구 침산동,경상사고,0,0,3,0,차대차 - 측면충돌,신호위반,젖음/습기,비,교차로 - 교차로부근,승용,남,24세,기타불명,승용,남,26세,경상
2022070600100538,2022년 7월 6일 21시,수요일,대구광역시 동구 검사동,경상사고,0,0,1,0,차대차 - 측면충돌,안전운전불이행,건조,맑음,단일로 - 교량,승용,남,26세,상해없음,이륜,남,47세,경상
2022070600100539,2022년 7월 6일 21시,수요일,대구광역시 동구 신천동,부상신고사고,0,0,0,1,차대사람 - 기타,안전운전불이행,젖음/습기,비,교차로 - 교차로안,이륜,남,25세,부상신고,보행자,남,62세,기타불명
2022070600100574,2022년 7월 6일 22시,수요일,대구광역시 달서구 도원동,경상사고,0,0,3,0,차대차 - 측면충돌,교차로운행방법위반,건조,맑음,교차로 - 교차로안,승용,남,75세,상해없음,승용,여,51세,경상
2022070600100575,2022년 7월 6일 22시,수요일,대구광역시 달서구 본리동,경상사고,0,0,1,0,차대차 - 측면충돌,직진우회전진행방해,건조,맑음,교차로 - 교차로안,승용,남,52세,상해없음,승용,남,64세,경상
2022070600100591,2022년 7월 6일 23시,수요일,대구광역시 달서구 상인동,경상사고,0,0,1,0,차대사람 - 횡단중,보행자보호의무위반,건조,맑음,기타 - 기타,승용,남,37세,상해없음,보행자,여,26세,경상
2022070600100592,2022년 7월 6일 23시,수요일,대구광역시 달서구 용산동,경상사고,0,0,1,0,차대차 - 추돌,기타,건조,맑음,단일로 - 기타,개인형이동수단(PM),남,38세,경상,화물,남,37세,상해없음
2022070700100013,2022년 7월 7일 00시,목요일,대구광역시 달서구 진천동,경상사고,0,0,1,0,차대차 - 기타,안전운전불이행,건조,맑음,교차로 - 교차로부근,이륜,남,50세,상해없음,승용,여,28세,경상
2022070700100059,2022년 7월 7일 06시,목요일,대구광역시 달서구 송현동,경상사고,0,0,1,0,차대차 - 측면충돌,교차로운행방법위반,건조,맑음,교차로 - 교차로안,승합,남,65세,상해없음,화물,남,40세,경상
2022070700100085,2022년 7월 7일 07시,목요일,대구광역시 달서구 진천동,중상사고,0,1,0,0,차대차 - 기타,안전운전불이행,건조,맑음,기타 - 기타,승용,여,49세,상해없음,개인형이동수단(PM),남,16세,중상
2022070700100086,2022년 7월 7일 07시,목요일,대구광역시 달서구 성당동,경상사고,0,0,1,0,차대차 - 추돌,안전운전불이행,건조,맑음,단일로 - 기타,승용,여,44세,상해없음,승용,남,62세,경상
2022070700100129,2022년 7월 7일 08시,목요일,대구광역시 달서구 송현동,경상사고,0,0,1,0,차대차 - 기타,신호위반,건조,맑음,교차로 - 교차로안,화물,여,48세,상해없음,이륜,남,25세,경상
2022070700100176,2022년 7월 7일 09시,목요일,대구광역시 중구 삼덕동2가,경상사고,0,0,2,0,차대차 - 측면충돌,안전운전불이행,건조,맑음,주차장 - 주차장,화물,남,53세,상해없음,승용,남,68세,경상
2022070700100216,2022년 7월 7일 10시,목요일,대구광역시 달서구 대곡동,경상사고,0,0,1,0,차대사람 - 횡단중,안전운전불이행,건조,맑음,교차로 - 교차로안,승용,남,61세,상해없음,보행자,남,71세,경상
2022070700100246,2022년 7월 7일 11시,목요일,대구광역시 달서구 상인동,경상사고,0,0,1,1,차대차 - 추돌,안전거리미확보,건조,맑음,단일로 - 기타,승용,남,26세,상해없음,승용,남,64세,부상신고
2022070700100247,2022년 7월 7일 11시,목요일,대구광역시 달서구 장기동,경상사고,0,0,1,0,차대차 - 측면충돌,안전운전불이행,건조,맑음,기타 - 기타,승용,남,75세,기타불명,승용,여,67세,경상
2022070700100277,2022년 7월 7일 12시,목요일,대구광역시 북구 칠성동2가,경상사고,0,0,1,0,차대차 - 측면충돌,안전운전불이행,건조,맑음,단일로 - 기타,승용,여,30세,기타불명,승용,남,41세,경상