사고번호,사고일시,요일,시군구,사고내용,사망자수,중상자수,경상자수,부상신고자수,사고유형,법규위반,노면상태,기상상태,도로형태,가해운전자 차종,가해운전자 성별,가해운전자 연령,가해운전자 상해정도,피해운전자 차종,피해운전자 성별,피해운전자 연령,피해운전자 상해정도
2022070700100301,2022년 7월 7일 13시,목요일,대구광역시 동구 신암동,경상사고,0,0,1,0,차대사람 - 기타,안전운전불이행,건조,맑음,단일로 - 기타,승용,여,33세,상해없음,보행자,여,61세,경상
2022070700100302,2022년 7월 7일 13시,목요일,대구광역시 동구 신천동,중상사고,0,1,1,0,차대차 - 측면충돌,안전거리미확보,건조,맑음,교차로 - 교차로부근,승용,남,66세,상해없음,승용,남,69세,중상
2022070700100303,2022년 7월 7일 13시,목요일,대구광역시 동구 용계동,경상사고,0,0,1,0,차대차 - 측면충돌,안전거리미확보,건조,맑음,단일로 - 기타,승합,남,65세,기타불명,승용,남,24세,경상
2022070700100304,2022년 7월 7일 13시,목요일,대구광역시 달성군 논공읍,중상사고,0,2,0,0,차량단독 - 공작물충돌,안전운전불이행,침수,맑음,교차로 - 교차로부근,승용,남,68세,중상,,,,
2022070700100305,2022년 7월 7일 13시,목요일,대구광역시 북구 침산동,경상사고,0,0,6,0,차대차 - 추돌,안전거리미확보,건조,맑음,단일로 - 기타,승용,여,55세,경상,승용,남,40세,경상
2022070700100306,2022년 7월 7일 13시,목요일,대구광역시 중구 태평로1가,경상사고,0,0,1,0,차대차 - 추돌,안전운전불이행,건조,맑음,단일로 - 기타,화물,남,34세,상해없음,승용,남,61세,경상
2022070700100337,2022년 7월 7일 14시,목요일,대구광역시 달서구 유천동,경상사고,0,0,2,0,차대차 - 측면충돌,안전거리미확보,건조,맑음,단일로 - 지하차도(도로)내,승용,여,57세,경상,승용,남,74세,경상
2022070700100338,2022년 7월 7일 14시,목요일,대구광역시 달서구 진천동,경상사고,0,0,1,0,차대차 - 추돌,안전운전불이행,건조,맑음,단일로 - 기타,화물,남,52세,상해없음,승용,남,42세,경상
2022070700100339,2022년 7월 7일 14시,목요일,대구광역시 북구 학정동,경상사고,0,0,1,0,차대차 - 추돌,안전운전불이행,건조,맑음,단일로 - 기타,화물,남,51세,상해없음,자전거,남,12세,경상
2022070700100360,2022년 7월 7일 15시,목요일,대구광역시 동구 평광동,경상사고,0,0,1,0,차대차 - 기타,안전운전불이행,건조,맑음,단일로 - 기타,특수,남,47세,상해없음,화물,남,36세,경상
2022070700100361,2022년 7월 7일 15시,목요일,대구광역시 동구 방촌동,중상사고,0,1,0,0,차대차 - 측면충돌,신호위반,건조,맑음,단일로 - 기타,승용,남,69세,기타불명,자전거,남,75세,중상
2022070700100362,2022년 7월 7일 15시,목요일,대구광역시 달서구 월성동,경상사고,0,0,1,0,차대차 - 측면충돌,교차로운행방법위반,건조,맑음,교차로 - 교차로안,화물,남,60세,상해없음,승용,여,36세,경상
2022070700100397,2022년 7월 7일 16시,목요일,대구광역시 동구 지묘동,경상사고,0,0,1,0,차대사람 - 기타,보행자보호의무위반,건조,맑음,교차로 - 교차로횡단보도내,승합,남,52세,상해없음,보행자,여,72세,경상
2022070700100398,2022년 7월 7일 16시,목요일,대구광역시 수성구 수성동1가,부상신고사고,0,0,0,1,차량단독 - 전도전복 - 전도,안전운전불이행,건조,맑음,단일로 - 기타,자전거,남,11세,부상신고,,,,
2022070700100399,2022년 7월 7일 16시,목요일,대구광역시 달서구 월성동,경상사고,0,0,1,0,차대사람 - 횡단중,보행자보호의무위반,건조,맑음,교차로 - 교차로횡단보도내,승용,남,55세,상해없음,보행자,남,9세,경상
2022070700100448,2022년 7월 7일 17시,목요일,대구광역시 남구 이천동,경상사고,0,0,1,0,차대차 - 측면충돌,안전거리미확보,건조,맑음,단일로 - 기타,승용,남,74세,상해없음,승용,남,56세,경상
2022070700100482,2022년 7월 7일 18시,목요일,대구광역시 수성구 범어동,경상사고,0,0,1,0,차대사람 - 횡단중,보행자보호의무위반,건조,맑음,교차로 - 교차로횡단보도내,승용,여,50세,상해없음,보행자,여,29세,경상
2022070700100483,2022년 7월 7일 18시,목요일,대구광역시 달서구 월암동,경상사고,0,0,1,0,차대차 - 측면충돌,교차로운행방법위반,건조,맑음,교차로 - 교차로안,승용,남,59세,상해없음,승용,남,25세,경상
2022070700100484,2022년 7월 7일 18시,목요일,대구광역시 서구 비산동,경상사고,0,0,1,0,차대차 - 측면충돌,안전운전불이행,건조,맑음,교차로 - 교차로안,승용,여,81세,상해없음,화물,남,23세,경상
2022070700100518,2022년 7월 7일 19시,목요일,대구광역시 수성구 두산동,경상사고,0,0,1,1,차대차 - 측면충돌,안전운전불이행,건조,맑음,단일로 - 기타,승용,남,24세,경상,승용,여,38세,부상신고
2022070700100519,2022년 7월 7일 19시,목요일,대구광역시 달성군 다사읍,중상사고,0,1,0,0,차대차 - 기타,안전운전불이행,건조,맑음,교차로 - 교차로안,승용,남,65세,상해없음,이륜,남,26세,중상
2022070700100520,2022년 7월 7일 19시,목요일,대구광역시 달서구 성당동,중상사고,0,1,0,0,차대차 - 측면충돌,불법유턴,건조,맑음,단일로 - 기타,원동기,남,36세,기타불명,원동기,남,45세,중상
2022070700100521,2022년 7월 7일 19시,목요일,대구광역시 달서구 용산동,경상사고,0,0,1,0,차대차 - 측면충돌,중앙선침범,건조,맑음,교차로 - 교차로부근,승용,남,61세,상해없음,승용,남,61세,경상
2022070700100522,2022년 7월 7일 19시,목요일,대구광역시 북구 태전동,경상사고,0,0,1,1,차대차 - 측면충돌,안전거리미확보,건조,맑음,교차로 - 교차로부근,개인형이동수단(PM),남,15세,부상신고,승용,남,50세,상해없음
2022070700100553,2022년 7월 7일 20시,목요일,대구광역시 수성구 노변동,중상사고,0,1,0,0,차대차 - 기타,안전운전불이행,건조,맑음,교차로 - 교차로횡단보도내,승용,여,66세,상해없음,자전거,남,61세,중상
2022070700100554,2022년 7월 7일 20시,목요일,대구광역시 달서구 성당동,경상사고,0,0,1,0,차대사람 - 기타,기타,건조,흐림,단일로 - 기타,승합,여,61세,상해없음,보행자,여,24세,경상
2022070700100604,2022년 7월 7일 22시,목요일,대구광역시 북구 산격동,중상사고,0,1,0,0,차대차 - 정면충돌,신호위반,건조,맑음,교차로 - 교차로부근,이륜,남,22세,상해없음,이륜,남,32세,중상
2022070800100038,2022년 7월 8일 05시,금요일,대구광역시 수성구 가천동,사망사고,1,0,1,0,차량단독 - 전도전복 - 전도,안전운전불이행,건조,맑음,단일로 - 기타,화물,남,66세,경상,,,,
2022070800100049,2022년 7월 8일 06시,금요일,대구광역시 동구 미곡동,중상사고,0,1,0,0,차대차 - 정면충돌,중앙선침범,젖음/습기,비,교차로 - 교차로부근,승용,여,39세,상해없음,승용,남,59세,중상
2022070800100072,2022년 7월 8일 07시,금요일,대구광역시 수성구 황금동,중상사고,0,1,1,0,차대차 - 기타,안전운전불이행,건조,맑음,교차로 - 교차로부근,승용,여,55세,상해없음,승용,남,60세,경상
2022070800100073,2022년 7월 8일 07시,금요일,대구광역시 북구 태전동,경상사고,0,0,1,0,차대차 - 측면충돌,교차로운행방법위반,건조,맑음,교차로 - 교차로부근,승용,남,83세,경상,승용,남,30세,상해없음
2022070800100112,2022년 7월 8일 08시,금요일,대구광역시 수성구 성동,경상사고,0,0,1,0,차대차 - 측면충돌,신호위반,건조,맑음,교차로 - 교차로안,승용,여,33세,기타불명,승용,여,24세,경상
2022070800100113,2022년 7월 8일 08시,금요일,대구광역시 달서구 상인동,경상사고,0,0,1,0,차대차 - 측면충돌,교차로운행방법위반,젖음/습기,비,교차로 - 교차로부근,승용,남,67세,상해없음,이륜,남,48세,경상
2022070800100114,2022년 7월 8일 08시,금요일,대구광역시 서구 내당동,중상사고,0,1,0,0,차대차 - 측면충돌,신호위반,건조,맑음,단일로 - 기타,승용,여,34세,기타불명,개인형이동수단(PM),남,47세,중상
2022070800100115,2022년 7월 8일 08시,금요일,대구광역시 달서구 월암동,경상사고,0,0,1,0,차대차 - 추돌,안전운전불이행,건조,맑음,단일로 - 기타,승용,남,65세,상해없음,승용,남,39세,경상
2022070800100155,2022년 7월 8일 09시,금요일,대구광역시 달서구 두류동,경상사고,0,0,1,0,차대사람 - 기타,안전운전불이행,건조,맑음,기타 - 기타,건설기계,남,59세,상해없음,보행자,남,62세,경상
2022070800100156,2022년 7월 8일 09시,금요일,대구광역시 북구 읍내동,중상사고,0,1,2,0,차대차 - 추돌,안전거리미확보,건조,맑음,교차로 - 교차로부근,화물,남,51세,상해없음,승용,여,63세,경상
2022070800100178,2022년 7월 8일 10시,금요일,대구광역시 북구 노원동3가,경상사고,0,0,1,0,차대차 - 기타,안전운전불이행,건조,맑음,단일로 - 기타,이륜,남,61세,경상,화물,남,67세,상해없음
2022070800100211,2022년 7월 8일 11시,금요일,대구광역시 남구 봉덕동,경상사고,0,0,1,0,차대사람 - 기타,안전운전불이행,건조,맑음,단일로 - 기타,화물,남,41세,상해없음,보행자,남,54세,경상
2022070800100246,2022년 7월 8일 12시,금요일,대구광역시 동구 신평동,경상사고,0,0,1,0,차대사람 - 길가장자리구역통행중,기타,건조,맑음,단일로 - 지하차도(도로)내,승용,여,66세,상해없음,보행자,남,71세,경상
2022070800100247,2022년 7월 8일 12시,금요일,대구광역시 중구 삼덕동2가,중상사고,0,1,0,0,차대차 - 측면충돌,안전운전불이행,건조,맑음,교차로 - 교차로안,승용,남,33세,상해없음,자전거,여,79세,중상
2022070800100281,2022년 7월 8일 13시,금요일,대구광역시 북구 노원동2가,경상사고,0,0,1,0,차대차 - 기타,안전운전불이행,건조,맑음,교차로 - 교차로부근,화물,남,68세,상해없음,승용,여,23세,경상
2022070800100282,2022년 7월 8일 13시,금요일,대구광역시 북구 학정동,경상사고,0,0,1,0,차대차 - 측면충돌,안전거리미확보,건조,맑음,단일로 - 기타,승용,남,78세,상해없음,이륜,남,53세,경상
2022070800100316,2022년 7월 8일 14시,금요일,대구광역시 남구 대명동,경상사고,0,0,4,0,차대차 - 측면충돌,안전운전불이행,건조,맑음,단일로 - 기타,승용,여,46세,상해없음,승용,여,37세,경상
2022070800100381,2022년 7월 8일 16시,금요일,대구광역시 달서구 본동,경상사고,0,0,2,0,차대차 - 측면충돌,안전운전불이행,젖음/습기,비,교차로 - 교차로부근,승용,여,68세,상해없음,승용,여,51세,경상
2022070800100431,2022년 7월 8일 17시,금요일,대구광역시 달서구 용산동,경상사고,0,0,1,0,차대차 - 측면충돌,신호위반,건조,맑음,단일로 - 기타,이륜,남,25세,상해없음,승용,여,53세,경상
2022070800100480,2022년 7월 8일 18시,금요일,대구광역시 동구 신암동,경상사고,0,0,1,0,차대차 - 측면충돌,안전운전불이행,건조,맑음,단일로 - 기타,승용,남,69세,상해없음,승용,남,46세,경상
2022070800100481,2022년 7월 8일 18시,금요일,대구광역시 동구 신천동,경상사고,0,0,1,0,차대차 - 측면충돌,중앙선침범,건조,맑음,교차로 - 교차로부근,원동기,남,57세,상해없음,승용,남,57세,경상
2022070800100482,2022년 7월 8일 18시,금요일,대구광역시 달서구 월성동,경상사고,0,0,1,0,차대차 - 측면충돌,교차로운행방법위반,건조,맑음,교차로 - 교차로부근,승용,여,48세,상해없음,승용,남,73세,경상
2022070800100514,2022년 7월 8일 19시,금요일,대구광역시 수성구 황금동,부상신고사고,0,0,0,1,차대차 - 측면충돌,신호위반,건조,맑음,교차로 - 교차로안,이륜,남,17세,부상신고,승용,여,41세,상해없음
2022070800100550,2022년 7월 8일 20시,금요일,대구광역시 서구 내당동,경상사고,0,0,2,0,차대차 - 추돌,안전운전불이행,건조,맑음,교차로 - 교차로부근,승용,여,60세,상해없음,승용,남,33세,경상
2022070800100579,2022년 7월 8일 21시,금요일,대구광역시 서구 비산동,경상사고,0,0,1,0,차대차 - 기타,안전운전불이행,건조,맑음,단일로 - 기타,승용,여,37세,경상,승용,여,41세,기타불명
2022070800100580,2022년 7월 8일 21시,금요일,대구광역시 중구 동인동1가,경상사고,0,0,1,0,차대차 - 측면충돌,안전운전불이행,건조,흐림,기타 - 기타,승용,남,33세,상해없음,이륜,남,37세,경상
2022070800100581,2022년 7월 8일 21시,금요일,대구광역시 남구 대명동,경상사고,0,0,1,0,차대차 - 측면충돌,안전운전불이행,건조,맑음,단일로 - 기타,승용,여,42세,상해없음,승용,여,66세,경상
2022070800100607,2022년 7월 8일 22시,금요일,대구광역시 수성구 두산동,경상사고,0,0,1,0,차대차 - 측면충돌,안전거리미확보,건조,맑음,교차로 - 교차로부근,승용,남,41세,상해없음,이륜,남,49세,경상
2022070800100608,2022년 7월 8일 22시,금요일,대구광역시 북구 산격동,중상사고,0,1,1,0,차대차 - 추돌,안전운전불이행,건조,맑음,단일로 - 기타,승용,남,35세,상해없음,승용,남,62세,중상
2022070800100628,2022년 7월 8일 23시,금요일,대구광역시 수성구 두산동,중상사고,0,1,1,0,차대차 - 기타,안전운전불이행,건조,맑음,단일로 - 기타,승용,여,46세,상해없음,승용,남,34세,중상
2022070800100629,2022년 7월 8일 23시,금요일,대구광역시 달서구 상인동,중상사고,0,1,3,0,차대차 - 추돌,안전운전불이행,건조,맑음,교차로 - 교차로부근,승용,남,43세,상해없음,승합,남,54세,중상
2022070800100630,2022년 7월 8일 23시,금요일,대구광역시 달서구 상인동,경상사고,0,0,1,0,차대차 - 추돌,안전운전불이행,건조,맑음,단일로 - 기타,기타불명,기타불명,미분류,기타불명,승용,남,25세,경상
2022070800100631,2022년 7월 8일 23시,금요일,대구광역시 서구 평리동,경상사고,0,0,1,0,차대차 - 측면충돌,안전운전불이행,건조,맑음,교차로 - 교차로안,개인형이동수단(PM),남,15세,경상,승용,남,67세,상해없음
2022070900100014,2022년 7월 9일 00시,토요일,대구광역시 달서구 송현동,경상사고,0,0,2,0,차대차 - 기타,안전거리미확보,건조,맑음,교차로 - 교차로부근,승용,여,55세,상해없음,승용,남,78세,경상
2022070900100061,2022년 7월 9일 05시,토요일,대구광역시 서구 이현동,경상사고,0,0,1,0,차대차 - 기타,안전운전불이행,건조,맑음,단일로 - 기타,화물,남,55세,상해없음,이륜,남,59세,경상
2022070900100074,2022년 7월 9일 06시,토요일,대구광역시 남구 대명동,경상사고,0,0,1,0,차대차 - 기타,안전운전불이행,건조,맑음,교차로 - 교차로부근,승용,여,20세,상해없음,승용,남,37세,경상
2022070900100087,2022년 7월 9일 07시,토요일,대구광역시 달성군 다사읍,경상사고,0,0,2,0,차대차 - 기타,안전운전불이행,건조,맑음,교차로 - 교차로부근,화물,남,61세,상해없음,이륜,남,61세,경상
2022070900100110,2022년 7월 9일 08시,토요일,대구광역시 서구 평리동,경상사고,0,0,1,0,차대차 - 측면충돌,직진우회전진행방해,건조,맑음,교차로 - 교차로안,화물,여,45세,상해없음,승용,남,46세,경상
2022070900100162,2022년 7월 9일 10시,토요일,대구광역시 동구 율하동,경상사고,0,0,1,0,차대차 - 측면충돌,교차로운행방법위반,건조,맑음,교차로 - 교차로안,승용,여,67세,상해없음,승용,여,51세,경상
2022070900100163,2022년 7월 9일 10시,토요일,대구광역시 달성군 구지면,경상사고,0,0,2,0,차대차 - 기타,신호위반,건조,맑음,기타 - 기타,승용,남,67세,상해없음,승용,여,67세,경상
2022070900100164,2022년 7월 9일 10시,토요일,대구광역시 서구 비산동,부상신고사고,0,0,0,1,차대사람 - 차도통행중,안전운전불이행,건조,맑음,단일로 - 기타,자전거,남,58세,부상신고,보행자,남,67세,상해없음
2022070900100165,2022년 7월 9일 10시,토요일,대구광역시 서구 내당동,경상사고,0,0,2,0,차대차 - 측면충돌,안전운전불이행,건조,맑음,단일로 - 기타,화물,남,62세,상해없음,승용,남,35세,경상
2022070900100189,2022년 7월 9일 11시,토요일,대구광역시 북구 칠성동2가,경상사고,0,0,1,0,차대차 - 측면충돌,안전거리미확보,건조,맑음,기타 - 기타,승용,남,30세,기타불명,승용,남,38세,경상
2022070900100215,2022년 7월 9일 12시,토요일,대구광역시 수성구 연호동,경상사고,0,0,2,0,차대차 - 추돌,안전운전불이행,건조,맑음,교차로 - 교차로부근,승용,여,39세,상해없음,승용,여,55세,경상
2022070900100216,2022년 7월 9일 12시,토요일,대구광역시 북구 노원동3가,경상사고,0,0,1,0,차대차 - 기타,기타,건조,맑음,단일로 - 기타,승용,남,47세,상해없음,개인형이동수단(PM),남,47세,경상
2022070900100217,2022년 7월 9일 12시,토요일,대구광역시 달서구 두류동,경상사고,0,0,1,0,차대차 - 기타,직진우회전진행방해,건조,맑음,교차로 - 교차로안,화물,남,36세,상해없음,이륜,남,26세,경상
2022070900100265,2022년 7월 9일 13시,토요일,대구광역시 동구 불로동,경상사고,0,0,1,0,차대차 - 기타,교차로운행방법위반,건조,맑음,교차로 - 교차로안,승용,여,51세,상해없음,승용,남,70세,상해없음
2022070900100266,2022년 7월 9일 13시,토요일,대구광역시 수성구 노변동,경상사고,0,0,1,0,차대차 - 추돌,안전운전불이행,건조,맑음,단일로 - 기타,승용,남,25세,상해없음,승용,여,32세,경상
2022070900100299,2022년 7월 9일 14시,토요일,대구광역시 달서구 두류동,경상사고,0,0,1,0,차대차 - 측면충돌,안전운전불이행,건조,맑음,교차로 - 교차로부근,승용,남,26세,경상,건설기계,남,54세,기타불명
2022070900100336,2022년 7월 9일 15시,토요일,대구광역시 동구 방촌동,중상사고,0,2,0,0,차대차 - 측면충돌,안전운전불이행,건조,맑음,단일로 - 기타,자전거,남,13세,중상,이륜,남,18세,중상
2022070900100337,2022년 7월 9일 15시,토요일,대구광역시 북구 침산동,경상사고,0,0,1,0,차대차 - 기타,안전거리미확보,건조,맑음,단일로 - 기타,승용,여,43세,기타불명,이륜,남,42세,경상
2022070900100372,2022년 7월 9일 16시,토요일,대구광역시 북구 대현동,중상사고,0,1,0,0,차량단독 - 기타,안전운전불이행,건조,맑음,단일로 - 기타,승합,남,40세,상해없음,,,,
2022070900100373,2022년 7월 9일 16시,토요일,대구광역시 서구 내당동,경상사고,0,0,1,0,차대차 - 기타,신호위반,건조,맑음,교차로 - 교차로안,기타불명,기타불명,미분류,기타불명,이륜,남,61세,경상
2022070900100374,2022년 7월 9일 16시,토요일,대구광역시 서구 평리동,경상사고,0,0,1,0,차대차 - 측면충돌,안전거리미확보,건조,맑음,단일로 - 기타,승용,남,22세,상해없음,화물,남,41세,경상
2022070900100375,2022년 7월 9일 16시,토요일,대구광역시 달서구 신당동,경상사고,0,0,1,0,차대사람 - 횡단중,안전운전불이행,건조,맑음,단일로 - 기타,승용,남,46세,상해없음,보행자,남,10세,경상
2022070900100408,2022년 7월 9일 17시,토요일,대구광역시 동구 신서동,중상사고,0,1,0,0,차대차 - 추돌,안전운전불이행,건조,맑음,교차로 - 교차로부근,승용,여,46세,상해없음,승용,여,42세,중상
2022070900100409,2022년 7월 9일 17시,토요일,대구광역시 동구 입석동,경상사고,0,0,2,0,차대차 - 측면충돌,안전운전불이행,건조,맑음,교차로 - 교차로안,승용,남,55세,상해없음,승용,남,24세,경상
2022070900100410,2022년 7월 9일 17시,토요일,대구광역시 수성구 수성동4가,경상사고,0,0,2,0,차대차 - 기타,안전운전불이행,건조,맑음,단일로 - 기타,승용,남,51세,상해없음,승용,남,66세,경상
2022070900100411,2022년 7월 9일 17시,토요일,대구광역시 달서구 용산동,중상사고,0,1,0,0,차대차 - 측면충돌,교차로운행방법위반,건조,맑음,교차로 - 교차로안,개인형이동수단(PM),남,14세,중상,승용,남,56세,상해없음
2022070900100451,2022년 7월 9일 18시,토요일,대구광역시 동구 신서동,경상사고,0,0,1,0,차대차 - 측면충돌,안전운전불이행,건조,맑음,단일로 - 기타,화물,남,48세,상해없음,이륜,남,50세,경상
2022070900100452,2022년 7월 9일 18시,토요일,대구광역시 달성군 다사읍,중상사고,0,1,0,0,차대사람 - 차도통행중,안전운전불이행,건조,맑음,단일로 - 기타,승용,남,66세,상해없음,보행자,여,78세,중상
2022070900100477,2022년 7월 9일 19시,토요일,대구광역시 서구 평리동,경상사고,0,0,3,0,차대차 - 측면충돌,안전거리미확보,건조,맑음,단일로 - 기타,이륜,남,30세,경상,승용,남,65세,상해없음
2022070900100508,2022년 7월 9일 20시,토요일,대구광역시 중구 남산동,경상사고,0,0,1,0,차대차 - 측면충돌,교차로운행방법위반,건조,흐림,교차로 - 교차로안,승합,남,67세,상해없음,승용,남,59세,상해없음
2022070900100561,2022년 7월 9일 22시,토요일,대구광역시 동구 신암동,경상사고,0,0,1,0,차대차 - 측면충돌,안전운전불이행,건조,맑음,교차로 - 교차로횡단보도내,승용,남,31세,상해없음,자전거,남,47세,경상
2022070900100562,2022년 7월 9일 22시,토요일,대구광역시 달서구 용산동,중상사고,0,1,1,0,차대차 - 측면충돌,불법유턴,건조,맑음,단일로 - 기타,승용,여,37세,경상,이륜,남,42세,중상
2022071000100026,2022년 7월 10일 01시,일요일,대구광역시 중구 삼덕동1가,경상사고,0,0,1,0,차대사람 - 길가장자리구역통행중,안전운전불이행,건조,맑음,단일로 - 기타,승용,남,27세,상해없음,보행자,남,24세,경상
2022071000100052,2022년 7월 10일 03시,일요일,대구광역시 동구 중대동,경상사고,0,0,2,1,차대차 - 측면충돌,안전운전불이행,건조,맑음,단일로 - 기타,승용,여,57세,상해없음,승용,여,50세,경상
2022071000100076,2022년 7월 10일 06시,일요일,대구광역시 중구 달성동,경상사고,0,0,1,0,차대사람 - 길가장자리구역통행중,안전운전불이행,건조,맑음,단일로 - 기타,이륜,남,70세,상해없음,보행자,여,62세,경상
2022071000100080,2022년 7월 10일 07시,일요일,대구광역시 달성군 옥포읍,경상사고,0,0,3,0,차대차 - 기타,교차로운행방법위반,건조,맑음,교차로 - 교차로안,화물,남,56세,경상,승용,여,55세,경상
2022071000100081,2022년 7월 10일 07시,일요일,대구광역시 달서구 감삼동,경상사고,0,0,1,0,차대차 - 측면충돌,안전거리미확보,건조,맑음,단일로 - 기타,승용,남,60세,상해없음,이륜,남,48세,경상
2022071000100107,2022년 7월 10일 09시,일요일,대구광역시 달서구 두류동,경상사고,0,0,1,0,차대사람 - 기타,안전운전불이행,건조,맑음,교차로 - 교차로부근,승용,남,59세,상해없음,보행자,남,36세,경상
2022071000100162,2022년 7월 10일 11시,일요일,대구광역시 남구 봉덕동,중상사고,0,1,0,0,차대차 - 측면충돌,안전거리미확보,건조,맑음,단일로 - 기타,승용,남,34세,상해없음,승용,남,56세,중상
2022071000100163,2022년 7월 10일 11시,일요일,대구광역시 북구 칠성동1가,부상신고사고,0,0,0,1,차량단독 - 기타,안전운전불이행,건조,맑음,단일로 - 기타,승합,남,61세,상해없음,,,,
2022071000100164,2022년 7월 10일 11시,일요일,대구광역시 달서구 용산동,경상사고,0,0,1,0,차대차 - 측면충돌,안전운전불이행,건조,맑음,기타 - 기타,승용,여,45세,상해없음,개인형이동수단(PM),남,36세,경상
2022071000100165,2022년 7월 10일 11시,일요일,대구광역시 북구 매천동,경상사고,0,0,1,0,차대차 - 측면충돌,안전운전불이행,건조,맑음,단일로 - 기타,이륜,남,31세,경상,승용,남,53세,상해없음
2022071000100183,2022년 7월 10일 12시,일요일,대구광역시 달서구 장기동,경상사고,0,0,1,0,차대사람 - 기타,불법유턴,건조,맑음,교차로 - 교차로부근,승용,여,60세,상해없음,보행자,남,56세,경상
2022071000100212,2022년 7월 10일 13시,일요일,대구광역시 수성구 상동,경상사고,0,0,1,0,차대차 - 측면충돌,안전운전불이행,건조,맑음,교차로 - 교차로안,승용,남,34세,상해없음,자전거,남,88세,경상
2022071000100213,2022년 7월 10일 13시,일요일,대구광역시 북구 태전동,경상사고,0,0,2,0,차대차 - 추돌,안전운전불이행,건조,맑음,단일로 - 지하차도(도로)내,승용,남,50세,상해없음,승용,남,59세,경상
2022071000100273,2022년 7월 10일 15시,일요일,대구광역시 남구 대명동,경상사고,0,0,1,0,차대사람 - 횡단중,보행자보호의무위반,건조,맑음,단일로 - 기타,승용,남,64세,상해없음,보행자,여,16세,경상
2022071000100299,2022년 7월 10일 16시,일요일,대구광역시 남구 봉덕동,경상사고,0,0,1,0,차대차 - 측면충돌,신호위반,건조,맑음,단일로 - 기타,승용,남,29세,상해없음,승용,남,32세,경상
2022071000100300,2022년 7월 10일 16시,일요일,대구광역시 수성구 시지동,경상사고,0,0,1,0,차대차 - 기타,안전운전불이행,건조,맑음,교차로 - 교차로부근,승용,여,57세,상해없음,개인형이동수단(PM),남,35세,경상
2022071000100301,2022년 7월 10일 16시,일요일,대구광역시 서구 내당동,경상사고,0,0,1,0,차대차 - 기타,기타,건조,맑음,단일로 - 기타,승용,남,68세,경상,기타불명,기타불명,미분류,기타불명
2022071000100302,2022년 7월 10일 16시,일요일,대구광역시 서구 평리동,중상사고,0,1,0,1,차대차 - 측면충돌,직진우회전진행방해,건조,맑음,교차로 - 교차로안,승용,여,48세,부상신고,승용,남,38세,중상
2022071000100331,2022년 7월 10일 17시,일요일,대구광역시 북구 산격동,중상사고,0,2,0,0,차대차 - 측면충돌,신호위반,건조,맑음,교차로 - 교차로안,승용,남,29세,상해없음,승용,남,54세,중상
2022071000100332,2022년 7월 10일 17시,일요일,대구광역시 서구 비산동,경상사고,0,0,1,0,차대차 - 측면충돌,안전운전불이행,건조,맑음,단일로 - 기타,승용,남,48세,기타불명,승용,여,29세,경상
2022071000100333,2022년 7월 10일 17시,일요일,대구광역시 중구 삼덕동2가,경상사고,0,0,1,0,차대차 - 측면충돌,안전운전불이행,건조,맑음,단일로 - 기타,승용,여,50세,상해없음,승용,여,39세,경상
2022071000100334,2022년 7월 10일 17시,일요일,대구광역시 북구 구암동,경상사고,0,0,1,0,차대차 - 측면충돌,교차로운행방법위반,건조,맑음,교차로 - 교차로부근,승용,여,53세,상해없음,승합,남,51세,상해없음
2022071000100382,2022년 7월 10일 20시,일요일,대구광역시 동구 신천동,경상사고,0,0,2,0,차대차 - 측면충돌,안전운전불이행,건조,맑음,교차로 - 교차로안,승용,남,21세,경상,승용,남,37세,경상
2022071000100423,2022년 7월 10일 22시,일요일,대구광역시 달서구 송현동,경상사고,0,0,1,0,차대사람 - 횡단중,안전운전불이행,건조,맑음,교차로 - 교차로부근,승용,남,27세,상해없음,보행자,여,59세,경상
2022071000100424,2022년 7월 10일 22시,일요일,대구광역시 달성군 다사읍,경상사고,0,0,3,0,차대차 - 정면충돌,기타,건조,맑음,교차로 - 교차로안,승용,남,56세,상해없음,승용,남,31세,경상
2022071000100425,2022년 7월 10일 22시,일요일,대구광역시 중구 봉산동,경상사고,0,0,1,0,차대사람 - 보도통행중,안전운전불이행,건조,맑음,단일로 - 기타,승용,남,48세,상해없음,보행자,남,28세,경상
2022071000100440,2022년 7월 10일 23시,일요일,대구광역시 달서구 두류동,경상사고,0,0,5,0,차대차 - 정면충돌,신호위반,건조,맑음,교차로 - 교차로안,승용,남,21세,경상,승용,남,32세,경상
2022071100100037,2022년 7월 11일 06시,월요일,대구광역시 수성구 지산동,부상신고사고,0,0,0,1,차대차 - 측면충돌,안전운전불이행,젖음/습기,비,교차로 - 교차로부근,승용,남,61세,상해없음,승용,여,48세,부상신고
2022071100100038,2022년 7월 11일 06시,월요일,대구광역시 달서구 파호동,중상사고,0,1,0,0,차대차 - 기타,신호위반,젖음/습기,비,교차로 - 교차로안,승용,남,68세,상해없음,자전거,남,68세,중상
2022071100100062,2022년 7월 11일 07시,월요일,대구광역시 달서구 본리동,경상사고,0,0,1,0,차대사람 - 기타,안전운전불이행,젖음/습기,비,단일로 - 기타,승용,남,66세,상해없음,보행자,남,47세,경상
2022071100100063,2022년 7월 11일 07시,월요일,대구광역시 달서구 죽전동,경상사고,0,0,1,0,차대차 - 측면충돌,안전운전불이행,건조,맑음,단일로 - 기타,승용,여,29세,상해없음,화물,남,38세,경상
2022071100100104,2022년 7월 11일 08시,월요일,대구광역시 남구 대명동,경상사고,0,0,1,0,차대차 - 측면충돌,안전거리미확보,건조,맑음,단일로 - 기타,승용,남,65세,상해없음,승용,남,50세,경상