사고번호,사고일시,요일,시군구,사고내용,사망자수,중상자수,경상자수,부상신고자수,사고유형,법규위반,노면상태,기상상태,도로형태,가해운전자 차종,가해운전자 성별,가해운전자 연령,가해운전자 상해정도,피해운전자 차종,피해운전자 성별,피해운전자 연령,피해운전자 상해정도
2022071100100105,2022년 7월 11일 08시,월요일,대구광역시 수성구 범어동,경상사고,0,0,1,0,차대차 - 측면충돌,안전거리미확보,젖음/습기,비,단일로 - 기타,승용,여,47세,상해없음,화물,남,46세,경상
2022071100100106,2022년 7월 11일 08시,월요일,대구광역시 수성구 만촌동,경상사고,0,0,1,0,차대차 - 기타,안전운전불이행,건조,맑음,단일로 - 기타,승용,남,23세,상해없음,승용,남,44세,경상
2022071100100107,2022년 7월 11일 08시,월요일,대구광역시 달서구 상인동,경상사고,0,0,1,0,차대사람 - 기타,기타,건조,맑음,단일로 - 기타,승용,남,67세,상해없음,보행자,남,24세,경상
2022071100100108,2022년 7월 11일 08시,월요일,대구광역시 중구 대봉동,부상신고사고,0,0,0,3,차대차 - 기타,안전거리미확보,건조,맑음,단일로 - 기타,승용,남,61세,상해없음,승용,여,58세,부상신고
2022071100100109,2022년 7월 11일 08시,월요일,대구광역시 달서구 이곡동,중상사고,0,1,0,0,차대차 - 기타,안전거리미확보,젖음/습기,비,단일로 - 기타,승용,남,37세,상해없음,승용,여,30세,중상
2022071100100208,2022년 7월 11일 11시,월요일,대구광역시 중구 남산동,경상사고,0,0,1,0,차대차 - 기타,안전운전불이행,젖음/습기,비,교차로 - 교차로부근,화물,남,50세,상해없음,승용,남,57세,경상
2022071100100264,2022년 7월 11일 12시,월요일,대구광역시 달서구 감삼동,경상사고,0,0,1,0,차대차 - 측면충돌,안전운전불이행,건조,맑음,단일로 - 기타,승용,남,54세,상해없음,화물,남,47세,경상
2022071100100265,2022년 7월 11일 12시,월요일,대구광역시 북구 동천동,경상사고,0,0,1,0,차대차 - 기타,교차로운행방법위반,젖음/습기,흐림,교차로 - 교차로안,화물,남,34세,상해없음,이륜,남,32세,경상
2022071100100297,2022년 7월 11일 13시,월요일,대구광역시 남구 봉덕동,경상사고,0,0,1,0,차대차 - 기타,안전운전불이행,건조,맑음,교차로 - 교차로안,승용,여,68세,상해없음,승용,남,24세,경상
2022071100100298,2022년 7월 11일 13시,월요일,대구광역시 달서구 두류동,경상사고,0,0,1,0,차대차 - 측면충돌,중앙선침범,건조,맑음,단일로 - 기타,자전거,남,47세,기타불명,이륜,남,62세,경상
2022071100100327,2022년 7월 11일 14시,월요일,대구광역시 달서구 상인동,부상신고사고,0,0,0,1,차대차 - 기타,기타,건조,맑음,교차로 - 교차로안,이륜,남,26세,부상신고,승용,여,65세,상해없음
2022071100100328,2022년 7월 11일 14시,월요일,대구광역시 달서구 용산동,경상사고,0,0,1,0,차대차 - 측면충돌,안전운전불이행,건조,맑음,교차로 - 교차로부근,자전거,남,62세,경상,승합,남,53세,상해없음
2022071100100402,2022년 7월 11일 16시,월요일,대구광역시 남구 봉덕동,경상사고,0,0,2,0,차대차 - 기타,안전운전불이행,건조,맑음,기타 - 기타,승용,여,64세,상해없음,승용,여,28세,경상
2022071100100404,2022년 7월 11일 16시,월요일,대구광역시 동구 신암동,경상사고,0,0,4,0,차대차 - 측면충돌,차로위반,건조,맑음,단일로 - 기타,승용,남,18세,경상,승용,남,61세,경상
2022071100100405,2022년 7월 11일 16시,월요일,대구광역시 서구 비산동,부상신고사고,0,0,0,1,차대차 - 기타,안전운전불이행,건조,맑음,교차로 - 교차로안,자전거,남,26세,부상신고,승용,여,63세,상해없음
2022071100100406,2022년 7월 11일 16시,월요일,대구광역시 서구 중리동,경상사고,0,0,2,0,차대차 - 측면충돌,안전거리미확보,건조,맑음,단일로 - 기타,화물,남,41세,상해없음,승용,남,47세,경상
2022071100100407,2022년 7월 11일 16시,월요일,대구광역시 남구 대명동,경상사고,0,0,1,0,차대차 - 기타,신호위반,건조,맑음,교차로 - 교차로횡단보도내,승용,남,63세,상해없음,자전거,여,70세,경상
2022071100100445,2022년 7월 11일 17시,월요일,대구광역시 수성구 신매동,중상사고,0,1,2,0,차대차 - 측면충돌,안전운전불이행,건조,맑음,단일로 - 기타,이륜,남,78세,기타불명,승용,여,58세,경상
2022071100100446,2022년 7월 11일 17시,월요일,대구광역시 달서구 상인동,경상사고,0,0,1,0,차대차 - 측면충돌,안전운전불이행,건조,맑음,교차로 - 교차로안,화물,남,75세,상해없음,이륜,남,77세,경상
2022071100100447,2022년 7월 11일 17시,월요일,대구광역시 달서구 용산동,경상사고,0,0,1,0,차대차 - 기타,안전운전불이행,건조,맑음,교차로 - 교차로안,승용,여,55세,상해없음,자전거,남,11세,경상
2022071100100506,2022년 7월 11일 18시,월요일,대구광역시 수성구 두산동,중상사고,0,1,0,0,차대차 - 기타,안전운전불이행,건조,맑음,단일로 - 기타,자전거,여,62세,중상,승용,남,40세,상해없음
2022071100100507,2022년 7월 11일 18시,월요일,대구광역시 서구 내당동,경상사고,0,0,1,0,차대차 - 후진중충돌,안전운전불이행,건조,맑음,교차로 - 교차로부근,화물,남,52세,상해없음,승용,남,45세,경상
2022071100100508,2022년 7월 11일 18시,월요일,대구광역시 서구 이현동,중상사고,0,1,3,0,차대차 - 측면충돌,안전운전불이행,건조,흐림,교차로 - 교차로부근,승용,남,32세,경상,승용,남,25세,경상
2022071100100509,2022년 7월 11일 18시,월요일,대구광역시 중구 남산동,중상사고,0,1,0,0,차량단독 - 기타,기타,건조,맑음,단일로 - 기타,승합,남,56세,상해없음,,,,
2022071100100530,2022년 7월 11일 19시,월요일,대구광역시 수성구 범어동,중상사고,0,1,1,0,차대차 - 기타,안전운전불이행,건조,맑음,기타 - 기타,승용,남,52세,상해없음,이륜,남,67세,중상
2022071100100531,2022년 7월 11일 19시,월요일,대구광역시 서구 평리동,경상사고,0,0,1,0,차대차 - 추돌,안전거리미확보,건조,맑음,단일로 - 기타,승용,남,42세,상해없음,승용,여,19세,경상
2022071100100557,2022년 7월 11일 20시,월요일,대구광역시 달성군 논공읍,중상사고,0,2,0,0,차량단독 - 전도전복 - 전복,안전운전불이행,건조,맑음,단일로 - 기타,승용,남,69세,중상,,,,
2022071100100558,2022년 7월 11일 20시,월요일,대구광역시 북구 산격동,중상사고,0,1,0,0,차대차 - 기타,기타,건조,맑음,단일로 - 기타,승용,남,72세,상해없음,이륜,남,55세,중상
2022071100100577,2022년 7월 11일 21시,월요일,대구광역시 달서구 유천동,경상사고,0,0,1,0,차대사람 - 횡단중,보행자보호의무위반,건조,맑음,기타 - 기타,승용,남,64세,상해없음,보행자,여,67세,경상
2022071100100608,2022년 7월 11일 23시,월요일,대구광역시 북구 칠성동1가,경상사고,0,0,1,0,차대차 - 기타,신호위반,건조,맑음,교차로 - 교차로안,승용,남,22세,상해없음,승용,남,56세,경상
2022071100100609,2022년 7월 11일 23시,월요일,대구광역시 달서구 두류동,경상사고,0,0,1,0,차량단독 - 공작물충돌,안전운전불이행,건조,맑음,단일로 - 기타,승용,여,32세,경상,,,,
2022071200100010,2022년 7월 12일 00시,화요일,대구광역시 달서구 호산동,부상신고사고,0,0,0,1,차대차 - 측면충돌,안전운전불이행,건조,맑음,교차로 - 교차로부근,자전거,남,26세,부상신고,화물,남,50세,상해없음
2022071200100014,2022년 7월 12일 01시,화요일,대구광역시 남구 대명동,경상사고,0,0,4,0,차대차 - 측면충돌,기타,젖음/습기,비,단일로 - 지하차도(도로)내,승용,남,23세,상해없음,승용,남,53세,상해없음
2022071200100015,2022년 7월 12일 01시,화요일,대구광역시 수성구 상동,중상사고,0,2,0,0,차대차 - 측면충돌,안전운전불이행,건조,맑음,교차로 - 교차로안,승용,여,53세,상해없음,승용,남,58세,중상
2022071200100016,2022년 7월 12일 01시,화요일,대구광역시 서구 평리동,경상사고,0,0,1,0,차대차 - 정면충돌,중앙선침범,건조,맑음,단일로 - 기타,승용,남,23세,상해없음,화물,남,57세,경상
2022071200100048,2022년 7월 12일 06시,화요일,대구광역시 동구 동호동,중상사고,0,1,2,0,차대차 - 측면충돌,교차로운행방법위반,건조,맑음,교차로 - 교차로안,승용,남,65세,경상,승용,남,55세,경상
2022071200100065,2022년 7월 12일 07시,화요일,대구광역시 달서구 두류동,경상사고,0,0,1,0,차대차 - 추돌,안전운전불이행,건조,맑음,교차로 - 교차로부근,승합,여,55세,상해없음,승용,남,34세,경상
2022071200100101,2022년 7월 12일 08시,화요일,대구광역시 남구 대명동,경상사고,0,0,1,0,차대사람 - 기타,안전운전불이행,건조,맑음,단일로 - 기타,승용,여,47세,상해없음,보행자,남,48세,경상
2022071200100102,2022년 7월 12일 08시,화요일,대구광역시 수성구 범어동,경상사고,0,0,2,0,차대차 - 추돌,안전운전불이행,건조,맑음,단일로 - 기타,건설기계,남,62세,상해없음,승용,남,59세,경상
2022071200100103,2022년 7월 12일 08시,화요일,대구광역시 달서구 용산동,경상사고,0,0,1,0,차대차 - 측면충돌,안전운전불이행,건조,맑음,단일로 - 기타,자전거,여,66세,상해없음,자전거,여,54세,경상
2022071200100104,2022년 7월 12일 08시,화요일,대구광역시 달서구 두류동,경상사고,0,0,1,0,차대사람 - 기타,안전운전불이행,건조,맑음,단일로 - 기타,건설기계,남,66세,상해없음,보행자,여,42세,경상
2022071200100105,2022년 7월 12일 08시,화요일,대구광역시 북구 국우동,중상사고,0,1,0,0,차대차 - 측면충돌,안전거리미확보,건조,맑음,단일로 - 기타,건설기계,남,68세,상해없음,승용,남,32세,중상
2022071200100136,2022년 7월 12일 09시,화요일,대구광역시 달서구 본리동,경상사고,0,0,1,0,차대사람 - 횡단중,보행자보호의무위반,건조,맑음,교차로 - 교차로안,승용,남,64세,상해없음,보행자,여,60세,경상
2022071200100189,2022년 7월 12일 11시,화요일,대구광역시 중구 덕산동,경상사고,0,0,1,0,차량단독 - 기타,안전운전불이행,건조,맑음,교차로 - 교차로부근,승용,남,52세,상해없음,,,,
2022071200100234,2022년 7월 12일 13시,화요일,대구광역시 남구 봉덕동,경상사고,0,0,1,0,차대차 - 측면충돌,중앙선침범,건조,맑음,단일로 - 기타,승용,여,75세,상해없음,이륜,남,36세,경상
2022071200100235,2022년 7월 12일 13시,화요일,대구광역시 동구 신암동,경상사고,0,0,1,0,차대차 - 측면충돌,안전운전불이행,건조,맑음,단일로 - 기타,승용,여,57세,상해없음,승용,여,32세,경상
2022071200100236,2022년 7월 12일 13시,화요일,대구광역시 달서구 유천동,경상사고,0,0,1,0,차대차 - 추돌,안전운전불이행,건조,맑음,교차로 - 교차로안,승용,남,69세,상해없음,승용,남,59세,경상
2022071200100263,2022년 7월 12일 14시,화요일,대구광역시 중구 삼덕동2가,경상사고,0,0,1,0,차대차 - 정면충돌,안전운전불이행,건조,맑음,단일로 - 기타,승용,여,55세,상해없음,이륜,남,48세,경상
2022071200100264,2022년 7월 12일 14시,화요일,대구광역시 중구 남산동,경상사고,0,0,1,0,차대사람 - 횡단중,안전운전불이행,건조,맑음,기타 - 기타,승용,남,53세,상해없음,보행자,여,47세,경상
2022071200100265,2022년 7월 12일 14시,화요일,대구광역시 북구 동천동,경상사고,0,0,1,0,차대차 - 측면충돌,직진우회전진행방해,건조,맑음,교차로 - 교차로안,이륜,남,44세,경상,승용,남,65세,상해없음
2022071200100300,2022년 7월 12일 15시,화요일,대구광역시 달성군 다사읍,경상사고,0,0,1,0,차대차 - 기타,안전운전불이행,건조,맑음,교차로 - 교차로안,승용,여,28세,상해없음,승합,남,61세,경상
2022071200100301,2022년 7월 12일 15시,화요일,대구광역시 북구 산격동,부상신고사고,0,0,0,1,차대사람 - 길가장자리구역통행중,안전운전불이행,건조,맑음,단일로 - 기타,승용,남,68세,상해없음,보행자,남,41세,부상신고
2022071200100372,2022년 7월 12일 17시,화요일,대구광역시 수성구 상동,경상사고,0,0,2,0,차대차 - 측면충돌,안전운전불이행,건조,맑음,교차로 - 교차로부근,승용,여,30세,경상,화물,남,56세,경상
2022071200100413,2022년 7월 12일 18시,화요일,대구광역시 북구 침산동,경상사고,0,0,1,0,차대차 - 추돌,안전운전불이행,건조,맑음,단일로 - 기타,화물,남,48세,상해없음,승용,남,40세,경상
2022071200100414,2022년 7월 12일 18시,화요일,대구광역시 북구 복현동,경상사고,0,0,2,0,차대차 - 추돌,안전거리미확보,건조,맑음,교차로 - 교차로부근,승용,남,74세,상해없음,승용,여,42세,경상
2022071200100415,2022년 7월 12일 18시,화요일,대구광역시 북구 태전동,경상사고,0,0,3,0,차대차 - 측면충돌,교차로운행방법위반,건조,흐림,교차로 - 교차로안,승용,남,53세,경상,승용,여,43세,경상
2022071200100443,2022년 7월 12일 19시,화요일,대구광역시 달서구 월성동,경상사고,0,0,1,0,차대차 - 측면충돌,기타,건조,맑음,교차로 - 교차로안,승용,남,49세,상해없음,승용,여,51세,경상
2022071200100444,2022년 7월 12일 19시,화요일,대구광역시 서구 중리동,경상사고,0,0,1,0,차대차 - 기타,신호위반,건조,맑음,교차로 - 교차로안,승용,남,75세,상해없음,승용,남,68세,상해없음
2022071200100460,2022년 7월 12일 20시,화요일,대구광역시 수성구 매호동,경상사고,0,0,2,0,차대차 - 측면충돌,안전운전불이행,건조,맑음,교차로 - 교차로안,승용,여,57세,경상,승용,여,53세,경상
2022071200100488,2022년 7월 12일 21시,화요일,대구광역시 달성군 다사읍,경상사고,0,0,1,0,차대차 - 기타,안전운전불이행,건조,맑음,단일로 - 기타,승용,여,29세,상해없음,승용,남,76세,경상
2022071200100489,2022년 7월 12일 21시,화요일,대구광역시 서구 평리동,경상사고,0,0,1,0,차대차 - 측면충돌,안전운전불이행,건조,맑음,단일로 - 기타,승용,남,63세,상해없음,이륜,남,31세,경상
2022071200100506,2022년 7월 12일 22시,화요일,대구광역시 북구 동천동,중상사고,0,1,0,0,차대사람 - 횡단중,보행자보호의무위반,건조,맑음,단일로 - 지하차도(도로)내,승용,남,74세,상해없음,보행자,남,52세,중상
2022071300100047,2022년 7월 13일 06시,수요일,대구광역시 달서구 송현동,중상사고,0,1,2,0,차대차 - 측면충돌,직진우회전진행방해,건조,맑음,교차로 - 교차로안,승용,남,71세,중상,승용,남,30세,경상
2022071300100065,2022년 7월 13일 07시,수요일,대구광역시 달성군 다사읍,경상사고,0,0,1,0,차대차 - 추돌,안전운전불이행,건조,맑음,단일로 - 기타,승용,남,30세,상해없음,화물,남,34세,경상
2022071300100103,2022년 7월 13일 08시,수요일,대구광역시 달서구 송현동,중상사고,0,1,0,0,차대사람 - 횡단중,보행자보호의무위반,건조,맑음,교차로 - 교차로횡단보도내,승용,남,28세,상해없음,보행자,여,14세,중상
2022071300100131,2022년 7월 13일 09시,수요일,대구광역시 남구 대명동,경상사고,0,0,2,0,차대차 - 추돌,안전운전불이행,건조,맑음,교차로 - 교차로횡단보도내,승용,남,43세,상해없음,승용,여,53세,경상
2022071300100132,2022년 7월 13일 09시,수요일,대구광역시 북구 읍내동,중상사고,0,1,0,0,차대사람 - 기타,안전운전불이행,건조,맑음,단일로 - 기타,승합,남,60세,상해없음,보행자,여,67세,중상
2022071300100152,2022년 7월 13일 10시,수요일,대구광역시 서구 비산동,경상사고,0,0,1,0,차대차 - 추돌,안전운전불이행,건조,흐림,단일로 - 고가도로위,승용,여,36세,상해없음,승용,남,48세,경상
2022071300100153,2022년 7월 13일 10시,수요일,대구광역시 중구 상서동,중상사고,0,1,0,0,차량단독 - 기타,기타,건조,맑음,단일로 - 기타,승합,남,59세,상해없음,,,,
2022071300100183,2022년 7월 13일 11시,수요일,대구광역시 수성구 황금동,경상사고,0,0,1,0,차대차 - 추돌,신호위반,건조,맑음,교차로 - 교차로안,화물,남,47세,상해없음,승용,여,45세,경상
2022071300100184,2022년 7월 13일 11시,수요일,대구광역시 북구 침산동,경상사고,0,0,1,0,차대차 - 측면충돌,교차로운행방법위반,건조,맑음,교차로 - 교차로안,승합,남,53세,상해없음,승용,여,52세,경상
2022071300100185,2022년 7월 13일 11시,수요일,대구광역시 북구 태전동,경상사고,0,0,1,0,차대차 - 측면충돌,안전운전불이행,건조,맑음,교차로 - 교차로횡단보도내,화물,남,55세,상해없음,자전거,남,68세,경상
2022071300100212,2022년 7월 13일 12시,수요일,대구광역시 수성구 시지동,경상사고,0,0,3,0,차대차 - 측면충돌,신호위반,건조,맑음,단일로 - 기타,승용,여,29세,경상,승용,남,65세,경상
2022071300100213,2022년 7월 13일 12시,수요일,대구광역시 달성군 화원읍,중상사고,0,1,0,0,차대차 - 기타,안전운전불이행,건조,맑음,교차로 - 교차로안,승용,남,61세,상해없음,자전거,남,66세,중상
2022071300100240,2022년 7월 13일 13시,수요일,대구광역시 동구 율암동,경상사고,0,0,1,0,차대차 - 측면충돌,안전운전불이행,건조,맑음,단일로 - 기타,승용,남,65세,상해없음,승용,남,51세,경상
2022071300100241,2022년 7월 13일 13시,수요일,대구광역시 북구 태전동,경상사고,0,0,2,0,차대차 - 측면충돌,교차로운행방법위반,건조,맑음,교차로 - 교차로안,승용,여,49세,경상,이륜,남,21세,경상
2022071300100384,2022년 7월 13일 17시,수요일,대구광역시 수성구 수성동1가,중상사고,0,2,0,0,차대차 - 측면충돌,중앙선침범,건조,맑음,단일로 - 기타,승용,남,51세,상해없음,승용,여,45세,중상
2022071300100385,2022년 7월 13일 17시,수요일,대구광역시 달서구 도원동,중상사고,0,1,0,0,차대차 - 측면충돌,교차로운행방법위반,젖음/습기,비,교차로 - 교차로안,자전거,남,64세,중상,화물,남,35세,상해없음
2022071300100386,2022년 7월 13일 17시,수요일,대구광역시 북구 매천동,경상사고,0,0,1,0,차대차 - 기타,불법유턴,젖음/습기,비,단일로 - 기타,승용,여,53세,상해없음,원동기,남,37세,경상
2022071300100428,2022년 7월 13일 18시,수요일,대구광역시 수성구 수성동1가,경상사고,0,0,1,0,차대차 - 기타,안전운전불이행,젖음/습기,비,교차로 - 교차로안,승용,남,78세,상해없음,이륜,남,32세,경상
2022071300100429,2022년 7월 13일 18시,수요일,대구광역시 달서구 송현동,중상사고,0,1,1,0,차대차 - 기타,신호위반,젖음/습기,흐림,교차로 - 교차로부근,승용,여,63세,상해없음,승용,남,34세,중상
2022071300100430,2022년 7월 13일 18시,수요일,대구광역시 달서구 갈산동,중상사고,0,1,0,0,차대차 - 정면충돌,중앙선침범,젖음/습기,비,단일로 - 기타,승용,남,42세,상해없음,이륜,남,45세,중상
2022071300100431,2022년 7월 13일 18시,수요일,대구광역시 북구 태전동,중상사고,0,1,0,0,차대차 - 측면충돌,안전거리미확보,젖음/습기,비,단일로 - 고가도로위,승용,남,34세,상해없음,이륜,남,33세,중상
2022071300100497,2022년 7월 13일 20시,수요일,대구광역시 동구 신천동,중상사고,0,1,0,0,차대사람 - 횡단중,보행자보호의무위반,젖음/습기,맑음,교차로 - 교차로횡단보도내,이륜,남,32세,상해없음,보행자,여,46세,중상
2022071300100498,2022년 7월 13일 20시,수요일,대구광역시 수성구 범어동,경상사고,0,0,1,0,차대차 - 측면충돌,안전운전불이행,젖음/습기,비,단일로 - 기타,승용,남,36세,상해없음,승용,여,57세,경상
2022071300100499,2022년 7월 13일 20시,수요일,대구광역시 수성구 수성동1가,경상사고,0,0,1,0,차대차 - 측면충돌,안전운전불이행,건조,맑음,단일로 - 기타,승용,남,60세,상해없음,자전거,남,70세,경상
2022071300100500,2022년 7월 13일 20시,수요일,대구광역시 달서구 진천동,부상신고사고,0,0,0,1,차대사람 - 기타,보행자보호의무위반,젖음/습기,비,교차로 - 교차로안,이륜,기타불명,미분류,기타불명,보행자,남,7세,부상신고
2022071300100501,2022년 7월 13일 20시,수요일,대구광역시 달서구 본리동,중상사고,0,1,0,0,차대사람 - 기타,안전운전불이행,젖음/습기,비,교차로 - 교차로안,승용,남,68세,상해없음,보행자,남,62세,중상
2022071300100502,2022년 7월 13일 20시,수요일,대구광역시 달서구 용산동,중상사고,0,1,0,0,차대사람 - 횡단중,안전운전불이행,젖음/습기,흐림,단일로 - 기타,화물,남,25세,상해없음,보행자,남,28세,중상
2022071300100523,2022년 7월 13일 21시,수요일,대구광역시 달서구 월성동,경상사고,0,0,1,0,차대사람 - 기타,안전운전불이행,젖음/습기,비,주차장 - 주차장,기타불명,기타불명,미분류,기타불명,보행자,여,63세,경상
2022071300100553,2022년 7월 13일 22시,수요일,대구광역시 북구 산격동,부상신고사고,0,0,0,1,차대차 - 기타,안전운전불이행,젖음/습기,흐림,교차로 - 교차로안,이륜,남,32세,부상신고,승용,남,27세,상해없음
2022071300100570,2022년 7월 13일 23시,수요일,대구광역시 수성구 황금동,부상신고사고,0,0,0,1,차대차 - 기타,안전운전불이행,젖음/습기,비,단일로 - 기타,이륜,남,38세,부상신고,승용,남,30세,상해없음
2022071300100571,2022년 7월 13일 23시,수요일,대구광역시 달서구 감삼동,경상사고,0,0,1,1,차대차 - 추돌,신호위반,젖음/습기,흐림,교차로 - 교차로부근,승용,남,43세,상해없음,승용,남,59세,부상신고
2022071400100018,2022년 7월 14일 00시,목요일,대구광역시 수성구 신매동,경상사고,0,0,3,0,차대차 - 측면충돌,안전운전불이행,건조,맑음,교차로 - 교차로안,승용,남,26세,상해없음,승용,남,53세,경상
2022071400100055,2022년 7월 14일 05시,목요일,대구광역시 달서구 이곡동,중상사고,0,1,0,0,차대사람 - 차도통행중,안전운전불이행,건조,맑음,단일로 - 기타,승용,남,25세,상해없음,보행자,남,45세,중상
2022071400100068,2022년 7월 14일 06시,목요일,대구광역시 서구 평리동,중상사고,0,1,0,0,차대차 - 측면충돌,신호위반,건조,맑음,교차로 - 교차로안,화물,남,54세,상해없음,이륜,남,62세,중상
2022071400100092,2022년 7월 14일 07시,목요일,대구광역시 달서구 진천동,경상사고,0,0,1,0,차대차 - 추돌,안전거리미확보,건조,맑음,교차로 - 교차로부근,화물,남,65세,상해없음,이륜,남,57세,경상
2022071400100128,2022년 7월 14일 08시,목요일,대구광역시 달성군 옥포읍,경상사고,0,0,1,0,차대차 - 기타,안전운전불이행,건조,맑음,단일로 - 기타,화물,남,61세,상해없음,화물,남,40세,경상
2022071400100129,2022년 7월 14일 08시,목요일,대구광역시 달서구 장동,중상사고,0,1,0,0,차대사람 - 기타,안전운전불이행,건조,맑음,단일로 - 기타,승용,여,20세,상해없음,보행자,남,28세,중상
2022071400100164,2022년 7월 14일 09시,목요일,대구광역시 동구 신평동,중상사고,0,1,0,0,차대차 - 측면충돌,안전운전불이행,건조,맑음,교차로 - 교차로횡단보도내,화물,남,41세,상해없음,자전거,남,65세,중상
2022071400100165,2022년 7월 14일 09시,목요일,대구광역시 동구 진인동,경상사고,0,0,2,0,차대차 - 추돌,안전거리미확보,건조,흐림,교차로 - 교차로부근,승용,남,29세,상해없음,승용,남,27세,경상
2022071400100204,2022년 7월 14일 10시,목요일,대구광역시 달서구 장동,경상사고,0,0,3,0,차대차 - 기타,안전운전불이행,건조,맑음,단일로 - 기타,화물,남,54세,상해없음,승용,남,66세,경상
2022071400100228,2022년 7월 14일 11시,목요일,대구광역시 남구 봉덕동,경상사고,0,0,2,1,차대차 - 추돌,안전운전불이행,건조,맑음,교차로 - 교차로안,승용,남,18세,부상신고,승용,남,59세,경상
2022071400100229,2022년 7월 14일 11시,목요일,대구광역시 수성구 연호동,경상사고,0,0,1,0,차대차 - 측면충돌,안전운전불이행,건조,맑음,단일로 - 기타,승용,여,24세,상해없음,승용,여,49세,경상
2022071400100230,2022년 7월 14일 11시,목요일,대구광역시 달서구 상인동,경상사고,0,0,1,0,차대차 - 측면충돌,교차로운행방법위반,건조,맑음,교차로 - 교차로안,승용,여,57세,상해없음,승용,여,53세,경상
2022071400100251,2022년 7월 14일 12시,목요일,대구광역시 수성구 만촌동,경상사고,0,0,2,0,차대사람 - 기타,안전운전불이행,건조,맑음,주차장 - 주차장,승용,여,52세,상해없음,보행자,남,22세,경상
2022071400100284,2022년 7월 14일 13시,목요일,대구광역시 북구 구암동,경상사고,0,0,1,0,차대차 - 측면충돌,안전운전불이행,건조,맑음,단일로 - 기타,승용,여,62세,상해없음,자전거,남,55세,경상
2022071400100285,2022년 7월 14일 13시,목요일,대구광역시 북구 서변동,중상사고,0,1,0,0,차량단독 - 공작물충돌,안전운전불이행,건조,맑음,단일로 - 기타,승용,여,61세,중상,,,,
2022071400100366,2022년 7월 14일 15시,목요일,대구광역시 남구 이천동,경상사고,0,0,1,0,차대차 - 추돌,안전운전불이행,건조,맑음,단일로 - 지하차도(도로)내,승용,여,64세,상해없음,승용,여,38세,경상
2022071400100367,2022년 7월 14일 15시,목요일,대구광역시 동구 신천동,경상사고,0,0,1,1,차대차 - 추돌,안전운전불이행,건조,맑음,교차로 - 교차로부근,승용,여,50세,부상신고,승용,남,61세,경상
2022071400100368,2022년 7월 14일 15시,목요일,대구광역시 달서구 상인동,중상사고,0,1,0,0,차대차 - 측면충돌,안전거리미확보,건조,맑음,단일로 - 기타,승용,남,50세,상해없음,이륜,남,31세,중상
2022071400100369,2022년 7월 14일 15시,목요일,대구광역시 달성군 현풍읍,경상사고,0,0,5,0,차대차 - 기타,안전운전불이행,건조,맑음,교차로 - 교차로안,승용,여,31세,경상,승용,남,31세,경상
2022071400100370,2022년 7월 14일 15시,목요일,대구광역시 중구 동인동4가,경상사고,0,0,1,0,차대사람 - 기타,기타,건조,맑음,단일로 - 기타,승합,남,62세,상해없음,보행자,여,54세,경상
2022071400100408,2022년 7월 14일 16시,목요일,대구광역시 수성구 범물동,경상사고,0,0,1,1,차대차 - 정면충돌,안전운전불이행,건조,맑음,교차로 - 교차로안,승용,여,55세,부상신고,이륜,남,53세,경상
2022071400100409,2022년 7월 14일 16시,목요일,대구광역시 수성구 수성동1가,경상사고,0,0,1,0,차대사람 - 기타,안전운전불이행,건조,맑음,단일로 - 기타,개인형이동수단(PM),기타불명,미분류,기타불명,보행자,여,32세,경상
2022071400100456,2022년 7월 14일 17시,목요일,대구광역시 남구 대명동,경상사고,0,0,1,0,차대차 - 측면충돌,교차로운행방법위반,건조,맑음,교차로 - 교차로부근,승용,남,39세,상해없음,승용,여,38세,경상
2022071400100500,2022년 7월 14일 18시,목요일,대구광역시 달서구 신당동,중상사고,0,1,1,0,차대차 - 정면충돌,안전운전불이행,건조,맑음,교차로 - 교차로부근,이륜,남,32세,중상,승용,남,38세,경상
2022071400100539,2022년 7월 14일 19시,목요일,대구광역시 달서구 송현동,경상사고,0,0,1,0,차대차 - 측면충돌,안전운전불이행,건조,맑음,단일로 - 기타,이륜,남,60세,상해없음,자전거,남,21세,경상
2022071400100540,2022년 7월 14일 19시,목요일,대구광역시 북구 동천동,경상사고,0,0,1,0,차대차 - 측면충돌,교차로운행방법위반,건조,맑음,교차로 - 교차로부근,승용,남,35세,상해없음,승용,남,23세,경상
2022071400100582,2022년 7월 14일 20시,목요일,대구광역시 달성군 현풍읍,경상사고,0,0,2,0,차대차 - 측면충돌,신호위반,건조,맑음,교차로 - 교차로안,이륜,남,35세,경상,승용,여,61세,경상
2022071400100583,2022년 7월 14일 20시,목요일,대구광역시 서구 내당동,중상사고,0,1,1,0,차대차 - 추돌,안전운전불이행,건조,맑음,단일로 - 기타,이륜,남,44세,중상,승용,남,64세,경상
2022071400100632,2022년 7월 14일 22시,목요일,대구광역시 달성군 유가읍,경상사고,0,0,1,0,차대사람 - 기타,안전운전불이행,건조,맑음,단일로 - 기타,승용,남,50세,상해없음,보행자,남,36세,경상
2022071400100633,2022년 7월 14일 22시,목요일,대구광역시 북구 복현동,경상사고,0,0,1,0,차대차 - 후진중충돌,불법유턴,건조,맑음,교차로 - 교차로부근,승용,남,33세,상해없음,승용,남,62세,경상
2022071400100649,2022년 7월 14일 23시,목요일,대구광역시 동구 신천동,중상사고,0,1,0,0,차대차 - 측면충돌,신호위반,건조,맑음,교차로 - 교차로부근,이륜,남,16세,상해없음,승용,남,51세,중상