사고번호,사고일시,요일,시군구,사고내용,사망자수,중상자수,경상자수,부상신고자수,사고유형,법규위반,노면상태,기상상태,도로형태,가해운전자 차종,가해운전자 성별,가해운전자 연령,가해운전자 상해정도,피해운전자 차종,피해운전자 성별,피해운전자 연령,피해운전자 상해정도
2022071400100650,2022년 7월 14일 23시,목요일,대구광역시 달서구 송현동,중상사고,0,1,0,0,차대차 - 기타,안전운전불이행,건조,맑음,교차로 - 교차로부근,승용,남,63세,상해없음,이륜,남,38세,중상
2022071500100020,2022년 7월 15일 01시,금요일,대구광역시 수성구 상동,경상사고,0,0,1,0,차대차 - 측면충돌,안전거리미확보,건조,맑음,단일로 - 기타,승용,여,30세,상해없음,승용,남,29세,경상
2022071500100021,2022년 7월 15일 01시,금요일,대구광역시 달서구 성당동,경상사고,0,0,1,0,차대차 - 기타,신호위반,건조,맑음,교차로 - 교차로안,승용,남,62세,상해없음,승용,여,59세,경상
2022071500100058,2022년 7월 15일 07시,금요일,대구광역시 중구 남산동,중상사고,0,1,0,0,차대사람 - 기타,보행자보호의무위반,건조,맑음,단일로 - 기타,화물,남,62세,상해없음,보행자,남,80세,중상
2022071500100094,2022년 7월 15일 08시,금요일,대구광역시 남구 이천동,경상사고,0,0,1,0,차대차 - 추돌,안전운전불이행,건조,맑음,단일로 - 기타,승용,남,42세,상해없음,승용,여,49세,경상
2022071500100095,2022년 7월 15일 08시,금요일,대구광역시 수성구 범어동,경상사고,0,0,2,0,차대차 - 측면충돌,안전거리미확보,건조,맑음,교차로 - 교차로부근,승용,남,54세,상해없음,승용,남,33세,경상
2022071500100096,2022년 7월 15일 08시,금요일,대구광역시 달서구 대천동,경상사고,0,0,1,0,차대차 - 추돌,안전거리미확보,건조,맑음,단일로 - 기타,건설기계,남,58세,상해없음,승용,여,27세,경상
2022071500100097,2022년 7월 15일 08시,금요일,대구광역시 중구 서성로1가,부상신고사고,0,0,0,1,차대차 - 기타,안전운전불이행,건조,맑음,단일로 - 기타,자전거,여,28세,부상신고,이륜,남,34세,상해없음
2022071500100098,2022년 7월 15일 08시,금요일,대구광역시 북구 매천동,중상사고,0,1,1,0,차대차 - 측면충돌,신호위반,건조,맑음,교차로 - 교차로안,자전거,남,24세,중상,승용,남,65세,상해없음
2022071500100135,2022년 7월 15일 09시,금요일,대구광역시 수성구 수성동4가,경상사고,0,0,1,0,차대사람 - 횡단중,보행자보호의무위반,건조,맑음,교차로 - 교차로횡단보도내,승용,남,68세,상해없음,보행자,여,84세,경상
2022071500100136,2022년 7월 15일 09시,금요일,대구광역시 수성구 범어동,부상신고사고,0,0,0,1,차대차 - 측면충돌,안전운전불이행,건조,맑음,단일로 - 기타,승용,남,73세,상해없음,승용,여,25세,부상신고
2022071500100137,2022년 7월 15일 09시,금요일,대구광역시 달서구 장기동,경상사고,0,0,1,0,차대차 - 측면충돌,안전거리미확보,건조,맑음,단일로 - 기타,화물,남,59세,상해없음,승용,남,36세,경상
2022071500100138,2022년 7월 15일 09시,금요일,대구광역시 북구 관음동,경상사고,0,0,3,0,차대차 - 측면충돌,안전운전불이행,건조,맑음,단일로 - 지하차도(도로)내,승용,여,49세,경상,승용,여,47세,경상
2022071500100164,2022년 7월 15일 10시,금요일,대구광역시 동구 신기동,경상사고,0,0,1,0,차대차 - 측면충돌,직진우회전진행방해,건조,맑음,교차로 - 교차로안,화물,남,61세,상해없음,원동기,여,71세,경상
2022071500100165,2022년 7월 15일 10시,금요일,대구광역시 동구 동호동,경상사고,0,0,1,0,차대차 - 측면충돌,안전운전불이행,건조,맑음,교차로 - 교차로부근,승용,남,60세,상해없음,승용,남,58세,경상
2022071500100166,2022년 7월 15일 10시,금요일,대구광역시 중구 삼덕동2가,경상사고,0,0,1,0,차대차 - 기타,안전운전불이행,건조,맑음,단일로 - 기타,자전거,남,82세,경상,승용,남,57세,상해없음
2022071500100201,2022년 7월 15일 11시,금요일,대구광역시 북구 동천동,경상사고,0,0,1,0,차대차 - 측면충돌,안전운전불이행,건조,맑음,단일로 - 지하차도(도로)내,승용,남,66세,상해없음,이륜,남,27세,경상
2022071500100224,2022년 7월 15일 12시,금요일,대구광역시 남구 대명동,경상사고,0,0,2,0,차대차 - 기타,안전운전불이행,건조,맑음,단일로 - 기타,승용,여,51세,상해없음,승용,여,42세,경상
2022071500100225,2022년 7월 15일 12시,금요일,대구광역시 수성구 수성동1가,중상사고,0,1,0,0,차대차 - 측면충돌,안전운전불이행,건조,맑음,단일로 - 기타,승용,여,32세,상해없음,자전거,여,59세,중상
2022071500100260,2022년 7월 15일 13시,금요일,대구광역시 동구 율하동,경상사고,0,0,1,0,차대차 - 측면충돌,안전거리미확보,건조,맑음,단일로 - 기타,승용,남,42세,상해없음,이륜,남,53세,경상
2022071500100261,2022년 7월 15일 13시,금요일,대구광역시 서구 내당동,경상사고,0,0,1,0,차대사람 - 보도통행중,안전운전불이행,건조,맑음,단일로 - 기타,승용,남,40세,상해없음,보행자,남,42세,경상
2022071500100334,2022년 7월 15일 15시,금요일,대구광역시 동구 방촌동,경상사고,0,0,2,0,차대차 - 기타,안전운전불이행,건조,맑음,단일로 - 기타,이륜,남,16세,경상,승용,여,53세,경상
2022071500100335,2022년 7월 15일 15시,금요일,대구광역시 달서구 상인동,경상사고,0,0,1,0,차대사람 - 횡단중,보행자보호의무위반,건조,맑음,교차로 - 교차로횡단보도내,화물,남,61세,상해없음,보행자,여,10세,경상
2022071500100336,2022년 7월 15일 15시,금요일,대구광역시 달성군 화원읍,경상사고,0,0,2,0,차대차 - 기타,안전운전불이행,건조,맑음,교차로 - 교차로부근,승용,남,44세,상해없음,승용,여,66세,경상
2022071500100337,2022년 7월 15일 15시,금요일,대구광역시 달서구 이곡동,경상사고,0,0,1,0,차대차 - 후진중충돌,안전운전불이행,건조,맑음,기타 - 기타,승용,여,62세,상해없음,이륜,남,50세,경상
2022071500100370,2022년 7월 15일 16시,금요일,대구광역시 서구 비산동,경상사고,0,0,2,0,차대차 - 측면충돌,신호위반,건조,맑음,교차로 - 교차로횡단보도내,화물,남,59세,상해없음,승용,남,31세,경상
2022071500100371,2022년 7월 15일 16시,금요일,대구광역시 중구 수창동,중상사고,0,1,3,0,차대차 - 측면충돌,안전운전불이행,건조,맑음,단일로 - 기타,승용,여,52세,상해없음,승합,남,53세,중상
2022071500100427,2022년 7월 15일 17시,금요일,대구광역시 동구 율하동,경상사고,0,0,3,0,차대차 - 측면충돌,기타,건조,맑음,교차로 - 교차로안,승용,남,51세,경상,승용,남,57세,경상
2022071500100429,2022년 7월 15일 17시,금요일,대구광역시 서구 비산동,중상사고,0,1,1,0,차대차 - 측면충돌,직진우회전진행방해,건조,맑음,교차로 - 교차로안,이륜,여,83세,경상,이륜,남,50세,중상
2022071500100430,2022년 7월 15일 17시,금요일,대구광역시 중구 동인동3가,경상사고,0,0,1,0,차대차 - 추돌,안전운전불이행,건조,맑음,단일로 - 기타,승용,남,68세,상해없음,승용,남,27세,경상
2022071500100484,2022년 7월 15일 18시,금요일,대구광역시 북구 복현동,사망사고,1,0,0,0,차량단독 - 전도전복 - 전도,안전운전불이행,건조,맑음,단일로 - 기타,개인형이동수단(PM),남,50세,사망,,,,
2022071500100485,2022년 7월 15일 18시,금요일,대구광역시 달서구 용산동,중상사고,0,1,0,0,차대차 - 기타,안전운전불이행,건조,맑음,단일로 - 기타,이륜,남,61세,중상,승용,남,69세,상해없음
2022071500100486,2022년 7월 15일 18시,금요일,대구광역시 달서구 호산동,경상사고,0,0,1,0,차대사람 - 기타,안전운전불이행,건조,맑음,교차로 - 교차로안,이륜,남,18세,상해없음,보행자,여,6세,경상
2022071500100487,2022년 7월 15일 18시,금요일,대구광역시 달서구 월성동,경상사고,0,0,2,0,차대차 - 추돌,안전운전불이행,건조,맑음,단일로 - 기타,승용,남,52세,상해없음,승용,여,46세,경상
2022071500100488,2022년 7월 15일 18시,금요일,대구광역시 달서구 용산동,중상사고,0,1,0,0,차대차 - 측면충돌,교차로운행방법위반,건조,맑음,교차로 - 교차로안,승용,여,28세,상해없음,승용,여,57세,중상
2022071500100524,2022년 7월 15일 19시,금요일,대구광역시 달서구 용산동,경상사고,0,0,1,0,차대차 - 측면충돌,안전거리미확보,건조,맑음,단일로 - 기타,승용,남,61세,상해없음,자전거,남,58세,경상
2022071500100525,2022년 7월 15일 19시,금요일,대구광역시 달서구 용산동,경상사고,0,0,2,0,차대차 - 기타,안전운전불이행,건조,맑음,교차로 - 교차로횡단보도내,승용,여,53세,경상,승용,남,41세,경상
2022071500100565,2022년 7월 15일 20시,금요일,대구광역시 달서구 도원동,경상사고,0,0,1,0,차대사람 - 횡단중,신호위반,건조,흐림,단일로 - 기타,승합,여,58세,상해없음,보행자,남,79세,경상
2022071500100566,2022년 7월 15일 20시,금요일,대구광역시 북구 동천동,부상신고사고,0,0,0,1,차대차 - 측면충돌,안전운전불이행,건조,맑음,교차로 - 교차로안,개인형이동수단(PM),남,16세,부상신고,승용,남,25세,상해없음
2022071500100632,2022년 7월 15일 22시,금요일,대구광역시 북구 태전동,경상사고,0,0,1,0,차대차 - 추돌,안전거리미확보,건조,맑음,교차로 - 교차로부근,이륜,남,33세,경상,승용,남,62세,상해없음
2022071600100013,2022년 7월 16일 00시,토요일,대구광역시 달서구 성당동,중상사고,0,1,0,0,차대사람 - 기타,안전운전불이행,건조,맑음,기타 - 기타,승용,남,67세,상해없음,보행자,여,38세,중상
2022071600100014,2022년 7월 16일 00시,토요일,대구광역시 중구 공평동,경상사고,0,0,1,0,차대차 - 측면충돌,안전운전불이행,건조,맑음,단일로 - 기타,승용,여,22세,상해없음,승용,남,41세,경상
2022071600100036,2022년 7월 16일 02시,토요일,대구광역시 남구 대명동,경상사고,0,0,1,0,차대차 - 측면충돌,신호위반,건조,맑음,단일로 - 고가도로위,승용,남,64세,상해없음,승용,남,59세,경상
2022071600100037,2022년 7월 16일 02시,토요일,대구광역시 수성구 수성동4가,중상사고,0,1,2,0,차대차 - 기타,안전운전불이행,건조,맑음,교차로 - 교차로부근,승용,남,38세,상해없음,승용,남,22세,중상
2022071600100075,2022년 7월 16일 07시,토요일,대구광역시 서구 평리동,경상사고,0,0,1,0,차대차 - 측면충돌,안전운전불이행,건조,맑음,단일로 - 기타,승용,남,57세,상해없음,승용,남,54세,기타불명
2022071600100094,2022년 7월 16일 08시,토요일,대구광역시 남구 대명동,경상사고,0,0,2,0,차대차 - 측면충돌,신호위반,건조,맑음,교차로 - 교차로안,승용,여,60세,상해없음,승용,남,65세,경상
2022071600100143,2022년 7월 16일 10시,토요일,대구광역시 수성구 범어동,경상사고,0,0,2,0,차대차 - 추돌,안전운전불이행,건조,맑음,단일로 - 기타,승용,남,68세,상해없음,승용,여,46세,경상
2022071600100144,2022년 7월 16일 10시,토요일,대구광역시 달성군 화원읍,경상사고,0,0,1,0,차대차 - 추돌,안전운전불이행,건조,맑음,단일로 - 기타,승용,남,63세,상해없음,승용,여,60세,경상
2022071600100145,2022년 7월 16일 10시,토요일,대구광역시 서구 내당동,경상사고,0,0,1,0,차대차 - 추돌,안전거리미확보,건조,맑음,단일로 - 기타,화물,남,70세,상해없음,승용,남,39세,경상
2022071600100146,2022년 7월 16일 10시,토요일,대구광역시 북구 읍내동,경상사고,0,0,8,0,차대차 - 추돌,안전운전불이행,건조,맑음,교차로 - 교차로부근,화물,남,64세,상해없음,승합,남,53세,경상
2022071600100176,2022년 7월 16일 11시,토요일,대구광역시 수성구 범어동,경상사고,0,0,1,0,차대차 - 측면충돌,직진우회전진행방해,건조,맑음,교차로 - 교차로안,승용,여,61세,상해없음,승용,여,51세,경상
2022071600100177,2022년 7월 16일 11시,토요일,대구광역시 달성군 하빈면,경상사고,0,0,5,0,차대차 - 기타,안전운전불이행,건조,맑음,단일로 - 기타,승용,여,62세,상해없음,승용,남,41세,경상
2022071600100244,2022년 7월 16일 13시,토요일,대구광역시 동구 율하동,경상사고,0,0,1,0,차대차 - 측면충돌,직진우회전진행방해,건조,맑음,교차로 - 교차로안,승용,여,46세,상해없음,원동기,남,24세,경상
2022071600100245,2022년 7월 16일 13시,토요일,대구광역시 달서구 상인동,부상신고사고,0,0,0,1,차대차 - 기타,기타,건조,맑음,교차로 - 교차로안,이륜,남,61세,부상신고,승용,남,66세,상해없음
2022071600100246,2022년 7월 16일 13시,토요일,대구광역시 북구 노원동1가,경상사고,0,0,1,0,차대사람 - 기타,안전운전불이행,건조,맑음,단일로 - 기타,화물,남,53세,상해없음,보행자,여,62세,경상
2022071600100282,2022년 7월 16일 14시,토요일,대구광역시 남구 대명동,경상사고,0,0,1,0,차대차 - 측면충돌,안전운전불이행,건조,맑음,단일로 - 기타,승용,남,65세,상해없음,이륜,남,40세,경상
2022071600100283,2022년 7월 16일 14시,토요일,대구광역시 북구 산격동,경상사고,0,0,2,0,차대차 - 기타,교차로운행방법위반,건조,맑음,교차로 - 교차로안,승용,남,30세,경상,이륜,남,29세,경상
2022071600100320,2022년 7월 16일 15시,토요일,대구광역시 동구 효목동,경상사고,0,0,1,0,차대차 - 측면충돌,안전거리미확보,건조,맑음,단일로 - 기타,승용,남,59세,상해없음,화물,남,45세,경상
2022071600100321,2022년 7월 16일 15시,토요일,대구광역시 북구 산격동,경상사고,0,0,1,0,차대차 - 기타,안전운전불이행,건조,맑음,단일로 - 기타,승용,남,62세,상해없음,화물,남,65세,경상
2022071600100362,2022년 7월 16일 16시,토요일,대구광역시 수성구 매호동,경상사고,0,0,1,0,차대차 - 추돌,안전운전불이행,건조,맑음,기타 - 기타,승용,남,54세,상해없음,승용,남,60세,경상
2022071600100363,2022년 7월 16일 16시,토요일,대구광역시 북구 침산동,중상사고,0,1,0,0,차대차 - 추돌,안전거리미확보,건조,맑음,교차로 - 교차로부근,승용,남,59세,상해없음,이륜,남,29세,중상
2022071600100396,2022년 7월 16일 17시,토요일,대구광역시 달성군 다사읍,중상사고,0,1,0,0,차대차 - 기타,안전운전불이행,건조,맑음,단일로 - 교량,원동기,여,14세,상해없음,원동기,여,14세,상해없음
2022071600100430,2022년 7월 16일 18시,토요일,대구광역시 달성군 다사읍,경상사고,0,0,1,0,차량단독 - 기타,안전운전불이행,건조,맑음,단일로 - 기타,이륜,남,34세,경상,,,,
2022071600100431,2022년 7월 16일 18시,토요일,대구광역시 북구 동천동,경상사고,0,0,2,1,차대차 - 측면충돌,불법유턴,건조,맑음,기타 - 기타,승용,남,41세,부상신고,승용,여,51세,경상
2022071600100457,2022년 7월 16일 19시,토요일,대구광역시 수성구 상동,경상사고,0,0,1,0,차대차 - 측면충돌,신호위반,건조,맑음,단일로 - 기타,승용,남,39세,상해없음,승용,여,59세,경상
2022071600100458,2022년 7월 16일 19시,토요일,대구광역시 달서구 송현동,중상사고,0,3,0,0,차대차 - 측면충돌,안전거리미확보,건조,맑음,단일로 - 기타,승용,남,72세,상해없음,승용,남,53세,중상
2022071600100485,2022년 7월 16일 20시,토요일,대구광역시 북구 매천동,중상사고,0,1,0,0,차대차 - 측면충돌,안전운전불이행,건조,맑음,교차로 - 교차로횡단보도내,승용,남,69세,상해없음,이륜,남,33세,중상
2022071600100507,2022년 7월 16일 21시,토요일,대구광역시 수성구 신매동,경상사고,0,0,2,0,차대차 - 추돌,안전운전불이행,건조,맑음,단일로 - 기타,승용,남,44세,상해없음,승용,남,53세,경상
2022071600100508,2022년 7월 16일 21시,토요일,대구광역시 북구 노원동3가,경상사고,0,0,2,0,차대차 - 측면충돌,차로위반,건조,맑음,단일로 - 기타,승용,남,61세,기타불명,승용,남,43세,경상
2022071700100007,2022년 7월 17일 00시,일요일,대구광역시 달성군 다사읍,경상사고,0,0,2,0,차대차 - 기타,안전운전불이행,건조,맑음,기타 - 기타,이륜,남,48세,기타불명,승용,남,27세,경상
2022071700100031,2022년 7월 17일 02시,일요일,대구광역시 달성군 구지면,중상사고,0,1,0,0,차대차 - 추돌,안전운전불이행,건조,맑음,단일로 - 기타,승용,여,25세,상해없음,승용,남,38세,중상
2022071700100056,2022년 7월 17일 05시,일요일,대구광역시 달서구 두류동,중상사고,0,1,2,0,차대차 - 측면충돌,신호위반,건조,맑음,교차로 - 교차로안,승용,남,53세,상해없음,자전거,여,20세,경상
2022071700100059,2022년 7월 17일 06시,일요일,대구광역시 달성군 논공읍,부상신고사고,0,0,0,1,차대차 - 기타,안전운전불이행,건조,맑음,기타 - 기타,자전거,남,62세,상해없음,자전거,남,42세,부상신고
2022071700100072,2022년 7월 17일 08시,일요일,대구광역시 달성군 논공읍,경상사고,0,0,3,0,차대차 - 기타,안전운전불이행,건조,맑음,단일로 - 기타,승용,남,31세,상해없음,승용,남,47세,경상
2022071700100130,2022년 7월 17일 11시,일요일,대구광역시 동구 율하동,경상사고,0,0,1,0,차대차 - 추돌,안전운전불이행,건조,맑음,교차로 - 교차로안,이륜,남,52세,경상,승용,여,25세,상해없음
2022071700100131,2022년 7월 17일 11시,일요일,대구광역시 북구 태전동,경상사고,0,0,4,0,차대차 - 추돌,안전운전불이행,건조,맑음,교차로 - 교차로부근,이륜,남,44세,경상,승용,여,33세,경상
2022071700100158,2022년 7월 17일 12시,일요일,대구광역시 동구 용계동,경상사고,0,0,1,1,차대차 - 측면충돌,안전거리미확보,건조,맑음,단일로 - 기타,승용,남,59세,상해없음,화물,남,29세,부상신고
2022071700100159,2022년 7월 17일 12시,일요일,대구광역시 달서구 송현동,부상신고사고,0,0,0,1,차대차 - 측면충돌,안전운전불이행,건조,맑음,단일로 - 기타,승용,남,42세,상해없음,이륜,남,44세,부상신고
2022071700100216,2022년 7월 17일 14시,일요일,대구광역시 수성구 지산동,경상사고,0,0,1,0,차대사람 - 기타,안전운전불이행,건조,맑음,단일로 - 기타,승용,남,57세,상해없음,보행자,여,29세,경상
2022071700100245,2022년 7월 17일 15시,일요일,대구광역시 달성군 다사읍,경상사고,0,0,1,0,차대차 - 추돌,안전운전불이행,건조,맑음,단일로 - 기타,승용,남,43세,상해없음,이륜,남,38세,경상
2022071700100314,2022년 7월 17일 17시,일요일,대구광역시 달성군 논공읍,경상사고,0,0,1,0,차대차 - 기타,신호위반,건조,맑음,교차로 - 교차로안,승용,남,40세,상해없음,승용,여,60세,경상
2022071700100340,2022년 7월 17일 18시,일요일,대구광역시 동구 신암동,경상사고,0,0,1,0,차대차 - 기타,안전운전불이행,건조,맑음,단일로 - 기타,승용,여,39세,상해없음,승용,남,41세,경상
2022071700100341,2022년 7월 17일 18시,일요일,대구광역시 달서구 대곡동,경상사고,0,0,1,0,차대차 - 기타,신호위반,건조,맑음,교차로 - 교차로안,이륜,남,38세,상해없음,자전거,남,53세,경상
2022071700100342,2022년 7월 17일 18시,일요일,대구광역시 달성군 가창면,경상사고,0,0,1,0,차대사람 - 차도통행중,안전운전불이행,건조,맑음,교차로 - 교차로안,승용,남,67세,상해없음,보행자,남,19세,경상
2022071700100367,2022년 7월 17일 19시,일요일,대구광역시 북구 산격동,중상사고,0,1,0,0,차대사람 - 횡단중,보행자보호의무위반,건조,맑음,교차로 - 교차로횡단보도내,승용,남,31세,상해없음,보행자,남,53세,중상
2022071700100395,2022년 7월 17일 20시,일요일,대구광역시 북구 구암동,경상사고,0,0,1,0,차대차 - 측면충돌,안전운전불이행,건조,맑음,교차로 - 교차로안,원동기,남,59세,상해없음,승용,남,25세,경상
2022071700100421,2022년 7월 17일 21시,일요일,대구광역시 동구 신암동,경상사고,0,0,2,0,차대차 - 측면충돌,안전거리미확보,건조,맑음,단일로 - 기타,승용,남,63세,상해없음,승용,여,23세,경상
2022071700100422,2022년 7월 17일 21시,일요일,대구광역시 달서구 상인동,경상사고,0,0,1,1,차대차 - 측면충돌,신호위반,건조,맑음,교차로 - 교차로안,승용,여,56세,부상신고,승용,남,69세,경상
2022071800100027,2022년 7월 18일 03시,월요일,대구광역시 북구 산격동,중상사고,0,1,1,0,차대차 - 기타,안전운전불이행,건조,맑음,단일로 - 기타,승용,남,26세,기타불명,승용,남,56세,경상
2022071800100041,2022년 7월 18일 05시,월요일,대구광역시 동구 율하동,경상사고,0,0,1,0,차대차 - 정면충돌,안전운전불이행,젖음/습기,비,교차로 - 교차로부근,승용,남,28세,상해없음,승용,남,42세,경상
2022071800100074,2022년 7월 18일 07시,월요일,대구광역시 수성구 상동,경상사고,0,0,1,0,차대사람 - 횡단중,안전운전불이행,건조,맑음,단일로 - 기타,승용,남,38세,상해없음,보행자,여,58세,경상
2022071800100075,2022년 7월 18일 07시,월요일,대구광역시 수성구 시지동,중상사고,0,1,1,0,차대차 - 기타,교차로운행방법위반,젖음/습기,비,교차로 - 교차로안,승용,남,28세,경상,승용,남,67세,중상
2022071800100076,2022년 7월 18일 07시,월요일,대구광역시 달서구 본리동,경상사고,0,0,1,0,차대차 - 후진중충돌,안전운전불이행,젖음/습기,비,단일로 - 기타,승용,여,42세,상해없음,화물,남,59세,경상
2022071800100110,2022년 7월 18일 08시,월요일,대구광역시 동구 신암동,부상신고사고,0,0,0,1,차대차 - 추돌,안전운전불이행,건조,맑음,단일로 - 기타,승용,남,62세,상해없음,승용,남,50세,부상신고
2022071800100111,2022년 7월 18일 08시,월요일,대구광역시 수성구 범어동,중상사고,0,1,3,0,차대차 - 기타,안전운전불이행,젖음/습기,비,기타 - 기타,승용,남,70세,경상,승용,남,59세,중상
2022071800100112,2022년 7월 18일 08시,월요일,대구광역시 수성구 만촌동,경상사고,0,0,1,0,차대차 - 추돌,안전운전불이행,젖음/습기,비,기타 - 기타,승용,남,26세,상해없음,승용,남,38세,경상
2022071800100113,2022년 7월 18일 08시,월요일,대구광역시 중구 문화동,경상사고,0,0,4,0,차대차 - 측면충돌,안전운전불이행,젖음/습기,비,단일로 - 기타,승용,여,39세,경상,승용,여,52세,경상
2022071800100144,2022년 7월 18일 09시,월요일,대구광역시 북구 칠성동1가,중상사고,0,1,0,0,차대차 - 추돌,안전운전불이행,젖음/습기,비,단일로 - 기타,화물,남,63세,상해없음,이륜,남,63세,중상
2022071800100182,2022년 7월 18일 10시,월요일,대구광역시 수성구 파동,경상사고,0,0,1,0,차대차 - 기타,안전운전불이행,젖음/습기,비,기타 - 기타,승합,남,66세,상해없음,승용,남,37세,상해없음
2022071800100215,2022년 7월 18일 11시,월요일,대구광역시 동구 신천동,경상사고,0,0,2,0,차대차 - 측면충돌,안전운전불이행,젖음/습기,비,단일로 - 기타,화물,남,56세,상해없음,승용,남,25세,경상
2022071800100216,2022년 7월 18일 11시,월요일,대구광역시 수성구 파동,경상사고,0,0,1,0,차량단독 - 전도전복 - 전복,안전운전불이행,젖음/습기,비,단일로 - 교량,승용,남,25세,경상,,,,
2022071800100217,2022년 7월 18일 11시,월요일,대구광역시 수성구 두산동,경상사고,0,0,1,0,차대차 - 측면충돌,안전운전불이행,젖음/습기,비,교차로 - 교차로안,승용,남,64세,상해없음,이륜,남,32세,경상
2022071800100247,2022년 7월 18일 12시,월요일,대구광역시 동구 신암동,중상사고,0,1,0,0,차대차 - 측면충돌,교차로운행방법위반,젖음/습기,비,교차로 - 교차로안,승용,남,58세,상해없음,원동기,남,28세,중상
2022071800100248,2022년 7월 18일 12시,월요일,대구광역시 동구 신암동,경상사고,0,0,1,0,차대차 - 정면충돌,직진우회전진행방해,젖음/습기,비,교차로 - 교차로안,승용,남,52세,상해없음,화물,남,44세,경상
2022071800100249,2022년 7월 18일 12시,월요일,대구광역시 동구 지저동,경상사고,0,0,1,0,차대사람 - 기타,안전운전불이행,젖음/습기,비,교차로 - 교차로안,승용,여,62세,상해없음,보행자,여,31세,경상
2022071800100250,2022년 7월 18일 12시,월요일,대구광역시 수성구 만촌동,중상사고,0,1,0,0,차대사람 - 횡단중,안전운전불이행,젖음/습기,비,단일로 - 기타,승용,여,58세,상해없음,보행자,남,55세,중상
2022071800100251,2022년 7월 18일 12시,월요일,대구광역시 서구 내당동,경상사고,0,0,1,0,차대사람 - 보도통행중,기타,젖음/습기,비,단일로 - 기타,승용,여,49세,상해없음,보행자,남,28세,경상
2022071800100286,2022년 7월 18일 13시,월요일,대구광역시 수성구 범어동,경상사고,0,0,1,0,차대차 - 기타,안전운전불이행,젖음/습기,비,기타 - 기타,승용,여,59세,상해없음,이륜,남,22세,경상
2022071800100348,2022년 7월 18일 15시,월요일,대구광역시 동구 효목동,경상사고,0,0,1,0,차대사람 - 횡단중,보행자보호의무위반,건조,맑음,교차로 - 교차로안,특수,남,48세,상해없음,보행자,여,74세,경상
2022071800100349,2022년 7월 18일 15시,월요일,대구광역시 달성군 다사읍,중상사고,0,1,0,0,차대차 - 추돌,안전운전불이행,젖음/습기,맑음,교차로 - 교차로안,특수,남,40세,상해없음,승용,남,54세,중상
2022071800100382,2022년 7월 18일 16시,월요일,대구광역시 남구 대명동,경상사고,0,0,1,0,차대차 - 측면충돌,안전운전불이행,건조,맑음,단일로 - 지하차도(도로)내,승용,남,61세,상해없음,승용,남,34세,경상
2022071800100417,2022년 7월 18일 17시,월요일,대구광역시 남구 이천동,경상사고,0,0,1,0,차대차 - 측면충돌,안전운전불이행,젖음/습기,비,교차로 - 교차로안,승용,남,47세,상해없음,승용,남,54세,경상
2022071800100418,2022년 7월 18일 17시,월요일,대구광역시 수성구 만촌동,경상사고,0,0,1,0,차대사람 - 횡단중,보행자보호의무위반,건조,맑음,교차로 - 교차로횡단보도내,화물,남,79세,상해없음,보행자,여,13세,경상
2022071800100419,2022년 7월 18일 17시,월요일,대구광역시 달서구 상인동,경상사고,0,0,1,0,차대차 - 측면충돌,중앙선침범,젖음/습기,비,기타 - 기타,승용,남,64세,상해없음,승용,남,69세,경상
2022071800100420,2022년 7월 18일 17시,월요일,대구광역시 북구 칠성동2가,경상사고,0,0,1,0,차대차 - 추돌,안전거리미확보,건조,맑음,단일로 - 기타,승용,여,50세,상해없음,승용,여,38세,경상
2022071800100421,2022년 7월 18일 17시,월요일,대구광역시 중구 삼덕동2가,경상사고,0,0,1,0,차대차 - 측면충돌,신호위반,건조,맑음,교차로 - 교차로안,승용,남,61세,상해없음,승용,여,35세,경상
2022071800100422,2022년 7월 18일 17시,월요일,대구광역시 중구 봉산동,경상사고,0,0,1,0,차대차 - 측면충돌,안전운전불이행,건조,맑음,주차장 - 주차장,승용,여,52세,상해없음,승용,남,39세,경상
2022071800100463,2022년 7월 18일 18시,월요일,대구광역시 달성군 화원읍,경상사고,0,0,1,0,차대사람 - 기타,안전운전불이행,건조,맑음,단일로 - 기타,자전거,남,60세,경상,보행자,여,79세,상해없음
2022071800100464,2022년 7월 18일 18시,월요일,대구광역시 서구 중리동,경상사고,0,0,1,0,차대차 - 측면충돌,안전운전불이행,건조,맑음,교차로 - 교차로안,승용,남,65세,상해없음,승용,남,67세,경상
2022071800100465,2022년 7월 18일 18시,월요일,대구광역시 북구 동천동,경상사고,0,0,1,0,차대차 - 측면충돌,안전운전불이행,건조,맑음,교차로 - 교차로부근,승용,여,22세,상해없음,승용,남,47세,경상
2022071800100523,2022년 7월 18일 20시,월요일,대구광역시 수성구 삼덕동,경상사고,0,0,1,0,차대차 - 추돌,안전거리미확보,건조,맑음,단일로 - 기타,승용,남,43세,상해없음,승용,여,51세,경상
2022071800100524,2022년 7월 18일 20시,월요일,대구광역시 달성군 화원읍,경상사고,0,0,1,0,차대차 - 측면충돌,안전운전불이행,건조,맑음,교차로 - 교차로부근,화물,남,51세,상해없음,승용,남,40세,경상
2022071800100594,2022년 7월 18일 23시,월요일,대구광역시 수성구 황금동,경상사고,0,0,1,0,차대차 - 측면충돌,안전운전불이행,건조,맑음,단일로 - 기타,승용,남,28세,상해없음,화물,남,50세,경상