사고번호,사고일시,요일,시군구,사고내용,사망자수,중상자수,경상자수,부상신고자수,사고유형,법규위반,노면상태,기상상태,도로형태,가해운전자 차종,가해운전자 성별,가해운전자 연령,가해운전자 상해정도,피해운전자 차종,피해운전자 성별,피해운전자 연령,피해운전자 상해정도
2022071900100010,2022년 7월 19일 00시,화요일,대구광역시 중구 동인동1가,경상사고,0,0,1,1,차대차 - 추돌,안전운전불이행,건조,맑음,단일로 - 기타,승용,여,56세,상해없음,승용,남,33세,경상
2022071900100028,2022년 7월 19일 03시,화요일,대구광역시 수성구 노변동,경상사고,0,0,1,0,차대차 - 추돌,안전운전불이행,젖음/습기,맑음,단일로 - 기타,화물,남,56세,상해없음,화물,남,34세,경상
2022071900100047,2022년 7월 19일 06시,화요일,대구광역시 수성구 범어동,중상사고,0,1,0,0,차대차 - 측면충돌,신호위반,건조,맑음,단일로 - 기타,승용,여,41세,기타불명,이륜,남,31세,중상
2022071900100070,2022년 7월 19일 07시,화요일,대구광역시 남구 대명동,경상사고,0,0,1,0,차대차 - 기타,차로위반,건조,맑음,단일로 - 기타,승용,여,46세,상해없음,이륜,남,53세,경상
2022071900100071,2022년 7월 19일 07시,화요일,대구광역시 서구 비산동,경상사고,0,0,1,0,차대사람 - 차도통행중,안전운전불이행,건조,맑음,단일로 - 기타,자전거,남,71세,상해없음,보행자,여,48세,경상
2022071900100112,2022년 7월 19일 08시,화요일,대구광역시 동구 용계동,중상사고,0,1,0,0,차대차 - 측면충돌,안전운전불이행,건조,맑음,단일로 - 기타,건설기계,남,65세,상해없음,승용,남,63세,중상
2022071900100113,2022년 7월 19일 08시,화요일,대구광역시 수성구 신매동,부상신고사고,0,0,0,1,차대차 - 측면충돌,안전거리미확보,건조,맑음,단일로 - 기타,자전거,남,82세,부상신고,승용,남,65세,상해없음
2022071900100114,2022년 7월 19일 08시,화요일,대구광역시 수성구 만촌동,경상사고,0,0,1,0,차대차 - 추돌,안전운전불이행,건조,맑음,단일로 - 기타,승용,남,50세,상해없음,승용,여,46세,경상
2022071900100115,2022년 7월 19일 08시,화요일,대구광역시 달서구 본동,경상사고,0,0,3,0,차대차 - 측면충돌,교차로운행방법위반,건조,맑음,교차로 - 교차로안,승용,여,35세,경상,승용,여,26세,경상
2022071900100139,2022년 7월 19일 09시,화요일,대구광역시 남구 봉덕동,경상사고,0,0,3,0,차대차 - 기타,안전운전불이행,건조,맑음,단일로 - 기타,승용,남,65세,상해없음,승용,남,68세,경상
2022071900100140,2022년 7월 19일 09시,화요일,대구광역시 달서구 진천동,경상사고,0,0,1,0,차대차 - 측면충돌,안전운전불이행,건조,맑음,단일로 - 지하차도(도로)내,승용,여,61세,상해없음,승용,남,34세,경상
2022071900100225,2022년 7월 19일 12시,화요일,대구광역시 서구 이현동,경상사고,0,0,2,0,차대차 - 추돌,안전거리미확보,건조,맑음,교차로 - 교차로부근,화물,남,65세,상해없음,승용,여,30세,경상
2022071900100226,2022년 7월 19일 12시,화요일,대구광역시 북구 구암동,경상사고,0,0,2,0,차대차 - 측면충돌,안전거리미확보,건조,맑음,교차로 - 교차로부근,승용,여,60세,경상,화물,남,71세,경상
2022071900100259,2022년 7월 19일 13시,화요일,대구광역시 동구 효목동,경상사고,0,0,1,0,차대차 - 기타,안전운전불이행,건조,맑음,단일로 - 기타,승합,남,67세,상해없음,승용,남,38세,상해없음
2022071900100260,2022년 7월 19일 13시,화요일,대구광역시 수성구 파동,경상사고,0,0,2,0,차대차 - 정면충돌,신호위반,건조,맑음,교차로 - 교차로안,승용,여,64세,상해없음,승용,여,52세,경상
2022071900100261,2022년 7월 19일 13시,화요일,대구광역시 중구 봉산동,경상사고,0,0,1,0,차대사람 - 기타,안전운전불이행,건조,맑음,교차로 - 교차로부근,승용,남,22세,상해없음,보행자,남,20세,경상
2022071900100288,2022년 7월 19일 14시,화요일,대구광역시 남구 대명동,중상사고,0,1,0,0,차대사람 - 기타,안전운전불이행,건조,맑음,단일로 - 기타,승용,여,64세,상해없음,보행자,남,66세,중상
2022071900100290,2022년 7월 19일 14시,화요일,대구광역시 달서구 신당동,경상사고,0,0,3,0,차대차 - 측면충돌,신호위반,건조,맑음,교차로 - 교차로안,승용,남,45세,경상,승용,남,24세,경상
2022071900100322,2022년 7월 19일 15시,화요일,대구광역시 수성구 수성동1가,경상사고,0,0,4,0,차대차 - 기타,안전운전불이행,젖음/습기,맑음,단일로 - 기타,승용,남,41세,경상,승용,남,49세,경상
2022071900100323,2022년 7월 19일 15시,화요일,대구광역시 달성군 다사읍,경상사고,0,0,3,0,차대차 - 후진중충돌,안전운전불이행,건조,맑음,단일로 - 기타,승용,여,34세,상해없음,승용,여,41세,경상
2022071900100400,2022년 7월 19일 17시,화요일,대구광역시 수성구 범어동,경상사고,0,0,1,0,차대차 - 측면충돌,안전거리미확보,건조,맑음,단일로 - 기타,이륜,남,29세,상해없음,승용,여,36세,경상
2022071900100402,2022년 7월 19일 17시,화요일,대구광역시 달서구 용산동,중상사고,0,1,0,0,차대차 - 측면충돌,안전운전불이행,건조,맑음,단일로 - 기타,승용,여,52세,상해없음,자전거,남,68세,중상
2022071900100445,2022년 7월 19일 18시,화요일,대구광역시 중구 동인동4가,경상사고,0,0,2,0,차대차 - 추돌,안전운전불이행,건조,맑음,단일로 - 기타,승용,남,62세,상해없음,승용,여,48세,경상
2022071900100506,2022년 7월 19일 20시,화요일,대구광역시 동구 신암동,부상신고사고,0,0,0,2,차대사람 - 횡단중,안전운전불이행,건조,맑음,단일로 - 기타,자전거,여,15세,부상신고,보행자,남,60세,부상신고
2022071900100507,2022년 7월 19일 20시,화요일,대구광역시 중구 삼덕동2가,경상사고,0,0,1,0,차대차 - 추돌,안전운전불이행,건조,맑음,단일로 - 기타,승용,남,50세,상해없음,승용,남,27세,경상
2022071900100538,2022년 7월 19일 21시,화요일,대구광역시 수성구 두산동,경상사고,0,0,2,0,차대차 - 기타,안전운전불이행,건조,맑음,단일로 - 기타,승용,남,29세,경상,승용,남,39세,경상
2022071900100578,2022년 7월 19일 23시,화요일,대구광역시 동구 동호동,경상사고,0,0,1,1,차대차 - 측면충돌,안전거리미확보,건조,맑음,단일로 - 기타,건설기계,남,67세,기타불명,승용,남,69세,부상신고
2022072000100016,2022년 7월 20일 00시,수요일,대구광역시 수성구 범어동,중상사고,0,1,0,0,차대사람 - 보도통행중,안전운전불이행,건조,맑음,교차로 - 교차로부근,승용,남,52세,상해없음,보행자,남,48세,중상
2022072000100068,2022년 7월 20일 07시,수요일,대구광역시 달성군 화원읍,경상사고,0,0,1,0,차대차 - 기타,안전운전불이행,건조,맑음,교차로 - 교차로안,승용,남,45세,상해없음,승용,여,58세,경상
2022072000100069,2022년 7월 20일 07시,수요일,대구광역시 북구 대현동,부상신고사고,0,0,0,1,차량단독 - 공작물충돌,안전운전불이행,건조,맑음,단일로 - 기타,승용,남,63세,부상신고,,,,
2022072000100118,2022년 7월 20일 08시,수요일,대구광역시 달서구 도원동,경상사고,0,0,1,0,차대차 - 추돌,안전운전불이행,건조,맑음,교차로 - 교차로부근,승용,여,53세,상해없음,승용,남,27세,경상
2022072000100148,2022년 7월 20일 09시,수요일,대구광역시 동구 입석동,경상사고,0,0,1,0,차대사람 - 기타,안전운전불이행,건조,맑음,단일로 - 기타,승용,여,34세,기타불명,보행자,여,80세,경상
2022072000100149,2022년 7월 20일 09시,수요일,대구광역시 달서구 상인동,경상사고,0,0,1,0,차대사람 - 보도통행중,기타,건조,맑음,단일로 - 기타,기타불명,기타불명,미분류,기타불명,보행자,여,35세,경상
2022072000100150,2022년 7월 20일 09시,수요일,대구광역시 달서구 진천동,경상사고,0,0,1,0,차대사람 - 기타,안전운전불이행,건조,맑음,기타 - 기타,승합,남,62세,상해없음,보행자,여,64세,경상
2022072000100151,2022년 7월 20일 09시,수요일,대구광역시 달성군 화원읍,경상사고,0,0,1,0,차대사람 - 횡단중,안전운전불이행,건조,맑음,기타 - 기타,화물,남,30세,상해없음,보행자,여,76세,경상
2022072000100152,2022년 7월 20일 09시,수요일,대구광역시 중구 대봉동,경상사고,0,0,1,0,차대차 - 후진중충돌,안전운전불이행,건조,맑음,기타 - 기타,승용,남,74세,상해없음,승용,여,82세,경상
2022072000100181,2022년 7월 20일 10시,수요일,대구광역시 중구 남일동,중상사고,0,1,0,0,차대사람 - 횡단중,보행자보호의무위반,건조,맑음,단일로 - 기타,이륜,남,39세,상해없음,보행자,여,26세,중상
2022072000100212,2022년 7월 20일 11시,수요일,대구광역시 동구 봉무동,경상사고,0,0,1,0,차대차 - 정면충돌,불법유턴,건조,맑음,교차로 - 교차로횡단보도내,승용,여,38세,상해없음,승용,여,33세,경상
2022072000100213,2022년 7월 20일 11시,수요일,대구광역시 수성구 만촌동,경상사고,0,0,1,0,차대차 - 측면충돌,안전거리미확보,건조,맑음,교차로 - 교차로부근,건설기계,남,67세,상해없음,승용,남,30세,경상
2022072000100214,2022년 7월 20일 11시,수요일,대구광역시 중구 대신동,경상사고,0,0,3,0,차대차 - 측면충돌,안전운전불이행,건조,맑음,단일로 - 기타,이륜,남,61세,경상,승용,여,40세,경상
2022072000100215,2022년 7월 20일 11시,수요일,대구광역시 달서구 성당동,경상사고,0,0,1,0,차대차 - 측면충돌,안전운전불이행,건조,맑음,단일로 - 기타,승용,남,71세,상해없음,화물,남,42세,경상
2022072000100272,2022년 7월 20일 13시,수요일,대구광역시 동구 지묘동,경상사고,0,0,1,0,차대차 - 추돌,안전운전불이행,건조,맑음,단일로 - 기타,승용,여,63세,상해없음,승용,여,31세,경상
2022072000100309,2022년 7월 20일 14시,수요일,대구광역시 남구 대명동,경상사고,0,0,1,0,차대차 - 측면충돌,안전운전불이행,건조,맑음,단일로 - 기타,화물,남,51세,기타불명,자전거,남,87세,경상
2022072000100310,2022년 7월 20일 14시,수요일,대구광역시 달성군 화원읍,경상사고,0,0,1,0,차대사람 - 횡단중,보행자보호의무위반,건조,맑음,기타 - 기타,승용,여,45세,기타불명,보행자,여,64세,경상
2022072000100311,2022년 7월 20일 14시,수요일,대구광역시 서구 비산동,중상사고,0,1,0,0,차량단독 - 기타,기타,건조,맑음,단일로 - 기타,승합,남,52세,상해없음,,,,
2022072000100312,2022년 7월 20일 14시,수요일,대구광역시 중구 남산동,중상사고,0,1,0,0,차대차 - 측면충돌,안전운전불이행,건조,맑음,교차로 - 교차로부근,승합,여,67세,상해없음,이륜,남,29세,중상
2022072000100313,2022년 7월 20일 14시,수요일,대구광역시 달서구 파호동,중상사고,0,1,2,0,차대차 - 추돌,안전운전불이행,건조,맑음,단일로 - 기타,승용,여,59세,상해없음,승용,여,40세,경상
2022072000100381,2022년 7월 20일 16시,수요일,대구광역시 동구 율하동,경상사고,0,0,1,1,차대차 - 측면충돌,안전운전불이행,건조,맑음,기타 - 기타,개인형이동수단(PM),남,17세,부상신고,화물,남,39세,경상
2022072000100382,2022년 7월 20일 16시,수요일,대구광역시 수성구 중동,경상사고,0,0,2,0,차대차 - 추돌,안전운전불이행,건조,맑음,단일로 - 기타,승용,여,65세,상해없음,승용,여,45세,경상
2022072000100383,2022년 7월 20일 16시,수요일,대구광역시 달성군 다사읍,경상사고,0,0,1,0,차대차 - 추돌,안전운전불이행,건조,맑음,교차로 - 교차로부근,승용,여,40세,기타불명,승용,남,46세,경상
2022072000100384,2022년 7월 20일 16시,수요일,대구광역시 서구 내당동,중상사고,0,1,0,0,차대차 - 측면충돌,신호위반,건조,맑음,단일로 - 기타,승용,남,28세,상해없음,자전거,여,57세,중상
2022072000100385,2022년 7월 20일 16시,수요일,대구광역시 서구 내당동,경상사고,0,0,2,0,차대차 - 추돌,안전운전불이행,건조,맑음,교차로 - 교차로부근,승용,남,53세,상해없음,승용,남,52세,상해없음
2022072000100426,2022년 7월 20일 17시,수요일,대구광역시 동구 율하동,경상사고,0,0,3,0,차대차 - 측면충돌,안전거리미확보,건조,맑음,단일로 - 지하차도(도로)내,승용,남,66세,기타불명,승합,여,25세,경상
2022072000100427,2022년 7월 20일 17시,수요일,대구광역시 달성군 화원읍,중상사고,0,1,0,0,차대차 - 측면충돌,안전운전불이행,건조,맑음,교차로 - 교차로안,화물,남,55세,상해없음,자전거,남,52세,중상
2022072000100496,2022년 7월 20일 19시,수요일,대구광역시 북구 침산동,중상사고,0,2,0,0,차대차 - 측면충돌,안전운전불이행,건조,맑음,기타 - 기타,자전거,남,73세,중상,자전거,남,37세,중상
2022072000100497,2022년 7월 20일 19시,수요일,대구광역시 중구 남산동,부상신고사고,0,0,0,1,차대사람 - 기타,안전운전불이행,건조,맑음,교차로 - 교차로부근,승용,남,46세,상해없음,보행자,남,8세,부상신고
2022072000100526,2022년 7월 20일 20시,수요일,대구광역시 수성구 중동,중상사고,0,2,0,0,차대차 - 추돌,신호위반,건조,맑음,교차로 - 교차로부근,이륜,남,46세,상해없음,이륜,남,39세,중상
2022072000100527,2022년 7월 20일 20시,수요일,대구광역시 서구 내당동,경상사고,0,0,1,0,차대사람 - 기타,안전운전불이행,건조,맑음,단일로 - 기타,승용,남,64세,상해없음,보행자,여,47세,경상
2022072000100557,2022년 7월 20일 21시,수요일,대구광역시 달서구 상인동,경상사고,0,0,1,0,차대차 - 측면충돌,기타,건조,맑음,교차로 - 교차로부근,승용,여,24세,상해없음,이륜,남,36세,경상
2022072000100558,2022년 7월 20일 21시,수요일,대구광역시 달성군 유가읍,경상사고,0,0,1,0,차대차 - 기타,안전운전불이행,건조,맑음,단일로 - 기타,승용,남,51세,상해없음,승용,여,45세,경상
2022072000100559,2022년 7월 20일 21시,수요일,대구광역시 서구 평리동,중상사고,0,1,1,0,차대차 - 추돌,신호위반,건조,맑음,교차로 - 교차로안,승용,여,47세,경상,화물,남,61세,중상
2022072000100560,2022년 7월 20일 21시,수요일,대구광역시 중구 남산동,경상사고,0,0,1,0,차대차 - 기타,안전운전불이행,건조,맑음,단일로 - 기타,승용,남,44세,상해없음,승용,남,31세,경상
2022072000100561,2022년 7월 20일 21시,수요일,대구광역시 달서구 두류동,경상사고,0,0,1,0,차대차 - 추돌,안전운전불이행,건조,맑음,단일로 - 기타,승용,남,52세,상해없음,승용,남,52세,경상
2022072100100009,2022년 7월 21일 00시,목요일,대구광역시 남구 대명동,경상사고,0,0,1,0,차대차 - 측면충돌,중앙선침범,건조,맑음,단일로 - 기타,이륜,남,24세,상해없음,이륜,남,24세,경상
2022072100100026,2022년 7월 21일 02시,목요일,대구광역시 달서구 본동,사망사고,1,0,0,0,차대사람 - 기타,안전운전불이행,젖음/습기,비,단일로 - 기타,승용,남,26세,상해없음,보행자,남,34세,사망
2022072100100089,2022년 7월 21일 07시,목요일,대구광역시 북구 서변동,경상사고,0,0,1,0,차대차 - 추돌,안전운전불이행,건조,맑음,단일로 - 기타,승용,남,69세,상해없음,승용,여,30세,경상
2022072100100090,2022년 7월 21일 07시,목요일,대구광역시 북구 읍내동,경상사고,0,0,1,0,차대차 - 추돌,안전운전불이행,건조,맑음,단일로 - 지하차도(도로)내,승용,남,23세,상해없음,승용,남,28세,경상
2022072100100117,2022년 7월 21일 08시,목요일,대구광역시 달서구 월성동,중상사고,0,1,0,0,차대사람 - 횡단중,보행자보호의무위반,기타,맑음,단일로 - 기타,승용,남,56세,상해없음,보행자,여,48세,중상
2022072100100118,2022년 7월 21일 08시,목요일,대구광역시 달서구 월성동,경상사고,0,0,1,0,차대사람 - 기타,안전운전불이행,건조,맑음,단일로 - 기타,승용,남,46세,상해없음,보행자,여,12세,경상
2022072100100119,2022년 7월 21일 08시,목요일,대구광역시 달성군 다사읍,경상사고,0,0,1,0,차대차 - 측면충돌,안전운전불이행,건조,맑음,교차로 - 교차로안,승용,남,46세,상해없음,승용,여,33세,경상
2022072100100120,2022년 7월 21일 08시,목요일,대구광역시 달성군 현풍읍,경상사고,0,0,1,0,차대차 - 기타,안전운전불이행,건조,맑음,단일로 - 기타,승용,남,37세,상해없음,승용,여,30세,경상
2022072100100146,2022년 7월 21일 09시,목요일,대구광역시 수성구 황금동,중상사고,0,1,0,0,차대차 - 측면충돌,안전거리미확보,건조,맑음,단일로 - 기타,자전거,여,22세,상해없음,자전거,여,68세,중상
2022072100100147,2022년 7월 21일 09시,목요일,대구광역시 달서구 용산동,경상사고,0,0,1,0,차대사람 - 기타,안전운전불이행,건조,맑음,교차로 - 교차로안,승합,남,43세,상해없음,보행자,여,57세,경상
2022072100100204,2022년 7월 21일 11시,목요일,대구광역시 북구 노원동3가,부상신고사고,0,0,0,1,차대차 - 기타,불법유턴,건조,흐림,교차로 - 교차로부근,승용,여,43세,상해없음,이륜,남,68세,부상신고
2022072100100231,2022년 7월 21일 12시,목요일,대구광역시 서구 평리동,경상사고,0,0,1,0,차대차 - 측면충돌,직진우회전진행방해,건조,맑음,교차로 - 교차로안,승용,남,28세,상해없음,승용,여,40세,경상
2022072100100261,2022년 7월 21일 13시,목요일,대구광역시 달서구 감삼동,경상사고,0,0,1,0,차대사람 - 횡단중,안전운전불이행,건조,맑음,기타 - 기타,승용,남,78세,상해없음,보행자,남,21세,경상
2022072100100292,2022년 7월 21일 14시,목요일,대구광역시 서구 내당동,경상사고,0,0,1,0,차대사람 - 기타,안전운전불이행,건조,맑음,주차장 - 주차장,승용,남,36세,상해없음,보행자,남,50세,경상
2022072100100293,2022년 7월 21일 14시,목요일,대구광역시 중구 동산동,중상사고,0,1,0,0,차대사람 - 횡단중,보행자보호의무위반,건조,맑음,교차로 - 교차로안,승용,여,50세,상해없음,보행자,여,59세,중상
2022072100100294,2022년 7월 21일 14시,목요일,대구광역시 북구 동천동,경상사고,0,0,1,0,차대차 - 측면충돌,안전운전불이행,건조,맑음,교차로 - 교차로안,승용,남,52세,상해없음,승용,여,53세,경상
2022072100100323,2022년 7월 21일 15시,목요일,대구광역시 수성구 시지동,경상사고,0,0,1,0,차대사람 - 보도통행중,기타,건조,맑음,단일로 - 기타,승용,남,21세,상해없음,보행자,여,63세,경상
2022072100100324,2022년 7월 21일 15시,목요일,대구광역시 달성군 다사읍,경상사고,0,0,1,0,차대차 - 측면충돌,신호위반,건조,맑음,교차로 - 교차로안,화물,남,27세,상해없음,승용,여,33세,경상
2022072100100325,2022년 7월 21일 15시,목요일,대구광역시 서구 내당동,경상사고,0,0,1,0,차대사람 - 기타,안전운전불이행,건조,맑음,단일로 - 기타,승용,남,82세,상해없음,보행자,여,82세,경상
2022072100100359,2022년 7월 21일 16시,목요일,대구광역시 동구 용계동,경상사고,0,0,1,0,차대차 - 측면충돌,안전운전불이행,건조,맑음,교차로 - 교차로안,승용,남,51세,상해없음,승용,남,45세,경상
2022072100100360,2022년 7월 21일 16시,목요일,대구광역시 북구 노원동2가,경상사고,0,0,1,0,차대차 - 측면충돌,안전운전불이행,건조,맑음,단일로 - 기타,승용,여,26세,상해없음,승용,남,61세,경상
2022072100100361,2022년 7월 21일 16시,목요일,대구광역시 달서구 이곡동,경상사고,0,0,1,0,차대사람 - 횡단중,보행자보호의무위반,건조,맑음,교차로 - 교차로부근,승용,여,61세,상해없음,보행자,남,55세,경상
2022072100100395,2022년 7월 21일 17시,목요일,대구광역시 동구 율하동,경상사고,0,0,1,1,차대차 - 측면충돌,안전운전불이행,건조,맑음,교차로 - 교차로안,자전거,남,15세,부상신고,승용,남,46세,경상
2022072100100396,2022년 7월 21일 17시,목요일,대구광역시 서구 중리동,중상사고,0,1,0,0,차대사람 - 길가장자리구역통행중,안전운전불이행,건조,맑음,단일로 - 기타,승용,남,31세,상해없음,보행자,여,68세,중상
2022072100100442,2022년 7월 21일 18시,목요일,대구광역시 동구 동호동,중상사고,0,1,0,0,차대차 - 측면충돌,안전거리미확보,건조,맑음,단일로 - 기타,승용,여,31세,상해없음,이륜,남,49세,중상
2022072100100443,2022년 7월 21일 18시,목요일,대구광역시 달성군 현풍읍,경상사고,0,0,1,0,차대차 - 기타,안전운전불이행,건조,맑음,기타 - 기타,승용,여,68세,상해없음,이륜,남,50세,경상
2022072100100468,2022년 7월 21일 19시,목요일,대구광역시 동구 효목동,부상신고사고,0,0,0,2,차대차 - 측면충돌,안전거리미확보,건조,맑음,교차로 - 교차로횡단보도내,승용,여,53세,상해없음,이륜,남,17세,부상신고
2022072100100469,2022년 7월 21일 19시,목요일,대구광역시 북구 칠성동2가,경상사고,0,0,1,0,차대사람 - 횡단중,보행자보호의무위반,건조,맑음,교차로 - 교차로부근,승용,남,70세,상해없음,보행자,남,29세,경상
2022072100100488,2022년 7월 21일 20시,목요일,대구광역시 북구 노곡동,경상사고,0,0,2,1,차대차 - 측면충돌,안전운전불이행,건조,맑음,단일로 - 기타,승용,남,56세,부상신고,승용,남,71세,경상
2022072100100492,2022년 7월 21일 20시,목요일,대구광역시 수성구 두산동,경상사고,0,0,2,0,차대사람 - 횡단중,안전운전불이행,건조,맑음,교차로 - 교차로부근,승용,남,45세,상해없음,보행자,여,52세,경상
2022072100100532,2022년 7월 21일 22시,목요일,대구광역시 북구 읍내동,경상사고,0,0,1,0,차대차 - 측면충돌,직진우회전진행방해,건조,맑음,교차로 - 교차로안,이륜,남,19세,상해없음,개인형이동수단(PM),남,16세,경상
2022072100100533,2022년 7월 21일 22시,목요일,대구광역시 북구 학정동,경상사고,0,0,1,0,차대차 - 정면충돌,신호위반,건조,맑음,교차로 - 교차로안,승용,남,43세,기타불명,승용,남,39세,경상
2022072100100550,2022년 7월 21일 23시,목요일,대구광역시 수성구 수성동2가,중상사고,0,1,0,0,차대사람 - 차도통행중,안전운전불이행,건조,맑음,단일로 - 기타,승용,남,68세,상해없음,보행자,여,83세,중상
2022072200100014,2022년 7월 22일 00시,금요일,대구광역시 남구 대명동,부상신고사고,0,0,0,1,차대차 - 기타,기타,건조,맑음,단일로 - 기타,승용,남,26세,상해없음,이륜,남,16세,부상신고
2022072200100110,2022년 7월 22일 08시,금요일,대구광역시 북구 침산동,경상사고,0,0,1,0,차대차 - 측면충돌,안전운전불이행,건조,맑음,단일로 - 기타,화물,남,59세,상해없음,승용,여,45세,경상
2022072200100135,2022년 7월 22일 09시,금요일,대구광역시 북구 금호동,중상사고,0,1,2,0,차대차 - 기타,안전운전불이행,건조,맑음,단일로 - 기타,승용,여,36세,중상,승용,남,29세,상해없음
2022072200100137,2022년 7월 22일 09시,금요일,대구광역시 서구 평리동,경상사고,0,0,1,0,차대차 - 측면충돌,교차로운행방법위반,건조,맑음,교차로 - 교차로안,화물,남,64세,상해없음,승용,여,49세,경상
2022072200100174,2022년 7월 22일 10시,금요일,대구광역시 북구 산격동,경상사고,0,0,1,0,차대차 - 기타,안전운전불이행,건조,맑음,교차로 - 교차로안,화물,남,67세,상해없음,승용,남,41세,경상
2022072200100207,2022년 7월 22일 11시,금요일,대구광역시 수성구 사월동,경상사고,0,0,1,0,차대차 - 기타,안전운전불이행,건조,맑음,단일로 - 기타,승용,여,57세,상해없음,승합,남,55세,상해없음
2022072200100249,2022년 7월 22일 12시,금요일,대구광역시 동구 신암동,중상사고,0,1,0,0,차대차 - 측면충돌,안전운전불이행,건조,맑음,단일로 - 기타,승용,남,41세,상해없음,원동기,남,54세,중상
2022072200100250,2022년 7월 22일 12시,금요일,대구광역시 수성구 범물동,경상사고,0,0,1,0,차대차 - 기타,안전운전불이행,건조,맑음,기타 - 기타,건설기계,남,75세,상해없음,승용,여,53세,경상
2022072200100251,2022년 7월 22일 12시,금요일,대구광역시 수성구 중동,경상사고,0,0,1,0,차대차 - 기타,안전운전불이행,건조,맑음,교차로 - 교차로부근,이륜,남,27세,경상,승용,남,64세,상해없음
2022072200100252,2022년 7월 22일 12시,금요일,대구광역시 수성구 만촌동,경상사고,0,0,1,0,차량단독 - 기타,안전운전불이행,건조,흐림,단일로 - 기타,승합,남,61세,상해없음,,,,
2022072200100290,2022년 7월 22일 13시,금요일,대구광역시 동구 방촌동,경상사고,0,0,1,0,차대사람 - 보도통행중,보행자보호의무위반,건조,맑음,기타 - 기타,승용,여,28세,상해없음,보행자,남,53세,경상
2022072200100321,2022년 7월 22일 14시,금요일,대구광역시 수성구 범어동,경상사고,0,0,1,0,차대차 - 측면충돌,안전운전불이행,건조,맑음,단일로 - 기타,승합,남,64세,상해없음,자전거,남,48세,경상
2022072200100322,2022년 7월 22일 14시,금요일,대구광역시 달서구 상인동,경상사고,0,0,1,0,차대차 - 측면충돌,교차로운행방법위반,건조,맑음,교차로 - 교차로안,승용,남,72세,상해없음,승용,남,20세,경상
2022072200100323,2022년 7월 22일 14시,금요일,대구광역시 북구 대현동,경상사고,0,0,1,0,차대차 - 추돌,안전운전불이행,건조,맑음,기타 - 기타,승용,여,64세,상해없음,승용,남,66세,경상
2022072200100324,2022년 7월 22일 14시,금요일,대구광역시 북구 침산동,경상사고,0,0,2,0,차대차 - 추돌,안전거리미확보,건조,맑음,단일로 - 기타,승용,남,62세,기타불명,승용,남,40세,경상
2022072200100352,2022년 7월 22일 15시,금요일,대구광역시 동구 신천동,부상신고사고,0,0,0,2,차대차 - 정면충돌,안전운전불이행,건조,맑음,단일로 - 기타,승용,여,51세,기타불명,화물,남,28세,부상신고
2022072200100387,2022년 7월 22일 16시,금요일,대구광역시 수성구 중동,경상사고,0,0,10,0,차대차 - 기타,안전운전불이행,건조,맑음,기타 - 기타,승용,여,30세,상해없음,승합,남,63세,경상
2022072200100388,2022년 7월 22일 16시,금요일,대구광역시 달서구 월성동,경상사고,0,0,1,0,차대차 - 측면충돌,교차로운행방법위반,건조,맑음,교차로 - 교차로안,승용,남,63세,상해없음,자전거,남,15세,경상
2022072200100440,2022년 7월 22일 17시,금요일,대구광역시 수성구 만촌동,경상사고,0,0,1,0,차대차 - 기타,교차로운행방법위반,건조,맑음,교차로 - 교차로안,승용,남,47세,상해없음,이륜,남,46세,경상
2022072200100441,2022년 7월 22일 17시,금요일,대구광역시 달성군 현풍읍,중상사고,0,1,0,0,차대차 - 기타,안전운전불이행,건조,맑음,단일로 - 기타,승용,남,19세,기타불명,승용,남,45세,중상
2022072200100474,2022년 7월 22일 18시,금요일,대구광역시 수성구 황금동,중상사고,0,1,0,0,차대차 - 측면충돌,안전운전불이행,건조,맑음,단일로 - 기타,승용,여,37세,상해없음,이륜,남,33세,중상
2022072200100475,2022년 7월 22일 18시,금요일,대구광역시 달서구 상인동,경상사고,0,0,1,0,차대차 - 측면충돌,교차로운행방법위반,건조,맑음,교차로 - 교차로안,승용,남,67세,상해없음,이륜,남,29세,경상
2022072200100510,2022년 7월 22일 19시,금요일,대구광역시 북구 매천동,부상신고사고,0,0,0,1,차량단독 - 공작물충돌,안전운전불이행,건조,맑음,단일로 - 지하차도(도로)내,개인형이동수단(PM),남,19세,부상신고,,,,
2022072200100567,2022년 7월 22일 21시,금요일,대구광역시 동구 신기동,경상사고,0,0,1,0,차대사람 - 보도통행중,안전운전불이행,건조,맑음,단일로 - 교량,기타불명,기타불명,미분류,기타불명,보행자,남,14세,경상
2022072200100568,2022년 7월 22일 21시,금요일,대구광역시 수성구 중동,경상사고,0,0,1,0,차대차 - 기타,안전운전불이행,건조,맑음,교차로 - 교차로부근,기타불명,기타불명,미분류,기타불명,승용,남,31세,경상
2022072300100012,2022년 7월 23일 00시,토요일,대구광역시 달서구 신당동,경상사고,0,0,1,0,차대차 - 추돌,안전운전불이행,건조,맑음,단일로 - 기타,승용,남,27세,상해없음,승용,남,41세,경상
2022072300100048,2022년 7월 23일 05시,토요일,대구광역시 수성구 만촌동,경상사고,0,0,2,0,차대차 - 추돌,안전운전불이행,건조,맑음,교차로 - 교차로부근,승용,남,28세,상해없음,승용,남,37세,경상
2022072300100086,2022년 7월 23일 08시,토요일,대구광역시 동구 방촌동,경상사고,0,0,1,0,차대차 - 측면충돌,교차로운행방법위반,건조,맑음,교차로 - 교차로안,화물,남,67세,상해없음,자전거,남,82세,경상