사고번호,사고일시,요일,시군구,사고내용,사망자수,중상자수,경상자수,부상신고자수,사고유형,법규위반,노면상태,기상상태,도로형태,가해운전자 차종,가해운전자 성별,가해운전자 연령,가해운전자 상해정도,피해운전자 차종,피해운전자 성별,피해운전자 연령,피해운전자 상해정도
2022072300100104,2022년 7월 23일 09시,토요일,대구광역시 북구 노원동3가,중상사고,0,1,0,0,차대차 - 측면충돌,안전운전불이행,건조,맑음,교차로 - 교차로부근,승용,남,44세,상해없음,이륜,남,50세,중상
2022072300100134,2022년 7월 23일 10시,토요일,대구광역시 수성구 만촌동,중상사고,0,1,0,0,차대차 - 기타,안전운전불이행,건조,맑음,단일로 - 기타,승용,남,51세,상해없음,자전거,남,75세,중상
2022072300100135,2022년 7월 23일 10시,토요일,대구광역시 북구 관음동,중상사고,0,1,0,0,차대사람 - 보도통행중,안전운전불이행,건조,맑음,단일로 - 지하차도(도로)내,화물,남,53세,상해없음,보행자,남,73세,중상
2022072300100214,2022년 7월 23일 12시,토요일,대구광역시 동구 신암동,경상사고,0,0,1,0,차대차 - 기타,안전거리미확보,건조,맑음,단일로 - 기타,화물,남,72세,상해없음,승합,남,50세,상해없음
2022072300100215,2022년 7월 23일 12시,토요일,대구광역시 수성구 만촌동,경상사고,0,0,2,0,차대차 - 측면충돌,안전거리미확보,건조,맑음,단일로 - 기타,승용,여,45세,상해없음,승용,여,62세,경상
2022072300100216,2022년 7월 23일 12시,토요일,대구광역시 북구 복현동,경상사고,0,0,1,0,차대사람 - 기타,안전운전불이행,건조,맑음,단일로 - 기타,사륜오토바이(ATV),남,35세,상해없음,보행자,남,70세,경상
2022072300100217,2022년 7월 23일 12시,토요일,대구광역시 서구 내당동,경상사고,0,0,1,0,차대차 - 후진중충돌,안전운전불이행,건조,맑음,단일로 - 기타,승용,남,70세,상해없음,이륜,남,30세,경상
2022072300100218,2022년 7월 23일 12시,토요일,대구광역시 중구 남일동,부상신고사고,0,0,0,1,차대사람 - 길가장자리구역통행중,안전운전불이행,건조,맑음,단일로 - 기타,기타불명,기타불명,미분류,기타불명,보행자,남,25세,부상신고
2022072300100245,2022년 7월 23일 13시,토요일,대구광역시 달서구 상인동,경상사고,0,0,1,0,차대차 - 측면충돌,안전거리미확보,건조,맑음,단일로 - 기타,승용,남,68세,상해없음,승용,여,38세,경상
2022072300100278,2022년 7월 23일 14시,토요일,대구광역시 남구 대명동,경상사고,0,0,1,0,차대차 - 추돌,안전운전불이행,건조,맑음,단일로 - 지하차도(도로)내,승용,여,38세,상해없음,승용,남,34세,경상
2022072300100306,2022년 7월 23일 15시,토요일,대구광역시 동구 불로동,중상사고,0,1,0,0,차대차 - 기타,신호위반,건조,맑음,교차로 - 교차로안,기타불명,기타불명,미분류,기타불명,이륜,여,49세,중상
2022072300100307,2022년 7월 23일 15시,토요일,대구광역시 수성구 지산동,부상신고사고,0,0,0,1,차대사람 - 기타,안전운전불이행,건조,맑음,교차로 - 교차로안,화물,남,61세,상해없음,보행자,여,23세,부상신고
2022072300100387,2022년 7월 23일 18시,토요일,대구광역시 동구 율하동,경상사고,0,0,1,0,차대차 - 측면충돌,보행자보호의무위반,건조,맑음,교차로 - 교차로횡단보도내,승용,여,57세,상해없음,자전거,남,7세,경상
2022072300100412,2022년 7월 23일 19시,토요일,대구광역시 달서구 본리동,경상사고,0,0,5,0,차대차 - 측면충돌,안전거리미확보,젖음/습기,흐림,교차로 - 교차로안,승용,여,27세,경상,승용,남,25세,경상
2022072300100449,2022년 7월 23일 20시,토요일,대구광역시 달서구 상인동,중상사고,0,1,0,0,차대차 - 측면충돌,교차로운행방법위반,건조,맑음,교차로 - 교차로안,이륜,남,49세,중상,이륜,남,39세,상해없음
2022072300100450,2022년 7월 23일 20시,토요일,대구광역시 서구 비산동,경상사고,0,0,3,0,차대차 - 기타,안전거리미확보,젖음/습기,비,단일로 - 기타,승용,남,29세,경상,이륜,남,36세,경상
2022072300100451,2022년 7월 23일 20시,토요일,대구광역시 북구 서변동,경상사고,0,0,1,0,차량단독 - 공작물충돌,안전운전불이행,젖음/습기,비,기타 - 기타,승용,여,39세,경상,,,,
2022072300100481,2022년 7월 23일 21시,토요일,대구광역시 수성구 범어동,경상사고,0,0,1,0,차대차 - 측면충돌,안전거리미확보,건조,맑음,단일로 - 기타,승용,남,24세,상해없음,이륜,남,23세,경상
2022072300100520,2022년 7월 23일 22시,토요일,대구광역시 달서구 두류동,경상사고,0,0,1,0,차대차 - 측면충돌,안전운전불이행,건조,맑음,단일로 - 기타,승용,남,28세,상해없음,원동기,남,20세,경상
2022072300100549,2022년 7월 23일 23시,토요일,대구광역시 달서구 신당동,경상사고,0,0,1,0,차대사람 - 횡단중,안전운전불이행,건조,흐림,단일로 - 기타,승용,여,35세,상해없음,보행자,남,27세,경상
2022072400100014,2022년 7월 24일 00시,일요일,대구광역시 달성군 화원읍,중상사고,0,1,0,0,차대차 - 기타,신호위반,건조,맑음,교차로 - 교차로안,원동기,남,38세,중상,승용,남,32세,상해없음
2022072400100066,2022년 7월 24일 06시,일요일,대구광역시 달서구 신당동,경상사고,0,0,3,0,차대차 - 추돌,안전운전불이행,젖음/습기,비,교차로 - 교차로부근,승용,남,20세,상해없음,승용,남,33세,경상
2022072400100113,2022년 7월 24일 11시,일요일,대구광역시 달서구 송현동,경상사고,0,0,3,0,차대차 - 측면충돌,안전거리미확보,건조,맑음,교차로 - 교차로안,승용,여,41세,경상,승용,여,32세,경상
2022072400100131,2022년 7월 24일 12시,일요일,대구광역시 달서구 본리동,경상사고,0,0,1,0,차대차 - 측면충돌,안전운전불이행,건조,맑음,교차로 - 교차로부근,이륜,남,32세,경상,승용,남,56세,상해없음
2022072400100132,2022년 7월 24일 12시,일요일,대구광역시 서구 내당동,경상사고,0,0,2,0,차대차 - 측면충돌,안전운전불이행,건조,맑음,교차로 - 교차로안,승용,여,59세,상해없음,승용,여,57세,상해없음
2022072400100133,2022년 7월 24일 12시,일요일,대구광역시 북구 동천동,경상사고,0,0,1,0,차대사람 - 보도통행중,안전운전불이행,건조,맑음,단일로 - 기타,개인형이동수단(PM),남,12세,상해없음,보행자,여,17세,경상
2022072400100156,2022년 7월 24일 13시,일요일,대구광역시 북구 관음동,경상사고,0,0,2,0,차대차 - 측면충돌,안전운전불이행,건조,맑음,단일로 - 기타,승용,여,62세,상해없음,승용,남,32세,경상
2022072400100160,2022년 7월 24일 13시,일요일,대구광역시 남구 대명동,경상사고,0,0,1,0,차대차 - 측면충돌,안전운전불이행,건조,맑음,단일로 - 기타,승용,여,61세,상해없음,승용,남,59세,경상
2022072400100186,2022년 7월 24일 14시,일요일,대구광역시 중구 공평동,경상사고,0,0,1,0,차대사람 - 길가장자리구역통행중,안전운전불이행,건조,맑음,단일로 - 기타,승용,남,39세,상해없음,보행자,여,11세,경상
2022072400100242,2022년 7월 24일 16시,일요일,대구광역시 동구 신기동,중상사고,0,1,0,0,차대차 - 측면충돌,안전운전불이행,건조,맑음,교차로 - 교차로안,승용,여,55세,상해없음,자전거,남,85세,중상
2022072400100243,2022년 7월 24일 16시,일요일,대구광역시 북구 구암동,중상사고,0,1,1,0,차대차 - 측면충돌,신호위반,건조,맑음,교차로 - 교차로안,원동기,남,55세,경상,원동기,남,23세,중상
2022072400100271,2022년 7월 24일 17시,일요일,대구광역시 달서구 송현동,중상사고,0,2,0,0,차대차 - 기타,중앙선침범,건조,맑음,단일로 - 기타,승용,남,22세,상해없음,화물,남,74세,중상
2022072400100321,2022년 7월 24일 19시,일요일,대구광역시 동구 신서동,경상사고,0,0,1,0,차대차 - 정면충돌,직진우회전진행방해,건조,맑음,교차로 - 교차로안,원동기,남,42세,경상,승용,남,58세,상해없음
2022072400100322,2022년 7월 24일 19시,일요일,대구광역시 달서구 월성동,중상사고,0,1,0,0,차대차 - 측면충돌,안전거리미확보,건조,맑음,교차로 - 교차로부근,승용,남,31세,상해없음,이륜,남,40세,중상
2022072400100323,2022년 7월 24일 19시,일요일,대구광역시 달성군 유가읍,중상사고,0,1,0,0,차대차 - 기타,신호위반,건조,맑음,교차로 - 교차로부근,이륜,남,33세,중상,승용,남,46세,상해없음
2022072400100324,2022년 7월 24일 19시,일요일,대구광역시 서구 내당동,경상사고,0,0,1,0,차대차 - 기타,중앙선침범,건조,맑음,단일로 - 기타,이륜,남,54세,기타불명,이륜,남,43세,경상
2022072400100353,2022년 7월 24일 20시,일요일,대구광역시 달서구 본리동,경상사고,0,0,1,0,차대사람 - 보도통행중,기타,건조,맑음,기타 - 기타,승용,여,59세,상해없음,보행자,남,61세,경상
2022072400100379,2022년 7월 24일 21시,일요일,대구광역시 북구 산격동,경상사고,0,0,1,0,차대차 - 측면충돌,교차로운행방법위반,건조,맑음,교차로 - 교차로안,승용,남,59세,상해없음,원동기,남,30세,경상
2022072400100390,2022년 7월 24일 22시,일요일,대구광역시 달서구 감삼동,경상사고,0,0,2,1,차대차 - 측면충돌,안전거리미확보,건조,맑음,교차로 - 교차로부근,승용,남,70세,상해없음,승용,남,63세,경상
2022072400100391,2022년 7월 24일 22시,일요일,대구광역시 북구 읍내동,경상사고,0,0,1,0,차대차 - 기타,신호위반,건조,맑음,교차로 - 교차로안,승용,여,62세,상해없음,이륜,남,38세,경상
2022072400100399,2022년 7월 24일 23시,일요일,대구광역시 달서구 감삼동,중상사고,0,1,0,0,차대차 - 정면충돌,안전운전불이행,건조,맑음,단일로 - 기타,이륜,남,23세,상해없음,자전거,남,57세,중상
2022072500100012,2022년 7월 25일 01시,월요일,대구광역시 동구 신천동,경상사고,0,0,2,0,차대차 - 측면충돌,교차로운행방법위반,건조,맑음,교차로 - 교차로안,승용,남,38세,기타불명,승용,남,47세,경상
2022072500100021,2022년 7월 25일 03시,월요일,대구광역시 북구 노원동3가,경상사고,0,0,1,0,차대사람 - 기타,신호위반,건조,맑음,단일로 - 기타,승용,남,72세,상해없음,보행자,남,44세,경상
2022072500100034,2022년 7월 25일 05시,월요일,대구광역시 수성구 만촌동,경상사고,0,0,1,0,차대사람 - 기타,안전운전불이행,건조,맑음,교차로 - 교차로안,화물,남,62세,기타불명,보행자,남,60세,경상
2022072500100065,2022년 7월 25일 07시,월요일,대구광역시 달서구 진천동,경상사고,0,0,1,0,차대차 - 기타,안전운전불이행,건조,맑음,교차로 - 교차로횡단보도내,승용,남,71세,상해없음,자전거,남,70세,경상
2022072500100103,2022년 7월 25일 08시,월요일,대구광역시 북구 침산동,경상사고,0,0,1,0,차대차 - 측면충돌,안전거리미확보,건조,맑음,교차로 - 교차로안,승용,남,29세,상해없음,승용,남,47세,경상
2022072500100104,2022년 7월 25일 08시,월요일,대구광역시 서구 비산동,경상사고,0,0,1,0,차대차 - 추돌,안전운전불이행,건조,맑음,단일로 - 지하차도(도로)내,화물,남,48세,상해없음,승용,여,47세,경상
2022072500100105,2022년 7월 25일 08시,월요일,대구광역시 달서구 본리동,경상사고,0,0,1,0,차대차 - 기타,안전운전불이행,건조,맑음,교차로 - 교차로안,승용,여,33세,기타불명,자전거,남,10세,경상
2022072500100106,2022년 7월 25일 08시,월요일,대구광역시 달서구 죽전동,경상사고,0,0,1,0,차대사람 - 기타,안전운전불이행,건조,맑음,교차로 - 교차로안,승용,남,72세,상해없음,보행자,여,86세,경상
2022072500100145,2022년 7월 25일 09시,월요일,대구광역시 달서구 감삼동,경상사고,0,0,1,0,차대차 - 기타,직진우회전진행방해,건조,맑음,교차로 - 교차로안,승용,여,26세,상해없음,자전거,여,63세,경상
2022072500100181,2022년 7월 25일 10시,월요일,대구광역시 달서구 월성동,경상사고,0,0,1,0,차대차 - 측면충돌,안전운전불이행,건조,맑음,교차로 - 교차로안,승용,남,64세,경상,화물,남,72세,상해없음
2022072500100222,2022년 7월 25일 11시,월요일,대구광역시 달성군 현풍읍,경상사고,0,0,1,0,차대차 - 기타,안전운전불이행,건조,맑음,단일로 - 기타,승용,여,32세,상해없음,승용,여,67세,경상
2022072500100223,2022년 7월 25일 11시,월요일,대구광역시 서구 비산동,경상사고,0,0,2,0,차대차 - 추돌,안전운전불이행,건조,맑음,단일로 - 기타,승합,여,63세,상해없음,승용,남,64세,경상
2022072500100224,2022년 7월 25일 11시,월요일,대구광역시 서구 평리동,경상사고,0,0,1,0,차대차 - 추돌,안전운전불이행,건조,맑음,단일로 - 기타,승용,남,64세,상해없음,화물,남,25세,경상
2022072500100261,2022년 7월 25일 12시,월요일,대구광역시 달서구 상인동,부상신고사고,0,0,0,1,차대차 - 추돌,안전거리미확보,건조,맑음,단일로 - 기타,이륜,남,28세,부상신고,화물,남,58세,상해없음
2022072500100285,2022년 7월 25일 13시,월요일,대구광역시 수성구 만촌동,중상사고,0,2,2,0,차대차 - 추돌,안전운전불이행,건조,맑음,단일로 - 기타,승용,여,50세,상해없음,승용,여,52세,경상
2022072500100286,2022년 7월 25일 13시,월요일,대구광역시 북구 태전동,경상사고,0,0,3,0,차대차 - 측면충돌,안전거리미확보,건조,맑음,단일로 - 기타,승용,여,34세,경상,화물,남,60세,경상
2022072500100311,2022년 7월 25일 14시,월요일,대구광역시 남구 대명동,경상사고,0,0,1,0,차대차 - 후진중충돌,안전운전불이행,건조,맑음,교차로 - 교차로부근,승합,남,53세,상해없음,승용,여,46세,경상
2022072500100313,2022년 7월 25일 14시,월요일,대구광역시 달서구 본리동,경상사고,0,0,1,0,차대차 - 정면충돌,안전운전불이행,건조,맑음,단일로 - 기타,승용,여,40세,기타불명,승용,남,26세,경상
2022072500100353,2022년 7월 25일 15시,월요일,대구광역시 수성구 황금동,중상사고,0,1,0,0,차대차 - 추돌,안전운전불이행,건조,맑음,교차로 - 교차로부근,승용,여,71세,상해없음,승용,여,48세,중상
2022072500100354,2022년 7월 25일 15시,월요일,대구광역시 수성구 만촌동,경상사고,0,0,2,0,차대차 - 측면충돌,안전운전불이행,건조,맑음,교차로 - 교차로안,승합,남,48세,상해없음,승용,여,49세,경상
2022072500100399,2022년 7월 25일 16시,월요일,대구광역시 동구 용계동,중상사고,0,1,0,0,차대사람 - 보도통행중,안전운전불이행,건조,맑음,교차로 - 교차로횡단보도내,승용,남,66세,상해없음,보행자,남,68세,중상
2022072500100400,2022년 7월 25일 16시,월요일,대구광역시 동구 신암동,경상사고,0,0,1,0,차대사람 - 기타,안전운전불이행,건조,맑음,단일로 - 기타,승용,남,20세,상해없음,보행자,남,31세,경상
2022072500100401,2022년 7월 25일 16시,월요일,대구광역시 달성군 논공읍,중상사고,0,1,0,0,차대차 - 기타,기타,건조,맑음,단일로 - 기타,화물,남,53세,상해없음,승용,여,47세,중상
2022072500100402,2022년 7월 25일 16시,월요일,대구광역시 달성군 옥포읍,중상사고,0,1,0,0,차대차 - 기타,안전운전불이행,건조,맑음,단일로 - 기타,이륜,남,26세,상해없음,자전거,남,70세,중상
2022072500100403,2022년 7월 25일 16시,월요일,대구광역시 달서구 신당동,경상사고,0,0,1,0,차대차 - 측면충돌,안전운전불이행,건조,맑음,단일로 - 기타,승용,남,60세,상해없음,승용,남,49세,경상
2022072500100439,2022년 7월 25일 17시,월요일,대구광역시 수성구 범어동,경상사고,0,0,1,0,차대차 - 측면충돌,안전거리미확보,건조,맑음,단일로 - 기타,승용,남,35세,상해없음,이륜,남,31세,경상
2022072500100440,2022년 7월 25일 17시,월요일,대구광역시 달서구 송현동,경상사고,0,0,5,0,차대차 - 측면충돌,교차로운행방법위반,건조,맑음,교차로 - 교차로안,승용,여,71세,상해없음,화물,남,66세,경상
2022072500100441,2022년 7월 25일 17시,월요일,대구광역시 서구 평리동,경상사고,0,0,1,1,차대차 - 측면충돌,안전거리미확보,건조,맑음,단일로 - 기타,승용,남,47세,부상신고,승용,남,29세,경상
2022072500100442,2022년 7월 25일 17시,월요일,대구광역시 북구 매천동,경상사고,0,0,1,0,차대사람 - 보도통행중,기타,건조,맑음,단일로 - 기타,개인형이동수단(PM),남,12세,상해없음,보행자,남,37세,경상
2022072500100486,2022년 7월 25일 18시,월요일,대구광역시 남구 대명동,경상사고,0,0,1,0,차대차 - 측면충돌,안전운전불이행,건조,맑음,교차로 - 교차로부근,승용,여,38세,상해없음,승용,남,52세,경상
2022072500100487,2022년 7월 25일 18시,월요일,대구광역시 남구 대명동,경상사고,0,0,1,0,차대차 - 기타,안전운전불이행,건조,맑음,단일로 - 기타,승용,여,48세,상해없음,승용,남,38세,경상
2022072500100488,2022년 7월 25일 18시,월요일,대구광역시 동구 지묘동,경상사고,0,0,3,0,차대차 - 정면충돌,안전운전불이행,건조,맑음,단일로 - 기타,승용,남,53세,상해없음,승용,여,49세,경상
2022072500100548,2022년 7월 25일 20시,월요일,대구광역시 수성구 황금동,부상신고사고,0,0,0,1,차대차 - 기타,안전운전불이행,건조,맑음,교차로 - 교차로부근,기타불명,기타불명,미분류,기타불명,자전거,여,27세,부상신고
2022072500100549,2022년 7월 25일 20시,월요일,대구광역시 수성구 중동,경상사고,0,0,2,0,차대차 - 추돌,안전운전불이행,건조,맑음,교차로 - 교차로부근,이륜,남,41세,상해없음,승용,남,37세,경상
2022072500100550,2022년 7월 25일 20시,월요일,대구광역시 북구 고성동2가,경상사고,0,0,1,0,차대차 - 측면충돌,안전운전불이행,건조,맑음,교차로 - 교차로안,승용,남,26세,기타불명,자전거,여,9세,경상
2022072500100551,2022년 7월 25일 20시,월요일,대구광역시 달서구 장기동,경상사고,0,0,1,0,차대차 - 측면충돌,안전운전불이행,건조,맑음,단일로 - 기타,화물,남,65세,상해없음,승용,여,25세,경상
2022072500100599,2022년 7월 25일 23시,월요일,대구광역시 중구 남산동,경상사고,0,0,1,0,차대사람 - 횡단중,기타,건조,흐림,기타 - 기타,승용,여,59세,상해없음,보행자,여,25세,경상
2022072500100600,2022년 7월 25일 23시,월요일,대구광역시 달서구 성당동,중상사고,0,1,0,0,차대차 - 기타,안전거리미확보,건조,맑음,단일로 - 기타,승용,남,67세,상해없음,이륜,남,45세,중상
2022072600100011,2022년 7월 26일 00시,화요일,대구광역시 달성군 논공읍,경상사고,0,0,1,0,차대차 - 추돌,중앙선침범,건조,맑음,교차로 - 교차로부근,화물,남,48세,상해없음,승용,여,59세,경상
2022072600100037,2022년 7월 26일 04시,화요일,대구광역시 북구 팔달동,사망사고,1,0,0,0,차량단독 - 기타,안전운전불이행,건조,맑음,단일로 - 기타,승합,남,62세,사망,,,,
2022072600100054,2022년 7월 26일 06시,화요일,대구광역시 달성군 다사읍,경상사고,0,0,1,0,차대차 - 기타,안전운전불이행,건조,맑음,단일로 - 기타,화물,남,44세,상해없음,승용,남,50세,경상
2022072600100073,2022년 7월 26일 07시,화요일,대구광역시 달성군 화원읍,경상사고,0,0,1,0,차대차 - 추돌,안전운전불이행,건조,맑음,단일로 - 기타,화물,남,61세,상해없음,승용,여,53세,경상
2022072600100074,2022년 7월 26일 07시,화요일,대구광역시 남구 대명동,경상사고,0,0,1,0,차대차 - 추돌,안전운전불이행,건조,맑음,단일로 - 기타,승용,남,21세,기타불명,승용,남,61세,경상
2022072600100102,2022년 7월 26일 08시,화요일,대구광역시 수성구 대흥동,경상사고,0,0,2,0,차대차 - 기타,안전운전불이행,건조,맑음,기타 - 기타,건설기계,남,64세,상해없음,승용,남,77세,경상
2022072600100103,2022년 7월 26일 08시,화요일,대구광역시 달서구 송현동,경상사고,0,0,2,0,차대차 - 측면충돌,교차로운행방법위반,건조,맑음,교차로 - 교차로안,승용,여,57세,경상,승용,여,28세,경상
2022072600100136,2022년 7월 26일 09시,화요일,대구광역시 달서구 파호동,중상사고,0,1,0,0,차대차 - 측면충돌,안전운전불이행,건조,맑음,단일로 - 기타,자전거,여,68세,중상,승용,남,42세,상해없음
2022072600100172,2022년 7월 26일 10시,화요일,대구광역시 북구 대현동,경상사고,0,0,2,0,차대차 - 측면충돌,안전거리미확보,건조,맑음,단일로 - 기타,승용,여,62세,상해없음,승용,여,55세,경상
2022072600100173,2022년 7월 26일 10시,화요일,대구광역시 북구 읍내동,중상사고,0,1,0,0,차대차 - 측면충돌,안전운전불이행,건조,맑음,교차로 - 교차로안,자전거,남,64세,중상,승용,남,60세,상해없음
2022072600100174,2022년 7월 26일 10시,화요일,대구광역시 북구 사수동,경상사고,0,0,1,0,차대차 - 추돌,안전운전불이행,건조,맑음,단일로 - 지하차도(도로)내,승용,남,79세,상해없음,승용,여,49세,경상
2022072600100221,2022년 7월 26일 11시,화요일,대구광역시 동구 신기동,경상사고,0,0,1,0,차대차 - 측면충돌,안전운전불이행,건조,맑음,교차로 - 교차로부근,승용,여,52세,기타불명,승용,여,64세,경상
2022072600100222,2022년 7월 26일 11시,화요일,대구광역시 동구 효목동,경상사고,0,0,1,0,차대차 - 측면충돌,교차로운행방법위반,건조,맑음,교차로 - 교차로부근,승용,여,59세,상해없음,승용,남,48세,경상
2022072600100252,2022년 7월 26일 12시,화요일,대구광역시 남구 대명동,경상사고,0,0,1,0,차대차 - 측면충돌,안전운전불이행,건조,맑음,단일로 - 기타,승합,남,35세,상해없음,승용,남,64세,경상
2022072600100286,2022년 7월 26일 13시,화요일,대구광역시 달서구 진천동,경상사고,0,0,1,0,차대차 - 측면충돌,안전거리미확보,건조,맑음,기타 - 기타,승용,남,65세,상해없음,이륜,남,19세,경상
2022072600100334,2022년 7월 26일 14시,화요일,대구광역시 수성구 수성동2가,경상사고,0,0,1,0,차대차 - 기타,안전운전불이행,건조,맑음,기타 - 기타,승용,남,53세,상해없음,자전거,여,69세,경상
2022072600100335,2022년 7월 26일 14시,화요일,대구광역시 수성구 파동,경상사고,0,0,1,0,차대차 - 추돌,안전운전불이행,건조,맑음,단일로 - 교량,승용,남,64세,상해없음,승용,남,45세,경상
2022072600100336,2022년 7월 26일 14시,화요일,대구광역시 달서구 진천동,중상사고,0,2,0,0,차대차 - 측면충돌,차로위반,건조,맑음,단일로 - 기타,이륜,남,74세,중상,승용,여,44세,중상
2022072600100376,2022년 7월 26일 15시,화요일,대구광역시 동구 숙천동,경상사고,0,0,1,0,차대차 - 측면충돌,직진우회전진행방해,건조,맑음,교차로 - 교차로안,승용,여,52세,상해없음,이륜,남,36세,경상
2022072600100377,2022년 7월 26일 15시,화요일,대구광역시 수성구 만촌동,중상사고,0,1,2,0,차대차 - 추돌,안전운전불이행,건조,맑음,단일로 - 기타,승용,여,35세,경상,승용,남,49세,상해없음
2022072600100378,2022년 7월 26일 15시,화요일,대구광역시 수성구 범어동,경상사고,0,0,2,0,차대차 - 기타,안전운전불이행,건조,맑음,기타 - 기타,승용,남,75세,상해없음,승용,여,25세,경상
2022072600100379,2022년 7월 26일 15시,화요일,대구광역시 달서구 두류동,경상사고,0,0,1,0,차대차 - 기타,기타,건조,맑음,교차로 - 교차로부근,승용,여,41세,상해없음,승용,여,23세,경상
2022072600100380,2022년 7월 26일 15시,화요일,대구광역시 달서구 두류동,경상사고,0,0,1,0,차대차 - 기타,교차로운행방법위반,건조,맑음,교차로 - 교차로안,승용,남,59세,상해없음,승용,남,34세,경상
2022072600100419,2022년 7월 26일 16시,화요일,대구광역시 달서구 도원동,경상사고,0,0,1,0,차대차 - 측면충돌,안전거리미확보,건조,맑음,기타 - 기타,승용,남,51세,상해없음,승용,여,59세,경상
2022072600100420,2022년 7월 26일 16시,화요일,대구광역시 북구 팔달동,경상사고,0,0,2,0,차대차 - 측면충돌,신호위반,건조,맑음,교차로 - 교차로안,승용,여,66세,경상,화물,남,49세,경상
2022072600100457,2022년 7월 26일 17시,화요일,대구광역시 수성구 지산동,경상사고,0,0,1,0,차대사람 - 보도통행중,기타,건조,맑음,단일로 - 기타,승용,여,47세,상해없음,보행자,여,8세,경상
2022072600100458,2022년 7월 26일 17시,화요일,대구광역시 수성구 만촌동,부상신고사고,0,0,0,1,차대사람 - 기타,기타,건조,맑음,기타 - 기타,개인형이동수단(PM),기타불명,미분류,기타불명,보행자,여,15세,부상신고
2022072600100459,2022년 7월 26일 17시,화요일,대구광역시 수성구 두산동,중상사고,0,1,0,0,차대차 - 추돌,안전운전불이행,건조,맑음,기타 - 기타,승용,여,72세,상해없음,승용,여,40세,중상
2022072600100460,2022년 7월 26일 17시,화요일,대구광역시 북구 칠성동2가,중상사고,0,1,0,0,차대차 - 측면충돌,안전거리미확보,건조,맑음,단일로 - 기타,승용,남,78세,상해없음,이륜,여,57세,중상
2022072600100461,2022년 7월 26일 17시,화요일,대구광역시 북구 칠성동2가,부상신고사고,0,0,0,1,차대차 - 측면충돌,안전거리미확보,건조,맑음,단일로 - 터널,이륜,남,72세,부상신고,승용,여,60세,상해없음
2022072600100495,2022년 7월 26일 18시,화요일,대구광역시 수성구 신매동,경상사고,0,0,1,0,차대차 - 측면충돌,안전운전불이행,건조,맑음,교차로 - 교차로부근,승용,여,40세,상해없음,승용,여,53세,경상
2022072600100496,2022년 7월 26일 18시,화요일,대구광역시 북구 서변동,경상사고,0,0,3,0,차대차 - 측면충돌,안전거리미확보,건조,맑음,단일로 - 기타,화물,남,66세,상해없음,승용,여,67세,경상
2022072600100526,2022년 7월 26일 19시,화요일,대구광역시 수성구 수성동4가,경상사고,0,0,1,0,차대차 - 측면충돌,안전운전불이행,건조,맑음,단일로 - 기타,이륜,여,22세,상해없음,자전거,남,15세,경상
2022072600100527,2022년 7월 26일 19시,화요일,대구광역시 달성군 가창면,중상사고,0,1,0,0,차대사람 - 횡단중,안전운전불이행,건조,맑음,단일로 - 기타,승용,남,63세,상해없음,보행자,남,80세,중상
2022072600100528,2022년 7월 26일 19시,화요일,대구광역시 북구 노원동3가,경상사고,0,0,1,0,차대차 - 측면충돌,교차로운행방법위반,건조,맑음,교차로 - 교차로안,화물,남,67세,기타불명,승용,여,27세,경상
2022072600100529,2022년 7월 26일 19시,화요일,대구광역시 달서구 용산동,경상사고,0,0,1,1,차대차 - 정면충돌,안전운전불이행,건조,맑음,단일로 - 기타,이륜,남,16세,부상신고,승용,남,33세,경상
2022072600100552,2022년 7월 26일 20시,화요일,대구광역시 달서구 대천동,경상사고,0,0,1,0,차대차 - 기타,안전운전불이행,건조,맑음,교차로 - 교차로부근,승용,남,70세,상해없음,이륜,남,43세,경상
2022072600100579,2022년 7월 26일 21시,화요일,대구광역시 동구 불로동,경상사고,0,0,2,0,차대차 - 추돌,안전운전불이행,건조,맑음,교차로 - 교차로부근,승용,여,61세,상해없음,승용,남,60세,경상
2022072600100580,2022년 7월 26일 21시,화요일,대구광역시 달서구 감삼동,경상사고,0,0,1,0,차대차 - 측면충돌,안전운전불이행,건조,맑음,교차로 - 교차로부근,이륜,남,52세,상해없음,자전거,남,41세,경상
2022072600100611,2022년 7월 26일 23시,화요일,대구광역시 동구 방촌동,사망사고,1,0,0,0,차량단독 - 주/정차차량 충돌,안전운전불이행,건조,맑음,단일로 - 기타,자전거,남,61세,사망,,,,
2022072700100005,2022년 7월 27일 00시,수요일,대구광역시 달서구 상인동,중상사고,0,1,0,0,차대사람 - 차도통행중,안전운전불이행,건조,맑음,단일로 - 기타,승용,남,62세,상해없음,보행자,여,24세,중상
2022072700100039,2022년 7월 27일 06시,수요일,대구광역시 달서구 송현동,경상사고,0,0,1,0,차대차 - 후진중충돌,불법유턴,건조,맑음,단일로 - 기타,화물,남,69세,상해없음,승용,남,24세,경상
2022072700100052,2022년 7월 27일 07시,수요일,대구광역시 서구 비산동,중상사고,0,1,0,0,차대사람 - 길가장자리구역통행중,안전운전불이행,건조,맑음,단일로 - 기타,화물,남,59세,상해없음,보행자,남,79세,중상
2022072700100089,2022년 7월 27일 08시,수요일,대구광역시 동구 서호동,경상사고,0,0,2,0,차대차 - 측면충돌,직진우회전진행방해,건조,맑음,교차로 - 교차로안,승용,남,31세,경상,이륜,남,38세,경상