사고번호,사고일시,요일,시군구,사고내용,사망자수,중상자수,경상자수,부상신고자수,사고유형,법규위반,노면상태,기상상태,도로형태,가해운전자 차종,가해운전자 성별,가해운전자 연령,가해운전자 상해정도,피해운전자 차종,피해운전자 성별,피해운전자 연령,피해운전자 상해정도
2022072700100090,2022년 7월 27일 08시,수요일,대구광역시 동구 신암동,중상사고,0,1,1,0,차대차 - 측면충돌,안전거리미확보,건조,맑음,단일로 - 기타,승용,남,64세,경상,승용,여,42세,중상
2022072700100091,2022년 7월 27일 08시,수요일,대구광역시 동구 신기동,경상사고,0,0,1,1,차대차 - 측면충돌,안전거리미확보,건조,맑음,단일로 - 기타,승용,여,34세,부상신고,승용,남,30세,경상
2022072700100092,2022년 7월 27일 08시,수요일,대구광역시 중구 동인동3가,경상사고,0,0,2,0,차대차 - 기타,안전거리미확보,건조,맑음,교차로 - 교차로안,승용,남,63세,상해없음,승용,남,30세,경상
2022072700100128,2022년 7월 27일 09시,수요일,대구광역시 동구 효목동,경상사고,0,0,1,0,차대사람 - 차도통행중,안전운전불이행,건조,맑음,교차로 - 교차로안,승용,남,46세,상해없음,보행자,여,78세,경상
2022072700100129,2022년 7월 27일 09시,수요일,대구광역시 달서구 죽전동,경상사고,0,0,1,0,차대차 - 측면충돌,안전운전불이행,건조,맑음,단일로 - 기타,승용,남,69세,상해없음,승용,여,50세,경상
2022072700100164,2022년 7월 27일 10시,수요일,대구광역시 수성구 범어동,중상사고,0,1,0,0,차대차 - 측면충돌,안전운전불이행,건조,맑음,교차로 - 교차로횡단보도내,승용,남,70세,상해없음,자전거,남,66세,중상
2022072700100190,2022년 7월 27일 11시,수요일,대구광역시 수성구 시지동,중상사고,0,1,0,0,차대차 - 추돌,안전거리미확보,건조,맑음,단일로 - 기타,건설기계,남,66세,상해없음,승용,여,51세,중상
2022072700100191,2022년 7월 27일 11시,수요일,대구광역시 수성구 범어동,경상사고,0,0,1,0,차대차 - 추돌,안전운전불이행,건조,맑음,단일로 - 기타,승용,남,33세,기타불명,이륜,남,40세,경상
2022072700100192,2022년 7월 27일 11시,수요일,대구광역시 중구 대신동,경상사고,0,0,1,0,차대차 - 추돌,안전운전불이행,건조,맑음,교차로 - 교차로안,승용,남,73세,상해없음,승용,남,40세,경상
2022072700100217,2022년 7월 27일 12시,수요일,대구광역시 동구 신암동,경상사고,0,0,1,0,차대차 - 측면충돌,안전운전불이행,건조,맑음,단일로 - 기타,건설기계,남,66세,상해없음,승용,남,69세,경상
2022072700100218,2022년 7월 27일 12시,수요일,대구광역시 서구 평리동,경상사고,0,0,1,0,차대차 - 측면충돌,안전운전불이행,건조,맑음,단일로 - 기타,화물,남,65세,상해없음,승용,여,54세,경상
2022072700100219,2022년 7월 27일 12시,수요일,대구광역시 중구 동성로2가,경상사고,0,0,1,0,차대사람 - 보도통행중,안전운전불이행,건조,맑음,단일로 - 기타,자전거,남,48세,상해없음,보행자,여,15세,경상
2022072700100254,2022년 7월 27일 13시,수요일,대구광역시 수성구 황금동,경상사고,0,0,1,0,차대사람 - 횡단중,안전운전불이행,건조,맑음,교차로 - 교차로안,화물,남,51세,상해없음,보행자,남,67세,경상
2022072700100280,2022년 7월 27일 14시,수요일,대구광역시 수성구 범어동,경상사고,0,0,1,0,차대차 - 측면충돌,안전거리미확보,건조,맑음,단일로 - 기타,승용,남,31세,상해없음,승용,남,62세,경상
2022072700100281,2022년 7월 27일 14시,수요일,대구광역시 동구 신기동,경상사고,0,0,1,0,차대차 - 후진중충돌,안전운전불이행,건조,맑음,교차로 - 교차로안,승용,남,62세,상해없음,승용,여,40세,경상
2022072700100282,2022년 7월 27일 14시,수요일,대구광역시 북구 노원동3가,경상사고,0,0,1,0,차대차 - 기타,안전운전불이행,건조,맑음,교차로 - 교차로횡단보도내,승용,남,61세,상해없음,자전거,여,30세,경상
2022072700100318,2022년 7월 27일 15시,수요일,대구광역시 동구 신기동,경상사고,0,0,1,0,차대차 - 측면충돌,교차로운행방법위반,건조,맑음,교차로 - 교차로안,승용,여,33세,상해없음,이륜,남,17세,경상
2022072700100319,2022년 7월 27일 15시,수요일,대구광역시 동구 신기동,경상사고,0,0,2,0,차대차 - 기타,안전운전불이행,건조,맑음,단일로 - 기타,승용,남,27세,상해없음,화물,남,52세,경상
2022072700100320,2022년 7월 27일 15시,수요일,대구광역시 동구 서호동,중상사고,0,1,0,0,차대차 - 측면충돌,중앙선침범,건조,맑음,단일로 - 기타,승용,남,73세,상해없음,이륜,남,34세,중상
2022072700100321,2022년 7월 27일 15시,수요일,대구광역시 수성구 수성동1가,중상사고,0,1,1,0,차대차 - 측면충돌,안전운전불이행,건조,맑음,단일로 - 기타,승용,남,77세,상해없음,승용,여,50세,경상
2022072700100323,2022년 7월 27일 15시,수요일,대구광역시 북구 읍내동,경상사고,0,0,2,0,차대차 - 측면충돌,안전운전불이행,건조,맑음,교차로 - 교차로부근,이륜,남,19세,경상,승용,남,62세,경상
2022072700100362,2022년 7월 27일 16시,수요일,대구광역시 동구 신암동,경상사고,0,0,1,0,차대사람 - 차도통행중,안전운전불이행,건조,맑음,교차로 - 교차로안,승용,남,68세,상해없음,보행자,여,46세,경상
2022072700100363,2022년 7월 27일 16시,수요일,대구광역시 수성구 범어동,경상사고,0,0,1,0,차대차 - 측면충돌,안전거리미확보,건조,맑음,단일로 - 기타,승용,남,65세,상해없음,승용,남,27세,경상
2022072700100364,2022년 7월 27일 16시,수요일,대구광역시 수성구 범어동,중상사고,0,1,0,0,차대차 - 측면충돌,안전운전불이행,건조,맑음,단일로 - 기타,승용,여,60세,상해없음,승용,여,51세,중상
2022072700100365,2022년 7월 27일 16시,수요일,대구광역시 북구 동천동,중상사고,0,1,0,0,차대차 - 측면충돌,신호위반,건조,맑음,교차로 - 교차로부근,이륜,남,39세,상해없음,자전거,남,13세,중상
2022072700100402,2022년 7월 27일 17시,수요일,대구광역시 북구 복현동,경상사고,0,0,1,0,차대차 - 측면충돌,안전거리미확보,건조,맑음,교차로 - 교차로안,화물,남,63세,기타불명,승용,남,25세,경상
2022072700100403,2022년 7월 27일 17시,수요일,대구광역시 달서구 두류동,경상사고,0,0,1,0,차대사람 - 보도통행중,기타,건조,맑음,기타 - 기타,기타불명,기타불명,미분류,기타불명,보행자,여,26세,경상
2022072700100484,2022년 7월 27일 19시,수요일,대구광역시 달서구 진천동,경상사고,0,0,1,0,차대차 - 측면충돌,직진우회전진행방해,건조,맑음,교차로 - 교차로안,승용,여,36세,상해없음,이륜,남,21세,경상
2022072700100485,2022년 7월 27일 19시,수요일,대구광역시 달성군 옥포읍,경상사고,0,0,1,0,차대차 - 측면충돌,신호위반,건조,맑음,교차로 - 교차로안,이륜,남,25세,경상,승용,남,64세,상해없음
2022072700100510,2022년 7월 27일 20시,수요일,대구광역시 동구 부동,경상사고,0,0,1,0,차대차 - 측면충돌,차로위반,건조,맑음,기타 - 기타,화물,남,40세,상해없음,승용,남,51세,경상
2022072700100512,2022년 7월 27일 20시,수요일,대구광역시 서구 내당동,경상사고,0,0,1,0,차대차 - 후진중충돌,안전운전불이행,건조,맑음,단일로 - 기타,승용,남,55세,상해없음,이륜,남,19세,경상
2022072700100513,2022년 7월 27일 20시,수요일,대구광역시 달서구 감삼동,중상사고,0,1,0,0,차대사람 - 횡단중,안전운전불이행,건조,맑음,단일로 - 기타,승용,남,68세,상해없음,보행자,여,53세,중상
2022072700100514,2022년 7월 27일 20시,수요일,대구광역시 북구 태전동,중상사고,0,1,0,0,차대차 - 측면충돌,교차로운행방법위반,건조,맑음,교차로 - 교차로안,이륜,여,53세,중상,승용,남,53세,상해없음
2022072700100548,2022년 7월 27일 22시,수요일,대구광역시 북구 서변동,경상사고,0,0,1,0,차대차 - 측면충돌,안전운전불이행,건조,맑음,교차로 - 교차로안,승용,남,70세,상해없음,승용,남,45세,경상
2022072800100009,2022년 7월 28일 00시,목요일,대구광역시 수성구 매호동,경상사고,0,0,2,2,차대차 - 측면충돌,안전거리미확보,건조,맑음,단일로 - 기타,승용,남,70세,부상신고,승용,남,59세,부상신고
2022072800100078,2022년 7월 28일 07시,목요일,대구광역시 북구 구암동,중상사고,0,1,0,0,차대차 - 측면충돌,안전거리미확보,건조,맑음,단일로 - 기타,화물,남,43세,상해없음,이륜,남,45세,중상
2022072800100116,2022년 7월 28일 08시,목요일,대구광역시 서구 평리동,경상사고,0,0,1,0,차대차 - 추돌,안전운전불이행,건조,맑음,단일로 - 기타,승용,여,62세,상해없음,승용,여,61세,경상
2022072800100117,2022년 7월 28일 08시,목요일,대구광역시 북구 태전동,경상사고,0,0,3,2,차대차 - 측면충돌,차로위반,건조,맑음,단일로 - 기타,승용,여,55세,경상,승용,여,55세,경상
2022072800100146,2022년 7월 28일 09시,목요일,대구광역시 달성군 화원읍,경상사고,0,0,1,0,차대사람 - 보도통행중,기타,건조,맑음,단일로 - 기타,원동기,남,84세,상해없음,보행자,여,47세,경상
2022072800100203,2022년 7월 28일 11시,목요일,대구광역시 동구 신천동,경상사고,0,0,1,0,차대차 - 후진중충돌,안전운전불이행,건조,맑음,단일로 - 기타,화물,남,61세,상해없음,승용,남,44세,경상
2022072800100204,2022년 7월 28일 11시,목요일,대구광역시 서구 내당동,경상사고,0,0,1,0,차대차 - 측면충돌,안전운전불이행,건조,맑음,교차로 - 교차로안,이륜,남,49세,경상,화물,남,32세,상해없음
2022072800100240,2022년 7월 28일 12시,목요일,대구광역시 북구 산격동,부상신고사고,0,0,0,1,차대차 - 측면충돌,안전운전불이행,건조,맑음,교차로 - 교차로안,자전거,남,38세,부상신고,승용,여,29세,상해없음
2022072800100272,2022년 7월 28일 13시,목요일,대구광역시 수성구 만촌동,경상사고,0,0,1,0,차대사람 - 보도통행중,기타,건조,맑음,단일로 - 기타,화물,남,73세,상해없음,보행자,여,66세,경상
2022072800100273,2022년 7월 28일 13시,목요일,대구광역시 달서구 상인동,경상사고,0,0,1,0,차대차 - 기타,안전운전불이행,건조,맑음,기타 - 기타,승용,여,37세,상해없음,이륜,남,22세,경상
2022072800100274,2022년 7월 28일 13시,목요일,대구광역시 서구 원대동3가,경상사고,0,0,1,0,차대사람 - 기타,안전운전불이행,건조,맑음,단일로 - 기타,승합,남,58세,기타불명,보행자,남,66세,경상
2022072800100311,2022년 7월 28일 14시,목요일,대구광역시 달서구 상인동,경상사고,0,0,2,0,차대차 - 측면충돌,안전운전불이행,건조,맑음,교차로 - 교차로부근,승용,남,59세,상해없음,승용,남,49세,경상
2022072800100312,2022년 7월 28일 14시,목요일,대구광역시 북구 관음동,경상사고,0,0,1,0,차대차 - 측면충돌,교차로운행방법위반,건조,맑음,교차로 - 교차로부근,건설기계,남,66세,기타불명,승용,여,53세,경상
2022072800100521,2022년 7월 28일 19시,목요일,대구광역시 남구 대명동,경상사고,0,0,1,0,차대사람 - 기타,안전운전불이행,건조,맑음,교차로 - 교차로안,이륜,남,43세,상해없음,보행자,남,67세,경상
2022072800100553,2022년 7월 28일 20시,목요일,대구광역시 동구 신암동,경상사고,0,0,1,0,차대사람 - 차도통행중,중앙선침범,건조,맑음,단일로 - 기타,승용,남,67세,상해없음,보행자,남,54세,경상
2022072800100554,2022년 7월 28일 20시,목요일,대구광역시 북구 복현동,경상사고,0,0,1,0,차대차 - 기타,안전운전불이행,건조,맑음,단일로 - 기타,승용,남,26세,상해없음,승용,남,31세,경상
2022072800100555,2022년 7월 28일 20시,목요일,대구광역시 서구 내당동,경상사고,0,0,4,1,차대차 - 추돌,안전운전불이행,건조,맑음,교차로 - 교차로부근,승용,남,74세,상해없음,승용,남,52세,경상
2022072800100579,2022년 7월 28일 21시,목요일,대구광역시 수성구 범어동,중상사고,0,1,0,0,차대차 - 측면충돌,안전거리미확보,건조,맑음,단일로 - 기타,승용,남,66세,상해없음,승용,남,28세,중상
2022072800100580,2022년 7월 28일 21시,목요일,대구광역시 수성구 만촌동,경상사고,0,0,2,0,차대차 - 측면충돌,안전운전불이행,건조,맑음,교차로 - 교차로안,승용,여,59세,상해없음,승용,남,63세,경상
2022072800100581,2022년 7월 28일 21시,목요일,대구광역시 수성구 신매동,경상사고,0,0,1,1,차대차 - 측면충돌,신호위반,건조,맑음,교차로 - 교차로안,이륜,남,16세,부상신고,승용,여,41세,경상
2022072800100582,2022년 7월 28일 21시,목요일,대구광역시 수성구 범어동,경상사고,0,0,2,0,차대차 - 측면충돌,안전거리미확보,건조,맑음,단일로 - 기타,승용,여,43세,기타불명,승용,남,41세,경상
2022072800100583,2022년 7월 28일 21시,목요일,대구광역시 달성군 다사읍,경상사고,0,0,1,0,차대사람 - 기타,안전운전불이행,건조,맑음,단일로 - 기타,승용,남,71세,상해없음,보행자,여,27세,경상
2022072800100602,2022년 7월 28일 22시,목요일,대구광역시 북구 읍내동,경상사고,0,0,2,0,차대차 - 정면충돌,안전운전불이행,건조,맑음,교차로 - 교차로안,승용,남,37세,상해없음,승용,남,38세,경상
2022072800100619,2022년 7월 28일 23시,목요일,대구광역시 달서구 대곡동,경상사고,0,0,1,0,차대차 - 추돌,안전거리미확보,건조,맑음,단일로 - 기타,승용,남,32세,상해없음,승용,남,46세,경상
2022072900100012,2022년 7월 29일 00시,금요일,대구광역시 달성군 다사읍,사망사고,1,1,1,0,차대차 - 기타,안전운전불이행,건조,맑음,단일로 - 기타,승용,남,64세,상해없음,승용,남,40세,상해없음
2022072900100021,2022년 7월 29일 01시,금요일,대구광역시 달성군 구지면,사망사고,1,0,0,0,차대사람 - 기타,안전운전불이행,건조,맑음,단일로 - 기타,승용,남,24세,상해없음,보행자,남,46세,사망
2022072900100037,2022년 7월 29일 03시,금요일,대구광역시 북구 금호동,경상사고,0,0,1,0,차대차 - 측면충돌,안전운전불이행,건조,흐림,단일로 - 교량,기타불명,기타불명,미분류,기타불명,승용,남,61세,경상
2022072900100064,2022년 7월 29일 06시,금요일,대구광역시 북구 관음동,부상신고사고,0,0,0,1,차대차 - 측면충돌,안전운전불이행,건조,맑음,교차로 - 교차로횡단보도내,자전거,남,79세,부상신고,승용,남,45세,기타불명
2022072900100140,2022년 7월 29일 09시,금요일,대구광역시 달성군 가창면,경상사고,0,0,3,0,차대차 - 기타,안전운전불이행,건조,맑음,단일로 - 기타,승용,남,62세,상해없음,승용,여,52세,경상
2022072900100171,2022년 7월 29일 10시,금요일,대구광역시 달서구 송현동,경상사고,0,0,1,0,차대사람 - 길가장자리구역통행중,안전운전불이행,건조,맑음,단일로 - 기타,승용,남,40세,상해없음,보행자,여,80세,경상
2022072900100172,2022년 7월 29일 10시,금요일,대구광역시 달성군 화원읍,경상사고,0,0,1,0,차대차 - 측면충돌,직진우회전진행방해,건조,맑음,교차로 - 교차로안,이륜,남,81세,경상,승용,남,69세,상해없음
2022072900100173,2022년 7월 29일 10시,금요일,대구광역시 달성군 화원읍,경상사고,0,0,1,0,차대차 - 기타,안전운전불이행,건조,맑음,단일로 - 기타,승용,남,68세,상해없음,승용,남,63세,경상
2022072900100204,2022년 7월 29일 11시,금요일,대구광역시 동구 부동,부상신고사고,0,0,0,3,차대차 - 기타,안전운전불이행,건조,맑음,기타 - 기타,화물,남,58세,상해없음,승용,남,31세,부상신고
2022072900100209,2022년 7월 29일 11시,금요일,대구광역시 수성구 범어동,경상사고,0,0,1,1,차대차 - 기타,안전운전불이행,건조,맑음,교차로 - 교차로부근,승용,여,35세,부상신고,이륜,남,22세,경상
2022072900100210,2022년 7월 29일 11시,금요일,대구광역시 북구 구암동,중상사고,0,1,1,0,차대차 - 측면충돌,신호위반,건조,맑음,단일로 - 기타,이륜,남,32세,중상,화물,남,36세,경상
2022072900100253,2022년 7월 29일 12시,금요일,대구광역시 동구 신천동,경상사고,0,0,1,0,차대차 - 기타,안전거리미확보,건조,맑음,단일로 - 기타,화물,남,56세,상해없음,원동기,남,28세,경상
2022072900100254,2022년 7월 29일 12시,금요일,대구광역시 달서구 진천동,경상사고,0,0,1,0,차대차 - 정면충돌,안전운전불이행,건조,맑음,교차로 - 교차로부근,화물,남,59세,상해없음,자전거,여,60세,경상
2022072900100255,2022년 7월 29일 12시,금요일,대구광역시 북구 태전동,경상사고,0,0,1,0,차대차 - 측면충돌,안전운전불이행,건조,맑음,교차로 - 교차로안,화물,남,66세,상해없음,승용,남,27세,경상
2022072900100330,2022년 7월 29일 14시,금요일,대구광역시 달서구 진천동,중상사고,0,1,0,0,차대차 - 측면충돌,교차로운행방법위반,건조,맑음,교차로 - 교차로안,원동기,남,24세,중상,승용,여,65세,상해없음
2022072900100331,2022년 7월 29일 14시,금요일,대구광역시 북구 산격동,경상사고,0,0,2,0,차대차 - 측면충돌,교차로운행방법위반,건조,맑음,교차로 - 교차로안,승용,남,53세,상해없음,승용,남,31세,경상
2022072900100332,2022년 7월 29일 14시,금요일,대구광역시 서구 비산동,경상사고,0,0,1,0,차대차 - 측면충돌,안전운전불이행,건조,맑음,단일로 - 기타,승용,남,61세,상해없음,자전거,여,64세,경상
2022072900100365,2022년 7월 29일 15시,금요일,대구광역시 중구 동인동3가,중상사고,0,1,1,0,차량단독 - 기타,안전운전불이행,건조,맑음,단일로 - 기타,이륜,남,17세,경상,,,,
2022072900100366,2022년 7월 29일 15시,금요일,대구광역시 북구 복현동,중상사고,0,1,0,0,차대차 - 측면충돌,안전운전불이행,건조,맑음,교차로 - 교차로부근,승용,남,70세,기타불명,이륜,남,42세,중상
2022072900100367,2022년 7월 29일 15시,금요일,대구광역시 북구 칠성동2가,경상사고,0,0,1,0,차대차 - 기타,안전운전불이행,건조,맑음,교차로 - 교차로안,승용,여,27세,기타불명,승용,남,29세,경상
2022072900100401,2022년 7월 29일 16시,금요일,대구광역시 수성구 만촌동,중상사고,0,1,0,0,차대차 - 측면충돌,안전운전불이행,건조,맑음,단일로 - 기타,화물,남,57세,상해없음,이륜,남,57세,중상
2022072900100441,2022년 7월 29일 17시,금요일,대구광역시 동구 율하동,경상사고,0,0,1,0,차대사람 - 보도통행중,안전운전불이행,건조,맑음,단일로 - 지하차도(도로)내,승용,남,26세,상해없음,보행자,남,50세,경상
2022072900100442,2022년 7월 29일 17시,금요일,대구광역시 수성구 대흥동,경상사고,0,0,1,0,차대차 - 기타,안전운전불이행,건조,맑음,단일로 - 기타,승용,남,60세,상해없음,승용,여,59세,경상
2022072900100443,2022년 7월 29일 17시,금요일,대구광역시 달서구 송현동,경상사고,0,0,1,0,차대차 - 기타,안전운전불이행,건조,맑음,단일로 - 기타,승용,남,61세,상해없음,자전거,남,30세,경상
2022072900100444,2022년 7월 29일 17시,금요일,대구광역시 달서구 본동,경상사고,0,0,1,0,차대차 - 기타,안전운전불이행,건조,맑음,교차로 - 교차로안,승용,여,39세,상해없음,이륜,남,44세,경상
2022072900100445,2022년 7월 29일 17시,금요일,대구광역시 서구 평리동,경상사고,0,0,1,0,차대차 - 측면충돌,안전운전불이행,건조,맑음,단일로 - 기타,승용,남,27세,상해없음,자전거,여,55세,경상
2022072900100446,2022년 7월 29일 17시,금요일,대구광역시 달서구 성당동,경상사고,0,0,1,0,차대차 - 기타,안전운전불이행,건조,맑음,교차로 - 교차로부근,이륜,남,19세,경상,화물,남,54세,기타불명
2022072900100495,2022년 7월 29일 18시,금요일,대구광역시 동구 대림동,경상사고,0,0,3,0,차대차 - 측면충돌,안전운전불이행,건조,맑음,단일로 - 지하차도(도로)내,승용,여,33세,경상,승용,여,36세,경상
2022072900100496,2022년 7월 29일 18시,금요일,대구광역시 수성구 시지동,경상사고,0,0,2,0,차대차 - 추돌,안전운전불이행,건조,맑음,교차로 - 교차로부근,승용,여,38세,상해없음,승용,남,35세,경상
2022072900100592,2022년 7월 29일 21시,금요일,대구광역시 남구 봉덕동,경상사고,0,0,1,0,차대차 - 기타,안전거리미확보,건조,맑음,단일로 - 기타,승용,여,50세,상해없음,승용,여,25세,경상
2022072900100593,2022년 7월 29일 21시,금요일,대구광역시 중구 동문동,경상사고,0,0,1,0,차대차 - 측면충돌,신호위반,건조,맑음,교차로 - 교차로횡단보도내,승용,남,28세,상해없음,개인형이동수단(PM),남,27세,경상
2022072900100618,2022년 7월 29일 22시,금요일,대구광역시 남구 봉덕동,경상사고,0,0,1,1,차대차 - 측면충돌,중앙선침범,건조,맑음,단일로 - 기타,자전거,남,44세,부상신고,승용,남,32세,경상
2022072900100619,2022년 7월 29일 22시,금요일,대구광역시 북구 태전동,경상사고,0,0,1,0,차대차 - 정면충돌,중앙선침범,건조,맑음,단일로 - 지하차도(도로)내,자전거,남,15세,경상,자전거,남,미분류,상해없음
2022073000100010,2022년 7월 30일 00시,토요일,대구광역시 달서구 상인동,경상사고,0,0,1,0,차대차 - 기타,교차로운행방법위반,건조,맑음,교차로 - 교차로부근,승용,남,30세,상해없음,승용,남,60세,경상
2022073000100011,2022년 7월 30일 00시,토요일,대구광역시 달서구 두류동,경상사고,0,0,1,0,차대차 - 측면충돌,안전운전불이행,건조,맑음,단일로 - 기타,이륜,남,24세,기타불명,개인형이동수단(PM),남,34세,경상
2022073000100028,2022년 7월 30일 01시,토요일,대구광역시 북구 국우동,부상신고사고,0,0,0,1,차량단독 - 기타,안전운전불이행,건조,맑음,기타 - 기타,개인형이동수단(PM),남,17세,상해없음,,,,
2022073000100037,2022년 7월 30일 02시,토요일,대구광역시 중구 삼덕동1가,경상사고,0,0,1,0,차대사람 - 길가장자리구역통행중,안전운전불이행,건조,맑음,단일로 - 기타,승용,남,34세,상해없음,보행자,남,20세,경상
2022073000100044,2022년 7월 30일 03시,토요일,대구광역시 중구 삼덕동2가,경상사고,0,0,1,0,차대차 - 추돌,안전거리미확보,건조,맑음,단일로 - 기타,이륜,남,23세,상해없음,승용,남,64세,경상
2022073000100055,2022년 7월 30일 04시,토요일,대구광역시 남구 대명동,경상사고,0,0,1,0,차대차 - 기타,교차로운행방법위반,건조,맑음,교차로 - 교차로안,승용,남,69세,상해없음,자전거,남,51세,경상
2022073000100056,2022년 7월 30일 04시,토요일,대구광역시 중구 동산동,부상신고사고,0,0,0,1,차량단독 - 전도전복 - 전도,안전운전불이행,건조,맑음,단일로 - 기타,이륜,남,28세,부상신고,,,,
2022073000100057,2022년 7월 30일 04시,토요일,대구광역시 달서구 성당동,중상사고,0,4,0,0,차대차 - 추돌,안전운전불이행,건조,맑음,교차로 - 교차로부근,승용,남,22세,상해없음,승용,남,61세,중상
2022073000100064,2022년 7월 30일 05시,토요일,대구광역시 수성구 만촌동,사망사고,1,0,0,0,차량단독 - 주/정차차량 충돌,안전운전불이행,건조,맑음,단일로 - 기타,승용,남,26세,사망,,,,
2022073000100091,2022년 7월 30일 07시,토요일,대구광역시 수성구 지산동,경상사고,0,0,1,0,차대차 - 측면충돌,안전운전불이행,건조,맑음,단일로 - 기타,승용,여,40세,상해없음,특수,남,55세,경상
2022073000100110,2022년 7월 30일 08시,토요일,대구광역시 동구 신암동,중상사고,0,1,0,0,차대차 - 측면충돌,안전운전불이행,건조,맑음,단일로 - 기타,승용,남,64세,상해없음,자전거,여,68세,중상
2022073000100111,2022년 7월 30일 08시,토요일,대구광역시 달성군 현풍읍,중상사고,0,1,0,0,차대차 - 기타,안전운전불이행,건조,맑음,교차로 - 교차로부근,사륜오토바이(ATV),여,70세,중상,승용,여,37세,상해없음
2022073000100138,2022년 7월 30일 09시,토요일,대구광역시 동구 방촌동,부상신고사고,0,0,0,1,차대사람 - 기타,안전운전불이행,건조,흐림,단일로 - 기타,승용,남,62세,상해없음,보행자,남,57세,부상신고
2022073000100162,2022년 7월 30일 10시,토요일,대구광역시 북구 사수동,중상사고,0,1,3,0,차대차 - 추돌,안전운전불이행,건조,맑음,단일로 - 기타,승용,남,46세,상해없음,승용,남,50세,중상
2022073000100194,2022년 7월 30일 11시,토요일,대구광역시 달성군 화원읍,부상신고사고,0,0,0,2,차대차 - 측면충돌,직진우회전진행방해,건조,맑음,교차로 - 교차로안,승용,남,70세,부상신고,승용,여,55세,부상신고
2022073000100220,2022년 7월 30일 12시,토요일,대구광역시 동구 율하동,경상사고,0,0,4,0,차대차 - 추돌,안전운전불이행,건조,맑음,교차로 - 교차로부근,승용,남,46세,상해없음,승용,여,26세,경상
2022073000100221,2022년 7월 30일 12시,토요일,대구광역시 수성구 상동,부상신고사고,0,0,0,1,차대차 - 기타,신호위반,건조,맑음,교차로 - 교차로안,자전거,남,38세,부상신고,승용,여,41세,상해없음
2022073000100222,2022년 7월 30일 12시,토요일,대구광역시 달서구 진천동,경상사고,0,0,2,0,차대차 - 측면충돌,기타,건조,맑음,교차로 - 교차로안,승용,여,30세,경상,승용,남,50세,경상
2022073000100270,2022년 7월 30일 13시,토요일,대구광역시 동구 대림동,경상사고,0,0,1,0,차대차 - 정면충돌,직진우회전진행방해,건조,맑음,교차로 - 교차로안,승용,여,33세,상해없음,자전거,남,24세,경상
2022073000100271,2022년 7월 30일 13시,토요일,대구광역시 수성구 만촌동,경상사고,0,0,1,0,차대차 - 기타,안전운전불이행,건조,맑음,교차로 - 교차로안,승용,남,58세,상해없음,자전거,남,9세,경상
2022073000100334,2022년 7월 30일 15시,토요일,대구광역시 남구 봉덕동,중상사고,0,1,0,0,차대차 - 측면충돌,안전거리미확보,건조,맑음,단일로 - 지하차도(도로)내,승용,남,58세,상해없음,이륜,남,20세,중상
2022073000100335,2022년 7월 30일 15시,토요일,대구광역시 동구 신천동,경상사고,0,0,1,0,차대사람 - 기타,안전운전불이행,건조,맑음,단일로 - 기타,건설기계,남,66세,상해없음,보행자,여,28세,경상
2022073000100367,2022년 7월 30일 16시,토요일,대구광역시 동구 효목동,부상신고사고,0,0,0,1,차대차 - 측면충돌,안전운전불이행,건조,맑음,교차로 - 교차로부근,승합,남,58세,상해없음,자전거,남,73세,부상신고
2022073000100368,2022년 7월 30일 16시,토요일,대구광역시 동구 봉무동,경상사고,0,0,1,0,차대차 - 추돌,안전거리미확보,건조,맑음,단일로 - 기타,승용,남,26세,상해없음,승용,여,45세,경상
2022073000100369,2022년 7월 30일 16시,토요일,대구광역시 서구 원대동3가,경상사고,0,0,1,0,차대차 - 기타,안전운전불이행,건조,맑음,기타 - 기타,건설기계,남,49세,상해없음,자전거,남,58세,경상
2022073000100370,2022년 7월 30일 16시,토요일,대구광역시 달서구 두류동,경상사고,0,0,3,0,차대차 - 기타,기타,건조,맑음,기타 - 기타,승용,남,79세,상해없음,승용,남,49세,경상
2022073000100403,2022년 7월 30일 17시,토요일,대구광역시 동구 방촌동,중상사고,0,1,0,0,차대차 - 측면충돌,안전거리미확보,건조,흐림,단일로 - 기타,이륜,남,81세,중상,승용,여,55세,상해없음
2022073000100404,2022년 7월 30일 17시,토요일,대구광역시 수성구 범어동,경상사고,0,0,2,0,차대차 - 측면충돌,차로위반,건조,맑음,단일로 - 기타,승용,남,26세,상해없음,승용,여,53세,경상
2022073000100405,2022년 7월 30일 17시,토요일,대구광역시 수성구 만촌동,경상사고,0,0,1,0,차대차 - 측면충돌,안전거리미확보,건조,맑음,교차로 - 교차로부근,승용,남,70세,상해없음,승용,여,58세,경상
2022073000100406,2022년 7월 30일 17시,토요일,대구광역시 북구 산격동,부상신고사고,0,0,0,1,차대사람 - 기타,기타,건조,맑음,기타 - 기타,승용,여,49세,상해없음,보행자,여,34세,부상신고
2022073000100407,2022년 7월 30일 17시,토요일,대구광역시 달서구 두류동,경상사고,0,0,1,0,차대차 - 기타,안전운전불이행,건조,맑음,교차로 - 교차로안,화물,여,56세,상해없음,승용,남,61세,경상
2022073000100458,2022년 7월 30일 19시,토요일,대구광역시 북구 대현동,경상사고,0,0,1,0,차대차 - 기타,안전운전불이행,건조,맑음,단일로 - 기타,승용,남,57세,상해없음,자전거,남,64세,경상