사고번호,사고일시,요일,시군구,사고내용,사망자수,중상자수,경상자수,부상신고자수,사고유형,법규위반,노면상태,기상상태,도로형태,가해운전자 차종,가해운전자 성별,가해운전자 연령,가해운전자 상해정도,피해운전자 차종,피해운전자 성별,피해운전자 연령,피해운전자 상해정도
2022073000100494,2022년 7월 30일 20시,토요일,대구광역시 남구 이천동,중상사고,0,1,1,0,차대차 - 측면충돌,교차로운행방법위반,건조,맑음,단일로 - 지하차도(도로)내,승용,남,61세,상해없음,승합,남,50세,경상
2022073000100495,2022년 7월 30일 20시,토요일,대구광역시 동구 방촌동,부상신고사고,0,0,0,1,차대사람 - 횡단중,안전운전불이행,건조,맑음,기타 - 기타,자전거,남,14세,부상신고,보행자,남,65세,상해없음
2022073000100496,2022년 7월 30일 20시,토요일,대구광역시 동구 신천동,경상사고,0,0,1,0,차대차 - 측면충돌,안전운전불이행,건조,맑음,단일로 - 기타,승용,남,34세,상해없음,이륜,남,49세,경상
2022073000100497,2022년 7월 30일 20시,토요일,대구광역시 달서구 대천동,경상사고,0,0,1,0,차대차 - 정면충돌,신호위반,건조,맑음,교차로 - 교차로안,승용,남,28세,기타불명,승용,남,39세,경상
2022073000100545,2022년 7월 30일 22시,토요일,대구광역시 수성구 지산동,경상사고,0,0,1,0,차대차 - 측면충돌,신호위반,건조,맑음,교차로 - 교차로안,승용,여,51세,상해없음,승용,여,59세,경상
2022073100100010,2022년 7월 31일 00시,일요일,대구광역시 수성구 상동,중상사고,0,1,1,0,차대차 - 측면충돌,안전운전불이행,건조,맑음,교차로 - 교차로부근,승용,남,61세,상해없음,승용,남,31세,경상
2022073100100026,2022년 7월 31일 01시,일요일,대구광역시 서구 평리동,경상사고,0,0,1,0,차대차 - 추돌,안전운전불이행,건조,맑음,단일로 - 기타,승용,남,36세,상해없음,승용,남,63세,경상
2022073100100027,2022년 7월 31일 01시,일요일,대구광역시 달서구 두류동,경상사고,0,0,1,0,차대사람 - 기타,안전운전불이행,건조,맑음,교차로 - 교차로부근,승용,남,23세,상해없음,보행자,여,20세,경상
2022073100100058,2022년 7월 31일 05시,일요일,대구광역시 중구 삼덕동1가,경상사고,0,0,3,0,차대차 - 추돌,안전거리미확보,건조,맑음,단일로 - 기타,이륜,남,26세,상해없음,승용,여,26세,경상
2022073100100074,2022년 7월 31일 08시,일요일,대구광역시 서구 평리동,경상사고,0,0,3,0,차대차 - 추돌,안전거리미확보,건조,맑음,단일로 - 기타,승용,남,80세,상해없음,승용,여,42세,경상
2022073100100081,2022년 7월 31일 09시,일요일,대구광역시 수성구 지산동,경상사고,0,0,1,0,차대차 - 기타,안전운전불이행,건조,맑음,교차로 - 교차로안,승용,남,52세,상해없음,이륜,남,27세,경상
2022073100100124,2022년 7월 31일 11시,일요일,대구광역시 수성구 만촌동,중상사고,0,1,0,0,차대차 - 기타,안전운전불이행,젖음/습기,비,교차로 - 교차로안,이륜,남,45세,중상,승용,남,58세,상해없음
2022073100100126,2022년 7월 31일 11시,일요일,대구광역시 북구 침산동,중상사고,0,1,0,0,차대차 - 측면충돌,안전운전불이행,건조,맑음,기타 - 기타,승용,여,53세,상해없음,자전거,남,79세,중상
2022073100100127,2022년 7월 31일 11시,일요일,대구광역시 서구 비산동,중상사고,0,1,0,0,차대차 - 측면충돌,안전운전불이행,건조,흐림,교차로 - 교차로안,승용,남,73세,상해없음,이륜,여,57세,중상
2022073100100158,2022년 7월 31일 12시,일요일,대구광역시 수성구 만촌동,경상사고,0,0,4,0,차대차 - 측면충돌,안전거리미확보,건조,맑음,단일로 - 기타,승용,남,23세,경상,승용,남,53세,경상
2022073100100183,2022년 7월 31일 13시,일요일,대구광역시 서구 상리동,중상사고,0,1,0,0,차량단독 - 공작물충돌,안전운전불이행,젖음/습기,비,단일로 - 기타,승용,남,54세,중상,,,,
2022073100100184,2022년 7월 31일 13시,일요일,대구광역시 서구 내당동,경상사고,0,0,1,0,차대차 - 측면충돌,안전거리미확보,젖음/습기,비,단일로 - 기타,승용,남,52세,상해없음,원동기,남,24세,경상
2022073100100258,2022년 7월 31일 15시,일요일,대구광역시 중구 삼덕동3가,경상사고,0,0,1,0,차대차 - 측면충돌,교차로운행방법위반,건조,맑음,교차로 - 교차로안,화물,남,60세,상해없음,승용,남,76세,경상
2022073100100307,2022년 7월 31일 17시,일요일,대구광역시 중구 남산동,경상사고,0,0,1,0,차대차 - 측면충돌,교차로운행방법위반,건조,맑음,단일로 - 지하차도(도로)내,승용,남,35세,상해없음,승용,남,65세,경상
2022073100100308,2022년 7월 31일 17시,일요일,대구광역시 동구 신천동,경상사고,0,0,1,0,차대차 - 측면충돌,안전운전불이행,건조,맑음,단일로 - 기타,승용,남,29세,상해없음,승용,남,49세,경상
2022073100100309,2022년 7월 31일 17시,일요일,대구광역시 달서구 진천동,경상사고,0,0,1,0,차대차 - 측면충돌,신호위반,건조,맑음,교차로 - 교차로부근,승용,여,54세,상해없음,원동기,남,29세,경상
2022073100100368,2022년 7월 31일 19시,일요일,대구광역시 달서구 상인동,경상사고,0,0,3,0,차대차 - 측면충돌,안전거리미확보,젖음/습기,비,단일로 - 기타,승용,남,69세,상해없음,승용,남,46세,경상
2022073100100391,2022년 7월 31일 20시,일요일,대구광역시 남구 대명동,경상사고,0,0,1,0,차대차 - 측면충돌,교차로운행방법위반,건조,맑음,교차로 - 교차로안,승용,남,27세,기타불명,개인형이동수단(PM),남,17세,경상
2022073100100392,2022년 7월 31일 20시,일요일,대구광역시 중구 전동,경상사고,0,0,1,0,차대차 - 후진중충돌,안전운전불이행,건조,맑음,단일로 - 기타,승용,남,64세,상해없음,승용,남,41세,경상
2022073100100393,2022년 7월 31일 20시,일요일,대구광역시 북구 태전동,경상사고,0,0,2,0,차대차 - 추돌,안전운전불이행,건조,맑음,교차로 - 교차로부근,승용,남,60세,상해없음,승용,남,56세,경상
2022073100100439,2022년 7월 31일 22시,일요일,대구광역시 서구 평리동,중상사고,0,1,0,0,차대사람 - 기타,안전운전불이행,젖음/습기,비,단일로 - 기타,승용,남,25세,상해없음,보행자,남,47세,중상
2022073100100440,2022년 7월 31일 22시,일요일,대구광역시 달서구 본리동,중상사고,0,1,1,0,차대차 - 추돌,안전운전불이행,젖음/습기,비,단일로 - 기타,승용,남,28세,상해없음,승용,남,73세,경상
2022073100100461,2022년 7월 31일 23시,일요일,대구광역시 달서구 성당동,경상사고,0,0,1,0,차대사람 - 횡단중,신호위반,젖음/습기,흐림,교차로 - 교차로횡단보도내,이륜,남,50세,상해없음,보행자,남,39세,경상
2022080100100017,2022년 8월 1일 01시,월요일,대구광역시 달서구 송현동,중상사고,0,1,0,0,차대사람 - 횡단중,보행자보호의무위반,젖음/습기,맑음,교차로 - 교차로안,승용,여,67세,상해없음,보행자,여,80세,중상
2022080100100025,2022년 8월 1일 03시,월요일,대구광역시 중구 삼덕동1가,중상사고,0,1,0,0,차대차 - 기타,기타,건조,맑음,단일로 - 기타,승합,남,33세,상해없음,이륜,남,17세,중상
2022080100100031,2022년 8월 1일 04시,월요일,대구광역시 달성군 화원읍,경상사고,0,0,1,0,차대차 - 추돌,안전운전불이행,건조,맑음,교차로 - 교차로부근,승용,남,22세,상해없음,승용,여,39세,경상
2022080100100094,2022년 8월 1일 08시,월요일,대구광역시 수성구 범어동,경상사고,0,0,1,0,차대차 - 추돌,안전거리미확보,건조,맑음,단일로 - 기타,승용,남,69세,상해없음,승용,남,40세,경상
2022080100100095,2022년 8월 1일 08시,월요일,대구광역시 북구 국우동,중상사고,0,1,0,0,차대사람 - 보도통행중,기타,건조,맑음,기타 - 기타,화물,남,36세,상해없음,보행자,여,61세,중상
2022080100100167,2022년 8월 1일 11시,월요일,대구광역시 동구 신암동,경상사고,0,0,1,0,차대차 - 측면충돌,안전거리미확보,건조,맑음,단일로 - 기타,승용,남,93세,상해없음,승용,남,47세,경상
2022080100100168,2022년 8월 1일 11시,월요일,대구광역시 북구 칠성동2가,부상신고사고,0,0,0,1,차대차 - 정면충돌,안전운전불이행,건조,맑음,교차로 - 교차로부근,승용,여,43세,부상신고,승용,남,46세,상해없음
2022080100100233,2022년 8월 1일 13시,월요일,대구광역시 달성군 현풍읍,중상사고,0,1,2,0,차대차 - 측면충돌,안전운전불이행,건조,맑음,기타 - 기타,승용,남,62세,상해없음,승용,남,43세,중상
2022080100100268,2022년 8월 1일 14시,월요일,대구광역시 달서구 송현동,경상사고,0,0,1,0,차대차 - 측면충돌,안전운전불이행,건조,맑음,교차로 - 교차로안,승용,남,43세,상해없음,이륜,남,22세,경상
2022080100100270,2022년 8월 1일 14시,월요일,대구광역시 달서구 두류동,경상사고,0,0,1,0,차대사람 - 기타,안전운전불이행,건조,맑음,단일로 - 기타,승용,남,52세,상해없음,보행자,남,43세,경상
2022080100100293,2022년 8월 1일 15시,월요일,대구광역시 서구 평리동,경상사고,0,0,1,0,차대사람 - 차도통행중,안전운전불이행,건조,맑음,단일로 - 기타,승용,남,74세,상해없음,보행자,남,31세,경상
2022080100100320,2022년 8월 1일 16시,월요일,대구광역시 동구 효목동,경상사고,0,0,1,0,차대차 - 측면충돌,안전운전불이행,건조,맑음,교차로 - 교차로부근,화물,남,34세,상해없음,승용,남,31세,경상
2022080100100321,2022년 8월 1일 16시,월요일,대구광역시 동구 각산동,경상사고,0,0,1,0,차대차 - 측면충돌,안전운전불이행,건조,맑음,교차로 - 교차로안,승용,남,26세,상해없음,승용,여,34세,경상
2022080100100322,2022년 8월 1일 16시,월요일,대구광역시 수성구 범물동,중상사고,0,1,0,0,차대사람 - 횡단중,보행자보호의무위반,건조,맑음,단일로 - 기타,승용,남,64세,상해없음,보행자,여,74세,중상
2022080100100323,2022년 8월 1일 16시,월요일,대구광역시 수성구 만촌동,경상사고,0,0,1,0,차대차 - 기타,신호위반,건조,맑음,교차로 - 교차로안,승합,남,60세,상해없음,건설기계,남,59세,경상
2022080100100361,2022년 8월 1일 17시,월요일,대구광역시 동구 입석동,중상사고,0,1,0,0,차대차 - 기타,안전운전불이행,건조,맑음,교차로 - 교차로부근,승용,남,51세,상해없음,자전거,남,62세,중상
2022080100100362,2022년 8월 1일 17시,월요일,대구광역시 달서구 신당동,경상사고,0,0,1,0,차대차 - 측면충돌,안전거리미확보,건조,맑음,단일로 - 기타,승용,남,26세,상해없음,승용,남,61세,경상
2022080100100363,2022년 8월 1일 17시,월요일,대구광역시 달서구 감삼동,경상사고,0,0,2,0,차대차 - 기타,안전운전불이행,건조,맑음,기타 - 기타,승용,남,62세,기타불명,승용,여,37세,경상
2022080100100404,2022년 8월 1일 18시,월요일,대구광역시 동구 율하동,경상사고,0,0,1,0,차대차 - 측면충돌,안전운전불이행,건조,맑음,교차로 - 교차로안,승용,남,73세,상해없음,승용,남,54세,경상
2022080100100430,2022년 8월 1일 19시,월요일,대구광역시 북구 고성동2가,경상사고,0,0,2,0,차대차 - 측면충돌,불법유턴,건조,맑음,단일로 - 기타,승용,남,73세,상해없음,승용,남,24세,경상
2022080100100431,2022년 8월 1일 19시,월요일,대구광역시 서구 내당동,경상사고,0,0,1,0,차대차 - 측면충돌,직진우회전진행방해,건조,맑음,교차로 - 교차로안,승용,여,28세,상해없음,자전거,남,24세,경상
2022080100100451,2022년 8월 1일 20시,월요일,대구광역시 달서구 두류동,경상사고,0,0,1,0,차대차 - 측면충돌,안전운전불이행,건조,맑음,단일로 - 기타,승용,남,44세,상해없음,이륜,남,33세,경상
2022080100100452,2022년 8월 1일 20시,월요일,대구광역시 달서구 감삼동,경상사고,0,0,1,0,차대차 - 추돌,안전운전불이행,건조,맑음,단일로 - 기타,승용,남,31세,기타불명,승용,여,27세,경상
2022080100100502,2022년 8월 1일 22시,월요일,대구광역시 서구 평리동,경상사고,0,0,1,0,차대사람 - 길가장자리구역통행중,신호위반,건조,맑음,단일로 - 기타,승용,남,24세,상해없음,보행자,남,34세,경상
2022080100100518,2022년 8월 1일 23시,월요일,대구광역시 동구 각산동,경상사고,0,0,1,0,차량단독 - 전도전복 - 전도,안전운전불이행,건조,맑음,단일로 - 기타,이륜,남,15세,경상,,,,
2022080200100012,2022년 8월 2일 00시,화요일,대구광역시 남구 대명동,경상사고,0,0,1,0,차대차 - 기타,안전운전불이행,젖음/습기,흐림,단일로 - 기타,이륜,남,22세,경상,승용,남,68세,상해없음
2022080200100013,2022년 8월 2일 00시,화요일,대구광역시 수성구 매호동,경상사고,0,0,2,0,차대차 - 기타,안전운전불이행,건조,맑음,기타 - 기타,승용,남,25세,상해없음,승용,남,26세,경상
2022080200100025,2022년 8월 2일 01시,화요일,대구광역시 달서구 본리동,경상사고,0,0,2,0,차대차 - 기타,안전운전불이행,젖음/습기,비,교차로 - 교차로안,승용,남,42세,상해없음,승용,남,58세,상해없음
2022080200100102,2022년 8월 2일 08시,화요일,대구광역시 서구 이현동,경상사고,0,0,1,0,차대차 - 측면충돌,중앙선침범,건조,맑음,단일로 - 기타,승용,남,22세,상해없음,개인형이동수단(PM),남,47세,경상
2022080200100125,2022년 8월 2일 09시,화요일,대구광역시 북구 노곡동,경상사고,0,0,1,0,차대차 - 추돌,안전운전불이행,젖음/습기,비,단일로 - 기타,건설기계,남,65세,상해없음,승용,여,54세,경상
2022080200100127,2022년 8월 2일 09시,화요일,대구광역시 동구 신암동,경상사고,0,0,1,0,차대차 - 측면충돌,안전거리미확보,젖음/습기,비,기타 - 기타,승용,여,49세,상해없음,승용,여,60세,경상
2022080200100185,2022년 8월 2일 11시,화요일,대구광역시 수성구 신매동,경상사고,0,0,4,0,차대차 - 기타,안전운전불이행,젖음/습기,비,교차로 - 교차로부근,승용,남,25세,상해없음,승용,남,35세,경상
2022080200100186,2022년 8월 2일 11시,화요일,대구광역시 달성군 화원읍,중상사고,0,1,1,0,차대차 - 측면충돌,기타,젖음/습기,맑음,교차로 - 교차로안,승용,남,19세,경상,화물,남,78세,중상
2022080200100187,2022년 8월 2일 11시,화요일,대구광역시 서구 비산동,경상사고,0,0,2,0,차대차 - 기타,안전거리미확보,젖음/습기,비,단일로 - 기타,승용,남,41세,상해없음,승용,남,45세,경상
2022080200100253,2022년 8월 2일 13시,화요일,대구광역시 수성구 두산동,경상사고,0,0,1,0,차대차 - 측면충돌,신호위반,젖음/습기,비,교차로 - 교차로안,승용,남,72세,상해없음,승용,여,54세,경상
2022080200100254,2022년 8월 2일 13시,화요일,대구광역시 달성군 유가읍,경상사고,0,0,2,2,차대차 - 기타,안전운전불이행,건조,맑음,단일로 - 기타,승용,여,56세,부상신고,승용,남,53세,경상
2022080200100255,2022년 8월 2일 13시,화요일,대구광역시 중구 삼덕동1가,중상사고,0,1,0,0,차대차 - 측면충돌,안전운전불이행,젖음/습기,흐림,기타 - 기타,자전거,남,28세,중상,승용,남,35세,상해없음
2022080200100256,2022년 8월 2일 13시,화요일,대구광역시 중구 동인동1가,경상사고,0,0,2,0,차대차 - 측면충돌,신호위반,건조,맑음,기타 - 기타,승용,남,39세,상해없음,승용,남,25세,경상
2022080200100257,2022년 8월 2일 13시,화요일,대구광역시 북구 읍내동,경상사고,0,0,1,0,차대차 - 측면충돌,중앙선침범,젖음/습기,비,단일로 - 고가도로위,승용,남,26세,상해없음,이륜,남,61세,경상
2022080200100292,2022년 8월 2일 14시,화요일,대구광역시 북구 동천동,경상사고,0,0,1,0,차대차 - 측면충돌,교차로운행방법위반,건조,맑음,교차로 - 교차로안,승용,남,52세,상해없음,이륜,남,55세,경상
2022080200100318,2022년 8월 2일 15시,화요일,대구광역시 수성구 신매동,경상사고,0,0,1,0,차대차 - 기타,안전거리미확보,건조,맑음,단일로 - 기타,승용,여,68세,상해없음,이륜,남,24세,경상
2022080200100319,2022년 8월 2일 15시,화요일,대구광역시 북구 산격동,경상사고,0,0,1,0,차대차 - 측면충돌,안전거리미확보,건조,맑음,단일로 - 기타,승용,여,30세,상해없음,승용,남,57세,경상
2022080200100348,2022년 8월 2일 16시,화요일,대구광역시 달성군 현풍읍,경상사고,0,0,3,0,차대차 - 추돌,안전운전불이행,건조,맑음,단일로 - 기타,승용,남,47세,상해없음,승용,여,29세,경상
2022080200100349,2022년 8월 2일 16시,화요일,대구광역시 북구 칠성동2가,경상사고,0,0,1,0,차대차 - 추돌,안전운전불이행,건조,맑음,단일로 - 기타,승용,남,63세,경상,승합,남,54세,상해없음
2022080200100396,2022년 8월 2일 17시,화요일,대구광역시 동구 검사동,경상사고,0,0,1,0,차대사람 - 기타,안전운전불이행,건조,맑음,단일로 - 기타,자전거,남,61세,상해없음,보행자,남,75세,경상
2022080200100397,2022년 8월 2일 17시,화요일,대구광역시 동구 동호동,경상사고,0,0,3,0,차대차 - 측면충돌,중앙선침범,건조,맑음,교차로 - 교차로부근,기타불명,기타불명,미분류,기타불명,승용,남,36세,경상
2022080200100398,2022년 8월 2일 17시,화요일,대구광역시 달성군 논공읍,경상사고,0,0,1,0,차대차 - 추돌,안전거리미확보,건조,맑음,교차로 - 교차로부근,승용,남,22세,상해없음,승용,남,30세,경상
2022080200100430,2022년 8월 2일 18시,화요일,대구광역시 동구 지저동,경상사고,0,0,1,3,차대차 - 측면충돌,안전거리미확보,건조,맑음,교차로 - 교차로부근,승용,여,54세,상해없음,승용,남,39세,경상
2022080200100432,2022년 8월 2일 18시,화요일,대구광역시 서구 비산동,부상신고사고,0,0,0,1,차대차 - 추돌,안전운전불이행,건조,맑음,단일로 - 기타,이륜,남,56세,부상신고,승용,남,30세,상해없음
2022080200100433,2022년 8월 2일 18시,화요일,대구광역시 북구 매천동,경상사고,0,0,1,1,차대차 - 측면충돌,직진우회전진행방해,건조,맑음,교차로 - 교차로안,이륜,남,21세,부상신고,승용,여,52세,경상
2022080200100474,2022년 8월 2일 20시,화요일,대구광역시 북구 서변동,경상사고,0,0,2,0,차대차 - 측면충돌,안전운전불이행,건조,맑음,단일로 - 지하차도(도로)내,승용,여,55세,상해없음,승용,남,26세,경상
2022080300100026,2022년 8월 3일 01시,수요일,대구광역시 수성구 성동,중상사고,0,1,0,0,차대차 - 추돌,안전운전불이행,건조,맑음,단일로 - 기타,이륜,남,16세,상해없음,원동기,남,39세,중상
2022080300100050,2022년 8월 3일 04시,수요일,대구광역시 북구 동변동,경상사고,0,0,1,0,차대차 - 추돌,안전운전불이행,건조,맑음,단일로 - 기타,승용,남,28세,상해없음,승용,남,42세,경상
2022080300100060,2022년 8월 3일 05시,수요일,대구광역시 중구 남산동,경상사고,0,0,1,2,차대차 - 추돌,안전운전불이행,건조,맑음,교차로 - 교차로부근,승용,남,41세,상해없음,승용,남,56세,경상
2022080300100071,2022년 8월 3일 06시,수요일,대구광역시 중구 태평로3가,경상사고,0,0,1,1,차대차 - 추돌,신호위반,건조,맑음,교차로 - 교차로부근,이륜,남,55세,부상신고,승용,여,41세,경상
2022080300100116,2022년 8월 3일 08시,수요일,대구광역시 수성구 지산동,경상사고,0,0,1,0,차량단독 - 공작물충돌,안전운전불이행,건조,맑음,단일로 - 기타,승용,여,38세,경상,,,,
2022080300100138,2022년 8월 3일 09시,수요일,대구광역시 수성구 수성동3가,경상사고,0,0,1,0,차대차 - 측면충돌,신호위반,건조,맑음,교차로 - 교차로부근,승용,여,49세,상해없음,화물,남,64세,경상
2022080300100139,2022년 8월 3일 09시,수요일,대구광역시 수성구 신매동,경상사고,0,0,1,0,차대차 - 측면충돌,차로위반,건조,맑음,단일로 - 기타,승용,여,58세,상해없음,승용,여,43세,경상
2022080300100165,2022년 8월 3일 10시,수요일,대구광역시 북구 태전동,부상신고사고,0,0,0,1,차대차 - 추돌,안전운전불이행,건조,맑음,단일로 - 기타,화물,여,58세,기타불명,승용,남,57세,부상신고
2022080300100191,2022년 8월 3일 11시,수요일,대구광역시 달서구 본동,중상사고,0,1,0,0,차량단독 - 기타,기타,건조,맑음,단일로 - 기타,승합,남,54세,상해없음,,,,
2022080300100192,2022년 8월 3일 11시,수요일,대구광역시 달성군 현풍읍,경상사고,0,0,4,0,차대차 - 기타,안전운전불이행,건조,맑음,교차로 - 교차로안,승용,여,42세,상해없음,승용,여,38세,경상
2022080300100194,2022년 8월 3일 11시,수요일,대구광역시 달서구 용산동,경상사고,0,0,1,0,차대차 - 측면충돌,안전운전불이행,건조,맑음,단일로 - 기타,화물,남,56세,상해없음,승용,여,59세,경상
2022080300100225,2022년 8월 3일 12시,수요일,대구광역시 남구 봉덕동,경상사고,0,0,3,0,차대차 - 추돌,안전운전불이행,건조,맑음,단일로 - 기타,승용,여,33세,상해없음,이륜,남,53세,경상
2022080300100226,2022년 8월 3일 12시,수요일,대구광역시 수성구 수성동2가,경상사고,0,0,2,0,차대차 - 기타,안전운전불이행,건조,맑음,단일로 - 기타,화물,남,64세,상해없음,승용,남,28세,경상
2022080300100227,2022년 8월 3일 12시,수요일,대구광역시 북구 대현동,경상사고,0,0,1,0,차대차 - 측면충돌,교차로운행방법위반,건조,맑음,교차로 - 교차로안,승용,여,56세,상해없음,승용,남,32세,경상
2022080300100228,2022년 8월 3일 12시,수요일,대구광역시 중구 대신동,경상사고,0,0,2,0,차대차 - 추돌,안전운전불이행,건조,맑음,단일로 - 기타,승용,여,55세,상해없음,승용,남,26세,경상
2022080300100261,2022년 8월 3일 13시,수요일,대구광역시 달서구 성당동,중상사고,0,1,0,0,차대사람 - 차도통행중,안전운전불이행,건조,맑음,기타 - 기타,승용,남,70세,상해없음,보행자,남,23세,중상
2022080300100262,2022년 8월 3일 13시,수요일,대구광역시 북구 연경동,경상사고,0,0,2,1,차대차 - 측면충돌,신호위반,건조,맑음,교차로 - 교차로안,이륜,남,41세,부상신고,승용,남,31세,경상
2022080300100327,2022년 8월 3일 15시,수요일,대구광역시 수성구 두산동,경상사고,0,0,2,0,차대차 - 추돌,안전운전불이행,건조,맑음,교차로 - 교차로부근,승용,여,67세,상해없음,승용,여,21세,경상
2022080300100328,2022년 8월 3일 15시,수요일,대구광역시 중구 동인동3가,경상사고,0,0,1,0,차대차 - 측면충돌,신호위반,건조,맑음,단일로 - 기타,승용,남,65세,상해없음,승용,남,57세,경상
2022080300100349,2022년 8월 3일 16시,수요일,대구광역시 동구 효목동,경상사고,0,0,2,0,차대차 - 기타,안전운전불이행,건조,맑음,단일로 - 기타,승용,남,63세,상해없음,승용,남,28세,경상
2022080300100350,2022년 8월 3일 16시,수요일,대구광역시 달서구 월성동,중상사고,0,2,2,0,차대차 - 기타,안전거리미확보,건조,맑음,단일로 - 기타,승용,남,73세,상해없음,승용,여,30세,중상
2022080300100385,2022년 8월 3일 17시,수요일,대구광역시 서구 비산동,중상사고,0,1,0,0,차대차 - 측면충돌,안전운전불이행,건조,맑음,단일로 - 기타,승용,남,67세,상해없음,개인형이동수단(PM),여,29세,중상
2022080300100386,2022년 8월 3일 17시,수요일,대구광역시 달서구 장기동,중상사고,0,1,0,0,차대차 - 측면충돌,안전거리미확보,건조,맑음,기타 - 기타,승용,남,32세,상해없음,승용,여,59세,중상
2022080300100430,2022년 8월 3일 18시,수요일,대구광역시 달성군 다사읍,중상사고,0,1,0,0,차량단독 - 전도전복 - 전도,안전운전불이행,건조,맑음,기타 - 기타,자전거,여,22세,중상,,,,
2022080300100431,2022년 8월 3일 18시,수요일,대구광역시 달성군 화원읍,경상사고,0,0,1,0,차대차 - 기타,안전운전불이행,젖음/습기,비,단일로 - 기타,이륜,남,18세,경상,승용,남,42세,상해없음
2022080300100432,2022년 8월 3일 18시,수요일,대구광역시 달서구 감삼동,경상사고,0,0,2,0,차대사람 - 기타,안전운전불이행,젖음/습기,비,단일로 - 기타,이륜,남,26세,상해없음,보행자,남,52세,경상
2022080300100433,2022년 8월 3일 18시,수요일,대구광역시 북구 태전동,중상사고,0,1,0,0,차대차 - 측면충돌,직진우회전진행방해,젖음/습기,비,교차로 - 교차로안,승용,여,47세,기타불명,이륜,남,22세,중상
2022080300100458,2022년 8월 3일 19시,수요일,대구광역시 수성구 범어동,경상사고,0,0,1,0,차대차 - 측면충돌,안전거리미확보,젖음/습기,흐림,단일로 - 기타,승용,남,29세,상해없음,이륜,남,19세,경상
2022080300100459,2022년 8월 3일 19시,수요일,대구광역시 달서구 상인동,경상사고,0,0,1,0,차대차 - 기타,교차로운행방법위반,건조,맑음,교차로 - 교차로안,화물,남,30세,상해없음,승용,남,33세,경상
2022080300100460,2022년 8월 3일 19시,수요일,대구광역시 달성군 다사읍,경상사고,0,0,1,0,차대차 - 기타,안전운전불이행,젖음/습기,비,교차로 - 교차로안,승용,남,51세,상해없음,자전거,남,7세,경상
2022080300100461,2022년 8월 3일 19시,수요일,대구광역시 달서구 신당동,경상사고,0,0,3,0,차대차 - 측면충돌,안전거리미확보,젖음/습기,비,단일로 - 기타,승용,남,18세,경상,승용,여,37세,경상
2022080300100492,2022년 8월 3일 20시,수요일,대구광역시 북구 서변동,경상사고,0,0,2,0,차대차 - 측면충돌,안전거리미확보,건조,맑음,단일로 - 고가도로위,화물,여,47세,상해없음,승용,남,65세,경상
2022080300100517,2022년 8월 3일 21시,수요일,대구광역시 중구 삼덕동1가,경상사고,0,0,1,0,차대사람 - 길가장자리구역통행중,안전운전불이행,건조,맑음,단일로 - 기타,승용,남,25세,상해없음,보행자,남,26세,경상
2022080300100537,2022년 8월 3일 22시,수요일,대구광역시 수성구 범어동,경상사고,0,0,1,0,차대차 - 후진중충돌,안전운전불이행,건조,맑음,단일로 - 기타,승용,남,29세,상해없음,이륜,남,42세,경상
2022080300100547,2022년 8월 3일 23시,수요일,대구광역시 달서구 도원동,경상사고,0,0,1,0,차대차 - 추돌,안전거리미확보,건조,맑음,교차로 - 교차로부근,승용,남,25세,상해없음,이륜,남,44세,경상
2022080400100006,2022년 8월 4일 00시,목요일,대구광역시 남구 봉덕동,경상사고,0,0,4,0,차대차 - 추돌,안전운전불이행,건조,맑음,단일로 - 교량,승용,남,48세,상해없음,승용,여,45세,경상
2022080400100007,2022년 8월 4일 00시,목요일,대구광역시 동구 효목동,경상사고,0,0,1,0,차대사람 - 차도통행중,안전운전불이행,건조,맑음,단일로 - 지하차도(도로)내,승용,남,37세,상해없음,보행자,여,41세,경상
2022080400100010,2022년 8월 4일 01시,목요일,대구광역시 달서구 상인동,경상사고,0,0,2,0,차대차 - 추돌,안전운전불이행,건조,맑음,단일로 - 기타,승용,남,25세,상해없음,승용,남,58세,경상
2022080400100042,2022년 8월 4일 06시,목요일,대구광역시 달성군 가창면,경상사고,0,0,1,0,차대차 - 기타,안전운전불이행,건조,맑음,교차로 - 교차로안,자전거,남,73세,경상,승용,여,55세,상해없음
2022080400100063,2022년 8월 4일 07시,목요일,대구광역시 달서구 송현동,경상사고,0,0,1,1,차대차 - 측면충돌,안전거리미확보,건조,맑음,단일로 - 기타,승용,남,54세,경상,승용,남,68세,부상신고
2022080400100086,2022년 8월 4일 08시,목요일,대구광역시 동구 신암동,경상사고,0,0,1,0,차대차 - 측면충돌,안전운전불이행,건조,맑음,교차로 - 교차로횡단보도내,승용,남,57세,상해없음,자전거,남,57세,경상
2022080400100087,2022년 8월 4일 08시,목요일,대구광역시 동구 신천동,경상사고,0,0,1,0,차대차 - 후진중충돌,안전운전불이행,건조,맑음,기타 - 기타,승용,남,68세,상해없음,승용,남,36세,경상
2022080400100088,2022년 8월 4일 08시,목요일,대구광역시 수성구 중동,경상사고,0,0,1,0,차대사람 - 횡단중,안전운전불이행,건조,맑음,단일로 - 기타,승용,남,27세,상해없음,보행자,여,24세,경상
2022080400100089,2022년 8월 4일 08시,목요일,대구광역시 수성구 수성동2가,부상신고사고,0,0,0,1,차대사람 - 기타,안전운전불이행,건조,맑음,교차로 - 교차로부근,기타불명,기타불명,미분류,기타불명,보행자,여,44세,부상신고
2022080400100090,2022년 8월 4일 08시,목요일,대구광역시 달성군 옥포읍,경상사고,0,0,1,0,차대차 - 기타,안전거리미확보,건조,맑음,단일로 - 기타,건설기계,남,68세,상해없음,승용,남,39세,경상