사고번호,사고일시,요일,시군구,사고내용,사망자수,중상자수,경상자수,부상신고자수,사고유형,법규위반,노면상태,기상상태,도로형태,가해운전자 차종,가해운전자 성별,가해운전자 연령,가해운전자 상해정도,피해운전자 차종,피해운전자 성별,피해운전자 연령,피해운전자 상해정도
2022080800100300,2022년 8월 8일 15시,월요일,대구광역시 수성구 가천동,경상사고,0,0,2,0,차대차 - 측면충돌,안전거리미확보,건조,흐림,단일로 - 기타,승용,여,67세,상해없음,승용,남,55세,경상
2022080800100301,2022년 8월 8일 15시,월요일,대구광역시 달서구 대곡동,경상사고,0,0,1,0,차대차 - 기타,안전운전불이행,건조,맑음,교차로 - 교차로안,기타불명,기타불명,미분류,기타불명,자전거,남,10세,경상
2022080800100330,2022년 8월 8일 16시,월요일,대구광역시 동구 신천동,경상사고,0,0,3,0,차대차 - 측면충돌,안전운전불이행,건조,맑음,단일로 - 기타,승용,남,40세,상해없음,승용,남,72세,경상
2022080800100331,2022년 8월 8일 16시,월요일,대구광역시 남구 대명동,경상사고,0,0,1,0,차대차 - 추돌,안전운전불이행,건조,맑음,교차로 - 교차로부근,이륜,남,23세,상해없음,이륜,남,29세,경상
2022080800100332,2022년 8월 8일 16시,월요일,대구광역시 달서구 대천동,경상사고,0,0,1,0,차대차 - 측면충돌,안전운전불이행,건조,맑음,기타 - 기타,개인형이동수단(PM),남,28세,상해없음,자전거,남,7세,경상
2022080800100333,2022년 8월 8일 16시,월요일,대구광역시 북구 태전동,중상사고,0,1,0,0,차량단독 - 기타,기타,건조,맑음,단일로 - 기타,승합,남,54세,상해없음,,,,
2022080800100378,2022년 8월 8일 17시,월요일,대구광역시 달서구 유천동,경상사고,0,0,1,0,차대차 - 추돌,안전운전불이행,건조,맑음,단일로 - 기타,승용,남,45세,상해없음,승용,남,37세,경상
2022080800100379,2022년 8월 8일 17시,월요일,대구광역시 달서구 월성동,경상사고,0,0,2,0,차대차 - 기타,교차로운행방법위반,건조,맑음,교차로 - 교차로부근,승용,남,43세,상해없음,승용,남,24세,상해없음
2022080800100423,2022년 8월 8일 18시,월요일,대구광역시 달서구 도원동,중상사고,0,1,0,0,차대사람 - 기타,안전운전불이행,건조,맑음,단일로 - 지하차도(도로)내,승용,여,27세,상해없음,보행자,남,5세,중상
2022080800100424,2022년 8월 8일 18시,월요일,대구광역시 달서구 도원동,경상사고,0,0,2,0,차대차 - 추돌,안전거리미확보,건조,맑음,교차로 - 교차로안,승용,남,34세,상해없음,승용,남,40세,경상
2022080800100425,2022년 8월 8일 18시,월요일,대구광역시 달서구 상인동,경상사고,0,0,1,0,차대차 - 추돌,안전거리미확보,건조,맑음,교차로 - 교차로안,승용,남,43세,상해없음,승용,여,64세,경상
2022080800100484,2022년 8월 8일 20시,월요일,대구광역시 수성구 지산동,부상신고사고,0,0,0,2,차대차 - 기타,기타,건조,맑음,기타 - 기타,승용,여,75세,상해없음,승용,여,22세,부상신고
2022080800100519,2022년 8월 8일 21시,월요일,대구광역시 수성구 범어동,경상사고,0,0,1,0,차대차 - 측면충돌,안전거리미확보,건조,맑음,단일로 - 기타,승용,남,29세,상해없음,승용,남,59세,경상
2022080800100546,2022년 8월 8일 22시,월요일,대구광역시 달서구 상인동,경상사고,0,0,1,0,차대사람 - 차도통행중,교차로운행방법위반,건조,맑음,교차로 - 교차로안,승용,남,32세,상해없음,보행자,남,49세,경상
2022080800100567,2022년 8월 8일 23시,월요일,대구광역시 수성구 범어동,중상사고,0,1,0,0,차대차 - 기타,안전거리미확보,건조,맑음,단일로 - 기타,승용,남,33세,상해없음,이륜,남,31세,중상
2022080900100025,2022년 8월 9일 04시,화요일,대구광역시 동구 효목동,경상사고,0,0,1,0,차대차 - 기타,안전운전불이행,건조,맑음,단일로 - 기타,승용,남,37세,상해없음,승용,여,42세,경상
2022080900100060,2022년 8월 9일 07시,화요일,대구광역시 달서구 진천동,경상사고,0,0,1,0,차대사람 - 횡단중,보행자보호의무위반,건조,맑음,교차로 - 교차로횡단보도내,승용,남,38세,상해없음,보행자,여,17세,경상
2022080900100061,2022년 8월 9일 07시,화요일,대구광역시 달서구 대천동,부상신고사고,0,0,0,1,차대차 - 기타,안전운전불이행,건조,맑음,교차로 - 교차로부근,승용,남,65세,상해없음,화물,남,60세,상해없음
2022080900100086,2022년 8월 9일 08시,화요일,대구광역시 중구 포정동,중상사고,0,1,0,0,차대사람 - 차도통행중,안전운전불이행,건조,맑음,단일로 - 기타,승용,남,50세,상해없음,보행자,여,82세,중상
2022080900100119,2022년 8월 9일 09시,화요일,대구광역시 중구 종로2가,경상사고,0,0,3,0,차대차 - 측면충돌,교차로운행방법위반,건조,맑음,교차로 - 교차로안,승용,여,64세,경상,승용,남,67세,경상
2022080900100120,2022년 8월 9일 09시,화요일,대구광역시 달서구 두류동,경상사고,0,0,1,0,차대차 - 기타,안전운전불이행,건조,맑음,단일로 - 기타,승용,남,36세,상해없음,승용,여,43세,경상
2022080900100144,2022년 8월 9일 10시,화요일,대구광역시 중구 동산동,경상사고,0,0,2,0,차대차 - 기타,안전거리미확보,건조,맑음,단일로 - 기타,승용,남,80세,상해없음,승용,남,66세,경상
2022080900100145,2022년 8월 9일 10시,화요일,대구광역시 달서구 본리동,경상사고,0,0,1,0,차대차 - 추돌,기타,건조,맑음,단일로 - 기타,이륜,남,20세,상해없음,승용,여,53세,경상
2022080900100146,2022년 8월 9일 10시,화요일,대구광역시 북구 읍내동,경상사고,0,0,1,0,차대사람 - 기타,안전운전불이행,건조,맑음,단일로 - 기타,개인형이동수단(PM),남,12세,상해없음,보행자,여,39세,경상
2022080900100170,2022년 8월 9일 11시,화요일,대구광역시 중구 공평동,중상사고,0,1,0,0,차대차 - 측면충돌,신호위반,건조,맑음,교차로 - 교차로안,승용,여,38세,상해없음,이륜,남,26세,중상
2022080900100206,2022년 8월 9일 12시,화요일,대구광역시 수성구 만촌동,경상사고,0,0,1,0,차대차 - 측면충돌,안전운전불이행,건조,맑음,교차로 - 교차로안,화물,남,53세,상해없음,승용,남,58세,경상
2022080900100230,2022년 8월 9일 13시,화요일,대구광역시 서구 이현동,경상사고,0,0,1,0,차대차 - 기타,교차로운행방법위반,건조,맑음,교차로 - 교차로안,승용,남,51세,상해없음,승용,남,55세,상해없음
2022080900100285,2022년 8월 9일 15시,화요일,대구광역시 동구 도동,중상사고,0,1,1,1,차대차 - 추돌,안전운전불이행,건조,맑음,단일로 - 터널,화물,남,34세,부상신고,화물,남,48세,경상
2022080900100287,2022년 8월 9일 15시,화요일,대구광역시 수성구 만촌동,경상사고,0,0,1,0,차대차 - 측면충돌,안전거리미확보,건조,맑음,단일로 - 기타,승용,남,67세,상해없음,승용,여,28세,경상
2022080900100288,2022년 8월 9일 15시,화요일,대구광역시 달성군 논공읍,경상사고,0,0,2,0,차대차 - 기타,안전운전불이행,건조,맑음,교차로 - 교차로부근,화물,남,53세,상해없음,승용,여,50세,경상
2022080900100289,2022년 8월 9일 15시,화요일,대구광역시 달서구 두류동,부상신고사고,0,0,0,1,차대차 - 측면충돌,중앙선침범,건조,맑음,단일로 - 기타,자전거,남,61세,부상신고,승용,남,31세,상해없음
2022080900100314,2022년 8월 9일 16시,화요일,대구광역시 달서구 월성동,경상사고,0,0,1,0,차량단독 - 기타,기타,건조,맑음,단일로 - 기타,승합,남,59세,상해없음,,,,
2022080900100315,2022년 8월 9일 16시,화요일,대구광역시 달서구 월성동,경상사고,0,0,3,0,차대차 - 추돌,안전운전불이행,건조,맑음,단일로 - 지하차도(도로)내,승용,남,65세,상해없음,승용,여,40세,경상
2022080900100316,2022년 8월 9일 16시,화요일,대구광역시 중구 남일동,중상사고,0,1,2,1,차대차 - 측면충돌,신호위반,건조,맑음,교차로 - 교차로부근,승용,남,20세,상해없음,승용,남,37세,부상신고
2022080900100346,2022년 8월 9일 17시,화요일,대구광역시 동구 입석동,경상사고,0,0,1,0,차량단독 - 전도전복 - 전도,기타,건조,맑음,교차로 - 교차로안,승용,남,55세,상해없음,,,,
2022080900100347,2022년 8월 9일 17시,화요일,대구광역시 수성구 지산동,경상사고,0,0,1,1,차대차 - 측면충돌,교차로운행방법위반,건조,맑음,교차로 - 교차로안,승용,남,22세,부상신고,승용,여,51세,경상
2022080900100348,2022년 8월 9일 17시,화요일,대구광역시 수성구 수성동1가,경상사고,0,0,1,0,차대차 - 측면충돌,안전운전불이행,건조,맑음,단일로 - 기타,승용,여,28세,상해없음,승용,남,66세,경상
2022080900100349,2022년 8월 9일 17시,화요일,대구광역시 달성군 유가읍,중상사고,0,1,1,0,차대차 - 기타,신호위반,건조,맑음,기타 - 기타,이륜,남,38세,중상,승용,남,39세,경상
2022080900100350,2022년 8월 9일 17시,화요일,대구광역시 북구 관음동,경상사고,0,0,1,0,차대사람 - 차도통행중,안전운전불이행,건조,맑음,교차로 - 교차로안,승용,남,46세,상해없음,보행자,남,83세,경상
2022080900100389,2022년 8월 9일 18시,화요일,대구광역시 동구 입석동,경상사고,0,0,1,1,차대차 - 측면충돌,안전거리미확보,건조,맑음,단일로 - 기타,승용,남,81세,부상신고,승용,남,23세,경상
2022080900100390,2022년 8월 9일 18시,화요일,대구광역시 달성군 가창면,중상사고,0,3,0,0,차대차 - 기타,신호위반,건조,맑음,교차로 - 교차로안,승용,여,64세,상해없음,승용,남,55세,중상
2022080900100391,2022년 8월 9일 18시,화요일,대구광역시 달서구 용산동,중상사고,0,1,0,0,차대사람 - 보도통행중,보행자보호의무위반,건조,맑음,교차로 - 교차로횡단보도내,승합,남,64세,상해없음,보행자,여,74세,중상
2022080900100392,2022년 8월 9일 18시,화요일,대구광역시 달서구 신당동,경상사고,0,0,1,0,차대차 - 측면충돌,안전운전불이행,건조,맑음,단일로 - 기타,승용,남,36세,상해없음,자전거,남,44세,경상
2022080900100431,2022년 8월 9일 19시,화요일,대구광역시 달서구 상인동,경상사고,0,0,1,0,차대차 - 측면충돌,안전운전불이행,건조,맑음,교차로 - 교차로부근,화물,남,63세,상해없음,승용,남,66세,경상
2022080900100432,2022년 8월 9일 19시,화요일,대구광역시 달서구 감삼동,중상사고,0,1,1,0,차대차 - 추돌,안전운전불이행,건조,맑음,단일로 - 기타,승합,남,70세,상해없음,승용,남,40세,경상
2022080900100452,2022년 8월 9일 20시,화요일,대구광역시 달서구 송현동,경상사고,0,0,3,0,차대차 - 추돌,안전거리미확보,건조,맑음,교차로 - 교차로부근,승용,남,38세,상해없음,승용,여,46세,경상
2022080900100472,2022년 8월 9일 21시,화요일,대구광역시 달서구 송현동,경상사고,0,0,2,0,차대차 - 측면충돌,안전거리미확보,건조,맑음,단일로 - 기타,승용,여,68세,경상,승용,여,42세,경상
2022080900100473,2022년 8월 9일 21시,화요일,대구광역시 달서구 용산동,경상사고,0,0,1,0,차대차 - 기타,안전운전불이행,건조,맑음,교차로 - 교차로안,승용,남,64세,상해없음,승용,남,47세,경상
2022080900100474,2022년 8월 9일 21시,화요일,대구광역시 달서구 본리동,중상사고,0,1,0,0,차대사람 - 기타,기타,건조,맑음,기타 - 기타,개인형이동수단(PM),남,14세,상해없음,보행자,여,47세,중상
2022080900100497,2022년 8월 9일 22시,화요일,대구광역시 동구 신천동,경상사고,0,0,1,0,차대차 - 기타,안전운전불이행,건조,맑음,단일로 - 지하차도(도로)내,기타불명,기타불명,미분류,기타불명,자전거,남,57세,경상
2022080900100498,2022년 8월 9일 22시,화요일,대구광역시 중구 덕산동,부상신고사고,0,0,0,1,차대차 - 기타,안전운전불이행,건조,맑음,단일로 - 기타,자전거,남,35세,부상신고,승용,남,66세,상해없음
2022080900100499,2022년 8월 9일 22시,화요일,대구광역시 달서구 용산동,경상사고,0,0,1,0,차대차 - 추돌,안전운전불이행,건조,맑음,단일로 - 기타,승용,남,72세,상해없음,화물,남,37세,경상
2022080900100514,2022년 8월 9일 23시,화요일,대구광역시 북구 칠성동1가,경상사고,0,0,1,0,차대차 - 측면충돌,안전운전불이행,건조,맑음,교차로 - 교차로안,승용,남,66세,상해없음,이륜,남,32세,경상
2022080900100515,2022년 8월 9일 23시,화요일,대구광역시 중구 동인동3가,경상사고,0,0,2,0,차대차 - 측면충돌,신호위반,건조,맑음,교차로 - 교차로안,승용,남,51세,상해없음,승용,남,30세,경상
2022081000100020,2022년 8월 10일 01시,수요일,대구광역시 달서구 죽전동,경상사고,0,0,1,0,차대사람 - 차도통행중,기타,건조,맑음,단일로 - 기타,승용,남,61세,상해없음,보행자,남,43세,경상
2022081000100029,2022년 8월 10일 03시,수요일,대구광역시 달서구 장동,경상사고,0,0,3,0,차대차 - 측면충돌,신호위반,건조,맑음,교차로 - 교차로안,승용,여,50세,경상,승용,남,30세,경상
2022081000100066,2022년 8월 10일 07시,수요일,대구광역시 달성군 구지면,경상사고,0,0,1,0,차대차 - 기타,안전운전불이행,건조,맑음,단일로 - 기타,승용,여,69세,기타불명,승용,남,34세,경상
2022081000100067,2022년 8월 10일 07시,수요일,대구광역시 북구 구암동,중상사고,0,3,20,0,차대차 - 추돌,안전운전불이행,젖음/습기,흐림,단일로 - 지하차도(도로)내,승합,남,27세,상해없음,승합,남,60세,경상
2022081000100094,2022년 8월 10일 08시,수요일,대구광역시 달서구 송현동,경상사고,0,0,1,0,차대차 - 측면충돌,안전거리미확보,건조,맑음,교차로 - 교차로부근,승용,남,74세,상해없음,승용,남,36세,경상
2022081000100121,2022년 8월 10일 09시,수요일,대구광역시 달서구 송현동,경상사고,0,0,1,0,차량단독 - 기타,기타,건조,맑음,교차로 - 교차로부근,승합,남,56세,상해없음,,,,
2022081000100146,2022년 8월 10일 10시,수요일,대구광역시 달서구 본리동,중상사고,0,1,0,0,차대사람 - 횡단중,안전운전불이행,건조,맑음,단일로 - 기타,승용,남,66세,상해없음,보행자,남,51세,중상
2022081000100166,2022년 8월 10일 11시,수요일,대구광역시 남구 대명동,경상사고,0,0,1,0,차대차 - 후진중충돌,안전운전불이행,건조,맑음,단일로 - 기타,승합,남,66세,상해없음,승용,남,25세,경상
2022081000100167,2022년 8월 10일 11시,수요일,대구광역시 중구 동인동2가,경상사고,0,0,2,0,차대차 - 측면충돌,안전운전불이행,건조,맑음,교차로 - 교차로안,승용,여,39세,상해없음,화물,남,32세,경상
2022081000100251,2022년 8월 10일 14시,수요일,대구광역시 수성구 범어동,경상사고,0,0,2,0,차대차 - 기타,안전운전불이행,젖음/습기,비,교차로 - 교차로부근,승용,남,28세,경상,승용,남,52세,경상
2022081000100252,2022년 8월 10일 14시,수요일,대구광역시 달서구 상인동,경상사고,0,0,1,0,차대차 - 추돌,안전운전불이행,건조,맑음,교차로 - 교차로부근,승용,남,60세,상해없음,승용,여,37세,경상
2022081000100286,2022년 8월 10일 15시,수요일,대구광역시 수성구 노변동,경상사고,0,0,1,0,차대차 - 추돌,안전운전불이행,건조,맑음,단일로 - 기타,승용,남,49세,상해없음,승용,여,62세,경상
2022081000100322,2022년 8월 10일 16시,수요일,대구광역시 달서구 유천동,경상사고,0,0,3,0,차대차 - 측면충돌,안전거리미확보,건조,맑음,교차로 - 교차로부근,승용,여,48세,상해없음,승용,여,35세,경상
2022081000100355,2022년 8월 10일 17시,수요일,대구광역시 수성구 만촌동,중상사고,0,1,1,0,차대차 - 측면충돌,교차로운행방법위반,건조,맑음,교차로 - 교차로안,승용,여,33세,상해없음,승용,남,69세,중상
2022081000100356,2022년 8월 10일 17시,수요일,대구광역시 달서구 감삼동,경상사고,0,0,2,0,차대차 - 기타,안전운전불이행,건조,맑음,교차로 - 교차로부근,승용,남,64세,상해없음,승용,여,27세,경상
2022081000100468,2022년 8월 10일 20시,수요일,대구광역시 서구 중리동,경상사고,0,0,1,0,차대사람 - 기타,신호위반,건조,맑음,교차로 - 교차로부근,사륜오토바이(ATV),남,37세,상해없음,보행자,여,26세,경상
2022081000100497,2022년 8월 10일 21시,수요일,대구광역시 수성구 만촌동,중상사고,0,2,0,0,차대차 - 추돌,신호위반,젖음/습기,맑음,교차로 - 교차로안,승용,남,62세,상해없음,승용,남,61세,중상
2022081000100498,2022년 8월 10일 21시,수요일,대구광역시 수성구 중동,경상사고,0,0,1,0,차대차 - 측면충돌,안전운전불이행,건조,맑음,단일로 - 기타,승용,남,35세,상해없음,승용,남,52세,경상
2022081100100048,2022년 8월 11일 05시,목요일,대구광역시 수성구 고모동,경상사고,0,0,1,0,차대사람 - 기타,안전운전불이행,건조,맑음,단일로 - 기타,승용,남,73세,상해없음,보행자,여,70세,경상
2022081100100068,2022년 8월 11일 07시,목요일,대구광역시 달서구 장기동,경상사고,0,0,1,0,차대차 - 기타,안전운전불이행,건조,맑음,단일로 - 기타,승용,남,39세,상해없음,승용,남,36세,경상
2022081100100069,2022년 8월 11일 07시,목요일,대구광역시 서구 내당동,경상사고,0,0,2,0,차대차 - 추돌,안전운전불이행,건조,맑음,기타 - 기타,승용,남,58세,상해없음,화물,남,47세,경상
2022081100100090,2022년 8월 11일 08시,목요일,대구광역시 북구 산격동,경상사고,0,0,1,0,차대차 - 측면충돌,안전운전불이행,젖음/습기,흐림,교차로 - 교차로횡단보도내,화물,남,48세,상해없음,개인형이동수단(PM),남,33세,경상
2022081100100110,2022년 8월 11일 09시,목요일,대구광역시 동구 신암동,경상사고,0,0,4,0,차대차 - 측면충돌,안전거리미확보,건조,맑음,단일로 - 기타,승용,남,77세,상해없음,승용,남,24세,경상
2022081100100187,2022년 8월 11일 12시,목요일,대구광역시 동구 각산동,중상사고,0,1,0,0,차대차 - 측면충돌,안전운전불이행,건조,맑음,단일로 - 기타,승용,남,23세,상해없음,승용,여,42세,중상
2022081100100188,2022년 8월 11일 12시,목요일,대구광역시 동구 신암동,경상사고,0,0,1,0,차대사람 - 기타,기타,건조,맑음,기타 - 기타,승용,남,65세,상해없음,보행자,남,53세,경상
2022081100100189,2022년 8월 11일 12시,목요일,대구광역시 수성구 범어동,중상사고,0,1,0,0,차대차 - 측면충돌,안전운전불이행,건조,맑음,교차로 - 교차로안,승합,남,60세,상해없음,이륜,남,41세,중상
2022081100100190,2022년 8월 11일 12시,목요일,대구광역시 달성군 화원읍,경상사고,0,0,1,0,차대차 - 기타,교차로운행방법위반,젖음/습기,비,교차로 - 교차로안,승용,남,47세,상해없음,승용,여,30세,경상
2022081100100215,2022년 8월 11일 13시,목요일,대구광역시 달서구 도원동,중상사고,0,1,0,0,차대사람 - 횡단중,보행자보호의무위반,젖음/습기,맑음,기타 - 기타,승용,여,57세,상해없음,보행자,남,72세,중상
2022081100100216,2022년 8월 11일 13시,목요일,대구광역시 북구 침산동,경상사고,0,0,1,0,차량단독 - 기타,안전운전불이행,건조,맑음,단일로 - 기타,승합,남,35세,상해없음,,,,
2022081100100283,2022년 8월 11일 15시,목요일,대구광역시 수성구 수성동3가,경상사고,0,0,1,0,차대차 - 기타,안전운전불이행,젖음/습기,비,기타 - 기타,승용,남,67세,상해없음,이륜,남,47세,경상
2022081100100284,2022년 8월 11일 15시,목요일,대구광역시 서구 내당동,부상신고사고,0,0,0,1,차량단독 - 전도전복 - 전도,안전운전불이행,젖음/습기,흐림,단일로 - 기타,이륜,남,65세,부상신고,,,,
2022081100100311,2022년 8월 11일 16시,목요일,대구광역시 달성군 현풍읍,경상사고,0,0,1,0,차대차 - 추돌,안전운전불이행,건조,맑음,교차로 - 교차로부근,화물,여,36세,상해없음,승용,남,58세,경상
2022081100100312,2022년 8월 11일 16시,목요일,대구광역시 중구 대신동,경상사고,0,0,1,0,차량단독 - 기타,기타,건조,맑음,단일로 - 기타,승합,남,51세,상해없음,,,,
2022081100100313,2022년 8월 11일 16시,목요일,대구광역시 중구 동성로3가,중상사고,0,1,0,0,차대사람 - 기타,안전운전불이행,젖음/습기,비,단일로 - 기타,이륜,남,42세,상해없음,보행자,남,25세,중상
2022081100100314,2022년 8월 11일 16시,목요일,대구광역시 중구 공평동,경상사고,0,0,2,0,차대차 - 추돌,안전운전불이행,젖음/습기,맑음,단일로 - 기타,승용,남,51세,상해없음,승용,남,22세,경상
2022081100100355,2022년 8월 11일 17시,목요일,대구광역시 남구 대명동,중상사고,0,1,1,0,차대차 - 추돌,교차로운행방법위반,젖음/습기,비,교차로 - 교차로안,승용,여,33세,경상,승용,여,56세,중상
2022081100100356,2022년 8월 11일 17시,목요일,대구광역시 달서구 상인동,경상사고,0,0,1,0,차대차 - 측면충돌,안전거리미확보,젖음/습기,비,단일로 - 기타,승용,남,22세,상해없음,승용,남,58세,경상
2022081100100357,2022년 8월 11일 17시,목요일,대구광역시 북구 태전동,경상사고,0,0,2,0,차대차 - 측면충돌,안전운전불이행,건조,맑음,교차로 - 교차로안,승용,남,60세,경상,승용,여,28세,경상
2022081100100383,2022년 8월 11일 18시,목요일,대구광역시 수성구 범어동,중상사고,0,1,0,0,차대사람 - 기타,기타,건조,맑음,단일로 - 기타,기타불명,기타불명,미분류,기타불명,보행자,여,30세,중상
2022081100100384,2022년 8월 11일 18시,목요일,대구광역시 북구 산격동,경상사고,0,0,1,0,차대차 - 기타,교차로운행방법위반,젖음/습기,흐림,교차로 - 교차로안,기타불명,기타불명,미분류,기타불명,이륜,남,29세,경상
2022081100100385,2022년 8월 11일 18시,목요일,대구광역시 북구 칠성동2가,중상사고,0,1,0,0,차대사람 - 횡단중,안전운전불이행,건조,맑음,단일로 - 기타,승용,여,53세,상해없음,보행자,여,78세,중상
2022081100100386,2022년 8월 11일 18시,목요일,대구광역시 달서구 감삼동,경상사고,0,0,1,0,차대차 - 기타,안전운전불이행,건조,맑음,단일로 - 기타,승용,여,24세,상해없음,이륜,남,37세,경상
2022081100100415,2022년 8월 11일 19시,목요일,대구광역시 달서구 용산동,경상사고,0,0,3,0,차대차 - 추돌,기타,건조,맑음,단일로 - 기타,승용,남,41세,경상,승용,남,32세,경상
2022081100100478,2022년 8월 11일 22시,목요일,대구광역시 달성군 유가읍,경상사고,0,0,1,0,차대차 - 측면충돌,신호위반,건조,맑음,교차로 - 교차로안,승용,여,50세,상해없음,승용,여,34세,경상
2022081200100005,2022년 8월 12일 00시,금요일,대구광역시 달성군 구지면,경상사고,0,0,1,0,차량단독 - 공작물충돌,안전운전불이행,건조,맑음,단일로 - 기타,승용,남,34세,경상,,,,
2022081200100043,2022년 8월 12일 05시,금요일,대구광역시 북구 침산동,경상사고,0,0,1,0,차대사람 - 횡단중,안전운전불이행,젖음/습기,비,교차로 - 교차로안,승용,여,62세,상해없음,보행자,여,87세,경상
2022081200100066,2022년 8월 12일 07시,금요일,대구광역시 달서구 상인동,경상사고,0,0,1,0,차대차 - 기타,안전운전불이행,건조,맑음,단일로 - 기타,승용,남,36세,상해없음,승용,여,40세,경상
2022081200100067,2022년 8월 12일 07시,금요일,대구광역시 서구 내당동,경상사고,0,0,1,0,차대차 - 추돌,안전거리미확보,건조,맑음,단일로 - 기타,승용,남,26세,상해없음,승용,남,26세,경상
2022081200100068,2022년 8월 12일 07시,금요일,대구광역시 북구 금호동,경상사고,0,0,2,1,차대차 - 측면충돌,안전운전불이행,건조,맑음,단일로 - 기타,화물,남,47세,부상신고,승용,여,44세,경상
2022081200100137,2022년 8월 12일 09시,금요일,대구광역시 동구 신천동,경상사고,0,0,1,0,차대차 - 측면충돌,안전운전불이행,건조,맑음,교차로 - 교차로부근,기타불명,기타불명,미분류,기타불명,자전거,여,67세,경상
2022081200100138,2022년 8월 12일 09시,금요일,대구광역시 수성구 범어동,경상사고,0,0,1,0,차대차 - 측면충돌,안전운전불이행,건조,맑음,단일로 - 기타,승용,여,38세,상해없음,자전거,남,37세,경상
2022081200100139,2022년 8월 12일 09시,금요일,대구광역시 수성구 매호동,경상사고,0,0,16,1,차대차 - 추돌,안전운전불이행,건조,맑음,교차로 - 교차로부근,승용,여,54세,상해없음,승합,남,73세,경상
2022081200100173,2022년 8월 12일 10시,금요일,대구광역시 동구 신암동,경상사고,0,0,1,0,차대차 - 측면충돌,안전거리미확보,건조,맑음,단일로 - 기타,승용,여,61세,상해없음,승용,남,40세,경상
2022081200100202,2022년 8월 12일 11시,금요일,대구광역시 수성구 수성동2가,중상사고,0,1,0,0,차대차 - 기타,안전운전불이행,건조,맑음,단일로 - 기타,기타불명,기타불명,미분류,기타불명,자전거,남,80세,중상
2022081200100203,2022년 8월 12일 11시,금요일,대구광역시 달서구 대천동,경상사고,0,0,1,0,차대차 - 측면충돌,안전운전불이행,건조,맑음,교차로 - 교차로안,승용,여,46세,상해없음,이륜,남,33세,경상
2022081200100204,2022년 8월 12일 11시,금요일,대구광역시 중구 태평로3가,경상사고,0,0,3,0,차대차 - 측면충돌,신호위반,건조,맑음,교차로 - 교차로안,이륜,남,67세,경상,승용,남,56세,경상
2022081200100241,2022년 8월 12일 12시,금요일,대구광역시 수성구 범어동,경상사고,0,0,3,0,차대차 - 기타,안전거리미확보,건조,맑음,교차로 - 교차로부근,승용,여,64세,상해없음,승용,남,42세,경상
2022081200100280,2022년 8월 12일 13시,금요일,대구광역시 수성구 삼덕동,경상사고,0,0,1,1,차대차 - 측면충돌,안전거리미확보,건조,맑음,단일로 - 기타,승용,여,45세,부상신고,승용,여,56세,경상
2022081200100344,2022년 8월 12일 15시,금요일,대구광역시 달성군 다사읍,경상사고,0,0,1,0,차대차 - 기타,안전운전불이행,건조,맑음,교차로 - 교차로부근,이륜,남,47세,경상,승용,남,52세,상해없음
2022081200100436,2022년 8월 12일 17시,금요일,대구광역시 중구 봉산동,중상사고,0,2,0,0,차대차 - 측면충돌,기타,건조,맑음,단일로 - 기타,승용,남,55세,상해없음,승용,남,26세,중상
2022081200100437,2022년 8월 12일 17시,금요일,대구광역시 북구 구암동,경상사고,0,0,1,0,차대차 - 기타,차로위반,건조,맑음,단일로 - 지하차도(도로)내,승용,여,30세,상해없음,승합,남,38세,상해없음
2022081200100438,2022년 8월 12일 17시,금요일,대구광역시 북구 사수동,중상사고,0,1,0,0,차대차 - 추돌,안전운전불이행,건조,맑음,단일로 - 지하차도(도로)내,승용,남,39세,상해없음,승용,여,37세,중상
2022081200100473,2022년 8월 12일 18시,금요일,대구광역시 수성구 대흥동,경상사고,0,0,1,0,차대차 - 측면충돌,안전거리미확보,건조,맑음,단일로 - 기타,승용,여,70세,상해없음,승용,남,30세,경상
2022081200100474,2022년 8월 12일 18시,금요일,대구광역시 달서구 상인동,경상사고,0,0,1,0,차대차 - 후진중충돌,안전운전불이행,건조,맑음,기타 - 기타,승용,남,71세,상해없음,승용,남,23세,경상
2022081200100520,2022년 8월 12일 19시,금요일,대구광역시 동구 봉무동,경상사고,0,0,2,0,차대차 - 측면충돌,신호위반,건조,맑음,교차로 - 교차로부근,이륜,남,57세,경상,승용,여,35세,경상
2022081200100521,2022년 8월 12일 19시,금요일,대구광역시 달서구 진천동,경상사고,0,0,1,0,차대차 - 측면충돌,신호위반,건조,맑음,교차로 - 교차로부근,승용,여,65세,상해없음,원동기,남,24세,경상
2022081200100569,2022년 8월 12일 20시,금요일,대구광역시 북구 침산동,경상사고,0,0,2,3,차대차 - 측면충돌,안전거리미확보,건조,맑음,단일로 - 기타,승용,남,19세,부상신고,화물,남,71세,경상
2022081200100592,2022년 8월 12일 21시,금요일,대구광역시 수성구 범어동,부상신고사고,0,0,0,1,차대차 - 기타,안전운전불이행,건조,맑음,교차로 - 교차로안,이륜,남,23세,부상신고,승용,남,53세,상해없음
2022081200100618,2022년 8월 12일 22시,금요일,대구광역시 수성구 범어동,경상사고,0,0,1,0,차대차 - 기타,교차로운행방법위반,건조,맑음,교차로 - 교차로안,자전거,남,40세,경상,승용,남,52세,상해없음
2022081200100636,2022년 8월 12일 23시,금요일,대구광역시 달서구 이곡동,중상사고,0,1,0,0,차대사람 - 기타,신호위반,건조,맑음,단일로 - 기타,승용,남,58세,상해없음,보행자,여,65세,중상