사고번호,사고일시,요일,시군구,사고내용,사망자수,중상자수,경상자수,부상신고자수,사고유형,법규위반,노면상태,기상상태,도로형태,가해운전자 차종,가해운전자 성별,가해운전자 연령,가해운전자 상해정도,피해운전자 차종,피해운전자 성별,피해운전자 연령,피해운전자 상해정도
2022081700100565,2022년 8월 17일 20시,수요일,대구광역시 달서구 호산동,경상사고,0,0,1,0,차대차 - 추돌,안전운전불이행,젖음/습기,비,기타 - 기타,화물,남,27세,상해없음,이륜,남,31세,경상
2022081700100596,2022년 8월 17일 21시,수요일,대구광역시 달서구 상인동,경상사고,0,0,1,0,차대차 - 측면충돌,안전운전불이행,젖음/습기,비,교차로 - 교차로부근,승용,여,59세,상해없음,승용,남,50세,경상
2022081700100635,2022년 8월 17일 23시,수요일,대구광역시 북구 대현동,경상사고,0,0,1,0,차대사람 - 횡단중,안전운전불이행,건조,기타,단일로 - 기타,승용,여,28세,상해없음,보행자,남,26세,경상
2022081800100005,2022년 8월 18일 00시,목요일,대구광역시 북구 국우동,경상사고,0,0,1,0,차대차 - 추돌,안전운전불이행,건조,맑음,단일로 - 기타,승용,남,49세,상해없음,승용,여,69세,경상
2022081800100024,2022년 8월 18일 03시,목요일,대구광역시 수성구 지산동,중상사고,0,2,0,0,차대사람 - 보도통행중,신호위반,건조,맑음,단일로 - 기타,이륜,남,44세,중상,보행자,여,24세,중상
2022081800100051,2022년 8월 18일 06시,목요일,대구광역시 북구 읍내동,경상사고,0,0,1,0,차대차 - 측면충돌,안전운전불이행,건조,맑음,단일로 - 기타,승용,남,29세,기타불명,화물,남,41세,경상
2022081800100069,2022년 8월 18일 07시,목요일,대구광역시 수성구 만촌동,경상사고,0,0,1,0,차대차 - 측면충돌,안전운전불이행,건조,맑음,단일로 - 기타,승용,남,43세,기타불명,승용,남,48세,상해없음
2022081800100070,2022년 8월 18일 07시,목요일,대구광역시 서구 중리동,경상사고,0,0,1,0,차대차 - 추돌,직진우회전진행방해,건조,맑음,교차로 - 교차로안,승용,여,53세,상해없음,화물,남,51세,경상
2022081800100071,2022년 8월 18일 07시,목요일,대구광역시 달서구 본리동,경상사고,0,0,3,0,차대차 - 측면충돌,신호위반,건조,흐림,교차로 - 교차로안,승용,남,22세,상해없음,화물,남,34세,경상
2022081800100072,2022년 8월 18일 07시,목요일,대구광역시 달서구 본리동,중상사고,0,1,0,0,차대차 - 기타,신호위반,건조,맑음,단일로 - 기타,승용,남,66세,상해없음,이륜,남,49세,중상
2022081800100073,2022년 8월 18일 07시,목요일,대구광역시 달서구 이곡동,경상사고,0,0,1,0,차대차 - 추돌,안전운전불이행,건조,맑음,교차로 - 교차로안,기타불명,기타불명,미분류,기타불명,승용,남,23세,경상
2022081800100136,2022년 8월 18일 09시,목요일,대구광역시 동구 신암동,경상사고,0,0,1,0,차대차 - 기타,신호위반,건조,맑음,교차로 - 교차로안,승합,남,31세,상해없음,승용,남,30세,경상
2022081800100137,2022년 8월 18일 09시,목요일,대구광역시 동구 용계동,경상사고,0,0,1,0,차대사람 - 기타,안전운전불이행,건조,맑음,단일로 - 기타,이륜,남,68세,상해없음,보행자,여,69세,경상
2022081800100138,2022년 8월 18일 09시,목요일,대구광역시 달성군 현풍읍,경상사고,0,0,1,0,차대차 - 측면충돌,직진우회전진행방해,건조,맑음,교차로 - 교차로안,화물,여,52세,상해없음,이륜,남,49세,경상
2022081800100210,2022년 8월 18일 11시,목요일,대구광역시 남구 이천동,경상사고,0,0,1,0,차대차 - 추돌,안전거리미확보,건조,맑음,단일로 - 기타,승용,남,28세,상해없음,화물,남,57세,상해없음
2022081800100211,2022년 8월 18일 11시,목요일,대구광역시 남구 대명동,경상사고,0,0,1,0,차대차 - 측면충돌,안전거리미확보,건조,맑음,단일로 - 기타,승용,남,41세,기타불명,승용,남,28세,경상
2022081800100212,2022년 8월 18일 11시,목요일,대구광역시 서구 평리동,경상사고,0,0,1,0,차대차 - 측면충돌,교차로운행방법위반,건조,맑음,교차로 - 교차로안,승용,남,47세,상해없음,화물,남,31세,상해없음
2022081800100213,2022년 8월 18일 11시,목요일,대구광역시 북구 동천동,경상사고,0,0,2,0,차대차 - 추돌,안전운전불이행,건조,맑음,단일로 - 기타,이륜,남,32세,경상,승용,여,53세,경상
2022081800100276,2022년 8월 18일 13시,목요일,대구광역시 동구 신암동,경상사고,0,0,1,0,차대사람 - 차도통행중,안전운전불이행,건조,맑음,단일로 - 기타,승용,남,72세,상해없음,보행자,여,32세,경상
2022081800100307,2022년 8월 18일 14시,목요일,대구광역시 수성구 수성동2가,중상사고,0,1,0,0,차대차 - 측면충돌,안전운전불이행,건조,맑음,단일로 - 기타,승용,남,74세,상해없음,이륜,남,37세,중상
2022081800100338,2022년 8월 18일 15시,목요일,대구광역시 북구 국우동,중상사고,0,1,0,0,차대사람 - 보도통행중,기타,건조,맑음,단일로 - 기타,개인형이동수단(PM),남,19세,상해없음,보행자,여,37세,중상
2022081800100412,2022년 8월 18일 17시,목요일,대구광역시 동구 율하동,중상사고,0,2,1,0,차대차 - 측면충돌,교차로운행방법위반,건조,맑음,교차로 - 교차로안,승용,여,42세,경상,승용,여,31세,중상
2022081800100413,2022년 8월 18일 17시,목요일,대구광역시 수성구 황금동,경상사고,0,0,1,0,차대차 - 측면충돌,차로위반,건조,맑음,교차로 - 교차로부근,승용,남,62세,상해없음,승용,남,39세,상해없음
2022081800100414,2022년 8월 18일 17시,목요일,대구광역시 달성군 다사읍,경상사고,0,0,1,0,차대차 - 정면충돌,안전운전불이행,건조,맑음,교차로 - 교차로안,이륜,남,33세,경상,승용,여,38세,상해없음
2022081800100415,2022년 8월 18일 17시,목요일,대구광역시 서구 평리동,경상사고,0,0,1,0,차대차 - 측면충돌,안전운전불이행,건조,맑음,단일로 - 기타,승합,남,69세,상해없음,이륜,남,68세,경상
2022081800100458,2022년 8월 18일 18시,목요일,대구광역시 남구 봉덕동,경상사고,0,0,1,0,차대차 - 측면충돌,안전거리미확보,건조,맑음,교차로 - 교차로부근,이륜,남,65세,상해없음,승용,여,46세,경상
2022081800100459,2022년 8월 18일 18시,목요일,대구광역시 남구 봉덕동,경상사고,0,0,1,0,차대차 - 측면충돌,안전거리미확보,건조,맑음,단일로 - 기타,승용,남,80세,상해없음,승용,남,40세,경상
2022081800100460,2022년 8월 18일 18시,목요일,대구광역시 달서구 성당동,경상사고,0,0,2,0,차대차 - 기타,안전운전불이행,건조,맑음,단일로 - 기타,승용,남,57세,상해없음,승용,여,39세,경상
2022081800100461,2022년 8월 18일 18시,목요일,대구광역시 달성군 유가읍,경상사고,0,0,1,0,차대차 - 기타,안전운전불이행,건조,맑음,단일로 - 기타,승용,여,46세,상해없음,이륜,남,25세,경상
2022081800100500,2022년 8월 18일 19시,목요일,대구광역시 달서구 유천동,경상사고,0,0,1,0,차대차 - 측면충돌,안전운전불이행,건조,맑음,단일로 - 기타,이륜,남,43세,상해없음,승용,남,23세,경상
2022081800100501,2022년 8월 18일 19시,목요일,대구광역시 중구 수동,부상신고사고,0,0,0,1,차대사람 - 기타,기타,건조,맑음,단일로 - 기타,승합,남,41세,상해없음,보행자,남,69세,부상신고
2022081800100519,2022년 8월 18일 20시,목요일,대구광역시 달성군 논공읍,경상사고,0,0,1,0,차대차 - 기타,안전운전불이행,건조,맑음,교차로 - 교차로안,승용,남,73세,기타불명,승용,남,29세,경상
2022081800100520,2022년 8월 18일 20시,목요일,대구광역시 서구 평리동,경상사고,0,0,1,0,차대차 - 측면충돌,신호위반,건조,맑음,교차로 - 교차로안,승용,남,68세,상해없음,승용,여,50세,경상
2022081800100544,2022년 8월 18일 21시,목요일,대구광역시 수성구 삼덕동,사망사고,1,0,0,0,차량단독 - 공작물충돌,안전운전불이행,건조,맑음,단일로 - 기타,승용,남,41세,사망,,,,
2022081800100545,2022년 8월 18일 21시,목요일,대구광역시 달서구 대천동,경상사고,0,0,1,0,차대차 - 측면충돌,안전운전불이행,건조,맑음,단일로 - 기타,승용,여,32세,상해없음,승용,남,51세,경상
2022081800100574,2022년 8월 18일 23시,목요일,대구광역시 북구 침산동,부상신고사고,0,0,0,1,차량단독 - 기타,안전운전불이행,건조,맑음,단일로 - 기타,이륜,남,42세,부상신고,,,,
2022081800100575,2022년 8월 18일 23시,목요일,대구광역시 달서구 장기동,경상사고,0,0,1,0,차대차 - 기타,안전거리미확보,건조,흐림,교차로 - 교차로부근,승용,남,21세,상해없음,승용,남,23세,경상
2022081900100021,2022년 8월 19일 01시,금요일,대구광역시 동구 신평동,경상사고,0,0,1,0,차대차 - 추돌,안전운전불이행,건조,맑음,교차로 - 교차로안,승용,남,39세,상해없음,승용,여,60세,경상
2022081900100057,2022년 8월 19일 06시,금요일,대구광역시 서구 비산동,경상사고,0,0,1,0,차대사람 - 길가장자리구역통행중,안전운전불이행,건조,맑음,교차로 - 교차로부근,승용,남,66세,상해없음,보행자,여,57세,경상
2022081900100107,2022년 8월 19일 08시,금요일,대구광역시 남구 봉덕동,부상신고사고,0,0,0,1,차대차 - 측면충돌,안전운전불이행,건조,맑음,단일로 - 기타,승용,여,29세,상해없음,자전거,남,58세,부상신고
2022081900100141,2022년 8월 19일 09시,금요일,대구광역시 동구 둔산동,경상사고,0,0,2,0,차대차 - 기타,안전운전불이행,건조,맑음,기타 - 기타,화물,남,68세,상해없음,화물,남,57세,경상
2022081900100142,2022년 8월 19일 09시,금요일,대구광역시 달서구 대곡동,경상사고,0,0,1,0,차대차 - 측면충돌,안전운전불이행,건조,맑음,단일로 - 기타,승용,남,67세,상해없음,자전거,남,51세,경상
2022081900100215,2022년 8월 19일 11시,금요일,대구광역시 동구 방촌동,부상신고사고,0,0,0,1,차대차 - 측면충돌,안전운전불이행,건조,맑음,단일로 - 기타,승용,여,58세,부상신고,화물,남,41세,상해없음
2022081900100216,2022년 8월 19일 11시,금요일,대구광역시 북구 구암동,경상사고,0,0,1,0,차대차 - 측면충돌,신호위반,건조,맑음,교차로 - 교차로부근,이륜,남,38세,경상,승용,남,63세,상해없음
2022081900100251,2022년 8월 19일 12시,금요일,대구광역시 수성구 매호동,경상사고,0,0,1,0,차대차 - 기타,안전운전불이행,건조,맑음,교차로 - 교차로안,승용,남,74세,상해없음,이륜,남,45세,경상
2022081900100317,2022년 8월 19일 14시,금요일,대구광역시 달서구 도원동,경상사고,0,0,2,0,차대차 - 추돌,안전운전불이행,건조,맑음,단일로 - 기타,승용,남,41세,상해없음,승용,여,47세,경상
2022081900100344,2022년 8월 19일 15시,금요일,대구광역시 남구 대명동,경상사고,0,0,1,0,차대차 - 측면충돌,안전운전불이행,건조,맑음,단일로 - 지하차도(도로)내,승용,남,84세,기타불명,자전거,남,72세,경상
2022081900100345,2022년 8월 19일 15시,금요일,대구광역시 수성구 범어동,부상신고사고,0,0,0,1,차대차 - 기타,안전운전불이행,건조,맑음,교차로 - 교차로부근,기타불명,기타불명,미분류,기타불명,자전거,남,27세,부상신고
2022081900100346,2022년 8월 19일 15시,금요일,대구광역시 북구 읍내동,경상사고,0,0,2,0,차대차 - 측면충돌,안전운전불이행,건조,맑음,교차로 - 교차로안,화물,남,33세,경상,이륜,남,52세,경상
2022081900100378,2022년 8월 19일 16시,금요일,대구광역시 남구 대명동,경상사고,0,0,1,0,차대차 - 측면충돌,불법유턴,건조,맑음,교차로 - 교차로부근,승용,여,45세,상해없음,이륜,남,39세,경상
2022081900100379,2022년 8월 19일 16시,금요일,대구광역시 남구 봉덕동,경상사고,0,0,1,0,차대사람 - 기타,안전운전불이행,건조,맑음,단일로 - 기타,자전거,남,59세,상해없음,보행자,여,39세,경상
2022081900100380,2022년 8월 19일 16시,금요일,대구광역시 달성군 다사읍,경상사고,0,0,1,0,차대사람 - 횡단중,안전운전불이행,건조,맑음,교차로 - 교차로부근,승용,여,36세,상해없음,보행자,여,59세,경상
2022081900100424,2022년 8월 19일 17시,금요일,대구광역시 북구 금호동,중상사고,0,2,2,1,차대차 - 기타,안전운전불이행,건조,맑음,단일로 - 기타,승용,남,52세,중상,승용,남,49세,부상신고
2022081900100429,2022년 8월 19일 17시,금요일,대구광역시 수성구 범어동,경상사고,0,0,1,0,차대사람 - 횡단중,안전운전불이행,건조,맑음,교차로 - 교차로안,화물,남,34세,상해없음,보행자,남,54세,경상
2022081900100430,2022년 8월 19일 17시,금요일,대구광역시 달성군 구지면,경상사고,0,0,1,0,차대차 - 기타,안전운전불이행,건조,맑음,교차로 - 교차로안,승용,남,40세,상해없음,화물,남,31세,경상
2022081900100473,2022년 8월 19일 18시,금요일,대구광역시 동구 검사동,중상사고,0,1,0,0,차대차 - 측면충돌,안전운전불이행,건조,맑음,단일로 - 기타,화물,남,55세,상해없음,자전거,남,9세,중상
2022081900100474,2022년 8월 19일 18시,금요일,대구광역시 수성구 황금동,경상사고,0,0,1,0,차대차 - 측면충돌,안전거리미확보,건조,맑음,단일로 - 기타,승용,여,42세,상해없음,승용,남,39세,경상
2022081900100475,2022년 8월 19일 18시,금요일,대구광역시 서구 비산동,경상사고,0,0,1,0,차대차 - 측면충돌,직진우회전진행방해,건조,맑음,교차로 - 교차로안,승용,남,71세,상해없음,승용,남,43세,경상
2022081900100476,2022년 8월 19일 18시,금요일,대구광역시 북구 동천동,중상사고,0,1,0,0,차대사람 - 횡단중,보행자보호의무위반,건조,맑음,교차로 - 교차로부근,승용,남,67세,상해없음,보행자,여,55세,중상
2022081900100523,2022년 8월 19일 19시,금요일,대구광역시 남구 대명동,경상사고,0,0,1,0,차대차 - 추돌,안전운전불이행,건조,맑음,단일로 - 기타,승용,남,36세,상해없음,승용,남,33세,경상
2022081900100524,2022년 8월 19일 19시,금요일,대구광역시 동구 율하동,경상사고,0,0,1,0,차대차 - 측면충돌,안전거리미확보,건조,맑음,교차로 - 교차로부근,승용,여,47세,상해없음,승용,남,36세,경상
2022081900100555,2022년 8월 19일 20시,금요일,대구광역시 서구 비산동,경상사고,0,0,1,0,차대사람 - 기타,안전운전불이행,건조,맑음,교차로 - 교차로안,승용,남,74세,상해없음,보행자,여,73세,경상
2022081900100556,2022년 8월 19일 20시,금요일,대구광역시 달서구 죽전동,경상사고,0,0,1,0,차대사람 - 기타,보행자보호의무위반,건조,맑음,교차로 - 교차로안,승용,남,45세,상해없음,보행자,남,65세,경상
2022081900100609,2022년 8월 19일 22시,금요일,대구광역시 북구 동천동,중상사고,0,1,0,0,차대사람 - 차도통행중,보행자보호의무위반,건조,맑음,단일로 - 기타,승용,남,54세,기타불명,보행자,남,30세,중상
2022081900100622,2022년 8월 19일 23시,금요일,대구광역시 수성구 파동,경상사고,0,0,2,0,차대차 - 기타,안전운전불이행,건조,맑음,단일로 - 고가도로위,승용,남,40세,상해없음,승용,남,46세,상해없음
2022082000100011,2022년 8월 20일 00시,토요일,대구광역시 수성구 황금동,경상사고,0,0,2,0,차대차 - 측면충돌,안전운전불이행,건조,맑음,단일로 - 기타,승용,남,40세,상해없음,승용,남,32세,경상
2022082000100026,2022년 8월 20일 01시,토요일,대구광역시 달서구 이곡동,경상사고,0,0,2,0,차대차 - 기타,안전운전불이행,건조,흐림,교차로 - 교차로부근,승용,여,43세,기타불명,승용,남,49세,경상
2022082000100061,2022년 8월 20일 04시,토요일,대구광역시 중구 삼덕동1가,중상사고,0,1,0,0,차대차 - 측면충돌,신호위반,건조,맑음,교차로 - 교차로횡단보도내,이륜,남,28세,상해없음,자전거,여,66세,중상
2022082000100089,2022년 8월 20일 07시,토요일,대구광역시 북구 대현동,경상사고,0,0,1,0,차대차 - 측면충돌,안전거리미확보,젖음/습기,비,단일로 - 교량,화물,남,32세,상해없음,승용,여,38세,경상
2022082000100104,2022년 8월 20일 08시,토요일,대구광역시 동구 봉무동,중상사고,0,1,0,0,차대사람 - 기타,안전운전불이행,젖음/습기,비,기타 - 기타,자전거,여,65세,상해없음,보행자,여,72세,중상
2022082000100120,2022년 8월 20일 09시,토요일,대구광역시 달성군 하빈면,경상사고,0,0,1,0,차대차 - 기타,안전운전불이행,젖음/습기,비,단일로 - 기타,화물,남,40세,상해없음,화물,남,65세,경상
2022082000100153,2022년 8월 20일 10시,토요일,대구광역시 달서구 용산동,중상사고,0,1,0,0,차대차 - 측면충돌,안전운전불이행,젖음/습기,비,교차로 - 교차로부근,화물,남,34세,상해없음,자전거,남,83세,중상
2022082000100195,2022년 8월 20일 11시,토요일,대구광역시 남구 대명동,경상사고,0,0,1,0,차대차 - 측면충돌,차로위반,젖음/습기,비,단일로 - 지하차도(도로)내,화물,남,56세,상해없음,승용,여,37세,경상
2022082000100196,2022년 8월 20일 11시,토요일,대구광역시 수성구 만촌동,경상사고,0,0,3,0,차대차 - 추돌,안전운전불이행,젖음/습기,비,교차로 - 교차로부근,승용,남,62세,상해없음,승용,여,45세,경상
2022082000100197,2022년 8월 20일 11시,토요일,대구광역시 달서구 장동,경상사고,0,0,2,0,차대차 - 측면충돌,안전거리미확보,젖음/습기,맑음,기타 - 기타,승용,남,64세,경상,승용,남,51세,경상
2022082000100198,2022년 8월 20일 11시,토요일,대구광역시 달성군 논공읍,중상사고,0,1,1,0,차대차 - 측면충돌,안전운전불이행,젖음/습기,비,교차로 - 교차로안,승용,남,42세,경상,승용,남,61세,상해없음
2022082000100199,2022년 8월 20일 11시,토요일,대구광역시 북구 동천동,중상사고,0,1,0,0,차대사람 - 횡단중,보행자보호의무위반,젖음/습기,비,교차로 - 교차로횡단보도내,승용,남,70세,상해없음,보행자,여,74세,중상
2022082000100240,2022년 8월 20일 12시,토요일,대구광역시 남구 봉덕동,중상사고,0,1,0,0,차대사람 - 횡단중,보행자보호의무위반,건조,맑음,교차로 - 교차로횡단보도내,화물,남,51세,상해없음,보행자,여,23세,중상
2022082000100241,2022년 8월 20일 12시,토요일,대구광역시 수성구 범어동,경상사고,0,0,1,0,차대차 - 측면충돌,안전운전불이행,젖음/습기,비,단일로 - 기타,이륜,남,62세,경상,승용,남,41세,상해없음
2022082000100242,2022년 8월 20일 12시,토요일,대구광역시 중구 삼덕동1가,경상사고,0,0,2,0,차대차 - 기타,안전운전불이행,건조,맑음,단일로 - 기타,승용,여,29세,상해없음,승용,남,27세,경상
2022082000100292,2022년 8월 20일 13시,토요일,대구광역시 달성군 현풍읍,경상사고,0,0,1,0,차대차 - 추돌,안전운전불이행,젖음/습기,흐림,단일로 - 기타,승용,여,37세,상해없음,승용,여,24세,경상
2022082000100293,2022년 8월 20일 13시,토요일,대구광역시 북구 노원동3가,경상사고,0,0,1,0,차대차 - 추돌,안전운전불이행,건조,맑음,단일로 - 기타,승용,여,27세,상해없음,승용,남,50세,경상
2022082000100333,2022년 8월 20일 14시,토요일,대구광역시 수성구 만촌동,경상사고,0,0,2,0,차대차 - 측면충돌,안전거리미확보,건조,맑음,단일로 - 기타,승용,남,52세,상해없음,승용,남,73세,경상
2022082000100373,2022년 8월 20일 15시,토요일,대구광역시 달서구 도원동,경상사고,0,0,1,0,차대차 - 측면충돌,안전거리미확보,젖음/습기,흐림,교차로 - 교차로부근,승용,여,57세,상해없음,승용,남,54세,경상
2022082000100410,2022년 8월 20일 16시,토요일,대구광역시 북구 산격동,경상사고,0,0,1,0,차대차 - 측면충돌,안전거리미확보,건조,맑음,교차로 - 교차로부근,승용,여,42세,상해없음,이륜,남,79세,경상
2022082000100411,2022년 8월 20일 16시,토요일,대구광역시 서구 이현동,중상사고,0,1,1,0,차대차 - 측면충돌,신호위반,건조,맑음,교차로 - 교차로안,승용,남,44세,상해없음,승용,남,67세,경상
2022082000100453,2022년 8월 20일 17시,토요일,대구광역시 북구 산격동,경상사고,0,0,1,0,차대차 - 후진중충돌,안전운전불이행,건조,맑음,단일로 - 기타,승용,여,32세,상해없음,이륜,남,25세,경상
2022082000100485,2022년 8월 20일 18시,토요일,대구광역시 동구 지묘동,중상사고,0,2,2,0,차대차 - 기타,안전운전불이행,건조,맑음,단일로 - 기타,승용,남,59세,상해없음,승용,여,54세,중상
2022082000100486,2022년 8월 20일 18시,토요일,대구광역시 수성구 수성동2가,경상사고,0,0,1,0,차대차 - 기타,중앙선침범,건조,맑음,단일로 - 기타,자전거,남,75세,기타불명,자전거,남,44세,경상
2022082000100487,2022년 8월 20일 18시,토요일,대구광역시 북구 동천동,경상사고,0,0,1,0,차대차 - 측면충돌,안전운전불이행,건조,맑음,단일로 - 지하차도(도로)내,이륜,남,32세,상해없음,승용,여,53세,경상
2022082000100543,2022년 8월 20일 20시,토요일,대구광역시 수성구 만촌동,경상사고,0,0,1,0,차대사람 - 횡단중,안전운전불이행,건조,맑음,교차로 - 교차로안,승용,여,71세,상해없음,보행자,남,64세,경상
2022082000100544,2022년 8월 20일 20시,토요일,대구광역시 달서구 상인동,경상사고,0,0,1,0,차대차 - 추돌,안전운전불이행,건조,맑음,기타 - 기타,승용,여,51세,상해없음,이륜,남,42세,경상
2022082000100545,2022년 8월 20일 20시,토요일,대구광역시 달성군 다사읍,경상사고,0,0,2,0,차대차 - 기타,안전운전불이행,건조,맑음,교차로 - 교차로안,승용,남,74세,상해없음,승용,여,36세,경상
2022082000100546,2022년 8월 20일 20시,토요일,대구광역시 서구 내당동,중상사고,0,1,0,0,차대차 - 기타,안전운전불이행,건조,맑음,단일로 - 기타,이륜,남,21세,상해없음,이륜,남,34세,중상
2022082000100633,2022년 8월 20일 23시,토요일,대구광역시 달성군 화원읍,경상사고,0,0,1,0,차대차 - 추돌,안전운전불이행,젖음/습기,비,교차로 - 교차로안,승용,남,59세,상해없음,승용,여,61세,경상
2022082100100026,2022년 8월 21일 01시,일요일,대구광역시 북구 침산동,경상사고,0,0,2,0,차대차 - 측면충돌,신호위반,건조,맑음,교차로 - 교차로안,승용,여,63세,상해없음,승용,남,37세,경상
2022082100100035,2022년 8월 21일 02시,일요일,대구광역시 서구 평리동,경상사고,0,0,1,0,차대차 - 추돌,안전운전불이행,건조,맑음,단일로 - 기타,승용,남,67세,상해없음,이륜,남,35세,경상
2022082100100062,2022년 8월 21일 06시,일요일,대구광역시 달성군 논공읍,경상사고,0,0,1,0,차대차 - 기타,안전운전불이행,건조,맑음,교차로 - 교차로안,자전거,남,59세,경상,화물,남,80세,상해없음
2022082100100073,2022년 8월 21일 08시,일요일,대구광역시 동구 검사동,중상사고,0,2,0,0,차대차 - 측면충돌,기타,건조,맑음,교차로 - 교차로안,승용,여,74세,중상,이륜,남,46세,중상
2022082100100074,2022년 8월 21일 08시,일요일,대구광역시 달서구 월성동,경상사고,0,0,1,0,차대차 - 측면충돌,신호위반,건조,맑음,교차로 - 교차로횡단보도내,승용,남,46세,상해없음,자전거,여,64세,경상
2022082100100075,2022년 8월 21일 08시,일요일,대구광역시 북구 태전동,경상사고,0,0,1,0,차대차 - 측면충돌,신호위반,건조,맑음,교차로 - 교차로횡단보도내,승용,남,59세,상해없음,자전거,남,68세,경상
2022082100100110,2022년 8월 21일 10시,일요일,대구광역시 북구 산격동,경상사고,0,0,2,0,차대차 - 측면충돌,신호위반,건조,맑음,교차로 - 교차로안,승용,남,57세,상해없음,승용,남,29세,경상
2022082100100162,2022년 8월 21일 12시,일요일,대구광역시 동구 신천동,경상사고,0,0,1,0,차량단독 - 도로외이탈 - 기타,기타,건조,맑음,단일로 - 지하차도(도로)내,승용,남,48세,상해없음,,,,
2022082100100163,2022년 8월 21일 12시,일요일,대구광역시 달서구 진천동,경상사고,0,0,1,0,차대차 - 기타,안전운전불이행,건조,맑음,기타 - 기타,승용,여,53세,상해없음,이륜,남,55세,경상
2022082100100201,2022년 8월 21일 13시,일요일,대구광역시 동구 지묘동,경상사고,0,0,3,0,차대차 - 측면충돌,안전거리미확보,건조,맑음,교차로 - 교차로안,승용,남,74세,상해없음,승용,여,44세,경상
2022082100100202,2022년 8월 21일 13시,일요일,대구광역시 수성구 신매동,중상사고,0,1,0,0,차대사람 - 길가장자리구역통행중,안전운전불이행,건조,맑음,단일로 - 기타,승용,남,43세,상해없음,보행자,여,79세,중상
2022082100100227,2022년 8월 21일 14시,일요일,대구광역시 수성구 시지동,경상사고,0,0,4,0,차대차 - 측면충돌,안전운전불이행,건조,맑음,단일로 - 기타,승용,남,57세,경상,승용,남,65세,경상
2022082100100228,2022년 8월 21일 14시,일요일,대구광역시 수성구 매호동,경상사고,0,0,2,0,차대차 - 측면충돌,안전운전불이행,건조,맑음,단일로 - 기타,승용,남,49세,경상,승용,남,35세,경상
2022082100100229,2022년 8월 21일 14시,일요일,대구광역시 북구 노원동3가,경상사고,0,0,2,0,차대차 - 기타,안전거리미확보,건조,맑음,단일로 - 기타,승용,남,67세,상해없음,승용,여,55세,경상
2022082100100285,2022년 8월 21일 16시,일요일,대구광역시 동구 신기동,경상사고,0,0,1,0,차대차 - 측면충돌,안전운전불이행,젖음/습기,맑음,교차로 - 교차로횡단보도내,승용,남,36세,상해없음,자전거,남,57세,경상
2022082100100286,2022년 8월 21일 16시,일요일,대구광역시 북구 침산동,경상사고,0,0,2,0,차대차 - 측면충돌,교차로운행방법위반,건조,맑음,기타 - 기타,승용,남,81세,상해없음,승용,여,41세,경상
2022082100100314,2022년 8월 21일 17시,일요일,대구광역시 달서구 진천동,경상사고,0,0,1,0,차대차 - 측면충돌,안전운전불이행,건조,맑음,단일로 - 기타,승용,남,30세,상해없음,이륜,남,23세,상해없음
2022082100100315,2022년 8월 21일 17시,일요일,대구광역시 달서구 진천동,경상사고,0,0,1,0,차대차 - 기타,안전운전불이행,건조,맑음,단일로 - 기타,승용,여,38세,상해없음,자전거,남,12세,경상
2022082100100316,2022년 8월 21일 17시,일요일,대구광역시 북구 복현동,경상사고,0,0,4,0,차대차 - 기타,안전운전불이행,건조,맑음,단일로 - 기타,승용,여,54세,상해없음,승용,남,46세,경상
2022082100100339,2022년 8월 21일 18시,일요일,대구광역시 달서구 월성동,경상사고,0,0,1,0,차대차 - 기타,신호위반,건조,맑음,교차로 - 교차로안,승용,남,21세,상해없음,이륜,남,21세,경상
2022082100100340,2022년 8월 21일 18시,일요일,대구광역시 달서구 신당동,경상사고,0,0,1,0,차대사람 - 기타,안전운전불이행,건조,맑음,기타 - 기타,승용,남,64세,상해없음,보행자,남,54세,경상
2022082100100362,2022년 8월 21일 19시,일요일,대구광역시 남구 대명동,경상사고,0,0,1,0,차대차 - 기타,신호위반,건조,맑음,교차로 - 교차로안,이륜,남,67세,상해없음,승용,남,28세,경상
2022082100100363,2022년 8월 21일 19시,일요일,대구광역시 수성구 범어동,부상신고사고,0,0,0,1,차대사람 - 기타,안전운전불이행,건조,맑음,단일로 - 기타,승용,여,63세,기타불명,보행자,남,37세,부상신고
2022082100100364,2022년 8월 21일 19시,일요일,대구광역시 북구 침산동,경상사고,0,0,4,0,차대차 - 기타,신호위반,건조,맑음,교차로 - 교차로안,승용,남,73세,상해없음,승용,남,48세,경상
2022082100100388,2022년 8월 21일 20시,일요일,대구광역시 동구 신암동,경상사고,0,0,2,0,차대차 - 측면충돌,신호위반,건조,맑음,교차로 - 교차로안,승용,남,74세,상해없음,승용,남,53세,경상
2022082100100412,2022년 8월 21일 21시,일요일,대구광역시 동구 효목동,중상사고,0,1,0,0,차대사람 - 기타,안전운전불이행,건조,맑음,교차로 - 교차로안,승용,남,37세,상해없음,보행자,여,78세,중상
2022082100100431,2022년 8월 21일 22시,일요일,대구광역시 남구 대명동,중상사고,0,1,0,0,차대사람 - 차도통행중,안전운전불이행,건조,맑음,교차로 - 교차로안,이륜,남,23세,상해없음,보행자,여,26세,중상
2022082100100443,2022년 8월 21일 23시,일요일,대구광역시 북구 고성동3가,경상사고,0,0,2,0,차대차 - 측면충돌,신호위반,건조,맑음,교차로 - 교차로안,이륜,남,47세,상해없음,승용,남,46세,경상