사고번호,사고일시,요일,시군구,사고내용,사망자수,중상자수,경상자수,부상신고자수,사고유형,법규위반,노면상태,기상상태,도로형태,가해운전자 차종,가해운전자 성별,가해운전자 연령,가해운전자 상해정도,피해운전자 차종,피해운전자 성별,피해운전자 연령,피해운전자 상해정도
2022083000100463,2022년 8월 30일 18시,화요일,대구광역시 북구 산격동,중상사고,0,1,0,0,차대차 - 기타,안전거리미확보,젖음/습기,비,단일로 - 기타,승용,남,27세,상해없음,이륜,남,28세,중상
2022083000100464,2022년 8월 30일 18시,화요일,대구광역시 서구 평리동,경상사고,0,0,1,0,차대차 - 측면충돌,안전운전불이행,건조,맑음,교차로 - 교차로안,승용,남,62세,상해없음,승합,남,50세,경상
2022083000100495,2022년 8월 30일 19시,화요일,대구광역시 동구 효목동,부상신고사고,0,0,0,1,차대차 - 추돌,안전운전불이행,젖음/습기,흐림,단일로 - 기타,이륜,남,49세,부상신고,승용,여,37세,상해없음
2022083000100496,2022년 8월 30일 19시,화요일,대구광역시 달서구 진천동,경상사고,0,0,1,0,차대사람 - 길가장자리구역통행중,안전운전불이행,젖음/습기,비,단일로 - 기타,승용,남,61세,상해없음,보행자,남,41세,경상
2022083000100497,2022년 8월 30일 19시,화요일,대구광역시 달서구 상인동,경상사고,0,0,1,0,차량단독 - 기타,기타,젖음/습기,비,단일로 - 기타,승합,남,42세,상해없음,,,,
2022083000100498,2022년 8월 30일 19시,화요일,대구광역시 달성군 다사읍,경상사고,0,0,2,0,차대차 - 기타,안전운전불이행,건조,맑음,단일로 - 기타,승용,여,34세,경상,승용,남,42세,경상
2022083000100499,2022년 8월 30일 19시,화요일,대구광역시 달서구 파호동,경상사고,0,0,1,0,차대차 - 추돌,안전운전불이행,건조,맑음,단일로 - 기타,승용,남,28세,상해없음,승용,여,54세,경상
2022083000100585,2022년 8월 30일 22시,화요일,대구광역시 북구 침산동,경상사고,0,0,3,0,차대차 - 측면충돌,교차로운행방법위반,건조,맑음,교차로 - 교차로부근,승용,여,25세,기타불명,승용,여,41세,경상
2022083000100604,2022년 8월 30일 23시,화요일,대구광역시 남구 이천동,경상사고,0,0,1,0,차대차 - 추돌,안전운전불이행,건조,맑음,교차로 - 교차로부근,이륜,남,25세,상해없음,승용,남,66세,경상
2022083000100605,2022년 8월 30일 23시,화요일,대구광역시 동구 신서동,경상사고,0,0,1,0,차대차 - 기타,기타,건조,맑음,단일로 - 기타,화물,남,43세,상해없음,승용,남,30세,경상
2022083000100606,2022년 8월 30일 23시,화요일,대구광역시 북구 침산동,중상사고,0,1,0,0,차대차 - 추돌,안전운전불이행,젖음/습기,비,교차로 - 교차로부근,승용,남,46세,상해없음,이륜,남,30세,중상
2022083100100017,2022년 8월 31일 00시,수요일,대구광역시 달서구 이곡동,경상사고,0,0,1,0,차대차 - 추돌,안전운전불이행,건조,맑음,단일로 - 기타,승용,남,46세,상해없음,승용,남,35세,경상
2022083100100028,2022년 8월 31일 01시,수요일,대구광역시 달서구 월암동,경상사고,0,0,1,0,차대차 - 추돌,안전운전불이행,건조,맑음,교차로 - 교차로부근,승용,남,43세,상해없음,화물,남,48세,경상
2022083100100035,2022년 8월 31일 02시,수요일,대구광역시 중구 삼덕동1가,중상사고,0,1,0,0,차대사람 - 차도통행중,안전운전불이행,건조,맑음,단일로 - 기타,승용,남,67세,상해없음,보행자,남,26세,중상
2022083100100036,2022년 8월 31일 02시,수요일,대구광역시 중구 삼덕동1가,중상사고,0,1,1,0,차량단독 - 기타,안전운전불이행,젖음/습기,맑음,단일로 - 기타,승용,남,56세,상해없음,,,,
2022083100100115,2022년 8월 31일 08시,수요일,대구광역시 달성군 다사읍,경상사고,0,0,1,0,차대사람 - 기타,안전운전불이행,젖음/습기,비,기타 - 기타,화물,남,42세,상해없음,보행자,남,36세,경상
2022083100100116,2022년 8월 31일 08시,수요일,대구광역시 달서구 파호동,경상사고,0,0,1,0,차대차 - 후진중충돌,안전운전불이행,젖음/습기,비,교차로 - 교차로부근,승용,남,34세,상해없음,승용,여,47세,경상
2022083100100140,2022년 8월 31일 09시,수요일,대구광역시 동구 송정동,부상신고사고,0,0,0,2,차량단독 - 공작물충돌,안전운전불이행,젖음/습기,비,단일로 - 기타,승용,여,63세,부상신고,,,,
2022083100100141,2022년 8월 31일 09시,수요일,대구광역시 달성군 다사읍,경상사고,0,0,1,0,차대차 - 기타,직진우회전진행방해,기타,맑음,교차로 - 교차로부근,이륜,남,29세,상해없음,승용,여,38세,경상
2022083100100142,2022년 8월 31일 09시,수요일,대구광역시 달서구 용산동,경상사고,0,0,1,0,차대차 - 기타,안전운전불이행,젖음/습기,비,단일로 - 기타,승용,남,69세,상해없음,승합,남,59세,경상
2022083100100168,2022년 8월 31일 10시,수요일,대구광역시 서구 내당동,경상사고,0,0,1,0,차대차 - 추돌,안전운전불이행,젖음/습기,비,교차로 - 교차로부근,승용,남,68세,상해없음,승용,여,51세,경상
2022083100100169,2022년 8월 31일 10시,수요일,대구광역시 달서구 본리동,경상사고,0,0,1,0,차대차 - 측면충돌,안전운전불이행,건조,맑음,단일로 - 기타,승용,남,61세,상해없음,승용,여,55세,경상
2022083100100191,2022년 8월 31일 11시,수요일,대구광역시 동구 부동,경상사고,0,0,2,0,차대차 - 측면충돌,안전운전불이행,젖음/습기,비,단일로 - 기타,승용,남,63세,상해없음,승용,여,33세,경상
2022083100100196,2022년 8월 31일 11시,수요일,대구광역시 동구 신서동,경상사고,0,0,1,0,차대차 - 측면충돌,신호위반,젖음/습기,비,교차로 - 교차로안,승용,남,56세,상해없음,승용,남,69세,경상
2022083100100197,2022년 8월 31일 11시,수요일,대구광역시 달성군 구지면,경상사고,0,0,1,0,차대차 - 기타,안전운전불이행,건조,맑음,교차로 - 교차로안,승용,남,69세,상해없음,승용,여,44세,경상
2022083100100198,2022년 8월 31일 11시,수요일,대구광역시 동구 신암동,경상사고,0,0,2,0,차대차 - 측면충돌,안전거리미확보,젖음/습기,맑음,단일로 - 기타,건설기계,남,59세,상해없음,승용,남,52세,경상
2022083100100225,2022년 8월 31일 12시,수요일,대구광역시 수성구 범물동,중상사고,0,1,0,0,차대사람 - 보도통행중,안전운전불이행,젖음/습기,비,주차장 - 주차장,승용,남,59세,상해없음,보행자,여,76세,중상
2022083100100226,2022년 8월 31일 12시,수요일,대구광역시 중구 남산동,경상사고,0,0,1,0,차대차 - 후진중충돌,안전운전불이행,건조,맑음,단일로 - 기타,승용,남,74세,상해없음,승용,여,38세,경상
2022083100100227,2022년 8월 31일 12시,수요일,대구광역시 중구 삼덕동3가,중상사고,0,1,1,0,차대차 - 기타,안전거리미확보,젖음/습기,기타,기타 - 기타,승용,여,36세,기타불명,이륜,남,61세,중상
2022083100100228,2022년 8월 31일 12시,수요일,대구광역시 북구 읍내동,부상신고사고,0,0,0,1,차대사람 - 보도통행중,기타,젖음/습기,비,단일로 - 기타,화물,남,68세,상해없음,보행자,남,55세,부상신고
2022083100100254,2022년 8월 31일 13시,수요일,대구광역시 남구 대명동,경상사고,0,0,1,0,차대차 - 측면충돌,중앙선침범,젖음/습기,비,단일로 - 기타,화물,여,65세,기타불명,승용,여,26세,경상
2022083100100288,2022년 8월 31일 14시,수요일,대구광역시 동구 괴전동,중상사고,0,1,0,0,차대차 - 측면충돌,신호위반,건조,맑음,교차로 - 교차로횡단보도내,승용,남,76세,상해없음,자전거,남,75세,중상
2022083100100289,2022년 8월 31일 14시,수요일,대구광역시 달서구 송현동,경상사고,0,0,1,0,차대차 - 후진중충돌,안전운전불이행,건조,맑음,기타 - 기타,화물,남,34세,상해없음,승용,남,34세,기타불명
2022083100100290,2022년 8월 31일 14시,수요일,대구광역시 달서구 두류동,중상사고,0,1,0,0,차대사람 - 보도통행중,기타,건조,맑음,기타 - 기타,승용,남,39세,상해없음,보행자,남,75세,중상
2022083100100393,2022년 8월 31일 17시,수요일,대구광역시 동구 방촌동,경상사고,0,0,1,0,차대차 - 측면충돌,직진우회전진행방해,건조,맑음,교차로 - 교차로안,화물,여,77세,상해없음,승합,남,53세,경상
2022083100100394,2022년 8월 31일 17시,수요일,대구광역시 달서구 성당동,경상사고,0,0,3,0,차대차 - 측면충돌,안전거리미확보,건조,맑음,단일로 - 기타,승용,남,71세,경상,승용,남,61세,경상
2022083100100469,2022년 8월 31일 19시,수요일,대구광역시 동구 동호동,경상사고,0,0,1,0,차대차 - 측면충돌,안전운전불이행,건조,맑음,교차로 - 교차로부근,승용,남,42세,상해없음,승용,여,27세,경상
2022083100100470,2022년 8월 31일 19시,수요일,대구광역시 달서구 월성동,중상사고,0,1,0,0,차대사람 - 횡단중,보행자보호의무위반,건조,맑음,교차로 - 교차로횡단보도내,승용,남,21세,상해없음,보행자,여,34세,중상
2022083100100471,2022년 8월 31일 19시,수요일,대구광역시 서구 평리동,경상사고,0,0,1,0,차대차 - 측면충돌,직진우회전진행방해,건조,흐림,교차로 - 교차로안,승용,남,44세,상해없음,승합,남,64세,경상
2022083100100473,2022년 8월 31일 19시,수요일,대구광역시 북구 태전동,경상사고,0,0,1,0,차대차 - 측면충돌,안전운전불이행,건조,맑음,교차로 - 교차로부근,기타불명,기타불명,미분류,기타불명,자전거,남,60세,경상
2022083100100496,2022년 8월 31일 20시,수요일,대구광역시 달서구 송현동,경상사고,0,0,2,0,차대차 - 측면충돌,교차로운행방법위반,건조,맑음,교차로 - 교차로안,승용,여,46세,상해없음,승용,남,44세,경상
2022083100100519,2022년 8월 31일 21시,수요일,대구광역시 서구 비산동,경상사고,0,0,1,0,차대차 - 측면충돌,신호위반,건조,맑음,교차로 - 교차로안,이륜,남,26세,상해없음,이륜,남,23세,경상
2022083100100553,2022년 8월 31일 23시,수요일,대구광역시 수성구 노변동,경상사고,0,0,1,0,차대차 - 기타,신호위반,건조,맑음,교차로 - 교차로안,승합,남,52세,상해없음,승용,남,39세,경상
2022083100100554,2022년 8월 31일 23시,수요일,대구광역시 북구 대현동,경상사고,0,0,2,0,차대차 - 추돌,안전거리미확보,건조,맑음,단일로 - 기타,이륜,남,21세,상해없음,승용,남,23세,경상
2022090100100012,2022년 9월 1일 01시,목요일,대구광역시 중구 삼덕동2가,경상사고,0,0,1,0,차대사람 - 차도통행중,안전운전불이행,건조,맑음,단일로 - 기타,승용,여,42세,상해없음,보행자,여,22세,경상
2022090100100024,2022년 9월 1일 03시,목요일,대구광역시 남구 대명동,중상사고,0,1,0,0,차량단독 - 기타,기타,건조,맑음,단일로 - 기타,이륜,남,18세,상해없음,,,,
2022090100100075,2022년 9월 1일 07시,목요일,대구광역시 달서구 월성동,경상사고,0,0,1,0,차대차 - 측면충돌,안전운전불이행,건조,맑음,단일로 - 기타,승용,남,55세,상해없음,승용,남,68세,경상
2022090100100076,2022년 9월 1일 07시,목요일,대구광역시 북구 노원동3가,부상신고사고,0,0,0,1,차대사람 - 횡단중,보행자보호의무위반,건조,맑음,교차로 - 교차로횡단보도내,승용,여,50세,상해없음,보행자,남,37세,부상신고
2022090100100115,2022년 9월 1일 08시,목요일,대구광역시 수성구 두산동,경상사고,0,0,2,0,차대차 - 추돌,안전운전불이행,건조,맑음,단일로 - 기타,승용,여,62세,상해없음,승용,남,34세,경상
2022090100100178,2022년 9월 1일 10시,목요일,대구광역시 달서구 호산동,경상사고,0,0,1,0,차대차 - 기타,직진우회전진행방해,건조,맑음,교차로 - 교차로안,화물,남,43세,상해없음,화물,남,68세,경상
2022090100100214,2022년 9월 1일 11시,목요일,대구광역시 수성구 지산동,중상사고,0,1,0,0,차대사람 - 기타,안전운전불이행,건조,맑음,단일로 - 기타,승용,남,24세,상해없음,보행자,남,55세,중상
2022090100100215,2022년 9월 1일 11시,목요일,대구광역시 달서구 죽전동,경상사고,0,0,1,0,차대차 - 기타,안전거리미확보,건조,맑음,단일로 - 기타,건설기계,남,62세,상해없음,승용,여,54세,경상
2022090100100216,2022년 9월 1일 11시,목요일,대구광역시 북구 학정동,경상사고,0,0,2,0,차대사람 - 횡단중,보행자보호의무위반,건조,맑음,교차로 - 교차로횡단보도내,승용,여,62세,상해없음,보행자,여,57세,경상
2022090100100243,2022년 9월 1일 12시,목요일,대구광역시 동구 신암동,경상사고,0,0,1,0,차대차 - 기타,안전운전불이행,건조,맑음,단일로 - 기타,승용,남,37세,상해없음,이륜,남,48세,경상
2022090100100294,2022년 9월 1일 13시,목요일,대구광역시 수성구 만촌동,부상신고사고,0,0,0,1,차대차 - 기타,안전운전불이행,건조,맑음,단일로 - 기타,개인형이동수단(PM),여,26세,부상신고,승용,여,52세,상해없음
2022090100100295,2022년 9월 1일 13시,목요일,대구광역시 달서구 호산동,경상사고,0,0,2,0,차대차 - 정면충돌,직진우회전진행방해,건조,맑음,교차로 - 교차로안,승합,남,69세,경상,승합,남,58세,경상
2022090100100363,2022년 9월 1일 15시,목요일,대구광역시 동구 방촌동,중상사고,0,1,0,0,차대사람 - 기타,안전운전불이행,건조,맑음,기타 - 기타,승용,남,54세,상해없음,보행자,여,86세,중상
2022090100100364,2022년 9월 1일 15시,목요일,대구광역시 수성구 만촌동,경상사고,0,0,1,0,차대차 - 측면충돌,신호위반,건조,맑음,교차로 - 교차로횡단보도내,승용,남,43세,상해없음,자전거,여,52세,경상
2022090100100365,2022년 9월 1일 15시,목요일,대구광역시 북구 복현동,경상사고,0,0,1,0,차대차 - 추돌,안전거리미확보,건조,맑음,단일로 - 기타,승용,남,69세,상해없음,승용,남,58세,경상
2022090100100415,2022년 9월 1일 16시,목요일,대구광역시 달성군 유가읍,경상사고,0,0,1,0,차대차 - 측면충돌,안전운전불이행,건조,맑음,교차로 - 교차로안,승용,여,36세,상해없음,이륜,남,22세,경상
2022090100100416,2022년 9월 1일 16시,목요일,대구광역시 중구 포정동,경상사고,0,0,1,0,차대사람 - 길가장자리구역통행중,안전운전불이행,건조,맑음,단일로 - 기타,승용,여,39세,상해없음,보행자,여,66세,경상
2022090100100474,2022년 9월 1일 17시,목요일,대구광역시 달성군 화원읍,경상사고,0,0,1,0,차대사람 - 기타,기타,건조,맑음,기타 - 기타,승용,여,55세,상해없음,보행자,남,44세,경상
2022090100100475,2022년 9월 1일 17시,목요일,대구광역시 서구 비산동,경상사고,0,0,1,0,차대차 - 측면충돌,안전운전불이행,건조,맑음,단일로 - 기타,승용,남,39세,상해없음,개인형이동수단(PM),남,16세,경상
2022090100100509,2022년 9월 1일 18시,목요일,대구광역시 동구 신천동,경상사고,0,0,1,0,차대차 - 측면충돌,안전거리미확보,건조,맑음,단일로 - 기타,화물,남,60세,상해없음,승용,여,31세,경상
2022090100100510,2022년 9월 1일 18시,목요일,대구광역시 달서구 본동,경상사고,0,0,2,0,차대차 - 기타,차로위반,건조,맑음,교차로 - 교차로부근,화물,남,53세,상해없음,승용,남,37세,경상
2022090100100550,2022년 9월 1일 19시,목요일,대구광역시 북구 복현동,경상사고,0,0,1,0,차대차 - 기타,안전운전불이행,건조,맑음,기타 - 기타,개인형이동수단(PM),남,25세,상해없음,이륜,남,39세,경상
2022090100100551,2022년 9월 1일 19시,목요일,대구광역시 중구 공평동,경상사고,0,0,2,0,차대차 - 추돌,안전운전불이행,건조,맑음,단일로 - 기타,승용,남,62세,상해없음,승용,남,29세,경상
2022090100100585,2022년 9월 1일 20시,목요일,대구광역시 수성구 만촌동,중상사고,0,1,0,0,차대사람 - 횡단중,안전운전불이행,건조,맑음,교차로 - 교차로부근,승용,남,73세,상해없음,보행자,여,53세,중상
2022090100100586,2022년 9월 1일 20시,목요일,대구광역시 달서구 송현동,중상사고,0,1,1,0,차대차 - 측면충돌,교차로운행방법위반,건조,흐림,교차로 - 교차로안,승용,남,57세,중상,승용,여,68세,경상
2022090100100587,2022년 9월 1일 20시,목요일,대구광역시 달서구 월성동,중상사고,0,1,0,0,차대차 - 측면충돌,교차로운행방법위반,건조,맑음,교차로 - 교차로부근,승합,남,67세,상해없음,승용,남,31세,중상
2022090100100608,2022년 9월 1일 21시,목요일,대구광역시 서구 비산동,경상사고,0,0,1,0,차대차 - 추돌,안전운전불이행,건조,맑음,단일로 - 기타,화물,남,60세,상해없음,이륜,남,36세,경상
2022090100100609,2022년 9월 1일 21시,목요일,대구광역시 북구 태전동,경상사고,0,0,1,0,차대차 - 추돌,안전운전불이행,건조,맑음,단일로 - 기타,승용,남,43세,경상,화물,남,39세,기타불명
2022090100100623,2022년 9월 1일 22시,목요일,대구광역시 중구 동인동2가,경상사고,0,0,1,0,차대차 - 기타,안전운전불이행,건조,맑음,교차로 - 교차로안,자전거,남,16세,경상,승용,남,26세,상해없음
2022090200100012,2022년 9월 2일 00시,금요일,대구광역시 달서구 대천동,경상사고,0,0,3,0,차대차 - 추돌,안전운전불이행,건조,맑음,교차로 - 교차로부근,승용,여,44세,상해없음,승용,여,56세,경상
2022090200100135,2022년 9월 2일 08시,금요일,대구광역시 서구 내당동,경상사고,0,0,1,0,차대사람 - 차도통행중,안전운전불이행,건조,맑음,단일로 - 기타,승용,남,59세,상해없음,보행자,여,71세,경상
2022090200100136,2022년 9월 2일 08시,금요일,대구광역시 서구 평리동,경상사고,0,0,1,0,차대차 - 측면충돌,직진우회전진행방해,건조,맑음,단일로 - 기타,승용,여,43세,상해없음,이륜,남,64세,경상
2022090200100137,2022년 9월 2일 08시,금요일,대구광역시 북구 서변동,경상사고,0,0,1,0,차대차 - 측면충돌,안전운전불이행,건조,맑음,단일로 - 기타,승용,남,49세,기타불명,자전거,남,13세,경상
2022090200100178,2022년 9월 2일 09시,금요일,대구광역시 남구 대명동,경상사고,0,0,1,0,차대차 - 기타,안전운전불이행,건조,맑음,교차로 - 교차로안,승용,남,74세,기타불명,승용,여,56세,경상
2022090200100179,2022년 9월 2일 09시,금요일,대구광역시 동구 율하동,경상사고,0,0,1,0,차대차 - 측면충돌,안전운전불이행,건조,맑음,교차로 - 교차로안,승용,남,72세,상해없음,승용,남,21세,경상
2022090200100180,2022년 9월 2일 09시,금요일,대구광역시 수성구 신매동,중상사고,0,1,1,0,차대사람 - 보도통행중,기타,건조,맑음,단일로 - 기타,개인형이동수단(PM),여,25세,경상,보행자,남,59세,중상
2022090200100182,2022년 9월 2일 09시,금요일,대구광역시 북구 동천동,중상사고,0,1,0,0,차대차 - 추돌,안전운전불이행,건조,맑음,단일로 - 기타,승용,여,46세,상해없음,승용,여,77세,중상
2022090200100251,2022년 9월 2일 11시,금요일,대구광역시 수성구 황금동,중상사고,0,1,0,0,차대차 - 측면충돌,안전운전불이행,건조,맑음,단일로 - 기타,승용,남,56세,상해없음,이륜,남,46세,중상
2022090200100252,2022년 9월 2일 11시,금요일,대구광역시 서구 비산동,중상사고,0,1,0,0,차대차 - 측면충돌,안전운전불이행,건조,맑음,교차로 - 교차로부근,승용,여,60세,상해없음,자전거,남,64세,중상
2022090200100282,2022년 9월 2일 12시,금요일,대구광역시 수성구 만촌동,경상사고,0,0,1,0,차대차 - 측면충돌,안전운전불이행,건조,맑음,교차로 - 교차로안,승용,남,67세,상해없음,승용,여,65세,경상
2022090200100323,2022년 9월 2일 13시,금요일,대구광역시 북구 서변동,중상사고,0,1,0,0,차대차 - 측면충돌,안전운전불이행,건조,맑음,교차로 - 교차로안,이륜,남,39세,중상,승용,남,63세,상해없음
2022090200100360,2022년 9월 2일 14시,금요일,대구광역시 동구 방촌동,경상사고,0,0,2,0,차량단독 - 기타,안전운전불이행,건조,맑음,단일로 - 기타,승용,남,62세,상해없음,,,,
2022090200100361,2022년 9월 2일 14시,금요일,대구광역시 달서구 유천동,경상사고,0,0,1,0,차대차 - 기타,안전운전불이행,건조,맑음,단일로 - 기타,승용,여,31세,상해없음,자전거,여,61세,경상
2022090200100404,2022년 9월 2일 15시,금요일,대구광역시 수성구 신매동,경상사고,0,0,1,0,차대사람 - 횡단중,안전운전불이행,건조,맑음,단일로 - 기타,승용,여,51세,기타불명,보행자,여,14세,경상
2022090200100405,2022년 9월 2일 15시,금요일,대구광역시 수성구 지산동,중상사고,0,1,1,0,차대차 - 추돌,안전운전불이행,건조,맑음,교차로 - 교차로안,승용,여,58세,경상,이륜,남,40세,중상
2022090200100406,2022년 9월 2일 15시,금요일,대구광역시 달서구 신당동,경상사고,0,0,1,0,차대차 - 기타,안전운전불이행,건조,맑음,교차로 - 교차로부근,기타불명,기타불명,미분류,기타불명,이륜,남,67세,경상
2022090200100455,2022년 9월 2일 16시,금요일,대구광역시 수성구 황금동,경상사고,0,0,1,0,차대사람 - 길가장자리구역통행중,안전운전불이행,건조,맑음,단일로 - 기타,승용,여,56세,상해없음,보행자,여,16세,경상
2022090200100456,2022년 9월 2일 16시,금요일,대구광역시 달성군 현풍읍,경상사고,0,0,1,0,차대차 - 기타,안전운전불이행,건조,맑음,단일로 - 기타,승용,남,62세,상해없음,자전거,남,13세,경상
2022090200100566,2022년 9월 2일 18시,금요일,대구광역시 북구 구암동,경상사고,0,0,2,0,차대차 - 측면충돌,안전운전불이행,건조,맑음,교차로 - 교차로부근,승용,남,58세,경상,이륜,남,31세,경상
2022090200100567,2022년 9월 2일 18시,금요일,대구광역시 북구 팔달동,중상사고,0,1,0,0,차대차 - 측면충돌,불법유턴,건조,맑음,단일로 - 지하차도(도로)내,승용,남,57세,상해없음,특수,남,29세,중상
2022090200100613,2022년 9월 2일 19시,금요일,대구광역시 달성군 다사읍,경상사고,0,0,1,0,차량단독 - 공작물충돌,안전운전불이행,건조,맑음,기타 - 기타,이륜,남,63세,경상,,,,
2022090200100614,2022년 9월 2일 19시,금요일,대구광역시 달서구 장기동,중상사고,0,1,0,0,차대차 - 정면충돌,직진우회전진행방해,건조,맑음,교차로 - 교차로안,승용,여,56세,상해없음,이륜,남,28세,중상
2022090200100615,2022년 9월 2일 19시,금요일,대구광역시 달서구 용산동,경상사고,0,0,1,0,차대차 - 측면충돌,안전거리미확보,건조,맑음,단일로 - 기타,승용,남,56세,상해없음,승용,남,31세,경상
2022090200100650,2022년 9월 2일 20시,금요일,대구광역시 남구 대명동,경상사고,0,0,4,0,차대차 - 기타,안전운전불이행,건조,맑음,단일로 - 기타,승용,남,67세,상해없음,승용,남,64세,경상
2022090200100651,2022년 9월 2일 20시,금요일,대구광역시 수성구 지산동,경상사고,0,0,1,0,차대사람 - 기타,안전운전불이행,건조,맑음,단일로 - 기타,승용,여,20세,상해없음,보행자,남,13세,경상
2022090200100652,2022년 9월 2일 20시,금요일,대구광역시 달서구 죽전동,경상사고,0,0,2,0,차대차 - 측면충돌,안전운전불이행,건조,맑음,단일로 - 기타,승용,남,29세,상해없음,승용,남,34세,경상
2022090200100705,2022년 9월 2일 22시,금요일,대구광역시 동구 신암동,경상사고,0,0,1,0,차대차 - 측면충돌,기타,건조,맑음,교차로 - 교차로안,승용,남,51세,상해없음,승용,여,51세,경상
2022090200100706,2022년 9월 2일 22시,금요일,대구광역시 수성구 범어동,경상사고,0,0,1,0,차대차 - 기타,안전운전불이행,건조,맑음,교차로 - 교차로횡단보도내,자전거,남,17세,기타불명,이륜,남,22세,경상
2022090200100727,2022년 9월 2일 23시,금요일,대구광역시 북구 복현동,경상사고,0,0,1,0,차대사람 - 보도통행중,기타,건조,맑음,기타 - 기타,승용,남,55세,상해없음,보행자,여,37세,경상
2022090200100728,2022년 9월 2일 23시,금요일,대구광역시 달서구 이곡동,중상사고,0,1,0,0,차대사람 - 보도통행중,기타,건조,맑음,단일로 - 기타,개인형이동수단(PM),여,15세,상해없음,보행자,남,26세,중상
2022090300100012,2022년 9월 3일 00시,토요일,대구광역시 북구 구암동,부상신고사고,0,0,0,1,차대차 - 측면충돌,신호위반,건조,맑음,교차로 - 교차로안,원동기,남,41세,부상신고,승용,남,22세,상해없음
2022090300100043,2022년 9월 3일 02시,토요일,대구광역시 수성구 두산동,경상사고,0,0,1,0,차대사람 - 기타,기타,건조,맑음,주차장 - 주차장,승용,여,25세,상해없음,보행자,남,58세,경상
2022090300100060,2022년 9월 3일 04시,토요일,대구광역시 달서구 감삼동,중상사고,0,1,1,0,차대차 - 측면충돌,신호위반,건조,맑음,교차로 - 교차로안,화물,남,31세,경상,이륜,남,29세,중상
2022090300100092,2022년 9월 3일 06시,토요일,대구광역시 달서구 상인동,경상사고,0,0,1,0,차대차 - 추돌,안전운전불이행,건조,맑음,단일로 - 기타,승용,남,25세,기타불명,승용,남,38세,경상
2022090300100151,2022년 9월 3일 09시,토요일,대구광역시 동구 봉무동,경상사고,0,0,1,0,차대사람 - 횡단중,안전운전불이행,건조,맑음,단일로 - 기타,승용,남,61세,상해없음,보행자,여,44세,경상
2022090300100183,2022년 9월 3일 10시,토요일,대구광역시 달서구 상인동,경상사고,0,0,1,0,차대차 - 기타,신호위반,건조,맑음,교차로 - 교차로안,승용,여,68세,상해없음,승용,남,70세,경상
2022090300100184,2022년 9월 3일 10시,토요일,대구광역시 서구 내당동,경상사고,0,0,1,0,차대사람 - 기타,보행자보호의무위반,건조,맑음,교차로 - 교차로횡단보도내,승용,남,57세,상해없음,보행자,여,30세,경상
2022090300100230,2022년 9월 3일 11시,토요일,대구광역시 남구 대명동,경상사고,0,0,2,0,차대차 - 측면충돌,교차로운행방법위반,건조,맑음,교차로 - 교차로부근,승용,남,68세,상해없음,승용,남,25세,경상
2022090300100231,2022년 9월 3일 11시,토요일,대구광역시 달성군 다사읍,중상사고,0,1,0,0,차대차 - 측면충돌,안전운전불이행,건조,맑음,단일로 - 기타,승용,여,72세,상해없음,이륜,남,43세,중상
2022090300100272,2022년 9월 3일 12시,토요일,대구광역시 수성구 범어동,경상사고,0,0,1,0,차대차 - 측면충돌,안전운전불이행,건조,맑음,교차로 - 교차로안,자전거,남,46세,경상,화물,남,45세,상해없음
2022090300100273,2022년 9월 3일 12시,토요일,대구광역시 수성구 만촌동,경상사고,0,0,1,0,차대차 - 기타,안전운전불이행,건조,맑음,교차로 - 교차로부근,승용,여,48세,상해없음,승용,여,31세,경상
2022090300100274,2022년 9월 3일 12시,토요일,대구광역시 수성구 두산동,중상사고,0,1,0,0,차대차 - 측면충돌,직진우회전진행방해,건조,맑음,교차로 - 교차로안,승용,남,58세,상해없음,승용,여,72세,중상
2022090300100314,2022년 9월 3일 13시,토요일,대구광역시 북구 관음동,경상사고,0,0,2,0,차대차 - 측면충돌,중앙선침범,건조,맑음,단일로 - 교량,승용,남,65세,기타불명,승용,여,19세,경상
2022090300100354,2022년 9월 3일 14시,토요일,대구광역시 북구 침산동,경상사고,0,0,1,0,차대차 - 측면충돌,교차로운행방법위반,건조,맑음,교차로 - 교차로안,승용,남,67세,상해없음,승용,남,37세,경상
2022090300100390,2022년 9월 3일 15시,토요일,대구광역시 동구 봉무동,경상사고,0,0,3,0,차대차 - 추돌,안전운전불이행,건조,맑음,교차로 - 교차로부근,승용,여,64세,경상,승용,남,36세,경상
2022090300100391,2022년 9월 3일 15시,토요일,대구광역시 수성구 노변동,경상사고,0,0,2,0,차대차 - 측면충돌,안전거리미확보,건조,맑음,단일로 - 기타,승합,남,35세,상해없음,승용,남,60세,상해없음
2022090300100392,2022년 9월 3일 15시,토요일,대구광역시 중구 태평로2가,경상사고,0,0,3,1,차대차 - 기타,안전거리미확보,건조,맑음,단일로 - 기타,승용,남,32세,부상신고,승용,여,43세,경상
2022090300100420,2022년 9월 3일 16시,토요일,대구광역시 달성군 구지면,경상사고,0,0,1,0,차대차 - 측면충돌,교차로운행방법위반,건조,맑음,교차로 - 교차로부근,승용,여,51세,상해없음,이륜,남,82세,경상
2022090300100421,2022년 9월 3일 16시,토요일,대구광역시 서구 평리동,중상사고,0,1,1,0,차대사람 - 횡단중,안전운전불이행,건조,흐림,단일로 - 기타,화물,남,62세,상해없음,보행자,여,48세,중상