사고번호,사고일시,요일,시군구,사고내용,사망자수,중상자수,경상자수,부상신고자수,사고유형,법규위반,노면상태,기상상태,도로형태,가해운전자 차종,가해운전자 성별,가해운전자 연령,가해운전자 상해정도,피해운전자 차종,피해운전자 성별,피해운전자 연령,피해운전자 상해정도
2022090300100422,2022년 9월 3일 16시,토요일,대구광역시 달서구 두류동,경상사고,0,0,3,0,차대차 - 후진중충돌,불법유턴,건조,맑음,단일로 - 기타,승용,남,51세,상해없음,승용,남,41세,경상
2022090300100463,2022년 9월 3일 17시,토요일,대구광역시 서구 평리동,경상사고,0,0,1,0,차대차 - 측면충돌,교차로운행방법위반,건조,맑음,교차로 - 교차로안,승용,남,54세,상해없음,이륜,남,22세,경상
2022090300100501,2022년 9월 3일 18시,토요일,대구광역시 서구 평리동,경상사고,0,0,1,0,차대차 - 기타,안전운전불이행,건조,맑음,단일로 - 기타,기타불명,기타불명,미분류,기타불명,자전거,남,68세,경상
2022090300100531,2022년 9월 3일 19시,토요일,대구광역시 수성구 지산동,경상사고,0,0,1,0,차대차 - 기타,안전운전불이행,젖음/습기,흐림,교차로 - 교차로안,승용,여,50세,상해없음,이륜,남,28세,경상
2022090300100557,2022년 9월 3일 20시,토요일,대구광역시 남구 대명동,경상사고,0,0,1,0,차대차 - 측면충돌,안전운전불이행,젖음/습기,흐림,단일로 - 기타,이륜,남,57세,상해없음,이륜,남,40세,경상
2022090300100558,2022년 9월 3일 20시,토요일,대구광역시 중구 태평로2가,경상사고,0,0,1,0,차대차 - 추돌,안전운전불이행,건조,맑음,단일로 - 지하차도(도로)내,승용,남,77세,상해없음,승용,남,53세,상해없음
2022090300100575,2022년 9월 3일 21시,토요일,대구광역시 달서구 진천동,경상사고,0,0,1,0,차대차 - 추돌,안전운전불이행,건조,맑음,단일로 - 기타,승용,남,53세,상해없음,승합,남,65세,경상
2022090300100605,2022년 9월 3일 22시,토요일,대구광역시 동구 서호동,경상사고,0,0,1,0,차대차 - 측면충돌,안전운전불이행,건조,맑음,교차로 - 교차로횡단보도내,승용,남,72세,상해없음,자전거,남,63세,경상
2022090300100624,2022년 9월 3일 23시,토요일,대구광역시 중구 계산동2가,경상사고,0,0,4,0,차대차 - 측면충돌,안전운전불이행,건조,맑음,교차로 - 교차로안,이륜,남,54세,상해없음,승용,여,35세,경상
2022090400100005,2022년 9월 4일 00시,일요일,대구광역시 중구 삼덕동1가,경상사고,0,0,1,1,차대사람 - 길가장자리구역통행중,안전운전불이행,건조,맑음,단일로 - 기타,승용,남,24세,상해없음,보행자,남,22세,부상신고
2022090400100016,2022년 9월 4일 01시,일요일,대구광역시 수성구 만촌동,부상신고사고,0,0,0,1,차대차 - 추돌,안전운전불이행,젖음/습기,비,단일로 - 기타,기타불명,기타불명,미분류,기타불명,이륜,남,24세,부상신고
2022090400100030,2022년 9월 4일 02시,일요일,대구광역시 수성구 수성동4가,부상신고사고,0,0,0,1,차대차 - 추돌,신호위반,건조,맑음,단일로 - 기타,승용,남,68세,기타불명,원동기,남,21세,부상신고
2022090400100048,2022년 9월 4일 04시,일요일,대구광역시 수성구 파동,중상사고,0,1,1,0,차대차 - 추돌,안전운전불이행,건조,맑음,단일로 - 터널,승용,남,35세,중상,승용,남,57세,경상
2022090400100053,2022년 9월 4일 05시,일요일,대구광역시 달서구 상인동,경상사고,0,0,1,0,차대차 - 측면충돌,안전운전불이행,건조,맑음,단일로 - 기타,승용,여,62세,상해없음,자전거,남,28세,경상
2022090400100054,2022년 9월 4일 05시,일요일,대구광역시 북구 금호동,경상사고,0,0,1,0,차대차 - 추돌,안전운전불이행,건조,맑음,단일로 - 기타,승용,남,37세,상해없음,승용,남,52세,경상
2022090400100080,2022년 9월 4일 08시,일요일,대구광역시 달성군 논공읍,경상사고,0,0,1,0,차대차 - 정면충돌,기타,건조,맑음,교차로 - 교차로안,승용,남,30세,상해없음,승용,남,35세,경상
2022090400100111,2022년 9월 4일 10시,일요일,대구광역시 수성구 연호동,경상사고,0,0,2,0,차대차 - 기타,불법유턴,건조,맑음,단일로 - 기타,승용,남,79세,상해없음,승용,여,49세,경상
2022090400100140,2022년 9월 4일 11시,일요일,대구광역시 서구 비산동,경상사고,0,0,2,0,차대차 - 정면충돌,중앙선침범,건조,맑음,단일로 - 기타,승용,남,51세,상해없음,승용,남,67세,경상
2022090400100141,2022년 9월 4일 11시,일요일,대구광역시 북구 동호동,중상사고,0,1,0,0,차대차 - 측면충돌,교차로운행방법위반,건조,맑음,교차로 - 교차로부근,승용,남,56세,상해없음,이륜,남,79세,중상
2022090400100172,2022년 9월 4일 12시,일요일,대구광역시 수성구 가천동,경상사고,0,0,1,0,차대차 - 기타,기타,건조,맑음,단일로 - 기타,화물,남,42세,상해없음,승용,여,33세,경상
2022090400100202,2022년 9월 4일 13시,일요일,대구광역시 달성군 다사읍,중상사고,0,1,0,0,차대사람 - 기타,기타,건조,맑음,단일로 - 기타,원동기,여,20세,상해없음,보행자,남,4세,중상
2022090400100203,2022년 9월 4일 13시,일요일,대구광역시 북구 읍내동,경상사고,0,0,2,0,차대차 - 측면충돌,불법유턴,건조,맑음,교차로 - 교차로부근,승용,남,27세,경상,승용,여,66세,경상
2022090400100230,2022년 9월 4일 14시,일요일,대구광역시 동구 부동,경상사고,0,0,2,0,차대차 - 측면충돌,안전운전불이행,건조,맑음,단일로 - 기타,승용,남,61세,경상,승용,남,24세,경상
2022090400100233,2022년 9월 4일 14시,일요일,대구광역시 동구 효목동,경상사고,0,0,2,0,차대차 - 후진중충돌,안전운전불이행,건조,맑음,교차로 - 교차로부근,승용,남,77세,상해없음,승용,남,37세,경상
2022090400100234,2022년 9월 4일 14시,일요일,대구광역시 달성군 현풍읍,경상사고,0,0,1,0,차대차 - 측면충돌,안전운전불이행,건조,맑음,교차로 - 교차로안,승합,남,58세,상해없음,자전거,남,10세,경상
2022090400100235,2022년 9월 4일 14시,일요일,대구광역시 달성군 다사읍,경상사고,0,0,1,0,차대차 - 기타,안전거리미확보,건조,맑음,단일로 - 기타,승용,여,61세,상해없음,승용,남,47세,경상
2022090400100236,2022년 9월 4일 14시,일요일,대구광역시 중구 동인동2가,경상사고,0,0,1,0,차대차 - 측면충돌,안전거리미확보,건조,맑음,단일로 - 기타,승용,여,69세,상해없음,승용,여,41세,경상
2022090400100237,2022년 9월 4일 14시,일요일,대구광역시 달서구 신당동,경상사고,0,0,2,0,차대차 - 후진중충돌,안전운전불이행,건조,맑음,교차로 - 교차로부근,승용,여,57세,상해없음,화물,남,28세,경상
2022090400100268,2022년 9월 4일 15시,일요일,대구광역시 수성구 두산동,경상사고,0,0,1,0,차대사람 - 기타,안전운전불이행,건조,맑음,교차로 - 교차로안,승용,남,39세,상해없음,보행자,여,66세,경상
2022090400100269,2022년 9월 4일 15시,일요일,대구광역시 달서구 신당동,경상사고,0,0,1,0,차대차 - 기타,안전거리미확보,건조,맑음,기타 - 기타,승용,남,35세,상해없음,이륜,남,21세,경상
2022090400100305,2022년 9월 4일 16시,일요일,대구광역시 수성구 연호동,경상사고,0,0,1,0,차대차 - 측면충돌,안전운전불이행,건조,맑음,교차로 - 교차로안,승용,남,35세,상해없음,승용,여,49세,경상
2022090400100306,2022년 9월 4일 16시,일요일,대구광역시 수성구 만촌동,경상사고,0,0,1,0,차대차 - 측면충돌,안전거리미확보,건조,맑음,단일로 - 기타,승용,여,32세,상해없음,승용,여,41세,경상
2022090400100335,2022년 9월 4일 17시,일요일,대구광역시 달서구 송현동,경상사고,0,0,2,0,차대차 - 측면충돌,안전운전불이행,건조,맑음,단일로 - 기타,화물,남,62세,상해없음,승용,여,37세,경상
2022090400100336,2022년 9월 4일 17시,일요일,대구광역시 서구 평리동,경상사고,0,0,1,0,차대차 - 측면충돌,안전거리미확보,건조,맑음,단일로 - 기타,승용,여,60세,상해없음,자전거,남,60세,경상
2022090400100337,2022년 9월 4일 17시,일요일,대구광역시 남구 대명동,경상사고,0,0,1,0,차대사람 - 기타,안전운전불이행,건조,맑음,교차로 - 교차로부근,승용,남,65세,상해없음,보행자,남,65세,경상
2022090400100385,2022년 9월 4일 19시,일요일,대구광역시 동구 신천동,경상사고,0,0,3,0,차대차 - 측면충돌,안전거리미확보,건조,맑음,교차로 - 교차로부근,승용,남,26세,상해없음,승용,남,20세,경상
2022090400100420,2022년 9월 4일 20시,일요일,대구광역시 수성구 상동,경상사고,0,0,1,0,차대사람 - 횡단중,안전운전불이행,건조,맑음,교차로 - 교차로안,승용,남,35세,상해없음,보행자,남,68세,경상
2022090400100454,2022년 9월 4일 21시,일요일,대구광역시 수성구 지산동,부상신고사고,0,0,0,1,차대사람 - 길가장자리구역통행중,안전운전불이행,건조,흐림,교차로 - 교차로부근,기타불명,기타불명,미분류,기타불명,보행자,여,69세,부상신고
2022090400100455,2022년 9월 4일 21시,일요일,대구광역시 수성구 사월동,중상사고,0,1,0,0,차대사람 - 보도통행중,기타,건조,맑음,단일로 - 기타,자전거,여,23세,상해없음,보행자,여,69세,중상
2022090400100471,2022년 9월 4일 22시,일요일,대구광역시 동구 신암동,경상사고,0,0,1,0,차대차 - 기타,안전운전불이행,건조,맑음,단일로 - 지하차도(도로)내,승용,여,53세,상해없음,이륜,남,32세,경상
2022090400100488,2022년 9월 4일 23시,일요일,대구광역시 동구 신천동,경상사고,0,0,1,0,차대차 - 추돌,안전거리미확보,건조,맑음,교차로 - 교차로부근,승합,남,62세,상해없음,이륜,남,27세,경상
2022090400100489,2022년 9월 4일 23시,일요일,대구광역시 달서구 두류동,경상사고,0,0,2,0,차대차 - 측면충돌,직진우회전진행방해,건조,맑음,교차로 - 교차로안,승용,남,29세,경상,승용,남,25세,경상
2022090500100017,2022년 9월 5일 01시,월요일,대구광역시 수성구 범어동,중상사고,0,1,2,0,차대차 - 추돌,안전운전불이행,건조,맑음,단일로 - 기타,승용,남,31세,경상,승용,남,56세,중상
2022090500100031,2022년 9월 5일 04시,월요일,대구광역시 달서구 본동,경상사고,0,0,2,0,차대차 - 측면충돌,중앙선침범,건조,맑음,교차로 - 교차로부근,승용,여,67세,상해없음,화물,남,52세,경상
2022090500100112,2022년 9월 5일 08시,월요일,대구광역시 수성구 신매동,중상사고,0,1,2,0,차대차 - 추돌,안전운전불이행,건조,맑음,교차로 - 교차로부근,승용,남,56세,상해없음,승용,여,65세,경상
2022090500100113,2022년 9월 5일 08시,월요일,대구광역시 수성구 상동,부상신고사고,0,0,0,1,차대사람 - 기타,안전운전불이행,건조,맑음,기타 - 기타,승용,남,47세,상해없음,보행자,여,72세,부상신고
2022090500100158,2022년 9월 5일 09시,월요일,대구광역시 달서구 두류동,경상사고,0,0,1,0,차대차 - 기타,안전운전불이행,건조,맑음,교차로 - 교차로안,승용,여,52세,상해없음,승용,여,50세,경상
2022090500100159,2022년 9월 5일 09시,월요일,대구광역시 북구 동천동,경상사고,0,0,1,0,차대차 - 측면충돌,교차로운행방법위반,건조,맑음,교차로 - 교차로안,승용,여,62세,상해없음,이륜,남,23세,경상
2022090500100185,2022년 9월 5일 10시,월요일,대구광역시 수성구 만촌동,경상사고,0,0,2,0,차량단독 - 기타,안전운전불이행,건조,맑음,단일로 - 기타,승용,남,63세,경상,,,,
2022090500100186,2022년 9월 5일 10시,월요일,대구광역시 달서구 송현동,경상사고,0,0,1,0,차대차 - 추돌,안전거리미확보,건조,맑음,단일로 - 기타,승용,남,65세,상해없음,승용,여,46세,경상
2022090500100212,2022년 9월 5일 11시,월요일,대구광역시 달서구 상인동,경상사고,0,0,2,0,차대차 - 측면충돌,안전운전불이행,건조,맑음,교차로 - 교차로안,승용,남,25세,기타불명,승용,남,63세,경상
2022090500100242,2022년 9월 5일 12시,월요일,대구광역시 달서구 죽전동,경상사고,0,0,2,0,차대차 - 추돌,안전운전불이행,건조,맑음,교차로 - 교차로안,승용,남,67세,상해없음,화물,남,74세,경상
2022090500100271,2022년 9월 5일 13시,월요일,대구광역시 달서구 송현동,경상사고,0,0,1,0,차대차 - 측면충돌,안전거리미확보,건조,맑음,단일로 - 기타,화물,남,74세,상해없음,이륜,남,17세,상해없음
2022090500100301,2022년 9월 5일 14시,월요일,대구광역시 수성구 범어동,경상사고,0,0,1,0,차대차 - 측면충돌,안전운전불이행,건조,맑음,단일로 - 기타,승용,남,38세,상해없음,승용,여,50세,경상
2022090500100321,2022년 9월 5일 15시,월요일,대구광역시 달서구 상인동,중상사고,0,1,0,0,차대차 - 기타,직진우회전진행방해,젖음/습기,비,교차로 - 교차로안,화물,남,61세,상해없음,이륜,남,47세,중상
2022090500100322,2022년 9월 5일 15시,월요일,대구광역시 북구 태전동,경상사고,0,0,1,0,차대차 - 측면충돌,불법유턴,건조,맑음,단일로 - 기타,자전거,남,73세,경상,화물,남,71세,상해없음
2022090500100359,2022년 9월 5일 16시,월요일,대구광역시 동구 각산동,경상사고,0,0,3,1,차대차 - 추돌,안전운전불이행,젖음/습기,맑음,단일로 - 기타,승용,여,59세,상해없음,승용,남,54세,부상신고
2022090500100360,2022년 9월 5일 16시,월요일,대구광역시 서구 비산동,경상사고,0,0,1,0,차대차 - 측면충돌,안전거리미확보,젖음/습기,비,교차로 - 교차로안,승용,남,75세,상해없음,승용,남,56세,경상
2022090500100398,2022년 9월 5일 17시,월요일,대구광역시 남구 이천동,경상사고,0,0,2,0,차대차 - 기타,안전거리미확보,젖음/습기,비,단일로 - 기타,기타불명,기타불명,미분류,기타불명,승용,여,36세,경상
2022090500100399,2022년 9월 5일 17시,월요일,대구광역시 동구 봉무동,중상사고,0,1,0,0,차대차 - 측면충돌,안전운전불이행,젖음/습기,비,교차로 - 교차로안,승용,남,71세,상해없음,승용,여,57세,중상
2022090500100400,2022년 9월 5일 17시,월요일,대구광역시 수성구 지산동,경상사고,0,0,1,0,차대차 - 추돌,안전운전불이행,젖음/습기,비,교차로 - 교차로부근,승합,남,58세,상해없음,화물,남,45세,경상
2022090500100402,2022년 9월 5일 17시,월요일,대구광역시 중구 동인동2가,경상사고,0,0,1,0,차대차 - 측면충돌,안전운전불이행,젖음/습기,비,단일로 - 기타,승용,여,80세,상해없음,자전거,여,76세,경상
2022090500100450,2022년 9월 5일 18시,월요일,대구광역시 남구 대명동,경상사고,0,0,1,0,차대사람 - 횡단중,보행자보호의무위반,젖음/습기,비,단일로 - 지하차도(도로)내,승용,남,58세,상해없음,보행자,남,62세,경상
2022090500100451,2022년 9월 5일 18시,월요일,대구광역시 동구 용계동,경상사고,0,0,1,0,차대사람 - 차도통행중,안전운전불이행,젖음/습기,비,교차로 - 교차로안,승용,남,54세,상해없음,보행자,남,47세,경상
2022090500100452,2022년 9월 5일 18시,월요일,대구광역시 달서구 대천동,경상사고,0,0,1,0,차대차 - 측면충돌,교차로운행방법위반,건조,맑음,교차로 - 교차로안,승용,남,64세,상해없음,원동기,남,49세,경상
2022090500100453,2022년 9월 5일 18시,월요일,대구광역시 서구 중리동,경상사고,0,0,1,0,차대차 - 측면충돌,직진우회전진행방해,젖음/습기,비,교차로 - 교차로안,화물,여,48세,상해없음,자전거,남,38세,경상
2022090500100518,2022년 9월 5일 19시,월요일,대구광역시 달서구 송현동,중상사고,0,1,0,0,차대사람 - 차도통행중,신호위반,젖음/습기,비,교차로 - 교차로부근,화물,남,52세,상해없음,보행자,여,83세,중상
2022090500100519,2022년 9월 5일 19시,월요일,대구광역시 달서구 대곡동,중상사고,0,1,0,0,차대사람 - 횡단중,보행자보호의무위반,젖음/습기,비,교차로 - 교차로횡단보도내,승용,남,33세,상해없음,보행자,여,64세,중상
2022090500100520,2022년 9월 5일 19시,월요일,대구광역시 중구 계산동2가,경상사고,0,0,1,0,차대차 - 추돌,안전운전불이행,건조,맑음,단일로 - 기타,승용,남,59세,상해없음,이륜,남,49세,경상
2022090500100521,2022년 9월 5일 19시,월요일,대구광역시 북구 서변동,경상사고,0,0,3,0,차대차 - 추돌,안전거리미확보,젖음/습기,비,교차로 - 교차로부근,승용,여,53세,경상,승용,여,51세,경상
2022090500100522,2022년 9월 5일 19시,월요일,대구광역시 북구 팔달동,경상사고,0,0,1,0,차대차 - 측면충돌,차로위반,젖음/습기,비,단일로 - 기타,승용,남,66세,상해없음,승용,여,36세,경상
2022090500100562,2022년 9월 5일 20시,월요일,대구광역시 동구 신암동,경상사고,0,0,1,0,차대차 - 기타,직진우회전진행방해,건조,흐림,교차로 - 교차로안,원동기,남,29세,경상,화물,남,63세,상해없음
2022090500100563,2022년 9월 5일 20시,월요일,대구광역시 북구 읍내동,중상사고,0,1,0,0,차대차 - 측면충돌,안전운전불이행,건조,맑음,단일로 - 기타,승용,남,69세,상해없음,이륜,남,52세,중상
2022090500100636,2022년 9월 5일 22시,월요일,대구광역시 서구 비산동,경상사고,0,0,1,0,차대사람 - 기타,안전운전불이행,젖음/습기,비,교차로 - 교차로부근,승용,여,56세,상해없음,보행자,남,41세,경상
2022090500100656,2022년 9월 5일 23시,월요일,대구광역시 북구 고성동3가,부상신고사고,0,0,0,1,차량단독 - 공작물충돌,안전운전불이행,젖음/습기,비,단일로 - 기타,승용,여,26세,기타불명,,,,
2022090500100657,2022년 9월 5일 23시,월요일,대구광역시 달서구 감삼동,중상사고,0,1,0,0,차대사람 - 보도통행중,신호위반,젖음/습기,비,단일로 - 기타,이륜,남,19세,상해없음,보행자,여,23세,중상
2022090500100658,2022년 9월 5일 23시,월요일,대구광역시 달서구 두류동,중상사고,0,1,0,0,차대차 - 기타,안전운전불이행,건조,맑음,교차로 - 교차로부근,화물,남,43세,상해없음,이륜,남,60세,중상
2022090600100028,2022년 9월 6일 01시,화요일,대구광역시 중구 대신동,경상사고,0,0,1,0,차량단독 - 공작물충돌,안전운전불이행,젖음/습기,비,교차로 - 교차로안,승용,남,50세,경상,,,,
2022090600100051,2022년 9월 6일 05시,화요일,대구광역시 수성구 수성동2가,경상사고,0,0,3,0,차대차 - 측면충돌,신호위반,젖음/습기,비,교차로 - 교차로안,승용,남,68세,상해없음,승용,남,50세,경상
2022090600100076,2022년 9월 6일 07시,화요일,대구광역시 동구 용계동,중상사고,0,1,0,1,차대차 - 정면충돌,중앙선침범,젖음/습기,비,단일로 - 기타,승용,여,48세,부상신고,화물,남,51세,중상
2022090600100077,2022년 9월 6일 07시,화요일,대구광역시 달서구 감삼동,경상사고,0,0,1,0,차대차 - 측면충돌,직진우회전진행방해,젖음/습기,비,교차로 - 교차로안,화물,남,61세,상해없음,승용,남,60세,상해없음
2022090600100095,2022년 9월 6일 08시,화요일,대구광역시 중구 북성로2가,경상사고,0,0,1,0,차대차 - 기타,안전운전불이행,건조,맑음,교차로 - 교차로부근,승용,여,53세,상해없음,이륜,남,40세,경상
2022090600100138,2022년 9월 6일 10시,화요일,대구광역시 달성군 화원읍,경상사고,0,0,1,0,차대차 - 기타,기타,건조,맑음,단일로 - 기타,화물,남,59세,상해없음,승용,남,36세,경상
2022090600100196,2022년 9월 6일 12시,화요일,대구광역시 남구 대명동,중상사고,0,1,0,0,차대사람 - 기타,기타,건조,맑음,기타 - 기타,승용,남,57세,상해없음,보행자,남,60세,중상
2022090600100197,2022년 9월 6일 12시,화요일,대구광역시 달성군 다사읍,경상사고,0,0,1,0,차대차 - 기타,안전운전불이행,건조,맑음,단일로 - 기타,승용,남,59세,상해없음,승합,남,33세,경상
2022090600100198,2022년 9월 6일 12시,화요일,대구광역시 북구 읍내동,경상사고,0,0,1,0,차대차 - 측면충돌,안전거리미확보,건조,맑음,단일로 - 고가도로위,승용,남,70세,상해없음,승용,남,49세,경상
2022090600100229,2022년 9월 6일 13시,화요일,대구광역시 달성군 현풍읍,경상사고,0,0,1,0,차대차 - 기타,안전운전불이행,건조,맑음,교차로 - 교차로안,승용,여,62세,상해없음,승용,남,42세,경상
2022090600100230,2022년 9월 6일 13시,화요일,대구광역시 서구 원대동1가,경상사고,0,0,2,0,차대차 - 추돌,안전운전불이행,건조,맑음,교차로 - 교차로부근,승용,남,46세,상해없음,승용,남,34세,경상
2022090600100267,2022년 9월 6일 14시,화요일,대구광역시 수성구 수성동3가,경상사고,0,0,1,0,차대차 - 측면충돌,안전운전불이행,건조,맑음,단일로 - 기타,승용,여,53세,상해없음,승용,남,63세,상해없음
2022090600100268,2022년 9월 6일 14시,화요일,대구광역시 달서구 갈산동,경상사고,0,0,1,0,차대차 - 측면충돌,안전운전불이행,건조,맑음,기타 - 기타,화물,남,48세,상해없음,승용,여,31세,경상
2022090600100313,2022년 9월 6일 15시,화요일,대구광역시 달서구 진천동,경상사고,0,0,1,0,차대사람 - 횡단중,보행자보호의무위반,건조,맑음,단일로 - 기타,승용,여,49세,상해없음,보행자,여,30세,경상
2022090600100346,2022년 9월 6일 16시,화요일,대구광역시 수성구 만촌동,부상신고사고,0,0,0,1,차대차 - 기타,안전운전불이행,건조,맑음,단일로 - 기타,승용,여,66세,기타불명,승용,남,30세,부상신고
2022090600100347,2022년 9월 6일 16시,화요일,대구광역시 달서구 대곡동,경상사고,0,0,3,0,차대차 - 측면충돌,안전운전불이행,건조,맑음,교차로 - 교차로부근,승용,여,55세,경상,화물,남,34세,경상
2022090600100401,2022년 9월 6일 17시,화요일,대구광역시 남구 대명동,부상신고사고,0,0,0,1,차대차 - 기타,안전운전불이행,건조,맑음,교차로 - 교차로안,개인형이동수단(PM),남,68세,부상신고,승용,남,40세,기타불명
2022090600100402,2022년 9월 6일 17시,화요일,대구광역시 남구 대명동,경상사고,0,0,1,0,차대차 - 추돌,안전운전불이행,건조,맑음,교차로 - 교차로부근,이륜,남,33세,상해없음,승용,여,52세,경상
2022090600100403,2022년 9월 6일 17시,화요일,대구광역시 동구 신암동,경상사고,0,0,1,0,차대차 - 기타,안전거리미확보,건조,맑음,단일로 - 기타,승용,남,75세,상해없음,승합,남,59세,상해없음
2022090600100458,2022년 9월 6일 18시,화요일,대구광역시 수성구 두산동,경상사고,0,0,1,0,차대차 - 측면충돌,안전운전불이행,건조,맑음,단일로 - 기타,이륜,남,87세,상해없음,승용,여,63세,경상
2022090600100459,2022년 9월 6일 18시,화요일,대구광역시 수성구 매호동,경상사고,0,0,1,0,차대차 - 기타,안전거리미확보,건조,맑음,교차로 - 교차로부근,승용,남,57세,상해없음,이륜,남,26세,경상
2022090600100499,2022년 9월 6일 19시,화요일,대구광역시 달성군 화원읍,사망사고,1,0,0,0,차대차 - 측면충돌,안전운전불이행,건조,맑음,교차로 - 교차로안,화물,남,60세,상해없음,자전거,남,77세,사망
2022090600100500,2022년 9월 6일 19시,화요일,대구광역시 북구 복현동,경상사고,0,0,1,0,차대차 - 추돌,안전운전불이행,건조,맑음,단일로 - 기타,승용,남,57세,상해없음,승용,남,43세,경상
2022090600100547,2022년 9월 6일 21시,화요일,대구광역시 중구 공평동,경상사고,0,0,1,0,차대차 - 측면충돌,안전거리미확보,건조,맑음,교차로 - 교차로안,화물,남,73세,상해없음,승용,남,46세,경상
2022090600100576,2022년 9월 6일 22시,화요일,대구광역시 동구 신천동,경상사고,0,0,3,0,차대차 - 추돌,안전운전불이행,건조,맑음,교차로 - 교차로부근,승용,남,58세,상해없음,승용,여,61세,경상
2022090600100577,2022년 9월 6일 22시,화요일,대구광역시 수성구 범어동,경상사고,0,0,1,0,차대차 - 추돌,안전운전불이행,건조,맑음,단일로 - 기타,승용,여,54세,상해없음,승용,남,39세,경상
2022090700100011,2022년 9월 7일 00시,수요일,대구광역시 북구 관음동,중상사고,0,1,0,0,차대차 - 측면충돌,안전운전불이행,건조,맑음,단일로 - 지하차도(도로)내,승용,남,54세,상해없음,승용,남,53세,중상
2022090700100031,2022년 9월 7일 02시,수요일,대구광역시 동구 도동,경상사고,0,0,1,0,차량단독 - 기타,안전운전불이행,건조,맑음,단일로 - 기타,이륜,남,62세,경상,,,,
2022090700100143,2022년 9월 7일 08시,수요일,대구광역시 남구 대명동,경상사고,0,0,1,0,차대사람 - 차도통행중,안전운전불이행,건조,맑음,교차로 - 교차로안,승용,남,68세,상해없음,보행자,남,10세,경상
2022090700100144,2022년 9월 7일 08시,수요일,대구광역시 북구 산격동,경상사고,0,0,1,0,차대차 - 정면충돌,안전거리미확보,건조,맑음,교차로 - 교차로부근,승용,남,55세,기타불명,승용,남,42세,경상
2022090700100198,2022년 9월 7일 09시,수요일,대구광역시 남구 봉덕동,경상사고,0,0,1,0,차대차 - 측면충돌,교차로운행방법위반,건조,맑음,교차로 - 교차로안,승용,여,25세,상해없음,화물,남,28세,경상
2022090700100199,2022년 9월 7일 09시,수요일,대구광역시 동구 동호동,경상사고,0,0,1,0,차대차 - 측면충돌,중앙선침범,건조,맑음,단일로 - 지하차도(도로)내,승용,남,51세,상해없음,이륜,남,71세,경상
2022090700100200,2022년 9월 7일 09시,수요일,대구광역시 동구 신천동,경상사고,0,0,1,0,차대차 - 후진중충돌,불법유턴,건조,맑음,교차로 - 교차로횡단보도내,화물,남,73세,기타불명,승용,여,37세,경상
2022090700100201,2022년 9월 7일 09시,수요일,대구광역시 달서구 상인동,중상사고,0,1,0,0,차대사람 - 횡단중,보행자보호의무위반,건조,맑음,교차로 - 교차로횡단보도내,승용,여,63세,상해없음,보행자,남,65세,중상
2022090700100202,2022년 9월 7일 09시,수요일,대구광역시 달서구 도원동,경상사고,0,0,1,0,차대차 - 측면충돌,안전운전불이행,건조,맑음,교차로 - 교차로횡단보도내,승용,여,46세,상해없음,자전거,여,64세,경상
2022090700100203,2022년 9월 7일 09시,수요일,대구광역시 북구 대현동,경상사고,0,0,2,0,차대차 - 추돌,안전거리미확보,건조,맑음,단일로 - 기타,승용,여,42세,상해없음,승용,여,52세,경상
2022090700100204,2022년 9월 7일 09시,수요일,대구광역시 서구 상리동,부상신고사고,0,0,0,1,차대차 - 기타,안전운전불이행,건조,맑음,단일로 - 기타,화물,남,49세,상해없음,화물,남,33세,부상신고
2022090700100244,2022년 9월 7일 10시,수요일,대구광역시 동구 율하동,중상사고,0,1,0,0,차대사람 - 보도통행중,기타,건조,맑음,단일로 - 기타,원동기,여,51세,상해없음,보행자,여,82세,중상
2022090700100245,2022년 9월 7일 10시,수요일,대구광역시 달서구 상인동,중상사고,0,1,0,0,차대사람 - 기타,신호위반,건조,맑음,단일로 - 기타,개인형이동수단(PM),남,86세,상해없음,보행자,여,82세,중상
2022090700100279,2022년 9월 7일 11시,수요일,대구광역시 수성구 두산동,경상사고,0,0,1,0,차대차 - 측면충돌,안전운전불이행,건조,맑음,교차로 - 교차로안,승용,여,53세,경상,건설기계,남,33세,상해없음
2022090700100280,2022년 9월 7일 11시,수요일,대구광역시 달서구 유천동,중상사고,0,1,1,0,차대차 - 측면충돌,안전거리미확보,건조,맑음,교차로 - 교차로부근,원동기,남,30세,중상,화물,남,50세,상해없음
2022090700100281,2022년 9월 7일 11시,수요일,대구광역시 달서구 상인동,중상사고,0,1,0,0,차대사람 - 횡단중,보행자보호의무위반,건조,맑음,교차로 - 교차로안,화물,남,58세,상해없음,보행자,여,59세,중상
2022090700100282,2022년 9월 7일 11시,수요일,대구광역시 서구 중리동,중상사고,0,1,0,0,차대사람 - 횡단중,신호위반,건조,맑음,단일로 - 기타,승용,남,58세,상해없음,보행자,여,62세,중상
2022090700100313,2022년 9월 7일 12시,수요일,대구광역시 달성군 현풍읍,경상사고,0,0,3,0,차대차 - 기타,안전운전불이행,건조,맑음,교차로 - 교차로부근,화물,남,52세,상해없음,승용,남,23세,경상
2022090700100314,2022년 9월 7일 12시,수요일,대구광역시 북구 읍내동,중상사고,0,1,0,0,차대차 - 측면충돌,신호위반,건조,맑음,교차로 - 교차로안,승용,여,55세,상해없음,승용,여,36세,중상
2022090700100315,2022년 9월 7일 12시,수요일,대구광역시 북구 서변동,중상사고,0,2,1,0,차대차 - 측면충돌,직진우회전진행방해,건조,맑음,교차로 - 교차로안,승용,남,80세,중상,승용,여,52세,경상
2022090700100346,2022년 9월 7일 13시,수요일,대구광역시 달서구 월성동,중상사고,0,1,0,0,차대사람 - 횡단중,안전운전불이행,건조,맑음,단일로 - 기타,승용,여,34세,상해없음,보행자,남,7세,중상