사고번호,사고일시,요일,시군구,사고내용,사망자수,중상자수,경상자수,부상신고자수,사고유형,법규위반,노면상태,기상상태,도로형태,가해운전자 차종,가해운전자 성별,가해운전자 연령,가해운전자 상해정도,피해운전자 차종,피해운전자 성별,피해운전자 연령,피해운전자 상해정도
2022091000100110,2022년 9월 10일 10시,토요일,대구광역시 북구 노원동3가,경상사고,0,0,2,0,차대차 - 측면충돌,안전거리미확보,건조,맑음,단일로 - 기타,승용,여,30세,상해없음,승용,남,31세,경상
2022091000100156,2022년 9월 10일 12시,토요일,대구광역시 북구 구암동,경상사고,0,0,1,0,차대차 - 기타,안전운전불이행,건조,맑음,단일로 - 지하차도(도로)내,승용,남,50세,상해없음,이륜,남,27세,경상
2022091000100186,2022년 9월 10일 13시,토요일,대구광역시 달서구 진천동,경상사고,0,0,1,0,차대차 - 측면충돌,교차로운행방법위반,건조,맑음,교차로 - 교차로안,승용,여,68세,상해없음,승용,남,36세,경상
2022091000100187,2022년 9월 10일 13시,토요일,대구광역시 북구 관음동,경상사고,0,0,3,0,차대차 - 추돌,안전운전불이행,건조,맑음,교차로 - 교차로안,승용,남,55세,기타불명,승용,남,41세,경상
2022091000100215,2022년 9월 10일 14시,토요일,대구광역시 동구 지묘동,경상사고,0,0,2,0,차대차 - 측면충돌,중앙선침범,건조,맑음,단일로 - 기타,승용,여,55세,상해없음,승용,남,61세,경상
2022091000100216,2022년 9월 10일 14시,토요일,대구광역시 달성군 논공읍,경상사고,0,0,1,0,차대차 - 기타,안전운전불이행,건조,맑음,교차로 - 교차로안,이륜,남,27세,경상,승용,여,55세,상해없음
2022091000100239,2022년 9월 10일 15시,토요일,대구광역시 달서구 송현동,경상사고,0,0,1,0,차대차 - 기타,안전운전불이행,건조,맑음,기타 - 기타,원동기,여,58세,경상,승용,여,38세,상해없음
2022091000100240,2022년 9월 10일 15시,토요일,대구광역시 서구 중리동,경상사고,0,0,3,0,차대차 - 측면충돌,안전운전불이행,건조,맑음,교차로 - 교차로안,승용,남,28세,상해없음,승용,남,58세,경상
2022091000100276,2022년 9월 10일 17시,토요일,대구광역시 동구 신천동,경상사고,0,0,2,0,차대차 - 측면충돌,직진우회전진행방해,건조,맑음,교차로 - 교차로안,승용,여,68세,상해없음,승용,남,50세,경상
2022091000100277,2022년 9월 10일 17시,토요일,대구광역시 달서구 도원동,경상사고,0,0,1,0,차대차 - 기타,안전운전불이행,건조,맑음,단일로 - 기타,승용,남,70세,상해없음,이륜,남,38세,경상
2022091000100294,2022년 9월 10일 18시,토요일,대구광역시 수성구 지산동,경상사고,0,0,1,0,차대차 - 측면충돌,직진우회전진행방해,건조,맑음,교차로 - 교차로안,화물,남,35세,상해없음,자전거,남,23세,경상
2022091000100310,2022년 9월 10일 19시,토요일,대구광역시 수성구 범어동,중상사고,0,1,0,0,차대사람 - 횡단중,신호위반,건조,맑음,단일로 - 기타,이륜,남,47세,상해없음,보행자,여,57세,중상
2022091000100311,2022년 9월 10일 19시,토요일,대구광역시 서구 비산동,경상사고,0,0,1,1,차대차 - 추돌,안전운전불이행,건조,맑음,단일로 - 기타,승용,남,46세,부상신고,승용,남,34세,경상
2022091000100330,2022년 9월 10일 20시,토요일,대구광역시 동구 신암동,경상사고,0,0,1,0,차대차 - 추돌,안전운전불이행,건조,맑음,교차로 - 교차로부근,승용,여,51세,상해없음,승합,남,53세,경상
2022091000100331,2022년 9월 10일 20시,토요일,대구광역시 수성구 수성동3가,중상사고,0,1,5,0,차대차 - 측면충돌,신호위반,건조,맑음,교차로 - 교차로안,이륜,남,31세,중상,이륜,남,52세,경상
2022091000100332,2022년 9월 10일 20시,토요일,대구광역시 수성구 두산동,경상사고,0,0,1,0,차대사람 - 기타,안전운전불이행,건조,맑음,단일로 - 기타,기타불명,기타불명,미분류,기타불명,보행자,남,18세,경상
2022091000100333,2022년 9월 10일 20시,토요일,대구광역시 서구 평리동,경상사고,0,0,10,0,차대차 - 추돌,안전운전불이행,건조,맑음,교차로 - 교차로부근,승용,남,36세,상해없음,승용,남,59세,경상
2022091000100334,2022년 9월 10일 20시,토요일,대구광역시 중구 태평로3가,중상사고,0,1,0,0,차대차 - 추돌,안전운전불이행,건조,맑음,교차로 - 교차로부근,승용,남,58세,상해없음,승용,남,22세,중상
2022091000100353,2022년 9월 10일 21시,토요일,대구광역시 수성구 두산동,중상사고,0,1,0,0,차대사람 - 횡단중,보행자보호의무위반,건조,맑음,교차로 - 교차로안,승용,남,60세,상해없음,보행자,여,30세,중상
2022091000100354,2022년 9월 10일 21시,토요일,대구광역시 북구 태전동,경상사고,0,0,1,0,차대차 - 정면충돌,기타,건조,맑음,교차로 - 교차로안,승용,남,52세,상해없음,승용,여,45세,경상
2022091000100380,2022년 9월 10일 23시,토요일,대구광역시 북구 칠성동2가,중상사고,0,1,0,0,차대차 - 측면충돌,안전운전불이행,건조,맑음,교차로 - 교차로부근,승용,남,67세,상해없음,이륜,남,43세,중상
2022091000100381,2022년 9월 10일 23시,토요일,대구광역시 북구 노원동3가,중상사고,0,1,0,0,차량단독 - 전도전복 - 전도,안전운전불이행,건조,맑음,단일로 - 기타,이륜,남,28세,중상,,,,
2022091100100017,2022년 9월 11일 01시,일요일,대구광역시 달성군 유가읍,부상신고사고,0,0,0,1,차대차 - 측면충돌,안전운전불이행,건조,맑음,단일로 - 기타,승용,남,39세,상해없음,화물,남,49세,기타불명
2022091100100028,2022년 9월 11일 03시,일요일,대구광역시 달서구 장기동,중상사고,0,1,0,0,차대차 - 기타,안전운전불이행,건조,맑음,단일로 - 기타,기타불명,기타불명,미분류,기타불명,원동기,여,30세,중상
2022091100100045,2022년 9월 11일 06시,일요일,대구광역시 서구 내당동,중상사고,0,2,4,0,차대차 - 측면충돌,신호위반,건조,맑음,교차로 - 교차로안,승용,남,27세,중상,승합,남,55세,경상
2022091100100053,2022년 9월 11일 07시,일요일,대구광역시 남구 봉덕동,경상사고,0,0,1,0,차대차 - 기타,안전운전불이행,건조,맑음,단일로 - 기타,승용,남,52세,상해없음,화물,남,42세,경상
2022091100100082,2022년 9월 11일 10시,일요일,대구광역시 동구 각산동,경상사고,0,0,1,0,차대사람 - 횡단중,중앙선침범,건조,맑음,단일로 - 기타,승용,남,21세,상해없음,보행자,남,29세,경상
2022091100100127,2022년 9월 11일 12시,일요일,대구광역시 동구 도학동,경상사고,0,0,1,0,차대사람 - 기타,안전운전불이행,건조,맑음,단일로 - 지하차도(도로)내,승합,남,38세,상해없음,보행자,남,59세,경상
2022091100100128,2022년 9월 11일 12시,일요일,대구광역시 달서구 진천동,경상사고,0,0,1,0,차대차 - 기타,안전운전불이행,건조,맑음,단일로 - 기타,승용,남,22세,상해없음,자전거,남,63세,경상
2022091100100151,2022년 9월 11일 13시,일요일,대구광역시 동구 율하동,중상사고,0,1,0,0,차대사람 - 보도통행중,안전운전불이행,건조,맑음,단일로 - 기타,자전거,남,62세,상해없음,보행자,여,78세,중상
2022091100100152,2022년 9월 11일 13시,일요일,대구광역시 달성군 유가읍,경상사고,0,0,2,0,차대차 - 정면충돌,안전운전불이행,건조,맑음,교차로 - 교차로안,승용,여,43세,경상,원동기,남,34세,경상
2022091100100182,2022년 9월 11일 14시,일요일,대구광역시 동구 검사동,경상사고,0,0,1,0,차대차 - 측면충돌,안전운전불이행,건조,맑음,단일로 - 기타,자전거,남,10세,경상,승용,남,62세,상해없음
2022091100100209,2022년 9월 11일 15시,일요일,대구광역시 남구 대명동,경상사고,0,0,1,0,차대차 - 측면충돌,기타,건조,맑음,단일로 - 기타,승용,남,67세,상해없음,자전거,남,59세,경상
2022091100100210,2022년 9월 11일 15시,일요일,대구광역시 북구 태전동,부상신고사고,0,0,0,1,차대사람 - 길가장자리구역통행중,안전운전불이행,건조,맑음,단일로 - 기타,승용,여,60세,상해없음,보행자,여,13세,부상신고
2022091100100235,2022년 9월 11일 16시,일요일,대구광역시 서구 비산동,경상사고,0,0,1,0,차대사람 - 기타,안전운전불이행,건조,맑음,단일로 - 기타,승용,남,35세,상해없음,보행자,남,25세,경상
2022091100100261,2022년 9월 11일 17시,일요일,대구광역시 북구 동천동,중상사고,0,1,0,0,차대차 - 측면충돌,직진우회전진행방해,건조,맑음,교차로 - 교차로안,승용,남,23세,기타불명,이륜,남,17세,중상
2022091100100285,2022년 9월 11일 18시,일요일,대구광역시 북구 태전동,중상사고,0,1,1,0,차대차 - 측면충돌,신호위반,건조,맑음,교차로 - 교차로안,승용,여,50세,경상,이륜,남,25세,중상
2022091100100309,2022년 9월 11일 19시,일요일,대구광역시 북구 산격동,중상사고,0,1,0,0,차대차 - 기타,안전운전불이행,건조,맑음,교차로 - 교차로부근,기타불명,기타불명,미분류,기타불명,원동기,남,44세,중상
2022091100100348,2022년 9월 11일 21시,일요일,대구광역시 달서구 진천동,경상사고,0,0,1,0,차대차 - 기타,안전운전불이행,건조,맑음,교차로 - 교차로부근,승용,여,32세,상해없음,이륜,남,29세,경상
2022091100100365,2022년 9월 11일 22시,일요일,대구광역시 달성군 다사읍,중상사고,0,1,0,0,차대차 - 기타,중앙선침범,건조,맑음,기타 - 기타,개인형이동수단(PM),남,18세,상해없음,개인형이동수단(PM),여,32세,중상
2022091100100366,2022년 9월 11일 22시,일요일,대구광역시 북구 서변동,중상사고,0,1,1,0,차대차 - 정면충돌,중앙선침범,건조,맑음,단일로 - 지하차도(도로)내,승용,남,68세,중상,이륜,남,35세,경상
2022091200100011,2022년 9월 12일 00시,월요일,대구광역시 수성구 신매동,경상사고,0,0,2,0,차대차 - 기타,안전운전불이행,건조,맑음,교차로 - 교차로부근,승용,여,39세,상해없음,승용,남,22세,경상
2022091200100027,2022년 9월 12일 01시,월요일,대구광역시 달서구 상인동,경상사고,0,0,1,0,차대차 - 측면충돌,신호위반,건조,맑음,교차로 - 교차로부근,승용,남,35세,상해없음,이륜,남,33세,경상
2022091200100065,2022년 9월 12일 05시,월요일,대구광역시 달서구 감삼동,중상사고,0,1,0,0,차대사람 - 차도통행중,안전운전불이행,건조,맑음,교차로 - 교차로부근,승용,여,68세,상해없음,보행자,남,55세,중상
2022091200100075,2022년 9월 12일 07시,월요일,대구광역시 수성구 범어동,경상사고,0,0,1,0,차대사람 - 기타,안전운전불이행,건조,맑음,단일로 - 기타,승용,남,69세,상해없음,보행자,남,26세,경상
2022091200100126,2022년 9월 12일 11시,월요일,대구광역시 동구 율하동,경상사고,0,0,1,0,차대차 - 측면충돌,안전운전불이행,건조,맑음,교차로 - 교차로안,승용,남,73세,상해없음,승용,여,32세,경상
2022091200100144,2022년 9월 12일 12시,월요일,대구광역시 남구 대명동,경상사고,0,0,2,0,차대차 - 측면충돌,안전거리미확보,건조,맑음,단일로 - 기타,승용,남,81세,상해없음,승용,남,39세,경상
2022091200100145,2022년 9월 12일 12시,월요일,대구광역시 동구 지저동,경상사고,0,0,4,0,차대차 - 추돌,직진우회전진행방해,건조,맑음,교차로 - 교차로안,승용,남,77세,경상,승용,남,49세,경상
2022091200100146,2022년 9월 12일 12시,월요일,대구광역시 수성구 범물동,경상사고,0,0,1,0,차대차 - 추돌,안전운전불이행,건조,맑음,단일로 - 기타,승용,남,45세,상해없음,승용,남,67세,경상
2022091200100147,2022년 9월 12일 12시,월요일,대구광역시 서구 비산동,중상사고,0,1,0,0,차대사람 - 기타,안전운전불이행,건조,맑음,기타 - 기타,승용,남,39세,상해없음,보행자,남,69세,중상
2022091200100148,2022년 9월 12일 12시,월요일,대구광역시 달서구 용산동,경상사고,0,0,4,1,차대차 - 정면충돌,직진우회전진행방해,건조,맑음,단일로 - 기타,승용,남,68세,부상신고,승용,남,32세,경상
2022091200100173,2022년 9월 12일 13시,월요일,대구광역시 수성구 범어동,중상사고,0,2,0,0,차대차 - 기타,안전운전불이행,건조,맑음,교차로 - 교차로부근,승용,남,69세,상해없음,승용,남,53세,중상
2022091200100174,2022년 9월 12일 13시,월요일,대구광역시 달서구 용산동,경상사고,0,0,2,0,차대차 - 측면충돌,안전운전불이행,건조,맑음,단일로 - 기타,승용,남,62세,상해없음,화물,남,31세,경상
2022091200100175,2022년 9월 12일 13시,월요일,대구광역시 달서구 이곡동,경상사고,0,0,1,0,차대차 - 추돌,안전운전불이행,젖음/습기,비,기타 - 기타,승용,남,79세,상해없음,승용,여,30세,경상
2022091200100204,2022년 9월 12일 14시,월요일,대구광역시 수성구 범어동,경상사고,0,0,3,0,차대차 - 기타,안전거리미확보,젖음/습기,비,단일로 - 기타,승용,남,40세,상해없음,승용,남,45세,경상
2022091200100205,2022년 9월 12일 14시,월요일,대구광역시 서구 평리동,경상사고,0,0,2,0,차대차 - 추돌,안전운전불이행,건조,맑음,교차로 - 교차로부근,승용,남,78세,상해없음,승용,남,26세,경상
2022091200100233,2022년 9월 12일 15시,월요일,대구광역시 서구 평리동,경상사고,0,0,1,0,차대차 - 기타,신호위반,건조,맑음,교차로 - 교차로부근,이륜,남,29세,상해없음,이륜,남,39세,경상
2022091200100234,2022년 9월 12일 15시,월요일,대구광역시 북구 서변동,경상사고,0,0,2,0,차대차 - 측면충돌,안전거리미확보,건조,흐림,단일로 - 지하차도(도로)내,승용,남,43세,경상,화물,남,33세,경상
2022091200100253,2022년 9월 12일 16시,월요일,대구광역시 동구 괴전동,중상사고,0,1,0,0,차대차 - 측면충돌,안전운전불이행,건조,맑음,교차로 - 교차로안,승용,남,29세,상해없음,자전거,남,82세,중상
2022091200100254,2022년 9월 12일 16시,월요일,대구광역시 동구 신서동,경상사고,0,0,1,1,차대차 - 측면충돌,신호위반,건조,맑음,교차로 - 교차로안,승용,남,50세,부상신고,승용,여,48세,경상
2022091200100275,2022년 9월 12일 17시,월요일,대구광역시 달성군 다사읍,경상사고,0,0,1,0,차대사람 - 기타,안전운전불이행,건조,맑음,교차로 - 교차로횡단보도내,화물,남,73세,상해없음,보행자,남,41세,경상
2022091200100303,2022년 9월 12일 18시,월요일,대구광역시 달서구 신당동,경상사고,0,0,1,0,차대차 - 측면충돌,안전운전불이행,건조,맑음,단일로 - 기타,승용,남,26세,상해없음,원동기,남,24세,경상
2022091200100337,2022년 9월 12일 19시,월요일,대구광역시 동구 신용동,중상사고,0,1,0,0,차대차 - 추돌,안전운전불이행,건조,맑음,단일로 - 기타,승용,여,22세,상해없음,승용,남,50세,중상
2022091200100338,2022년 9월 12일 19시,월요일,대구광역시 동구 불로동,경상사고,0,0,1,0,차대차 - 측면충돌,안전운전불이행,건조,맑음,단일로 - 교량,승용,남,64세,상해없음,승용,여,56세,경상
2022091200100339,2022년 9월 12일 19시,월요일,대구광역시 서구 비산동,경상사고,0,0,1,0,차대차 - 기타,차로위반,건조,맑음,단일로 - 기타,승용,남,35세,상해없음,승합,남,60세,상해없음
2022091200100340,2022년 9월 12일 19시,월요일,대구광역시 북구 사수동,중상사고,0,1,0,0,차대차 - 측면충돌,안전운전불이행,건조,맑음,단일로 - 기타,이륜,남,15세,상해없음,승용,남,52세,상해없음
2022091200100358,2022년 9월 12일 20시,월요일,대구광역시 동구 신암동,경상사고,0,0,1,0,차대차 - 기타,안전운전불이행,건조,맑음,단일로 - 지하차도(도로)내,기타불명,기타불명,미분류,기타불명,승용,남,66세,상해없음
2022091200100359,2022년 9월 12일 20시,월요일,대구광역시 중구 남일동,부상신고사고,0,0,0,1,차대사람 - 차도통행중,안전운전불이행,건조,맑음,기타 - 기타,개인형이동수단(PM),남,13세,상해없음,보행자,남,34세,부상신고
2022091200100407,2022년 9월 12일 23시,월요일,대구광역시 수성구 황금동,경상사고,0,0,3,0,차대차 - 추돌,안전운전불이행,건조,맑음,단일로 - 기타,화물,남,48세,상해없음,승용,남,22세,경상
2022091200100408,2022년 9월 12일 23시,월요일,대구광역시 수성구 만촌동,경상사고,0,0,1,0,차대차 - 기타,안전운전불이행,건조,맑음,단일로 - 기타,기타불명,기타불명,미분류,기타불명,개인형이동수단(PM),남,43세,경상
2022091300100008,2022년 9월 13일 01시,화요일,대구광역시 달성군 현풍읍,경상사고,0,0,1,0,차량단독 - 공작물충돌,안전운전불이행,건조,맑음,기타 - 기타,승용,남,22세,경상,,,,
2022091300100023,2022년 9월 13일 04시,화요일,대구광역시 남구 봉덕동,중상사고,0,1,0,0,차대사람 - 차도통행중,교차로운행방법위반,건조,맑음,교차로 - 교차로횡단보도내,화물,남,53세,상해없음,보행자,여,70세,중상
2022091300100024,2022년 9월 13일 04시,화요일,대구광역시 서구 비산동,경상사고,0,0,1,0,차대차 - 추돌,안전운전불이행,건조,맑음,단일로 - 기타,이륜,남,23세,경상,승용,여,22세,기타불명
2022091300100028,2022년 9월 13일 05시,화요일,대구광역시 달성군 하빈면,경상사고,0,0,1,0,차대차 - 추돌,안전운전불이행,건조,맑음,단일로 - 기타,승용,남,41세,상해없음,승용,남,28세,상해없음
2022091300100089,2022년 9월 13일 08시,화요일,대구광역시 동구 신천동,경상사고,0,0,1,0,차대차 - 측면충돌,안전운전불이행,건조,맑음,교차로 - 교차로부근,승용,남,57세,상해없음,자전거,남,51세,경상
2022091300100090,2022년 9월 13일 08시,화요일,대구광역시 달서구 두류동,경상사고,0,0,1,0,차대차 - 추돌,안전운전불이행,건조,맑음,단일로 - 기타,승용,여,39세,상해없음,승용,남,26세,경상
2022091300100124,2022년 9월 13일 09시,화요일,대구광역시 동구 신천동,경상사고,0,0,1,0,차대차 - 기타,안전운전불이행,건조,맑음,교차로 - 교차로부근,자전거,남,68세,경상,승용,여,53세,상해없음
2022091300100144,2022년 9월 13일 10시,화요일,대구광역시 달서구 상인동,경상사고,0,0,1,0,차대차 - 추돌,안전운전불이행,건조,맑음,교차로 - 교차로부근,화물,남,60세,상해없음,이륜,남,80세,경상
2022091300100177,2022년 9월 13일 11시,화요일,대구광역시 서구 내당동,경상사고,0,0,1,0,차대차 - 추돌,안전거리미확보,건조,맑음,교차로 - 교차로부근,승용,남,68세,상해없음,승용,남,41세,경상
2022091300100204,2022년 9월 13일 12시,화요일,대구광역시 달서구 신당동,경상사고,0,0,3,0,차대차 - 추돌,안전거리미확보,건조,맑음,단일로 - 기타,승용,여,47세,경상,승합,남,35세,경상
2022091300100233,2022년 9월 13일 13시,화요일,대구광역시 동구 불로동,경상사고,0,0,2,1,차대차 - 정면충돌,안전운전불이행,건조,맑음,단일로 - 기타,화물,남,42세,부상신고,승용,남,42세,경상
2022091300100267,2022년 9월 13일 14시,화요일,대구광역시 달성군 다사읍,중상사고,0,1,0,0,차대사람 - 기타,기타,건조,맑음,기타 - 기타,승용,남,22세,상해없음,보행자,여,65세,중상
2022091300100307,2022년 9월 13일 15시,화요일,대구광역시 수성구 수성동1가,경상사고,0,0,1,0,차대차 - 측면충돌,안전운전불이행,건조,맑음,단일로 - 기타,승용,남,57세,상해없음,승용,여,52세,경상
2022091300100335,2022년 9월 13일 16시,화요일,대구광역시 수성구 수성동2가,경상사고,0,0,1,0,차대사람 - 보도통행중,안전운전불이행,건조,맑음,주차장 - 주차장,화물,남,49세,상해없음,보행자,남,70세,경상
2022091300100336,2022년 9월 13일 16시,화요일,대구광역시 수성구 만촌동,부상신고사고,0,0,0,8,차대차 - 기타,안전운전불이행,기타,기타,미분류 - 미분류,승용,남,22세,상해없음,승용,남,69세,상해없음
2022091300100337,2022년 9월 13일 16시,화요일,대구광역시 달성군 옥포읍,경상사고,0,0,1,0,차량단독 - 공작물충돌,안전운전불이행,건조,맑음,단일로 - 기타,승용,남,39세,경상,,,,
2022091300100368,2022년 9월 13일 17시,화요일,대구광역시 수성구 두산동,경상사고,0,0,1,0,차대차 - 후진중충돌,안전운전불이행,건조,맑음,단일로 - 기타,승용,남,24세,상해없음,승용,남,42세,경상
2022091300100369,2022년 9월 13일 17시,화요일,대구광역시 서구 비산동,중상사고,0,1,0,0,차대사람 - 횡단중,안전운전불이행,건조,맑음,교차로 - 교차로횡단보도내,기타불명,기타불명,미분류,기타불명,보행자,여,14세,중상
2022091300100401,2022년 9월 13일 18시,화요일,대구광역시 남구 대명동,경상사고,0,0,1,0,차대차 - 후진중충돌,안전운전불이행,건조,맑음,기타 - 기타,승용,남,61세,상해없음,이륜,남,40세,경상
2022091300100402,2022년 9월 13일 18시,화요일,대구광역시 북구 구암동,경상사고,0,0,1,0,차대차 - 측면충돌,신호위반,건조,맑음,교차로 - 교차로안,이륜,남,42세,상해없음,자전거,남,8세,경상
2022091300100438,2022년 9월 13일 19시,화요일,대구광역시 수성구 신매동,경상사고,0,0,1,0,차대차 - 기타,안전운전불이행,건조,맑음,기타 - 기타,승용,여,22세,상해없음,승용,여,36세,경상
2022091300100484,2022년 9월 13일 21시,화요일,대구광역시 남구 대명동,경상사고,0,0,1,0,차대차 - 측면충돌,안전운전불이행,건조,맑음,단일로 - 지하차도(도로)내,화물,남,52세,상해없음,이륜,남,23세,경상
2022091300100485,2022년 9월 13일 21시,화요일,대구광역시 수성구 사월동,경상사고,0,0,1,0,차대사람 - 횡단중,보행자보호의무위반,건조,맑음,교차로 - 교차로횡단보도내,승용,남,36세,상해없음,보행자,남,70세,경상
2022091300100517,2022년 9월 13일 23시,화요일,대구광역시 수성구 범물동,경상사고,0,0,2,0,차대차 - 측면충돌,안전운전불이행,젖음/습기,흐림,교차로 - 교차로부근,승용,남,53세,상해없음,승용,남,23세,경상
2022091300100518,2022년 9월 13일 23시,화요일,대구광역시 중구 동인동1가,경상사고,0,0,2,0,차대사람 - 횡단중,안전운전불이행,건조,맑음,교차로 - 교차로안,이륜,남,33세,경상,보행자,남,61세,경상
2022091400100021,2022년 9월 14일 04시,수요일,대구광역시 동구 효목동,경상사고,0,0,1,0,차량단독 - 공작물충돌,안전운전불이행,건조,맑음,교차로 - 교차로부근,이륜,남,47세,경상,,,,
2022091400100056,2022년 9월 14일 07시,수요일,대구광역시 수성구 수성동4가,경상사고,0,0,1,0,차대차 - 측면충돌,신호위반,건조,맑음,교차로 - 교차로안,승용,여,57세,상해없음,승용,여,50세,경상
2022091400100057,2022년 9월 14일 07시,수요일,대구광역시 북구 팔달동,중상사고,0,1,2,0,차대차 - 측면충돌,안전운전불이행,건조,맑음,단일로 - 지하차도(도로)내,승용,남,68세,상해없음,화물,남,65세,중상
2022091400100105,2022년 9월 14일 08시,수요일,대구광역시 수성구 만촌동,중상사고,0,1,0,0,차대차 - 측면충돌,안전운전불이행,건조,맑음,교차로 - 교차로횡단보도내,건설기계,남,64세,상해없음,자전거,남,52세,중상
2022091400100106,2022년 9월 14일 08시,수요일,대구광역시 달서구 유천동,경상사고,0,0,1,0,차대차 - 측면충돌,신호위반,건조,맑음,교차로 - 교차로부근,승용,여,69세,상해없음,승용,남,59세,경상
2022091400100142,2022년 9월 14일 09시,수요일,대구광역시 수성구 황금동,경상사고,0,0,1,0,차대차 - 측면충돌,안전운전불이행,건조,맑음,단일로 - 기타,화물,남,29세,상해없음,자전거,남,22세,경상
2022091400100143,2022년 9월 14일 09시,수요일,대구광역시 북구 매천동,경상사고,0,0,2,0,차대차 - 측면충돌,차로위반,건조,맑음,교차로 - 교차로안,승합,남,43세,경상,승용,남,63세,경상
2022091400100167,2022년 9월 14일 10시,수요일,대구광역시 북구 관음동,중상사고,0,1,0,1,차량단독 - 공작물충돌,안전운전불이행,건조,맑음,단일로 - 기타,화물,남,22세,부상신고,,,,
2022091400100170,2022년 9월 14일 10시,수요일,대구광역시 수성구 황금동,중상사고,0,1,1,0,차대차 - 측면충돌,안전운전불이행,건조,맑음,단일로 - 기타,승용,남,73세,중상,승용,남,52세,경상
2022091400100171,2022년 9월 14일 10시,수요일,대구광역시 중구 동산동,중상사고,0,1,0,0,차대차 - 기타,교차로운행방법위반,건조,맑음,단일로 - 기타,승용,남,65세,상해없음,자전거,남,46세,중상
2022091400100258,2022년 9월 14일 13시,수요일,대구광역시 수성구 만촌동,경상사고,0,0,1,0,차대차 - 측면충돌,안전운전불이행,건조,맑음,교차로 - 교차로부근,승용,남,63세,상해없음,이륜,남,25세,경상
2022091400100288,2022년 9월 14일 14시,수요일,대구광역시 남구 봉덕동,경상사고,0,0,1,0,차대차 - 측면충돌,신호위반,건조,맑음,단일로 - 기타,승용,여,36세,상해없음,승용,여,54세,경상
2022091400100289,2022년 9월 14일 14시,수요일,대구광역시 달성군 다사읍,경상사고,0,0,1,0,차대차 - 기타,안전운전불이행,건조,맑음,기타 - 기타,개인형이동수단(PM),여,14세,경상,개인형이동수단(PM),여,43세,상해없음
2022091400100316,2022년 9월 14일 15시,수요일,대구광역시 달서구 이곡동,경상사고,0,0,1,0,차대차 - 기타,안전운전불이행,건조,맑음,단일로 - 기타,승용,여,57세,상해없음,원동기,남,22세,경상
2022091400100344,2022년 9월 14일 16시,수요일,대구광역시 수성구 황금동,경상사고,0,0,1,0,차대차 - 기타,안전운전불이행,건조,맑음,단일로 - 기타,승용,여,62세,상해없음,승용,남,50세,경상
2022091400100345,2022년 9월 14일 16시,수요일,대구광역시 수성구 범어동,경상사고,0,0,1,0,차대차 - 측면충돌,안전운전불이행,건조,맑음,단일로 - 기타,승용,여,41세,상해없음,승용,여,42세,경상
2022091400100424,2022년 9월 14일 18시,수요일,대구광역시 동구 효목동,경상사고,0,0,2,0,차대차 - 측면충돌,안전운전불이행,건조,맑음,단일로 - 지하차도(도로)내,승용,남,33세,경상,승용,남,25세,경상
2022091400100425,2022년 9월 14일 18시,수요일,대구광역시 수성구 만촌동,중상사고,0,1,0,0,차대사람 - 횡단중,안전운전불이행,건조,맑음,단일로 - 기타,개인형이동수단(PM),남,44세,상해없음,보행자,여,9세,중상
2022091400100426,2022년 9월 14일 18시,수요일,대구광역시 달서구 대천동,경상사고,0,0,7,0,차대차 - 기타,교차로운행방법위반,건조,맑음,교차로 - 교차로안,화물,남,60세,상해없음,승합,남,59세,경상
2022091400100427,2022년 9월 14일 18시,수요일,대구광역시 달성군 다사읍,중상사고,0,1,0,0,차대사람 - 길가장자리구역통행중,안전운전불이행,건조,맑음,단일로 - 기타,이륜,남,37세,상해없음,보행자,남,11세,중상
2022091400100428,2022년 9월 14일 18시,수요일,대구광역시 서구 비산동,경상사고,0,0,1,0,차대사람 - 차도통행중,안전운전불이행,건조,맑음,교차로 - 교차로안,승용,남,74세,상해없음,보행자,여,83세,경상
2022091400100459,2022년 9월 14일 19시,수요일,대구광역시 수성구 두산동,경상사고,0,0,2,0,차대차 - 측면충돌,안전운전불이행,건조,맑음,교차로 - 교차로안,승용,남,42세,상해없음,승용,남,24세,경상
2022091400100460,2022년 9월 14일 19시,수요일,대구광역시 달성군 가창면,중상사고,0,1,0,0,차대사람 - 기타,안전운전불이행,건조,맑음,단일로 - 기타,승용,여,65세,상해없음,보행자,여,88세,중상
2022091400100461,2022년 9월 14일 19시,수요일,대구광역시 북구 서변동,부상신고사고,0,0,0,1,차량단독 - 기타,안전운전불이행,건조,맑음,교차로 - 교차로안,승용,남,78세,상해없음,,,,
2022091400100462,2022년 9월 14일 19시,수요일,대구광역시 북구 학정동,경상사고,0,0,1,0,차대차 - 측면충돌,교차로운행방법위반,건조,맑음,단일로 - 지하차도(도로)내,승용,남,76세,상해없음,승용,남,25세,경상
2022091400100511,2022년 9월 14일 21시,수요일,대구광역시 달서구 유천동,경상사고,0,0,1,0,차대차 - 측면충돌,기타,건조,맑음,교차로 - 교차로횡단보도내,기타불명,기타불명,미분류,기타불명,승용,여,24세,상해없음
2022091500100023,2022년 9월 15일 02시,목요일,대구광역시 북구 대현동,부상신고사고,0,0,0,1,차대사람 - 기타,안전운전불이행,건조,맑음,단일로 - 지하차도(도로)내,승용,남,66세,기타불명,보행자,남,29세,부상신고
2022091500100050,2022년 9월 15일 06시,목요일,대구광역시 북구 노원동3가,경상사고,0,0,1,0,차대차 - 기타,안전운전불이행,건조,맑음,단일로 - 기타,화물,남,42세,상해없음,승용,남,40세,경상