사고번호,사고일시,요일,시군구,사고내용,사망자수,중상자수,경상자수,부상신고자수,사고유형,법규위반,노면상태,기상상태,도로형태,가해운전자 차종,가해운전자 성별,가해운전자 연령,가해운전자 상해정도,피해운전자 차종,피해운전자 성별,피해운전자 연령,피해운전자 상해정도
2022091500100051,2022년 9월 15일 06시,목요일,대구광역시 서구 평리동,경상사고,0,0,3,0,차대차 - 추돌,안전운전불이행,건조,맑음,교차로 - 교차로부근,승용,남,74세,상해없음,화물,남,65세,경상
2022091500100102,2022년 9월 15일 08시,목요일,대구광역시 달서구 송현동,경상사고,0,0,2,0,차대차 - 기타,안전운전불이행,건조,맑음,교차로 - 교차로안,승용,여,58세,상해없음,승용,남,44세,경상
2022091500100103,2022년 9월 15일 08시,목요일,대구광역시 서구 평리동,경상사고,0,0,3,1,차대차 - 측면충돌,안전운전불이행,건조,맑음,단일로 - 기타,승용,여,31세,부상신고,승용,여,67세,경상
2022091500100104,2022년 9월 15일 08시,목요일,대구광역시 북구 읍내동,경상사고,0,0,1,0,차대차 - 측면충돌,신호위반,건조,맑음,교차로 - 교차로안,승용,남,52세,상해없음,자전거,남,18세,경상
2022091500100192,2022년 9월 15일 11시,목요일,대구광역시 남구 대명동,경상사고,0,0,1,0,차대사람 - 기타,안전운전불이행,건조,맑음,단일로 - 기타,승용,남,68세,상해없음,보행자,여,74세,경상
2022091500100193,2022년 9월 15일 11시,목요일,대구광역시 북구 노원동2가,중상사고,0,1,0,0,차대사람 - 차도통행중,안전운전불이행,건조,맑음,교차로 - 교차로안,화물,남,60세,상해없음,보행자,남,83세,중상
2022091500100220,2022년 9월 15일 12시,목요일,대구광역시 동구 율하동,경상사고,0,0,2,0,차대차 - 측면충돌,기타,건조,맑음,단일로 - 기타,화물,남,40세,경상,승용,여,64세,경상
2022091500100221,2022년 9월 15일 12시,목요일,대구광역시 수성구 만촌동,경상사고,0,0,1,0,차대차 - 기타,신호위반,건조,맑음,기타 - 기타,승용,남,48세,상해없음,승용,남,42세,경상
2022091500100240,2022년 9월 15일 13시,목요일,대구광역시 수성구 범어동,경상사고,0,0,1,0,차대차 - 기타,안전운전불이행,건조,맑음,교차로 - 교차로부근,승용,여,55세,상해없음,이륜,남,26세,경상
2022091500100294,2022년 9월 15일 15시,목요일,대구광역시 남구 봉덕동,경상사고,0,0,1,0,차량단독 - 전도전복 - 전도,안전운전불이행,젖음/습기,맑음,단일로 - 기타,이륜,남,58세,경상,,,,
2022091500100333,2022년 9월 15일 16시,목요일,대구광역시 수성구 사월동,중상사고,0,1,0,0,차대사람 - 횡단중,보행자보호의무위반,건조,맑음,단일로 - 기타,승용,남,61세,상해없음,보행자,남,13세,중상
2022091500100334,2022년 9월 15일 16시,목요일,대구광역시 달서구 송현동,경상사고,0,0,1,0,차대사람 - 기타,안전운전불이행,기타,맑음,단일로 - 기타,승용,남,35세,상해없음,보행자,여,38세,경상
2022091500100335,2022년 9월 15일 16시,목요일,대구광역시 달서구 도원동,경상사고,0,0,1,0,차량단독 - 기타,기타,건조,맑음,단일로 - 기타,승합,남,61세,상해없음,,,,
2022091500100336,2022년 9월 15일 16시,목요일,대구광역시 북구 복현동,부상신고사고,0,0,0,1,차대차 - 기타,안전운전불이행,건조,맑음,단일로 - 기타,기타불명,기타불명,미분류,기타불명,자전거,여,67세,부상신고
2022091500100368,2022년 9월 15일 17시,목요일,대구광역시 남구 대명동,경상사고,0,0,1,0,차대차 - 기타,안전운전불이행,건조,맑음,단일로 - 기타,승용,남,76세,상해없음,승용,남,29세,경상
2022091500100369,2022년 9월 15일 17시,목요일,대구광역시 달서구 상인동,경상사고,0,0,1,0,차대사람 - 길가장자리구역통행중,안전운전불이행,건조,맑음,단일로 - 기타,승용,여,44세,상해없음,보행자,남,68세,경상
2022091500100370,2022년 9월 15일 17시,목요일,대구광역시 중구 남산동,경상사고,0,0,1,0,차대차 - 측면충돌,신호위반,건조,맑음,교차로 - 교차로부근,원동기,남,33세,상해없음,승용,남,58세,경상
2022091500100371,2022년 9월 15일 17시,목요일,대구광역시 북구 관음동,경상사고,0,0,1,0,차대차 - 측면충돌,안전운전불이행,건조,맑음,교차로 - 교차로횡단보도내,화물,남,66세,기타불명,자전거,여,26세,경상
2022091500100404,2022년 9월 15일 18시,목요일,대구광역시 수성구 신매동,경상사고,0,0,1,0,차대차 - 후진중충돌,안전운전불이행,건조,맑음,교차로 - 교차로안,승용,여,38세,상해없음,승용,여,54세,경상
2022091500100405,2022년 9월 15일 18시,목요일,대구광역시 달서구 본동,경상사고,0,0,2,0,차대차 - 측면충돌,안전거리미확보,건조,맑음,교차로 - 교차로안,승용,여,35세,상해없음,승용,남,27세,경상
2022091500100446,2022년 9월 15일 19시,목요일,대구광역시 수성구 매호동,경상사고,0,0,1,0,차대차 - 추돌,안전거리미확보,건조,맑음,단일로 - 기타,이륜,남,19세,상해없음,승용,남,82세,경상
2022091500100447,2022년 9월 15일 19시,목요일,대구광역시 달성군 논공읍,중상사고,0,1,1,0,차대차 - 기타,안전운전불이행,건조,맑음,단일로 - 기타,승용,남,56세,중상,특수,남,48세,경상
2022091500100497,2022년 9월 15일 21시,목요일,대구광역시 북구 검단동,경상사고,0,0,1,0,차대차 - 추돌,교차로운행방법위반,건조,맑음,교차로 - 교차로안,승용,남,62세,상해없음,이륜,남,23세,경상
2022091500100498,2022년 9월 15일 21시,목요일,대구광역시 중구 삼덕동3가,경상사고,0,0,1,0,차대차 - 기타,안전거리미확보,건조,맑음,단일로 - 기타,승용,남,43세,상해없음,승용,남,24세,경상
2022091500100531,2022년 9월 15일 23시,목요일,대구광역시 서구 내당동,중상사고,0,1,1,0,차대차 - 측면충돌,안전거리미확보,건조,맑음,단일로 - 기타,승합,남,55세,상해없음,승용,남,49세,중상
2022091600100019,2022년 9월 16일 01시,금요일,대구광역시 수성구 시지동,경상사고,0,0,1,0,차대차 - 측면충돌,안전운전불이행,건조,맑음,단일로 - 기타,승용,남,60세,상해없음,승용,남,66세,경상
2022091600100026,2022년 9월 16일 02시,금요일,대구광역시 수성구 수성동1가,중상사고,0,1,0,0,차대차 - 추돌,안전운전불이행,건조,맑음,단일로 - 기타,화물,남,57세,상해없음,자전거,남,26세,중상
2022091600100027,2022년 9월 16일 02시,금요일,대구광역시 서구 비산동,중상사고,0,1,0,0,차대사람 - 횡단중,안전운전불이행,건조,맑음,교차로 - 교차로부근,승용,남,72세,상해없음,보행자,남,48세,중상
2022091600100028,2022년 9월 16일 02시,금요일,대구광역시 북구 산격동,경상사고,0,0,1,0,차대차 - 기타,안전운전불이행,건조,맑음,단일로 - 기타,이륜,남,29세,기타불명,화물,남,52세,경상
2022091600100039,2022년 9월 16일 04시,금요일,대구광역시 달서구 성당동,경상사고,0,0,2,0,차대차 - 측면충돌,안전거리미확보,건조,맑음,단일로 - 기타,승용,남,74세,상해없음,승용,남,42세,상해없음
2022091600100049,2022년 9월 16일 05시,금요일,대구광역시 동구 신암동,경상사고,0,0,1,0,차대차 - 측면충돌,차로위반,건조,맑음,단일로 - 기타,승용,남,63세,상해없음,승용,남,60세,경상
2022091600100050,2022년 9월 16일 05시,금요일,대구광역시 동구 신천동,경상사고,0,0,1,0,차대차 - 측면충돌,직진우회전진행방해,건조,맑음,교차로 - 교차로안,승용,남,70세,상해없음,승용,남,27세,경상
2022091600100082,2022년 9월 16일 07시,금요일,대구광역시 수성구 황금동,경상사고,0,0,2,0,차대차 - 측면충돌,차로위반,건조,맑음,단일로 - 기타,승용,남,32세,상해없음,승용,남,64세,경상
2022091600100083,2022년 9월 16일 07시,금요일,대구광역시 달서구 상인동,경상사고,0,0,1,0,차대차 - 측면충돌,교차로운행방법위반,건조,맑음,교차로 - 교차로안,승용,여,60세,상해없음,화물,남,72세,경상
2022091600100084,2022년 9월 16일 07시,금요일,대구광역시 달서구 상인동,경상사고,0,0,2,0,차대차 - 측면충돌,안전운전불이행,건조,맑음,단일로 - 기타,승용,여,59세,상해없음,승용,여,49세,경상
2022091600100125,2022년 9월 16일 08시,금요일,대구광역시 동구 중대동,경상사고,0,0,1,0,차대차 - 측면충돌,안전거리미확보,건조,맑음,단일로 - 기타,화물,남,74세,상해없음,승용,여,35세,경상
2022091600100126,2022년 9월 16일 08시,금요일,대구광역시 수성구 중동,경상사고,0,0,1,0,차대차 - 기타,안전운전불이행,건조,맑음,기타 - 기타,승용,남,29세,상해없음,승용,여,46세,경상
2022091600100127,2022년 9월 16일 08시,금요일,대구광역시 수성구 범어동,경상사고,0,0,1,0,차대차 - 기타,안전운전불이행,건조,맑음,교차로 - 교차로횡단보도내,승용,여,32세,상해없음,자전거,남,14세,경상
2022091600100128,2022년 9월 16일 08시,금요일,대구광역시 수성구 중동,경상사고,0,0,1,0,차대차 - 측면충돌,안전운전불이행,건조,맑음,단일로 - 기타,승용,남,29세,상해없음,승용,여,46세,경상
2022091600100129,2022년 9월 16일 08시,금요일,대구광역시 달서구 두류동,중상사고,0,1,0,0,차대사람 - 횡단중,보행자보호의무위반,건조,맑음,기타 - 기타,승용,여,26세,상해없음,보행자,여,14세,중상
2022091600100187,2022년 9월 16일 10시,금요일,대구광역시 중구 삼덕동3가,경상사고,0,0,1,0,차대차 - 기타,안전운전불이행,건조,맑음,기타 - 기타,화물,남,37세,상해없음,개인형이동수단(PM),남,26세,경상
2022091600100188,2022년 9월 16일 10시,금요일,대구광역시 북구 서변동,경상사고,0,0,1,0,차대차 - 추돌,안전운전불이행,건조,맑음,단일로 - 지하차도(도로)내,승용,남,49세,상해없음,승용,남,38세,경상
2022091600100311,2022년 9월 16일 14시,금요일,대구광역시 달서구 월성동,경상사고,0,0,1,0,차대차 - 측면충돌,안전운전불이행,건조,맑음,교차로 - 교차로횡단보도내,승용,남,70세,상해없음,이륜,남,51세,경상
2022091600100347,2022년 9월 16일 15시,금요일,대구광역시 동구 신천동,경상사고,0,0,1,0,차대차 - 추돌,안전운전불이행,건조,맑음,단일로 - 기타,승용,남,26세,상해없음,승용,여,40세,경상
2022091600100348,2022년 9월 16일 15시,금요일,대구광역시 달성군 화원읍,경상사고,0,0,1,0,차대차 - 추돌,안전운전불이행,건조,맑음,단일로 - 기타,승용,남,67세,상해없음,승용,남,78세,경상
2022091600100349,2022년 9월 16일 15시,금요일,대구광역시 북구 복현동,중상사고,0,1,0,0,차대사람 - 횡단중,안전운전불이행,건조,맑음,교차로 - 교차로부근,승용,남,23세,상해없음,보행자,여,4세,중상
2022091600100350,2022년 9월 16일 15시,금요일,대구광역시 서구 상리동,경상사고,0,0,1,1,차대차 - 측면충돌,안전운전불이행,건조,맑음,단일로 - 기타,승용,남,64세,부상신고,승용,여,52세,경상
2022091600100351,2022년 9월 16일 15시,금요일,대구광역시 달서구 신당동,경상사고,0,0,2,0,차대차 - 추돌,안전운전불이행,건조,맑음,단일로 - 기타,화물,남,22세,상해없음,승용,남,32세,경상
2022091600100392,2022년 9월 16일 16시,금요일,대구광역시 동구 동호동,부상신고사고,0,0,0,1,차대차 - 측면충돌,안전운전불이행,건조,맑음,단일로 - 기타,화물,남,62세,상해없음,승용,남,41세,부상신고
2022091600100393,2022년 9월 16일 16시,금요일,대구광역시 서구 내당동,중상사고,0,1,0,0,차대사람 - 차도통행중,안전운전불이행,건조,맑음,단일로 - 기타,승합,남,68세,상해없음,보행자,남,65세,중상
2022091600100444,2022년 9월 16일 17시,금요일,대구광역시 수성구 두산동,중상사고,0,1,1,0,차대차 - 기타,안전운전불이행,건조,맑음,기타 - 기타,개인형이동수단(PM),여,13세,상해없음,승용,여,62세,상해없음
2022091600100445,2022년 9월 16일 17시,금요일,대구광역시 달서구 월성동,경상사고,0,0,1,0,차대차 - 측면충돌,안전거리미확보,건조,맑음,기타 - 기타,승용,여,70세,상해없음,화물,남,64세,경상
2022091600100446,2022년 9월 16일 17시,금요일,대구광역시 북구 칠성동2가,중상사고,0,1,0,0,차대차 - 추돌,안전운전불이행,건조,맑음,단일로 - 기타,승용,여,53세,상해없음,자전거,여,67세,중상
2022091600100447,2022년 9월 16일 17시,금요일,대구광역시 달서구 성당동,중상사고,0,1,0,0,차대차 - 측면충돌,안전운전불이행,건조,맑음,단일로 - 기타,승용,여,48세,상해없음,자전거,여,63세,중상
2022091600100506,2022년 9월 16일 18시,금요일,대구광역시 중구 대봉동,부상신고사고,0,0,0,2,차대차 - 측면충돌,안전거리미확보,건조,맑음,단일로 - 기타,이륜,남,38세,부상신고,승용,여,61세,부상신고
2022091600100507,2022년 9월 16일 18시,금요일,대구광역시 동구 용계동,경상사고,0,0,1,0,차대차 - 기타,안전거리미확보,건조,맑음,단일로 - 기타,승용,여,33세,상해없음,승합,남,50세,상해없음
2022091600100508,2022년 9월 16일 18시,금요일,대구광역시 수성구 황금동,중상사고,0,1,0,0,차대차 - 기타,안전거리미확보,건조,맑음,단일로 - 기타,승용,여,34세,상해없음,이륜,남,49세,중상
2022091600100509,2022년 9월 16일 18시,금요일,대구광역시 수성구 신매동,경상사고,0,0,1,0,차량단독 - 기타,안전운전불이행,건조,맑음,단일로 - 기타,승합,남,55세,상해없음,,,,
2022091600100510,2022년 9월 16일 18시,금요일,대구광역시 수성구 수성동3가,중상사고,0,1,0,0,차대사람 - 횡단중,보행자보호의무위반,건조,맑음,교차로 - 교차로횡단보도내,승용,남,65세,상해없음,보행자,남,11세,중상
2022091600100511,2022년 9월 16일 18시,금요일,대구광역시 달서구 유천동,중상사고,0,1,0,0,차대차 - 측면충돌,신호위반,건조,맑음,교차로 - 교차로안,승용,남,48세,상해없음,이륜,남,34세,중상
2022091600100512,2022년 9월 16일 18시,금요일,대구광역시 서구 중리동,중상사고,0,2,1,0,차대차 - 측면충돌,안전운전불이행,건조,맑음,교차로 - 교차로부근,승용,여,59세,상해없음,승용,여,64세,중상
2022091600100513,2022년 9월 16일 18시,금요일,대구광역시 북구 동천동,경상사고,0,0,1,0,차대차 - 측면충돌,안전거리미확보,건조,맑음,기타 - 기타,이륜,남,17세,경상,승용,남,72세,상해없음
2022091600100571,2022년 9월 16일 19시,금요일,대구광역시 서구 평리동,부상신고사고,0,0,0,1,차대차 - 기타,안전거리미확보,건조,맑음,단일로 - 기타,승합,남,60세,상해없음,승용,남,71세,상해없음
2022091600100572,2022년 9월 16일 19시,금요일,대구광역시 북구 팔달동,중상사고,0,1,0,0,차대차 - 추돌,안전거리미확보,건조,맑음,단일로 - 교량,승용,남,66세,상해없음,승용,여,51세,중상
2022091600100615,2022년 9월 16일 20시,금요일,대구광역시 달성군 구지면,경상사고,0,0,1,0,차대차 - 기타,안전거리미확보,건조,맑음,교차로 - 교차로안,승합,남,42세,상해없음,승용,남,38세,경상
2022091600100616,2022년 9월 16일 20시,금요일,대구광역시 중구 삼덕동3가,경상사고,0,0,1,0,차대차 - 추돌,안전운전불이행,건조,맑음,단일로 - 기타,승용,여,54세,상해없음,승용,남,55세,경상
2022091600100642,2022년 9월 16일 21시,금요일,대구광역시 중구 덕산동,중상사고,0,1,0,0,차대차 - 측면충돌,안전운전불이행,건조,맑음,교차로 - 교차로부근,승용,남,32세,상해없음,이륜,남,36세,중상
2022091600100643,2022년 9월 16일 21시,금요일,대구광역시 달서구 용산동,경상사고,0,0,1,0,차대차 - 기타,안전운전불이행,건조,맑음,교차로 - 교차로부근,승용,남,21세,상해없음,승용,남,40세,경상
2022091600100664,2022년 9월 16일 22시,금요일,대구광역시 서구 내당동,경상사고,0,0,2,0,차대차 - 추돌,안전운전불이행,건조,맑음,단일로 - 기타,승용,여,46세,상해없음,승용,여,23세,경상
2022091600100665,2022년 9월 16일 22시,금요일,대구광역시 북구 금호동,중상사고,0,1,0,0,차대차 - 측면충돌,불법유턴,건조,맑음,단일로 - 기타,승용,남,51세,상해없음,이륜,남,17세,중상
2022091700100021,2022년 9월 17일 00시,토요일,대구광역시 서구 비산동,경상사고,0,0,1,0,차대차 - 측면충돌,안전운전불이행,건조,맑음,단일로 - 기타,승용,남,27세,상해없음,개인형이동수단(PM),남,31세,경상
2022091700100046,2022년 9월 17일 02시,토요일,대구광역시 중구 도원동,부상신고사고,0,0,0,1,차대차 - 기타,안전운전불이행,건조,맑음,교차로 - 교차로부근,승용,남,39세,상해없음,승용,남,22세,부상신고
2022091700100077,2022년 9월 17일 05시,토요일,대구광역시 중구 삼덕동1가,경상사고,0,0,5,0,차대차 - 기타,안전운전불이행,건조,맑음,단일로 - 기타,승용,남,23세,상해없음,승용,남,29세,상해없음
2022091700100089,2022년 9월 17일 06시,토요일,대구광역시 중구 시장북로,중상사고,0,1,0,0,차대차 - 측면충돌,안전운전불이행,건조,맑음,단일로 - 기타,자전거,남,81세,중상,승용,남,55세,상해없음
2022091700100128,2022년 9월 17일 08시,토요일,대구광역시 동구 방촌동,경상사고,0,0,1,0,차대사람 - 기타,안전운전불이행,건조,맑음,교차로 - 교차로안,승용,남,63세,상해없음,보행자,남,74세,경상
2022091700100129,2022년 9월 17일 08시,토요일,대구광역시 달서구 본리동,경상사고,0,0,1,0,차대사람 - 보도통행중,안전운전불이행,건조,맑음,단일로 - 기타,승용,남,64세,상해없음,보행자,남,46세,경상
2022091700100152,2022년 9월 17일 09시,토요일,대구광역시 서구 비산동,경상사고,0,0,1,0,차대사람 - 길가장자리구역통행중,안전운전불이행,건조,맑음,교차로 - 교차로부근,자전거,남,11세,상해없음,보행자,여,30세,경상
2022091700100219,2022년 9월 17일 11시,토요일,대구광역시 남구 대명동,경상사고,0,0,1,0,차대차 - 기타,안전거리미확보,건조,맑음,단일로 - 기타,승용,남,30세,상해없음,승용,남,29세,경상
2022091700100220,2022년 9월 17일 11시,토요일,대구광역시 동구 신서동,경상사고,0,0,1,0,차대차 - 측면충돌,안전운전불이행,건조,맑음,교차로 - 교차로부근,화물,남,67세,상해없음,승용,남,61세,경상
2022091700100221,2022년 9월 17일 11시,토요일,대구광역시 수성구 범어동,경상사고,0,0,2,0,차대차 - 기타,기타,건조,맑음,단일로 - 기타,화물,남,53세,상해없음,승용,여,29세,경상
2022091700100222,2022년 9월 17일 11시,토요일,대구광역시 북구 대현동,경상사고,0,0,1,0,차대사람 - 차도통행중,안전운전불이행,건조,맑음,단일로 - 기타,승용,남,69세,상해없음,보행자,여,74세,경상
2022091700100258,2022년 9월 17일 12시,토요일,대구광역시 달성군 화원읍,중상사고,0,1,0,0,차대사람 - 기타,안전운전불이행,건조,맑음,단일로 - 기타,승용,여,69세,상해없음,보행자,여,58세,중상
2022091700100259,2022년 9월 17일 12시,토요일,대구광역시 달서구 죽전동,경상사고,0,0,1,0,차대차 - 후진중충돌,안전운전불이행,건조,맑음,주차장 - 주차장,승용,남,63세,상해없음,승용,여,27세,경상
2022091700100288,2022년 9월 17일 13시,토요일,대구광역시 달서구 도원동,경상사고,0,0,2,0,차대차 - 측면충돌,안전거리미확보,건조,맑음,교차로 - 교차로안,승용,여,45세,경상,승용,남,29세,경상
2022091700100326,2022년 9월 17일 14시,토요일,대구광역시 동구 신기동,경상사고,0,0,2,0,차대차 - 추돌,안전운전불이행,건조,맑음,교차로 - 교차로부근,승용,남,25세,상해없음,승용,남,29세,경상
2022091700100327,2022년 9월 17일 14시,토요일,대구광역시 수성구 만촌동,경상사고,0,0,4,0,차대차 - 측면충돌,안전운전불이행,건조,맑음,교차로 - 교차로안,승용,남,57세,경상,승용,남,50세,경상
2022091700100328,2022년 9월 17일 14시,토요일,대구광역시 수성구 수성동1가,경상사고,0,0,1,0,차대차 - 측면충돌,안전운전불이행,건조,맑음,단일로 - 기타,승용,남,51세,상해없음,승용,남,55세,경상
2022091700100398,2022년 9월 17일 16시,토요일,대구광역시 남구 대명동,경상사고,0,0,2,0,차대차 - 기타,안전운전불이행,건조,맑음,단일로 - 기타,화물,남,43세,상해없음,승용,남,29세,경상
2022091700100399,2022년 9월 17일 16시,토요일,대구광역시 수성구 상동,경상사고,0,0,1,0,차대사람 - 기타,안전운전불이행,건조,맑음,기타 - 기타,승합,남,55세,상해없음,보행자,여,67세,경상
2022091700100400,2022년 9월 17일 16시,토요일,대구광역시 수성구 만촌동,경상사고,0,0,1,0,차대차 - 기타,신호위반,건조,맑음,교차로 - 교차로부근,승용,여,45세,기타불명,승합,남,61세,상해없음
2022091700100445,2022년 9월 17일 17시,토요일,대구광역시 북구 서변동,부상신고사고,0,0,0,1,차대차 - 측면충돌,불법유턴,건조,맑음,교차로 - 교차로안,자전거,남,17세,부상신고,승용,여,40세,상해없음
2022091700100483,2022년 9월 17일 18시,토요일,대구광역시 동구 지저동,경상사고,0,0,5,0,차대차 - 기타,안전거리미확보,건조,맑음,단일로 - 기타,승용,남,57세,상해없음,승용,남,29세,경상
2022091700100484,2022년 9월 17일 18시,토요일,대구광역시 동구 신암동,경상사고,0,0,2,0,차대차 - 측면충돌,안전운전불이행,건조,맑음,교차로 - 교차로부근,화물,남,55세,상해없음,승용,남,53세,경상
2022091700100485,2022년 9월 17일 18시,토요일,대구광역시 수성구 범물동,부상신고사고,0,0,0,1,차대차 - 기타,안전운전불이행,젖음/습기,비,교차로 - 교차로부근,승용,남,74세,상해없음,승용,남,54세,부상신고
2022091700100486,2022년 9월 17일 18시,토요일,대구광역시 수성구 수성동4가,중상사고,0,1,0,0,차대차 - 기타,안전운전불이행,젖음/습기,흐림,교차로 - 교차로안,기타불명,기타불명,미분류,기타불명,자전거,남,25세,중상
2022091700100487,2022년 9월 17일 18시,토요일,대구광역시 수성구 황금동,경상사고,0,0,2,1,차대차 - 측면충돌,안전운전불이행,건조,맑음,단일로 - 기타,승용,남,30세,상해없음,승용,여,29세,경상
2022091700100488,2022년 9월 17일 18시,토요일,대구광역시 달서구 상인동,중상사고,0,1,0,0,차대차 - 측면충돌,안전운전불이행,젖음/습기,비,교차로 - 교차로안,승용,남,43세,상해없음,승용,여,62세,중상
2022091700100489,2022년 9월 17일 18시,토요일,대구광역시 달서구 장기동,중상사고,0,1,0,0,차대차 - 측면충돌,직진우회전진행방해,건조,맑음,교차로 - 교차로안,승용,남,19세,상해없음,화물,남,54세,중상
2022091700100519,2022년 9월 17일 19시,토요일,대구광역시 수성구 지산동,부상신고사고,0,0,0,1,차대차 - 기타,안전운전불이행,젖음/습기,비,교차로 - 교차로안,화물,남,56세,상해없음,화물,여,35세,부상신고
2022091700100520,2022년 9월 17일 19시,토요일,대구광역시 수성구 파동,부상신고사고,0,0,0,2,차대차 - 기타,안전운전불이행,젖음/습기,비,교차로 - 교차로안,승용,남,53세,상해없음,승용,여,27세,부상신고
2022091700100521,2022년 9월 17일 19시,토요일,대구광역시 수성구 지산동,중상사고,0,1,0,0,차대사람 - 기타,안전운전불이행,젖음/습기,비,교차로 - 교차로부근,승용,여,67세,상해없음,보행자,여,87세,중상
2022091700100522,2022년 9월 17일 19시,토요일,대구광역시 수성구 두산동,경상사고,0,0,2,0,차대차 - 측면충돌,안전거리미확보,건조,맑음,단일로 - 기타,승용,여,38세,상해없음,승용,여,62세,경상
2022091700100523,2022년 9월 17일 19시,토요일,대구광역시 달서구 송현동,경상사고,0,0,1,0,차대차 - 측면충돌,교차로운행방법위반,젖음/습기,맑음,교차로 - 교차로안,화물,남,57세,상해없음,승용,남,54세,경상
2022091700100524,2022년 9월 17일 19시,토요일,대구광역시 서구 비산동,경상사고,0,0,2,0,차대차 - 측면충돌,안전운전불이행,젖음/습기,비,교차로 - 교차로안,이륜,남,58세,경상,승용,남,36세,경상
2022091700100559,2022년 9월 17일 20시,토요일,대구광역시 동구 신천동,경상사고,0,0,2,0,차대차 - 측면충돌,불법유턴,젖음/습기,맑음,교차로 - 교차로안,승용,여,61세,상해없음,승용,남,63세,경상
2022091700100560,2022년 9월 17일 20시,토요일,대구광역시 수성구 범물동,중상사고,0,1,1,0,차대차 - 추돌,안전거리미확보,건조,맑음,단일로 - 기타,승용,남,21세,기타불명,승용,여,21세,경상
2022091700100561,2022년 9월 17일 20시,토요일,대구광역시 달서구 대곡동,중상사고,0,1,0,0,차대차 - 측면충돌,신호위반,건조,맑음,단일로 - 기타,승용,남,40세,상해없음,이륜,남,49세,중상
2022091700100562,2022년 9월 17일 20시,토요일,대구광역시 달서구 상인동,경상사고,0,0,1,0,차대차 - 측면충돌,안전거리미확보,젖음/습기,맑음,기타 - 기타,승용,남,62세,상해없음,이륜,남,27세,경상
2022091700100563,2022년 9월 17일 20시,토요일,대구광역시 북구 복현동,경상사고,0,0,1,0,차대차 - 기타,신호위반,건조,맑음,교차로 - 교차로횡단보도내,이륜,남,52세,상해없음,이륜,남,40세,경상
2022091700100564,2022년 9월 17일 20시,토요일,대구광역시 달서구 죽전동,경상사고,0,0,2,0,차대차 - 추돌,안전거리미확보,젖음/습기,비,교차로 - 교차로안,승용,남,63세,상해없음,승용,남,63세,경상
2022091700100624,2022년 9월 17일 23시,토요일,대구광역시 북구 산격동,중상사고,0,1,0,0,차대사람 - 기타,안전운전불이행,건조,맑음,기타 - 기타,승용,남,66세,상해없음,보행자,남,40세,중상
2022091800100004,2022년 9월 18일 00시,일요일,대구광역시 달서구 성당동,중상사고,0,2,0,0,차대차 - 측면충돌,신호위반,건조,맑음,교차로 - 교차로안,승용,여,30세,중상,이륜,남,28세,중상
2022091800100017,2022년 9월 18일 02시,일요일,대구광역시 북구 구암동,중상사고,0,1,0,0,차량단독 - 공작물충돌,안전운전불이행,젖음/습기,비,교차로 - 교차로부근,이륜,남,29세,중상,,,,
2022091800100087,2022년 9월 18일 10시,일요일,대구광역시 동구 신천동,경상사고,0,0,1,0,차대차 - 측면충돌,안전거리미확보,건조,맑음,단일로 - 지하차도(도로)내,승용,남,53세,기타불명,승용,남,25세,경상
2022091800100151,2022년 9월 18일 12시,일요일,대구광역시 동구 방촌동,부상신고사고,0,0,0,1,차대차 - 기타,안전운전불이행,건조,맑음,기타 - 기타,자전거,남,12세,상해없음,자전거,여,67세,부상신고
2022091800100171,2022년 9월 18일 13시,일요일,대구광역시 달서구 죽전동,경상사고,0,0,1,0,차대차 - 후진중충돌,불법유턴,건조,맑음,단일로 - 기타,승용,남,59세,상해없음,이륜,남,51세,경상
2022091800100205,2022년 9월 18일 14시,일요일,대구광역시 달성군 유가읍,경상사고,0,0,1,0,차대차 - 정면충돌,안전운전불이행,건조,맑음,기타 - 기타,농기계,남,62세,상해없음,승용,남,68세,상해없음
2022091800100206,2022년 9월 18일 14시,일요일,대구광역시 중구 대신동,경상사고,0,0,3,0,차대차 - 기타,안전운전불이행,건조,맑음,교차로 - 교차로부근,이륜,남,59세,경상,승용,남,35세,경상
2022091800100207,2022년 9월 18일 14시,일요일,대구광역시 북구 동변동,부상신고사고,0,0,0,1,차대차 - 측면충돌,안전운전불이행,건조,맑음,단일로 - 기타,이륜,남,53세,상해없음,승용,여,56세,부상신고
2022091800100255,2022년 9월 18일 16시,일요일,대구광역시 동구 신기동,경상사고,0,0,2,0,차대차 - 측면충돌,안전운전불이행,건조,맑음,단일로 - 기타,원동기,남,16세,상해없음,이륜,남,33세,경상
2022091800100287,2022년 9월 18일 17시,일요일,대구광역시 수성구 연호동,경상사고,0,0,1,0,차대차 - 측면충돌,차로위반,건조,맑음,교차로 - 교차로부근,승용,남,42세,상해없음,승용,남,56세,경상
2022091800100288,2022년 9월 18일 17시,일요일,대구광역시 서구 비산동,중상사고,0,1,0,0,차대차 - 기타,신호위반,건조,맑음,단일로 - 기타,승용,남,76세,상해없음,자전거,여,15세,중상
2022091800100324,2022년 9월 18일 18시,일요일,대구광역시 동구 신천동,경상사고,0,0,1,0,차대차 - 기타,교차로운행방법위반,건조,맑음,교차로 - 교차로부근,승용,여,45세,상해없음,이륜,남,17세,상해없음