사고번호,사고일시,요일,시군구,사고내용,사망자수,중상자수,경상자수,부상신고자수,사고유형,법규위반,노면상태,기상상태,도로형태,가해운전자 차종,가해운전자 성별,가해운전자 연령,가해운전자 상해정도,피해운전자 차종,피해운전자 성별,피해운전자 연령,피해운전자 상해정도
2022091800100325,2022년 9월 18일 18시,일요일,대구광역시 수성구 삼덕동,부상신고사고,0,0,0,2,차대차 - 측면충돌,안전운전불이행,건조,맑음,단일로 - 기타,승용,여,60세,상해없음,화물,남,60세,부상신고
2022091800100413,2022년 9월 18일 21시,일요일,대구광역시 서구 내당동,경상사고,0,0,3,0,차대차 - 측면충돌,안전거리미확보,건조,맑음,단일로 - 기타,승용,여,29세,상해없음,승용,남,39세,경상
2022091800100428,2022년 9월 18일 22시,일요일,대구광역시 중구 남성로,경상사고,0,0,2,0,차대차 - 기타,신호위반,건조,맑음,교차로 - 교차로부근,승용,남,25세,상해없음,승용,남,28세,경상
2022091900100036,2022년 9월 19일 05시,월요일,대구광역시 동구 신천동,중상사고,0,1,0,0,차대차 - 측면충돌,신호위반,건조,맑음,교차로 - 교차로안,승용,남,32세,상해없음,승용,남,53세,중상
2022091900100098,2022년 9월 19일 08시,월요일,대구광역시 동구 부동,중상사고,0,1,0,0,차대차 - 측면충돌,안전운전불이행,건조,맑음,단일로 - 기타,승용,여,53세,상해없음,자전거,여,78세,중상
2022091900100099,2022년 9월 19일 08시,월요일,대구광역시 달서구 월성동,경상사고,0,0,2,0,차대차 - 측면충돌,안전운전불이행,건조,맑음,교차로 - 교차로안,승용,여,52세,상해없음,승용,여,47세,경상
2022091900100130,2022년 9월 19일 09시,월요일,대구광역시 동구 중대동,경상사고,0,0,1,0,차대차 - 정면충돌,중앙선침범,건조,맑음,단일로 - 지하차도(도로)내,승용,남,63세,상해없음,승용,남,76세,경상
2022091900100184,2022년 9월 19일 11시,월요일,대구광역시 수성구 황금동,경상사고,0,0,1,0,차대차 - 기타,신호위반,건조,맑음,단일로 - 기타,승용,여,55세,기타불명,이륜,남,41세,경상
2022091900100185,2022년 9월 19일 11시,월요일,대구광역시 달서구 상인동,경상사고,0,0,1,0,차대차 - 기타,안전운전불이행,젖음/습기,비,단일로 - 기타,승용,남,49세,상해없음,이륜,남,49세,경상
2022091900100186,2022년 9월 19일 11시,월요일,대구광역시 북구 산격동,부상신고사고,0,0,0,1,차대사람 - 기타,안전운전불이행,건조,맑음,단일로 - 기타,승합,남,62세,상해없음,보행자,남,88세,부상신고
2022091900100187,2022년 9월 19일 11시,월요일,대구광역시 서구 내당동,경상사고,0,0,1,0,차대사람 - 차도통행중,안전운전불이행,건조,맑음,단일로 - 기타,승용,남,35세,상해없음,보행자,여,70세,경상
2022091900100188,2022년 9월 19일 11시,월요일,대구광역시 달서구 두류동,경상사고,0,0,2,0,차대차 - 측면충돌,안전거리미확보,건조,맑음,교차로 - 교차로안,이륜,남,36세,경상,승용,남,55세,경상
2022091900100210,2022년 9월 19일 12시,월요일,대구광역시 북구 노원동2가,경상사고,0,0,1,0,차대차 - 측면충돌,교차로운행방법위반,건조,맑음,교차로 - 교차로안,이륜,남,64세,경상,화물,남,51세,기타불명
2022091900100238,2022년 9월 19일 13시,월요일,대구광역시 남구 대명동,중상사고,0,1,0,0,차량단독 - 기타,안전운전불이행,건조,맑음,기타 - 기타,자전거,남,79세,중상,,,,
2022091900100275,2022년 9월 19일 14시,월요일,대구광역시 동구 입석동,경상사고,0,0,1,0,차대차 - 기타,안전운전불이행,건조,맑음,단일로 - 기타,승합,남,48세,상해없음,화물,남,48세,상해없음
2022091900100276,2022년 9월 19일 14시,월요일,대구광역시 달서구 유천동,경상사고,0,0,1,0,차대차 - 측면충돌,보행자보호의무위반,건조,맑음,기타 - 기타,승용,여,43세,기타불명,자전거,남,10세,경상
2022091900100310,2022년 9월 19일 15시,월요일,대구광역시 북구 사수동,경상사고,0,0,2,0,차대차 - 측면충돌,직진우회전진행방해,건조,맑음,교차로 - 교차로안,승용,남,36세,기타불명,승용,여,34세,경상
2022091900100351,2022년 9월 19일 16시,월요일,대구광역시 북구 복현동,경상사고,0,0,2,0,차대차 - 정면충돌,중앙선침범,건조,맑음,교차로 - 교차로부근,승용,남,27세,상해없음,승용,여,44세,경상
2022091900100352,2022년 9월 19일 16시,월요일,대구광역시 서구 평리동,부상신고사고,0,0,0,1,차대차 - 측면충돌,안전운전불이행,건조,맑음,단일로 - 기타,자전거,남,74세,부상신고,승용,남,33세,기타불명
2022091900100399,2022년 9월 19일 17시,월요일,대구광역시 수성구 지산동,경상사고,0,0,2,0,차대차 - 측면충돌,안전운전불이행,건조,맑음,단일로 - 기타,승용,남,63세,상해없음,승용,여,50세,경상
2022091900100438,2022년 9월 19일 18시,월요일,대구광역시 북구 산격동,중상사고,0,1,1,0,차대차 - 정면충돌,중앙선침범,건조,맑음,단일로 - 기타,승용,여,65세,경상,승용,여,42세,중상
2022091900100439,2022년 9월 19일 18시,월요일,대구광역시 북구 산격동,중상사고,0,1,0,0,차대차 - 정면충돌,안전운전불이행,건조,맑음,교차로 - 교차로부근,자전거,남,45세,중상,이륜,남,25세,상해없음
2022091900100440,2022년 9월 19일 18시,월요일,대구광역시 중구 향촌동,경상사고,0,0,1,0,차대차 - 기타,안전운전불이행,건조,맑음,단일로 - 기타,승용,남,38세,상해없음,이륜,남,55세,경상
2022091900100475,2022년 9월 19일 19시,월요일,대구광역시 수성구 범어동,경상사고,0,0,2,0,차대차 - 측면충돌,안전운전불이행,건조,맑음,단일로 - 기타,승용,여,54세,상해없음,승용,남,45세,경상
2022091900100509,2022년 9월 19일 20시,월요일,대구광역시 달성군 다사읍,경상사고,0,0,1,0,차대차 - 기타,안전운전불이행,건조,맑음,단일로 - 기타,기타불명,기타불명,미분류,기타불명,이륜,남,53세,경상
2022091900100533,2022년 9월 19일 21시,월요일,대구광역시 동구 신암동,중상사고,0,1,0,0,차대사람 - 횡단중,안전운전불이행,건조,맑음,단일로 - 기타,승용,남,55세,상해없음,보행자,남,31세,중상
2022091900100534,2022년 9월 19일 21시,월요일,대구광역시 동구 효목동,경상사고,0,0,3,1,차대차 - 측면충돌,안전운전불이행,건조,맑음,교차로 - 교차로안,승용,남,65세,부상신고,승용,남,36세,경상
2022092000100008,2022년 9월 20일 00시,화요일,대구광역시 서구 평리동,경상사고,0,0,1,0,차대차 - 측면충돌,신호위반,건조,맑음,교차로 - 교차로안,승용,남,43세,상해없음,화물,남,65세,경상
2022092000100027,2022년 9월 20일 03시,화요일,대구광역시 남구 봉덕동,중상사고,0,2,6,0,차대사람 - 기타,안전운전불이행,건조,맑음,단일로 - 기타,승용,여,47세,상해없음,보행자,남,46세,중상
2022092000100076,2022년 9월 20일 07시,화요일,대구광역시 수성구 범어동,경상사고,0,0,1,0,차대차 - 측면충돌,차로위반,건조,맑음,단일로 - 기타,건설기계,남,71세,상해없음,승용,여,31세,경상
2022092000100119,2022년 9월 20일 08시,화요일,대구광역시 달서구 대천동,경상사고,0,0,2,0,차대차 - 측면충돌,안전거리미확보,건조,맑음,단일로 - 기타,화물,남,35세,경상,승용,남,53세,경상
2022092000100158,2022년 9월 20일 09시,화요일,대구광역시 북구 산격동,중상사고,0,1,0,0,차대차 - 후진중충돌,기타,건조,맑음,단일로 - 기타,승용,남,61세,중상,승용,남,35세,상해없음
2022092000100180,2022년 9월 20일 10시,화요일,대구광역시 수성구 범어동,경상사고,0,0,1,0,차대차 - 추돌,안전운전불이행,건조,맑음,단일로 - 기타,화물,남,64세,상해없음,승용,남,53세,경상
2022092000100226,2022년 9월 20일 11시,화요일,대구광역시 달서구 신당동,경상사고,0,0,1,0,차대사람 - 횡단중,안전운전불이행,건조,맑음,교차로 - 교차로횡단보도내,승용,남,21세,상해없음,보행자,남,21세,경상
2022092000100227,2022년 9월 20일 11시,화요일,대구광역시 북구 동천동,경상사고,0,0,1,0,차대차 - 측면충돌,안전운전불이행,건조,맑음,단일로 - 기타,자전거,남,61세,경상,승용,남,50세,상해없음
2022092000100250,2022년 9월 20일 12시,화요일,대구광역시 북구 침산동,경상사고,0,0,1,0,차대차 - 측면충돌,안전운전불이행,건조,맑음,교차로 - 교차로안,이륜,남,54세,경상,승용,여,46세,상해없음
2022092000100285,2022년 9월 20일 13시,화요일,대구광역시 서구 평리동,경상사고,0,0,1,0,차대차 - 측면충돌,안전운전불이행,건조,맑음,단일로 - 기타,화물,남,25세,상해없음,승용,남,70세,경상
2022092000100286,2022년 9월 20일 13시,화요일,대구광역시 달서구 성당동,부상신고사고,0,0,0,1,차대사람 - 기타,안전운전불이행,건조,맑음,단일로 - 기타,승합,남,42세,상해없음,보행자,여,79세,부상신고
2022092000100287,2022년 9월 20일 13시,화요일,대구광역시 북구 학정동,경상사고,0,0,1,0,차대차 - 추돌,안전운전불이행,건조,맑음,단일로 - 기타,승용,남,57세,상해없음,승용,여,44세,경상
2022092000100362,2022년 9월 20일 15시,화요일,대구광역시 남구 이천동,경상사고,0,0,1,1,차대차 - 측면충돌,안전운전불이행,건조,맑음,단일로 - 지하차도(도로)내,화물,남,47세,상해없음,화물,남,40세,경상
2022092000100407,2022년 9월 20일 16시,화요일,대구광역시 동구 용계동,경상사고,0,0,1,0,차대차 - 측면충돌,신호위반,건조,맑음,교차로 - 교차로안,승용,남,18세,상해없음,승용,여,44세,경상
2022092000100408,2022년 9월 20일 16시,화요일,대구광역시 서구 내당동,경상사고,0,0,1,0,차대차 - 추돌,안전운전불이행,건조,맑음,교차로 - 교차로부근,승용,남,65세,상해없음,승용,남,22세,경상
2022092000100409,2022년 9월 20일 16시,화요일,대구광역시 달서구 장기동,경상사고,0,0,1,0,차대차 - 측면충돌,안전거리미확보,건조,맑음,단일로 - 기타,승용,남,61세,상해없음,이륜,남,46세,경상
2022092000100449,2022년 9월 20일 17시,화요일,대구광역시 수성구 지산동,부상신고사고,0,0,0,1,차대사람 - 기타,안전운전불이행,건조,맑음,교차로 - 교차로안,승합,여,55세,상해없음,보행자,남,49세,부상신고
2022092000100450,2022년 9월 20일 17시,화요일,대구광역시 달성군 다사읍,경상사고,0,0,2,0,차대차 - 측면충돌,안전운전불이행,건조,맑음,교차로 - 교차로안,승용,여,30세,경상,승용,여,55세,경상
2022092000100451,2022년 9월 20일 17시,화요일,대구광역시 중구 동산동,경상사고,0,0,2,0,차대차 - 측면충돌,차로위반,건조,맑음,단일로 - 기타,승용,여,62세,상해없음,승용,남,29세,경상
2022092000100500,2022년 9월 20일 18시,화요일,대구광역시 수성구 지산동,경상사고,0,0,1,0,차대사람 - 기타,안전운전불이행,건조,맑음,교차로 - 교차로횡단보도내,승용,남,52세,상해없음,보행자,남,16세,경상
2022092000100501,2022년 9월 20일 18시,화요일,대구광역시 달서구 송현동,경상사고,0,0,2,0,차대사람 - 횡단중,안전운전불이행,건조,맑음,단일로 - 기타,자전거,남,52세,상해없음,보행자,여,31세,경상
2022092000100539,2022년 9월 20일 19시,화요일,대구광역시 달성군 다사읍,중상사고,0,1,0,0,차대차 - 기타,안전운전불이행,건조,맑음,단일로 - 기타,자전거,남,67세,중상,이륜,남,54세,상해없음
2022092000100540,2022년 9월 20일 19시,화요일,대구광역시 달서구 신당동,경상사고,0,0,1,0,차대차 - 측면충돌,안전운전불이행,건조,맑음,단일로 - 기타,이륜,남,17세,상해없음,승용,여,26세,경상
2022092000100572,2022년 9월 20일 20시,화요일,대구광역시 달서구 상인동,경상사고,0,0,1,0,차대차 - 측면충돌,안전거리미확보,건조,맑음,단일로 - 기타,승용,남,75세,상해없음,승용,남,32세,경상
2022092000100629,2022년 9월 20일 22시,화요일,대구광역시 동구 율하동,경상사고,0,0,1,0,차량단독 - 전도전복 - 전도,안전운전불이행,건조,맑음,교차로 - 교차로안,이륜,남,62세,경상,,,,
2022092000100630,2022년 9월 20일 22시,화요일,대구광역시 수성구 범어동,중상사고,0,1,0,0,차대차 - 측면충돌,차로위반,건조,맑음,단일로 - 기타,승합,남,55세,상해없음,이륜,남,31세,중상
2022092100100014,2022년 9월 21일 02시,수요일,대구광역시 북구 태전동,중상사고,0,1,2,0,차대차 - 측면충돌,안전운전불이행,건조,맑음,단일로 - 기타,승용,남,68세,상해없음,승용,남,70세,중상
2022092100100040,2022년 9월 21일 06시,수요일,대구광역시 동구 신암동,경상사고,0,0,1,0,차대차 - 측면충돌,안전운전불이행,건조,맑음,단일로 - 기타,화물,남,65세,상해없음,자전거,남,61세,경상
2022092100100108,2022년 9월 21일 08시,수요일,대구광역시 수성구 수성동2가,경상사고,0,0,1,0,차대사람 - 횡단중,안전운전불이행,건조,맑음,단일로 - 기타,승용,여,42세,상해없음,보행자,남,14세,경상
2022092100100109,2022년 9월 21일 08시,수요일,대구광역시 수성구 지산동,중상사고,0,1,0,0,차대사람 - 횡단중,보행자보호의무위반,건조,맑음,교차로 - 교차로횡단보도내,승용,남,43세,상해없음,보행자,남,55세,중상
2022092100100110,2022년 9월 21일 08시,수요일,대구광역시 달서구 성당동,경상사고,0,0,1,0,차대사람 - 기타,안전운전불이행,건조,맑음,단일로 - 기타,승용,남,74세,상해없음,보행자,여,40세,경상
2022092100100154,2022년 9월 21일 09시,수요일,대구광역시 수성구 만촌동,중상사고,0,1,0,0,차대사람 - 횡단중,신호위반,건조,맑음,단일로 - 기타,승용,남,63세,상해없음,보행자,남,77세,중상
2022092100100155,2022년 9월 21일 09시,수요일,대구광역시 서구 상리동,경상사고,0,0,1,1,차대차 - 측면충돌,직진우회전진행방해,건조,맑음,교차로 - 교차로안,승용,남,60세,부상신고,승용,여,26세,경상
2022092100100156,2022년 9월 21일 09시,수요일,대구광역시 북구 구암동,중상사고,0,1,0,0,차대차 - 측면충돌,안전운전불이행,건조,맑음,단일로 - 지하차도(도로)내,승용,남,66세,상해없음,자전거,남,86세,중상
2022092100100196,2022년 9월 21일 10시,수요일,대구광역시 중구 수창동,부상신고사고,0,0,0,1,차대차 - 측면충돌,신호위반,건조,맑음,단일로 - 기타,이륜,남,52세,부상신고,승용,여,49세,상해없음
2022092100100227,2022년 9월 21일 11시,수요일,대구광역시 달서구 월성동,중상사고,0,1,0,0,차대사람 - 횡단중,안전운전불이행,건조,맑음,단일로 - 기타,승용,여,61세,상해없음,보행자,여,77세,중상
2022092100100228,2022년 9월 21일 11시,수요일,대구광역시 북구 칠성동2가,중상사고,0,1,0,0,차대사람 - 횡단중,안전운전불이행,건조,맑음,단일로 - 기타,이륜,남,41세,상해없음,보행자,여,60세,중상
2022092100100229,2022년 9월 21일 11시,수요일,대구광역시 중구 공평동,경상사고,0,0,1,0,차대사람 - 기타,안전운전불이행,건조,맑음,단일로 - 기타,화물,남,70세,상해없음,보행자,여,41세,경상
2022092100100230,2022년 9월 21일 11시,수요일,대구광역시 달서구 호산동,경상사고,0,0,1,0,차대사람 - 기타,안전운전불이행,건조,맑음,단일로 - 기타,승용,남,39세,상해없음,보행자,남,18세,경상
2022092100100265,2022년 9월 21일 12시,수요일,대구광역시 수성구 파동,경상사고,0,0,1,0,차대차 - 기타,안전운전불이행,건조,맑음,단일로 - 기타,건설기계,남,68세,기타불명,승용,여,32세,경상
2022092100100266,2022년 9월 21일 12시,수요일,대구광역시 북구 산격동,경상사고,0,0,1,0,차대사람 - 차도통행중,보행자보호의무위반,건조,맑음,교차로 - 교차로부근,승합,남,65세,상해없음,보행자,여,68세,경상
2022092100100298,2022년 9월 21일 13시,수요일,대구광역시 달서구 진천동,경상사고,0,0,1,0,차대차 - 측면충돌,기타,건조,맑음,교차로 - 교차로안,승용,남,41세,상해없음,자전거,남,10세,경상
2022092100100334,2022년 9월 21일 14시,수요일,대구광역시 동구 용계동,중상사고,0,1,0,0,차대차 - 기타,안전거리미확보,건조,맑음,단일로 - 기타,승용,남,48세,기타불명,승용,여,43세,중상
2022092100100335,2022년 9월 21일 14시,수요일,대구광역시 달성군 가창면,중상사고,0,3,2,0,차대차 - 기타,안전운전불이행,건조,맑음,단일로 - 기타,승용,남,83세,중상,승용,여,39세,중상
2022092100100336,2022년 9월 21일 14시,수요일,대구광역시 북구 동천동,경상사고,0,0,1,0,차대차 - 측면충돌,안전운전불이행,건조,맑음,교차로 - 교차로횡단보도내,승용,남,71세,상해없음,자전거,남,12세,경상
2022092100100373,2022년 9월 21일 15시,수요일,대구광역시 수성구 중동,경상사고,0,0,1,0,차대차 - 측면충돌,안전운전불이행,건조,맑음,교차로 - 교차로안,자전거,남,79세,경상,승용,남,68세,상해없음
2022092100100417,2022년 9월 21일 16시,수요일,대구광역시 수성구 만촌동,경상사고,0,0,1,0,차대차 - 측면충돌,안전거리미확보,건조,맑음,교차로 - 교차로안,승용,여,62세,상해없음,승용,남,32세,경상
2022092100100418,2022년 9월 21일 16시,수요일,대구광역시 수성구 범물동,경상사고,0,0,1,0,차대사람 - 횡단중,안전운전불이행,건조,맑음,단일로 - 기타,승합,남,57세,상해없음,보행자,남,70세,경상
2022092100100419,2022년 9월 21일 16시,수요일,대구광역시 수성구 황금동,경상사고,0,0,1,0,차대차 - 추돌,안전운전불이행,건조,맑음,단일로 - 기타,승용,여,38세,상해없음,승용,남,55세,경상
2022092100100420,2022년 9월 21일 16시,수요일,대구광역시 달성군 화원읍,중상사고,0,1,0,0,차대사람 - 기타,안전운전불이행,건조,맑음,주차장 - 주차장,승용,남,64세,상해없음,보행자,여,67세,중상
2022092100100421,2022년 9월 21일 16시,수요일,대구광역시 중구 계산동2가,경상사고,0,0,1,0,차대차 - 기타,안전운전불이행,건조,맑음,단일로 - 기타,승용,여,36세,상해없음,이륜,남,54세,경상
2022092100100487,2022년 9월 21일 17시,수요일,대구광역시 수성구 황금동,경상사고,0,0,1,0,차대차 - 추돌,안전운전불이행,건조,맑음,단일로 - 기타,승용,남,62세,기타불명,승용,여,39세,경상
2022092100100488,2022년 9월 21일 17시,수요일,대구광역시 수성구 중동,경상사고,0,0,2,0,차대차 - 측면충돌,안전거리미확보,건조,맑음,단일로 - 기타,승용,남,65세,경상,승용,남,54세,경상
2022092100100489,2022년 9월 21일 17시,수요일,대구광역시 서구 내당동,경상사고,0,0,1,0,차대차 - 측면충돌,안전거리미확보,건조,맑음,단일로 - 기타,승용,여,55세,상해없음,이륜,남,64세,경상
2022092100100534,2022년 9월 21일 18시,수요일,대구광역시 남구 대명동,경상사고,0,0,1,0,차대차 - 기타,안전운전불이행,건조,맑음,단일로 - 기타,이륜,남,53세,상해없음,승용,여,53세,경상
2022092100100535,2022년 9월 21일 18시,수요일,대구광역시 달서구 월성동,경상사고,0,0,1,0,차대차 - 측면충돌,안전운전불이행,건조,맑음,교차로 - 교차로횡단보도내,자전거,남,18세,경상,승용,남,36세,상해없음
2022092100100536,2022년 9월 21일 18시,수요일,대구광역시 북구 학정동,경상사고,0,0,2,0,차대차 - 측면충돌,차로위반,건조,맑음,단일로 - 지하차도(도로)내,승용,남,72세,상해없음,승용,남,62세,상해없음
2022092100100572,2022년 9월 21일 19시,수요일,대구광역시 동구 불로동,경상사고,0,0,3,0,차대차 - 추돌,안전거리미확보,건조,맑음,단일로 - 기타,승용,남,26세,경상,승용,남,38세,상해없음
2022092100100573,2022년 9월 21일 19시,수요일,대구광역시 달서구 상인동,중상사고,0,1,0,0,차량단독 - 공작물충돌,안전운전불이행,건조,맑음,단일로 - 기타,승용,남,62세,중상,,,,
2022092100100574,2022년 9월 21일 19시,수요일,대구광역시 서구 중리동,경상사고,0,0,4,0,차대차 - 추돌,안전운전불이행,건조,맑음,교차로 - 교차로부근,승용,여,55세,상해없음,승용,여,53세,경상
2022092100100575,2022년 9월 21일 19시,수요일,대구광역시 중구 달성동,부상신고사고,0,0,0,1,차대차 - 측면충돌,안전운전불이행,건조,맑음,교차로 - 교차로부근,승용,여,25세,상해없음,화물,남,52세,상해없음
2022092100100609,2022년 9월 21일 20시,수요일,대구광역시 서구 평리동,경상사고,0,0,1,0,차대차 - 측면충돌,안전운전불이행,건조,맑음,기타 - 기타,승용,남,67세,상해없음,원동기,여,51세,경상
2022092100100610,2022년 9월 21일 20시,수요일,대구광역시 중구 태평로1가,중상사고,0,1,0,0,차대사람 - 차도통행중,안전운전불이행,건조,맑음,단일로 - 기타,승용,여,57세,상해없음,보행자,남,81세,중상
2022092100100638,2022년 9월 21일 21시,수요일,대구광역시 남구 이천동,경상사고,0,0,1,0,차대차 - 기타,안전운전불이행,건조,맑음,교차로 - 교차로부근,승용,남,63세,상해없음,승용,여,33세,경상
2022092100100639,2022년 9월 21일 21시,수요일,대구광역시 동구 율하동,경상사고,0,0,1,1,차대차 - 측면충돌,직진우회전진행방해,건조,맑음,교차로 - 교차로안,승용,남,77세,부상신고,승용,여,36세,경상
2022092100100640,2022년 9월 21일 21시,수요일,대구광역시 달성군 옥포읍,중상사고,0,1,0,0,차대차 - 기타,안전운전불이행,건조,맑음,기타 - 기타,화물,남,30세,상해없음,승용,남,53세,중상
2022092100100641,2022년 9월 21일 21시,수요일,대구광역시 북구 학정동,경상사고,0,0,1,0,차대사람 - 횡단중,안전운전불이행,건조,맑음,단일로 - 지하차도(도로)내,승용,여,55세,상해없음,보행자,남,56세,경상
2022092100100672,2022년 9월 21일 23시,수요일,대구광역시 동구 검사동,경상사고,0,0,1,0,차대차 - 측면충돌,교차로운행방법위반,건조,맑음,교차로 - 교차로안,승용,여,25세,상해없음,이륜,남,62세,경상
2022092200100021,2022년 9월 22일 02시,목요일,대구광역시 수성구 중동,경상사고,0,0,1,0,차대차 - 측면충돌,중앙선침범,건조,맑음,단일로 - 기타,승용,남,24세,상해없음,승용,남,41세,경상
2022092200100043,2022년 9월 22일 05시,목요일,대구광역시 중구 태평로1가,중상사고,0,1,0,0,차대사람 - 횡단중,안전운전불이행,건조,맑음,단일로 - 기타,승용,남,47세,상해없음,보행자,여,80세,중상
2022092200100085,2022년 9월 22일 07시,목요일,대구광역시 서구 비산동,중상사고,0,1,0,0,차대사람 - 보도통행중,보행자보호의무위반,건조,맑음,교차로 - 교차로횡단보도내,승용,여,40세,상해없음,보행자,남,27세,중상
2022092200100133,2022년 9월 22일 08시,목요일,대구광역시 동구 각산동,경상사고,0,0,2,0,차대차 - 측면충돌,교차로운행방법위반,건조,맑음,교차로 - 교차로안,승용,남,39세,경상,승용,남,50세,경상
2022092200100134,2022년 9월 22일 08시,목요일,대구광역시 수성구 범어동,경상사고,0,0,2,0,차대차 - 측면충돌,안전운전불이행,건조,맑음,교차로 - 교차로부근,건설기계,남,49세,경상,승용,남,65세,경상
2022092200100135,2022년 9월 22일 08시,목요일,대구광역시 수성구 신매동,부상신고사고,0,0,0,1,차대차 - 추돌,교차로운행방법위반,건조,맑음,교차로 - 교차로안,이륜,남,24세,부상신고,승용,남,56세,기타불명
2022092200100212,2022년 9월 22일 10시,목요일,대구광역시 달서구 본동,경상사고,0,0,2,0,차대차 - 추돌,안전운전불이행,건조,맑음,단일로 - 기타,화물,남,27세,상해없음,화물,남,28세,경상
2022092200100238,2022년 9월 22일 11시,목요일,대구광역시 수성구 만촌동,부상신고사고,0,0,0,1,차대차 - 기타,안전운전불이행,건조,맑음,기타 - 기타,기타불명,기타불명,미분류,기타불명,자전거,남,81세,부상신고
2022092200100239,2022년 9월 22일 11시,목요일,대구광역시 북구 연경동,경상사고,0,0,2,0,차대차 - 정면충돌,교차로운행방법위반,건조,맑음,교차로 - 교차로안,승용,여,40세,경상,승용,남,50세,경상
2022092200100273,2022년 9월 22일 12시,목요일,대구광역시 남구 대명동,경상사고,0,0,1,0,차대차 - 추돌,안전운전불이행,건조,맑음,교차로 - 교차로안,자전거,여,61세,상해없음,이륜,남,48세,경상
2022092200100274,2022년 9월 22일 12시,목요일,대구광역시 북구 구암동,경상사고,0,0,1,0,차대차 - 측면충돌,안전운전불이행,건조,맑음,단일로 - 기타,승용,여,59세,상해없음,자전거,여,65세,경상
2022092200100307,2022년 9월 22일 13시,목요일,대구광역시 남구 대명동,경상사고,0,0,1,0,차대차 - 기타,안전운전불이행,건조,맑음,단일로 - 기타,화물,남,70세,상해없음,자전거,남,53세,경상
2022092200100308,2022년 9월 22일 13시,목요일,대구광역시 동구 각산동,경상사고,0,0,1,0,차대차 - 후진중충돌,안전운전불이행,건조,맑음,단일로 - 지하차도(도로)내,승용,여,36세,기타불명,원동기,남,48세,경상
2022092200100309,2022년 9월 22일 13시,목요일,대구광역시 달서구 두류동,중상사고,0,1,0,0,차대차 - 기타,안전운전불이행,건조,맑음,교차로 - 교차로부근,승용,여,58세,상해없음,이륜,남,77세,중상
2022092200100332,2022년 9월 22일 14시,목요일,대구광역시 수성구 지산동,경상사고,0,0,1,0,차대차 - 측면충돌,안전운전불이행,건조,맑음,단일로 - 기타,승용,여,70세,상해없음,승용,남,57세,경상
2022092200100333,2022년 9월 22일 14시,목요일,대구광역시 수성구 범어동,부상신고사고,0,0,0,1,차대사람 - 보도통행중,기타,건조,맑음,단일로 - 기타,기타불명,기타불명,미분류,기타불명,보행자,여,26세,부상신고
2022092200100334,2022년 9월 22일 14시,목요일,대구광역시 북구 태전동,경상사고,0,0,1,0,차대차 - 측면충돌,안전운전불이행,건조,맑음,교차로 - 교차로안,승용,남,65세,상해없음,승용,남,50세,경상
2022092200100367,2022년 9월 22일 15시,목요일,대구광역시 수성구 수성동3가,부상신고사고,0,0,0,1,차대차 - 기타,안전운전불이행,건조,맑음,기타 - 기타,기타불명,기타불명,미분류,기타불명,자전거,남,11세,부상신고
2022092200100369,2022년 9월 22일 15시,목요일,대구광역시 달성군 다사읍,경상사고,0,0,1,0,차대사람 - 횡단중,안전운전불이행,건조,맑음,기타 - 기타,승용,여,39세,상해없음,보행자,여,6세,경상
2022092200100449,2022년 9월 22일 17시,목요일,대구광역시 달성군 논공읍,중상사고,0,1,0,1,차대차 - 측면충돌,교차로운행방법위반,건조,맑음,교차로 - 교차로부근,승용,남,60세,부상신고,승용,남,32세,중상
2022092200100486,2022년 9월 22일 18시,목요일,대구광역시 달서구 월성동,경상사고,0,0,2,0,차대차 - 추돌,안전운전불이행,건조,맑음,교차로 - 교차로부근,화물,남,53세,상해없음,승용,남,46세,경상
2022092200100487,2022년 9월 22일 18시,목요일,대구광역시 북구 복현동,중상사고,0,1,0,0,차대사람 - 기타,안전운전불이행,건조,흐림,기타 - 기타,자전거,남,56세,상해없음,보행자,여,58세,중상
2022092200100488,2022년 9월 22일 18시,목요일,대구광역시 북구 서변동,중상사고,0,1,0,0,차대차 - 측면충돌,교차로운행방법위반,건조,맑음,교차로 - 교차로안,승용,남,57세,상해없음,원동기,남,34세,중상
2022092200100546,2022년 9월 22일 19시,목요일,대구광역시 동구 검사동,경상사고,0,0,1,0,차대차 - 추돌,안전운전불이행,건조,맑음,단일로 - 기타,승용,남,67세,상해없음,승용,남,43세,경상
2022092200100547,2022년 9월 22일 19시,목요일,대구광역시 수성구 두산동,중상사고,0,1,4,0,차대차 - 추돌,안전운전불이행,건조,맑음,기타 - 기타,승용,남,62세,기타불명,승용,여,46세,중상
2022092200100573,2022년 9월 22일 20시,목요일,대구광역시 수성구 사월동,경상사고,0,0,1,0,차대사람 - 횡단중,안전운전불이행,건조,맑음,교차로 - 교차로안,승용,남,48세,상해없음,보행자,남,72세,경상
2022092200100598,2022년 9월 22일 21시,목요일,대구광역시 수성구 범어동,경상사고,0,0,1,0,차대차 - 측면충돌,안전운전불이행,건조,맑음,단일로 - 기타,승용,남,54세,상해없음,이륜,남,36세,경상
2022092200100599,2022년 9월 22일 21시,목요일,대구광역시 달서구 상인동,부상신고사고,0,0,0,1,차대차 - 측면충돌,안전운전불이행,건조,맑음,기타 - 기타,승용,여,63세,상해없음,이륜,남,23세,부상신고