사고번호,사고일시,요일,시군구,사고내용,사망자수,중상자수,경상자수,부상신고자수,사고유형,법규위반,노면상태,기상상태,도로형태,가해운전자 차종,가해운전자 성별,가해운전자 연령,가해운전자 상해정도,피해운전자 차종,피해운전자 성별,피해운전자 연령,피해운전자 상해정도
2022092200100620,2022년 9월 22일 22시,목요일,대구광역시 남구 대명동,중상사고,0,1,0,0,차대차 - 기타,안전거리미확보,건조,맑음,단일로 - 기타,승용,남,72세,상해없음,이륜,남,24세,중상
2022092200100621,2022년 9월 22일 22시,목요일,대구광역시 수성구 사월동,경상사고,0,0,2,0,차대차 - 측면충돌,안전운전불이행,건조,맑음,단일로 - 기타,승용,여,23세,상해없음,개인형이동수단(PM),여,16세,경상
2022092200100622,2022년 9월 22일 22시,목요일,대구광역시 북구 침산동,중상사고,0,1,1,0,차대차 - 측면충돌,신호위반,건조,맑음,단일로 - 기타,화물,남,55세,상해없음,승용,남,31세,경상
2022092200100623,2022년 9월 22일 22시,목요일,대구광역시 달서구 성당동,경상사고,0,0,1,0,차대차 - 기타,안전운전불이행,건조,맑음,교차로 - 교차로안,승합,남,67세,상해없음,승용,남,43세,경상
2022092300100053,2022년 9월 23일 06시,금요일,대구광역시 달서구 상인동,경상사고,0,0,1,0,차대차 - 측면충돌,안전운전불이행,건조,맑음,단일로 - 기타,건설기계,남,53세,상해없음,승합,남,51세,경상
2022092300100071,2022년 9월 23일 07시,금요일,대구광역시 수성구 수성동4가,경상사고,0,0,1,0,차대사람 - 길가장자리구역통행중,안전운전불이행,건조,맑음,교차로 - 교차로부근,승용,여,41세,상해없음,보행자,여,58세,경상
2022092300100104,2022년 9월 23일 08시,금요일,대구광역시 달성군 다사읍,경상사고,0,0,1,0,차대차 - 기타,안전운전불이행,건조,맑음,기타 - 기타,승용,남,78세,상해없음,승용,남,25세,경상
2022092300100178,2022년 9월 23일 10시,금요일,대구광역시 수성구 연호동,경상사고,0,0,1,0,차대차 - 측면충돌,교차로운행방법위반,건조,맑음,단일로 - 기타,승용,여,23세,상해없음,승용,여,64세,경상
2022092300100179,2022년 9월 23일 10시,금요일,대구광역시 수성구 매호동,중상사고,0,1,0,0,차대사람 - 기타,안전운전불이행,건조,맑음,단일로 - 기타,승합,남,26세,상해없음,보행자,여,78세,중상
2022092300100181,2022년 9월 23일 10시,금요일,대구광역시 북구 칠성동1가,부상신고사고,0,0,0,1,차대사람 - 보도통행중,기타,건조,맑음,기타 - 기타,기타불명,기타불명,미분류,기타불명,보행자,남,80세,부상신고
2022092300100215,2022년 9월 23일 11시,금요일,대구광역시 달서구 월암동,경상사고,0,0,1,0,차대차 - 기타,중앙선침범,건조,맑음,단일로 - 기타,화물,남,37세,상해없음,승용,여,46세,경상
2022092300100216,2022년 9월 23일 11시,금요일,대구광역시 서구 평리동,경상사고,0,0,1,0,차대차 - 측면충돌,직진우회전진행방해,건조,맑음,교차로 - 교차로안,이륜,남,21세,경상,승용,남,28세,상해없음
2022092300100248,2022년 9월 23일 12시,금요일,대구광역시 북구 매천동,경상사고,0,0,1,0,차대차 - 추돌,안전거리미확보,건조,맑음,교차로 - 교차로부근,화물,남,43세,상해없음,승용,여,59세,경상
2022092300100333,2022년 9월 23일 14시,금요일,대구광역시 동구 중대동,중상사고,0,1,0,0,차대사람 - 횡단중,안전운전불이행,건조,맑음,단일로 - 기타,승합,남,32세,상해없음,보행자,남,64세,중상
2022092300100334,2022년 9월 23일 14시,금요일,대구광역시 수성구 수성동1가,경상사고,0,0,1,0,차대차 - 추돌,안전운전불이행,건조,맑음,단일로 - 기타,승용,남,78세,상해없음,승용,여,33세,경상
2022092300100335,2022년 9월 23일 14시,금요일,대구광역시 서구 이현동,경상사고,0,0,1,0,차대차 - 측면충돌,교차로운행방법위반,건조,맑음,교차로 - 교차로횡단보도내,승용,남,77세,상해없음,화물,남,47세,경상
2022092300100336,2022년 9월 23일 14시,금요일,대구광역시 북구 국우동,중상사고,0,1,1,0,차대차 - 기타,교차로운행방법위반,건조,맑음,교차로 - 교차로안,승용,여,25세,상해없음,승합,남,50세,상해없음
2022092300100372,2022년 9월 23일 15시,금요일,대구광역시 달서구 상인동,경상사고,0,0,2,0,차대차 - 추돌,안전운전불이행,건조,맑음,기타 - 기타,승용,여,52세,상해없음,승용,여,62세,경상
2022092300100419,2022년 9월 23일 16시,금요일,대구광역시 수성구 시지동,경상사고,0,0,1,0,차대차 - 기타,안전운전불이행,건조,맑음,단일로 - 기타,승용,여,38세,상해없음,승합,남,36세,상해없음
2022092300100420,2022년 9월 23일 16시,금요일,대구광역시 달서구 두류동,경상사고,0,0,1,0,차대차 - 기타,안전운전불이행,건조,맑음,단일로 - 기타,승용,여,53세,상해없음,승용,남,45세,경상
2022092300100466,2022년 9월 23일 17시,금요일,대구광역시 동구 신천동,경상사고,0,0,1,0,차대차 - 추돌,안전운전불이행,건조,맑음,교차로 - 교차로부근,승용,남,10세,상해없음,승용,여,64세,경상
2022092300100467,2022년 9월 23일 17시,금요일,대구광역시 수성구 범물동,경상사고,0,0,2,0,차대차 - 측면충돌,안전운전불이행,건조,맑음,단일로 - 기타,승용,남,64세,상해없음,승용,남,50세,경상
2022092300100468,2022년 9월 23일 17시,금요일,대구광역시 수성구 상동,부상신고사고,0,0,0,1,차대차 - 측면충돌,안전운전불이행,건조,맑음,교차로 - 교차로부근,자전거,남,9세,부상신고,화물,남,37세,상해없음
2022092300100515,2022년 9월 23일 18시,금요일,대구광역시 수성구 범어동,경상사고,0,0,2,0,차대차 - 측면충돌,안전운전불이행,건조,맑음,교차로 - 교차로부근,승용,남,67세,상해없음,승용,여,57세,경상
2022092300100516,2022년 9월 23일 18시,금요일,대구광역시 달서구 월성동,경상사고,0,0,1,0,차대차 - 측면충돌,안전운전불이행,건조,맑음,교차로 - 교차로안,승용,남,49세,상해없음,승용,여,46세,경상
2022092300100517,2022년 9월 23일 18시,금요일,대구광역시 서구 원대동1가,경상사고,0,0,1,0,차대차 - 측면충돌,신호위반,건조,맑음,교차로 - 교차로안,승용,여,55세,상해없음,이륜,남,31세,경상
2022092300100518,2022년 9월 23일 18시,금요일,대구광역시 북구 동호동,경상사고,0,0,1,0,차대차 - 추돌,안전거리미확보,건조,맑음,단일로 - 교량,승용,여,54세,상해없음,승용,남,51세,경상
2022092300100573,2022년 9월 23일 19시,금요일,대구광역시 동구 각산동,경상사고,0,0,2,0,차대차 - 측면충돌,신호위반,건조,맑음,교차로 - 교차로안,이륜,남,19세,상해없음,승용,남,22세,경상
2022092300100606,2022년 9월 23일 20시,금요일,대구광역시 동구 신암동,중상사고,0,1,0,0,차대사람 - 횡단중,보행자보호의무위반,건조,맑음,교차로 - 교차로횡단보도내,승용,남,63세,상해없음,보행자,남,60세,중상
2022092300100607,2022년 9월 23일 20시,금요일,대구광역시 서구 비산동,경상사고,0,0,1,0,차대사람 - 보도통행중,보행자보호의무위반,건조,맑음,교차로 - 교차로횡단보도내,승용,여,25세,상해없음,보행자,여,39세,경상
2022092400100014,2022년 9월 24일 00시,토요일,대구광역시 북구 동천동,경상사고,0,0,1,0,차대차 - 측면충돌,직진우회전진행방해,건조,맑음,교차로 - 교차로안,이륜,남,60세,경상,승용,남,66세,상해없음
2022092400100022,2022년 9월 24일 01시,토요일,대구광역시 중구 대봉동,경상사고,0,0,1,0,차대사람 - 횡단중,안전운전불이행,건조,맑음,단일로 - 기타,개인형이동수단(PM),여,30세,상해없음,보행자,여,31세,경상
2022092400100047,2022년 9월 24일 04시,토요일,대구광역시 중구 남산동,중상사고,0,1,0,0,차대차 - 측면충돌,교차로운행방법위반,건조,맑음,교차로 - 교차로안,승용,여,54세,상해없음,자전거,남,17세,중상
2022092400100064,2022년 9월 24일 06시,토요일,대구광역시 서구 내당동,경상사고,0,0,1,0,차대차 - 정면충돌,신호위반,건조,맑음,교차로 - 교차로안,승용,남,73세,상해없음,승용,여,67세,경상
2022092400100098,2022년 9월 24일 08시,토요일,대구광역시 수성구 가천동,경상사고,0,0,1,1,차대차 - 측면충돌,안전운전불이행,건조,맑음,교차로 - 교차로안,승용,여,57세,부상신고,승용,여,36세,경상
2022092400100126,2022년 9월 24일 09시,토요일,대구광역시 달서구 두류동,경상사고,0,0,2,0,차대차 - 측면충돌,직진우회전진행방해,건조,맑음,교차로 - 교차로안,이륜,남,82세,상해없음,승용,여,44세,경상
2022092400100207,2022년 9월 24일 11시,토요일,대구광역시 동구 신암동,경상사고,0,0,1,0,차대사람 - 기타,안전운전불이행,건조,맑음,기타 - 기타,승용,남,24세,상해없음,보행자,여,24세,경상
2022092400100208,2022년 9월 24일 11시,토요일,대구광역시 수성구 황금동,경상사고,0,0,1,0,차대차 - 기타,안전운전불이행,건조,맑음,교차로 - 교차로부근,승용,남,32세,상해없음,승용,남,29세,경상
2022092400100209,2022년 9월 24일 11시,토요일,대구광역시 수성구 범어동,경상사고,0,0,1,0,차대차 - 기타,안전운전불이행,건조,맑음,기타 - 기타,화물,남,44세,상해없음,자전거,남,58세,경상
2022092400100210,2022년 9월 24일 11시,토요일,대구광역시 수성구 범물동,경상사고,0,0,2,0,차대차 - 기타,안전운전불이행,건조,맑음,기타 - 기타,승용,여,71세,경상,승용,여,57세,경상
2022092400100211,2022년 9월 24일 11시,토요일,대구광역시 북구 복현동,경상사고,0,0,1,0,차대사람 - 횡단중,안전운전불이행,건조,맑음,교차로 - 교차로부근,승용,남,70세,상해없음,보행자,남,74세,경상
2022092400100212,2022년 9월 24일 11시,토요일,대구광역시 달서구 용산동,중상사고,0,2,0,0,차대차 - 측면충돌,안전운전불이행,건조,맑음,단일로 - 기타,승용,여,59세,중상,이륜,남,29세,중상
2022092400100252,2022년 9월 24일 12시,토요일,대구광역시 북구 산격동,중상사고,0,1,1,0,차대차 - 측면충돌,안전운전불이행,건조,맑음,단일로 - 기타,자전거,여,55세,경상,자전거,남,47세,중상
2022092400100312,2022년 9월 24일 13시,토요일,대구광역시 달서구 진천동,경상사고,0,0,2,0,차대차 - 측면충돌,교차로운행방법위반,건조,맑음,단일로 - 기타,승용,남,31세,경상,이륜,남,45세,경상
2022092400100353,2022년 9월 24일 14시,토요일,대구광역시 북구 칠성동2가,경상사고,0,0,1,1,차대차 - 추돌,교차로운행방법위반,건조,맑음,교차로 - 교차로안,화물,남,46세,상해없음,화물,남,68세,상해없음
2022092400100396,2022년 9월 24일 15시,토요일,대구광역시 수성구 노변동,부상신고사고,0,0,0,3,차대차 - 추돌,안전거리미확보,건조,맑음,단일로 - 기타,승용,여,41세,부상신고,승용,여,36세,부상신고
2022092400100397,2022년 9월 24일 15시,토요일,대구광역시 수성구 범물동,중상사고,0,1,1,0,차대차 - 측면충돌,안전운전불이행,건조,맑음,교차로 - 교차로부근,승용,남,20세,경상,승용,남,56세,중상
2022092400100398,2022년 9월 24일 15시,토요일,대구광역시 달서구 진천동,경상사고,0,0,2,0,차대차 - 측면충돌,안전운전불이행,건조,맑음,단일로 - 기타,승용,남,32세,상해없음,승용,여,32세,경상
2022092400100437,2022년 9월 24일 16시,토요일,대구광역시 수성구 신매동,경상사고,0,0,3,0,차대차 - 추돌,안전운전불이행,건조,맑음,단일로 - 기타,승용,남,59세,경상,승용,여,31세,경상
2022092400100471,2022년 9월 24일 17시,토요일,대구광역시 달서구 진천동,경상사고,0,0,1,0,차대사람 - 횡단중,안전운전불이행,건조,맑음,기타 - 기타,승용,여,61세,상해없음,보행자,여,61세,경상
2022092400100514,2022년 9월 24일 18시,토요일,대구광역시 달서구 송현동,중상사고,0,1,0,0,차대차 - 측면충돌,교차로운행방법위반,건조,맑음,교차로 - 교차로안,승용,남,45세,상해없음,자전거,남,68세,중상
2022092400100515,2022년 9월 24일 18시,토요일,대구광역시 달성군 유가읍,경상사고,0,0,3,0,차대차 - 기타,안전운전불이행,건조,맑음,단일로 - 기타,승용,남,18세,상해없음,승용,남,51세,상해없음
2022092400100516,2022년 9월 24일 18시,토요일,대구광역시 달서구 장기동,중상사고,0,1,0,0,차대차 - 기타,안전운전불이행,건조,맑음,단일로 - 기타,승용,남,19세,상해없음,승용,여,64세,중상
2022092400100556,2022년 9월 24일 19시,토요일,대구광역시 수성구 욱수동,경상사고,0,0,1,0,차대차 - 기타,안전거리미확보,건조,맑음,단일로 - 기타,화물,남,68세,상해없음,승용,여,54세,경상
2022092400100557,2022년 9월 24일 19시,토요일,대구광역시 서구 비산동,경상사고,0,0,1,0,차대사람 - 기타,안전운전불이행,건조,맑음,교차로 - 교차로안,승용,남,54세,상해없음,보행자,여,83세,경상
2022092400100582,2022년 9월 24일 20시,토요일,대구광역시 수성구 두산동,경상사고,0,0,1,0,차대사람 - 길가장자리구역통행중,안전운전불이행,건조,맑음,기타 - 기타,승용,남,55세,기타불명,보행자,여,42세,경상
2022092400100583,2022년 9월 24일 20시,토요일,대구광역시 중구 삼덕동3가,경상사고,0,0,5,0,차대차 - 측면충돌,안전운전불이행,건조,맑음,교차로 - 교차로부근,승용,남,64세,경상,승용,남,33세,경상
2022092400100584,2022년 9월 24일 20시,토요일,대구광역시 북구 사수동,경상사고,0,0,1,0,차대차 - 기타,안전운전불이행,건조,맑음,단일로 - 기타,승용,남,40세,상해없음,이륜,남,42세,경상
2022092400100605,2022년 9월 24일 21시,토요일,대구광역시 수성구 지산동,경상사고,0,0,1,0,차대사람 - 횡단중,안전운전불이행,건조,맑음,단일로 - 기타,승용,남,59세,상해없음,보행자,여,28세,경상
2022092400100606,2022년 9월 24일 21시,토요일,대구광역시 서구 내당동,중상사고,0,1,0,0,차대차 - 추돌,불법유턴,건조,맑음,단일로 - 기타,승용,남,21세,상해없음,이륜,남,26세,중상
2022092400100618,2022년 9월 24일 22시,토요일,대구광역시 수성구 황금동,경상사고,0,0,5,0,차대차 - 측면충돌,교차로운행방법위반,건조,맑음,교차로 - 교차로안,승용,남,67세,경상,승용,남,54세,경상
2022092500100014,2022년 9월 25일 00시,일요일,대구광역시 달서구 두류동,경상사고,0,0,1,0,차대사람 - 기타,안전운전불이행,건조,맑음,주차장 - 주차장,승용,남,36세,상해없음,보행자,남,25세,경상
2022092500100035,2022년 9월 25일 02시,일요일,대구광역시 달서구 용산동,경상사고,0,0,1,0,차대사람 - 기타,안전운전불이행,건조,맑음,단일로 - 기타,승용,남,63세,상해없음,보행자,여,33세,경상
2022092500100063,2022년 9월 25일 07시,일요일,대구광역시 수성구 상동,경상사고,0,0,1,0,차대차 - 측면충돌,안전운전불이행,건조,맑음,단일로 - 기타,승용,남,63세,상해없음,자전거,남,71세,경상
2022092500100084,2022년 9월 25일 08시,일요일,대구광역시 동구 신천동,중상사고,0,1,0,0,차대차 - 측면충돌,교차로운행방법위반,건조,맑음,교차로 - 교차로안,화물,남,57세,중상,승용,여,22세,상해없음
2022092500100085,2022년 9월 25일 08시,일요일,대구광역시 북구 대현동,중상사고,0,1,0,0,차대차 - 기타,신호위반,건조,맑음,교차로 - 교차로안,승용,여,56세,상해없음,자전거,남,49세,중상
2022092500100097,2022년 9월 25일 09시,일요일,대구광역시 달서구 용산동,경상사고,0,0,1,0,차대차 - 추돌,안전운전불이행,건조,맑음,교차로 - 교차로안,화물,여,48세,상해없음,승용,남,60세,경상
2022092500100144,2022년 9월 25일 11시,일요일,대구광역시 동구 불로동,경상사고,0,0,1,0,차대차 - 기타,안전운전불이행,건조,맑음,단일로 - 기타,승용,여,39세,상해없음,자전거,남,9세,경상
2022092500100145,2022년 9월 25일 11시,일요일,대구광역시 서구 비산동,경상사고,0,0,1,0,차대차 - 측면충돌,교차로운행방법위반,건조,맑음,교차로 - 교차로안,승용,남,47세,상해없음,이륜,남,27세,경상
2022092500100166,2022년 9월 25일 12시,일요일,대구광역시 동구 대림동,중상사고,0,1,0,0,차대차 - 측면충돌,교차로운행방법위반,건조,맑음,교차로 - 교차로부근,승용,남,31세,상해없음,이륜,남,63세,중상
2022092500100167,2022년 9월 25일 12시,일요일,대구광역시 동구 율하동,중상사고,0,1,0,0,차대차 - 측면충돌,안전운전불이행,건조,맑음,기타 - 기타,승용,여,44세,기타불명,자전거,남,69세,중상
2022092500100168,2022년 9월 25일 12시,일요일,대구광역시 북구 동천동,중상사고,0,1,0,0,차대사람 - 기타,안전운전불이행,건조,맑음,단일로 - 기타,개인형이동수단(PM),여,16세,상해없음,보행자,여,68세,중상
2022092500100169,2022년 9월 25일 12시,일요일,대구광역시 북구 동천동,경상사고,0,0,1,0,차대사람 - 횡단중,신호위반,건조,맑음,교차로 - 교차로횡단보도내,이륜,남,26세,상해없음,보행자,남,27세,경상
2022092500100262,2022년 9월 25일 15시,일요일,대구광역시 수성구 상동,경상사고,0,0,1,0,차대차 - 기타,안전운전불이행,건조,맑음,단일로 - 기타,승용,기타불명,미분류,기타불명,이륜,남,47세,경상
2022092500100293,2022년 9월 25일 16시,일요일,대구광역시 북구 침산동,경상사고,0,0,1,0,차대사람 - 보도통행중,기타,건조,맑음,기타 - 기타,승용,여,58세,상해없음,보행자,남,53세,경상
2022092500100309,2022년 9월 25일 17시,일요일,대구광역시 달성군 화원읍,경상사고,0,0,4,0,차대차 - 기타,안전운전불이행,건조,맑음,교차로 - 교차로부근,승용,남,56세,상해없음,승용,남,36세,경상
2022092500100349,2022년 9월 25일 18시,일요일,대구광역시 동구 효목동,경상사고,0,0,1,0,차대차 - 측면충돌,안전거리미확보,건조,맑음,교차로 - 교차로부근,승용,여,67세,상해없음,승용,남,65세,경상
2022092500100389,2022년 9월 25일 19시,일요일,대구광역시 동구 검사동,경상사고,0,0,2,0,차대차 - 후진중충돌,안전운전불이행,건조,맑음,단일로 - 기타,승용,남,54세,상해없음,승용,남,32세,경상
2022092500100390,2022년 9월 25일 19시,일요일,대구광역시 북구 복현동,경상사고,0,0,1,0,차대차 - 기타,안전운전불이행,건조,맑음,단일로 - 기타,승용,남,32세,상해없음,자전거,남,36세,경상
2022092500100391,2022년 9월 25일 19시,일요일,대구광역시 북구 관음동,부상신고사고,0,0,0,1,차대차 - 측면충돌,안전운전불이행,건조,맑음,단일로 - 기타,이륜,남,52세,기타불명,자전거,남,56세,부상신고
2022092500100473,2022년 9월 25일 23시,일요일,대구광역시 북구 노원동2가,경상사고,0,0,3,0,차대차 - 기타,안전운전불이행,건조,맑음,교차로 - 교차로부근,승용,남,48세,상해없음,승용,남,33세,경상
2022092500100474,2022년 9월 25일 23시,일요일,대구광역시 중구 덕산동,중상사고,0,1,0,0,차대차 - 측면충돌,신호위반,건조,맑음,교차로 - 교차로안,자전거,남,32세,중상,승용,남,48세,상해없음
2022092600100028,2022년 9월 26일 05시,월요일,대구광역시 북구 서변동,경상사고,0,0,2,0,차대차 - 측면충돌,신호위반,건조,맑음,교차로 - 교차로안,승용,남,65세,상해없음,승용,남,67세,경상
2022092600100043,2022년 9월 26일 06시,월요일,대구광역시 수성구 수성동2가,중상사고,0,1,0,0,차대사람 - 기타,안전운전불이행,건조,맑음,단일로 - 기타,기타불명,기타불명,미분류,기타불명,보행자,여,80세,중상
2022092600100073,2022년 9월 26일 07시,월요일,대구광역시 중구 태평로3가,경상사고,0,0,1,0,차대사람 - 차도통행중,안전운전불이행,건조,맑음,교차로 - 교차로부근,승용,남,61세,상해없음,보행자,남,43세,경상
2022092600100122,2022년 9월 26일 08시,월요일,대구광역시 수성구 만촌동,중상사고,0,1,0,0,차대차 - 기타,안전거리미확보,건조,맑음,단일로 - 기타,승용,남,56세,상해없음,자전거,남,51세,중상
2022092600100163,2022년 9월 26일 09시,월요일,대구광역시 동구 율암동,중상사고,0,1,0,0,차대사람 - 횡단중,보행자보호의무위반,건조,맑음,교차로 - 교차로횡단보도내,건설기계,남,32세,상해없음,보행자,여,79세,중상
2022092600100164,2022년 9월 26일 09시,월요일,대구광역시 달서구 감삼동,경상사고,0,0,3,0,차대차 - 추돌,안전거리미확보,건조,맑음,단일로 - 기타,승용,여,46세,상해없음,승용,여,30세,경상
2022092600100226,2022년 9월 26일 11시,월요일,대구광역시 북구 대현동,중상사고,0,1,0,0,차대차 - 측면충돌,안전거리미확보,건조,맑음,단일로 - 기타,승용,남,27세,상해없음,이륜,남,64세,중상
2022092600100252,2022년 9월 26일 12시,월요일,대구광역시 남구 대명동,경상사고,0,0,1,0,차대차 - 기타,안전운전불이행,건조,맑음,단일로 - 기타,승용,남,76세,상해없음,승합,남,61세,경상
2022092600100253,2022년 9월 26일 12시,월요일,대구광역시 동구 신천동,경상사고,0,0,2,0,차대차 - 정면충돌,안전운전불이행,건조,맑음,단일로 - 기타,이륜,남,53세,상해없음,승용,남,49세,경상
2022092600100254,2022년 9월 26일 12시,월요일,대구광역시 동구 신암동,경상사고,0,0,2,0,차대차 - 측면충돌,안전운전불이행,건조,맑음,교차로 - 교차로안,승용,여,42세,상해없음,승용,남,20세,경상
2022092600100287,2022년 9월 26일 13시,월요일,대구광역시 달서구 본동,경상사고,0,0,1,0,차대차 - 측면충돌,안전운전불이행,건조,맑음,단일로 - 기타,이륜,남,35세,상해없음,승용,남,67세,경상
2022092600100288,2022년 9월 26일 13시,월요일,대구광역시 달성군 현풍읍,경상사고,0,0,3,0,차대차 - 추돌,안전거리미확보,건조,맑음,단일로 - 기타,승용,여,61세,상해없음,승용,남,54세,경상
2022092600100289,2022년 9월 26일 13시,월요일,대구광역시 북구 산격동,경상사고,0,0,1,0,차대차 - 측면충돌,안전운전불이행,건조,맑음,단일로 - 기타,자전거,여,51세,경상,승합,남,58세,상해없음
2022092600100313,2022년 9월 26일 14시,월요일,대구광역시 중구 남산동,경상사고,0,0,1,0,차대차 - 측면충돌,안전거리미확보,건조,맑음,단일로 - 기타,승용,남,42세,상해없음,승용,여,60세,경상
2022092600100350,2022년 9월 26일 15시,월요일,대구광역시 수성구 지산동,경상사고,0,0,2,0,차대차 - 측면충돌,직진우회전진행방해,건조,맑음,교차로 - 교차로안,이륜,남,25세,경상,승용,남,51세,경상
2022092600100351,2022년 9월 26일 15시,월요일,대구광역시 중구 봉산동,경상사고,0,0,1,0,차대차 - 측면충돌,안전거리미확보,건조,맑음,단일로 - 기타,승용,남,21세,상해없음,승용,여,57세,경상
2022092600100352,2022년 9월 26일 15시,월요일,대구광역시 달서구 용산동,경상사고,0,0,1,0,차대차 - 측면충돌,안전운전불이행,건조,맑음,교차로 - 교차로부근,승용,남,74세,상해없음,이륜,남,27세,경상
2022092600100383,2022년 9월 26일 16시,월요일,대구광역시 수성구 범어동,부상신고사고,0,0,0,1,차대사람 - 보도통행중,안전운전불이행,기타,기타,기타 - 기타,개인형이동수단(PM),남,20세,상해없음,보행자,여,30세,부상신고
2022092600100421,2022년 9월 26일 17시,월요일,대구광역시 남구 대명동,중상사고,0,1,0,0,차대사람 - 차도통행중,안전운전불이행,건조,맑음,단일로 - 기타,승용,남,27세,상해없음,보행자,남,26세,중상
2022092600100422,2022년 9월 26일 17시,월요일,대구광역시 북구 서변동,중상사고,0,1,0,0,차대차 - 측면충돌,안전운전불이행,건조,맑음,교차로 - 교차로안,화물,남,48세,상해없음,이륜,여,56세,중상
2022092600100469,2022년 9월 26일 18시,월요일,대구광역시 동구 서호동,경상사고,0,0,1,0,차대차 - 측면충돌,직진우회전진행방해,건조,맑음,교차로 - 교차로안,승용,여,40세,상해없음,승용,남,59세,경상
2022092600100470,2022년 9월 26일 18시,월요일,대구광역시 중구 남산동,경상사고,0,0,1,0,차대차 - 기타,안전운전불이행,건조,맑음,단일로 - 기타,승용,여,22세,상해없음,승용,여,37세,경상
2022092600100471,2022년 9월 26일 18시,월요일,대구광역시 달서구 본리동,경상사고,0,0,1,0,차대사람 - 차도통행중,안전운전불이행,건조,맑음,단일로 - 기타,기타불명,기타불명,미분류,기타불명,보행자,여,31세,경상
2022092600100509,2022년 9월 26일 19시,월요일,대구광역시 동구 방촌동,경상사고,0,0,1,0,차대차 - 측면충돌,교차로운행방법위반,건조,맑음,교차로 - 교차로안,승용,남,67세,상해없음,승용,여,58세,경상
2022092600100510,2022년 9월 26일 19시,월요일,대구광역시 동구 용계동,경상사고,0,0,1,0,차대차 - 측면충돌,안전운전불이행,건조,맑음,단일로 - 기타,승용,남,34세,상해없음,자전거,남,31세,경상
2022092600100511,2022년 9월 26일 19시,월요일,대구광역시 달서구 대천동,중상사고,0,1,0,0,차대사람 - 횡단중,보행자보호의무위반,건조,맑음,교차로 - 교차로안,승용,남,27세,상해없음,보행자,여,29세,중상
2022092600100512,2022년 9월 26일 19시,월요일,대구광역시 서구 원대동3가,경상사고,0,0,1,0,차대사람 - 차도통행중,안전운전불이행,건조,맑음,교차로 - 교차로부근,개인형이동수단(PM),남,16세,상해없음,보행자,남,70세,경상
2022092600100513,2022년 9월 26일 19시,월요일,대구광역시 서구 평리동,경상사고,0,0,1,0,차대차 - 측면충돌,교차로운행방법위반,건조,맑음,교차로 - 교차로안,승용,남,57세,상해없음,승용,남,23세,경상
2022092600100544,2022년 9월 26일 20시,월요일,대구광역시 달성군 구지면,경상사고,0,0,1,0,차대차 - 기타,안전운전불이행,건조,맑음,단일로 - 기타,승용,남,37세,상해없음,승용,남,51세,경상
2022092600100545,2022년 9월 26일 20시,월요일,대구광역시 달서구 장동,경상사고,0,0,2,0,차대차 - 측면충돌,안전운전불이행,건조,맑음,교차로 - 교차로안,승용,여,51세,경상,승용,남,28세,경상
2022092600100610,2022년 9월 26일 23시,월요일,대구광역시 수성구 범어동,경상사고,0,0,1,0,차대차 - 기타,안전운전불이행,건조,맑음,단일로 - 기타,승용,남,28세,상해없음,승용,남,53세,상해없음
2022092700100005,2022년 9월 27일 00시,화요일,대구광역시 달서구 본리동,경상사고,0,0,1,0,차대차 - 측면충돌,교차로운행방법위반,건조,맑음,교차로 - 교차로안,승용,남,73세,상해없음,승용,남,43세,경상
2022092700100034,2022년 9월 27일 05시,화요일,대구광역시 달성군 현풍읍,경상사고,0,0,1,0,차대차 - 측면충돌,안전운전불이행,건조,맑음,교차로 - 교차로안,승용,남,34세,상해없음,승용,여,38세,경상
2022092700100046,2022년 9월 27일 06시,화요일,대구광역시 달성군 다사읍,경상사고,0,0,1,0,차대차 - 측면충돌,안전운전불이행,건조,맑음,교차로 - 교차로부근,승용,남,60세,상해없음,승용,여,51세,경상
2022092700100072,2022년 9월 27일 07시,화요일,대구광역시 중구 삼덕동2가,경상사고,0,0,1,1,차대차 - 측면충돌,기타,건조,맑음,교차로 - 교차로안,승용,여,66세,부상신고,승용,남,25세,경상
2022092700100112,2022년 9월 27일 08시,화요일,대구광역시 수성구 만촌동,경상사고,0,0,1,0,차대사람 - 차도통행중,안전운전불이행,건조,맑음,교차로 - 교차로안,승용,남,75세,상해없음,보행자,여,69세,경상
2022092700100113,2022년 9월 27일 08시,화요일,대구광역시 달서구 신당동,경상사고,0,0,1,0,차대차 - 측면충돌,안전운전불이행,건조,맑음,교차로 - 교차로부근,화물,남,32세,상해없음,승용,여,26세,경상
2022092700100149,2022년 9월 27일 09시,화요일,대구광역시 서구 비산동,중상사고,0,1,0,0,차대차 - 기타,안전운전불이행,건조,맑음,기타 - 기타,기타불명,기타불명,미분류,기타불명,자전거,남,57세,중상
2022092700100211,2022년 9월 27일 11시,화요일,대구광역시 북구 읍내동,경상사고,0,0,1,0,차대차 - 추돌,안전거리미확보,건조,맑음,단일로 - 교량,승합,남,51세,상해없음,승용,여,33세,경상
2022092700100240,2022년 9월 27일 12시,화요일,대구광역시 달서구 대곡동,중상사고,0,1,0,0,차대차 - 기타,안전거리미확보,건조,맑음,단일로 - 기타,승용,여,25세,상해없음,이륜,남,21세,중상
2022092700100241,2022년 9월 27일 12시,화요일,대구광역시 달서구 송현동,경상사고,0,0,1,0,차대차 - 측면충돌,교차로운행방법위반,건조,맑음,교차로 - 교차로안,승용,여,44세,상해없음,승용,여,29세,경상