사고번호,사고일시,요일,시군구,사고내용,사망자수,중상자수,경상자수,부상신고자수,사고유형,법규위반,노면상태,기상상태,도로형태,가해운전자 차종,가해운전자 성별,가해운전자 연령,가해운전자 상해정도,피해운전자 차종,피해운전자 성별,피해운전자 연령,피해운전자 상해정도
2022093000100255,2022년 9월 30일 12시,금요일,대구광역시 달서구 용산동,경상사고,0,0,1,0,차대차 - 측면충돌,신호위반,건조,맑음,교차로 - 교차로안,승용,남,68세,상해없음,승용,남,65세,경상
2022093000100292,2022년 9월 30일 13시,금요일,대구광역시 수성구 범물동,중상사고,0,1,0,0,차대사람 - 기타,안전운전불이행,건조,맑음,단일로 - 기타,승용,여,61세,상해없음,보행자,여,73세,중상
2022093000100293,2022년 9월 30일 13시,금요일,대구광역시 달서구 월성동,경상사고,0,0,1,0,차대차 - 측면충돌,교차로운행방법위반,건조,맑음,교차로 - 교차로안,승용,남,74세,경상,화물,남,41세,상해없음
2022093000100294,2022년 9월 30일 13시,금요일,대구광역시 달성군 현풍읍,경상사고,0,0,3,0,차대차 - 정면충돌,중앙선침범,건조,맑음,단일로 - 기타,승용,여,36세,경상,승용,남,37세,경상
2022093000100325,2022년 9월 30일 14시,금요일,대구광역시 남구 대명동,경상사고,0,0,1,0,차대차 - 측면충돌,안전운전불이행,건조,맑음,단일로 - 기타,승용,남,69세,상해없음,화물,남,63세,경상
2022093000100326,2022년 9월 30일 14시,금요일,대구광역시 서구 내당동,경상사고,0,0,1,0,차대차 - 추돌,안전운전불이행,건조,맑음,교차로 - 교차로부근,승용,남,24세,상해없음,승용,여,48세,경상
2022093000100364,2022년 9월 30일 15시,금요일,대구광역시 동구 불로동,경상사고,0,0,1,0,차대사람 - 기타,안전운전불이행,건조,맑음,단일로 - 기타,승용,여,51세,상해없음,보행자,여,9세,경상
2022093000100411,2022년 9월 30일 16시,금요일,대구광역시 서구 내당동,중상사고,0,1,0,0,차대차 - 정면충돌,안전운전불이행,건조,맑음,단일로 - 기타,승용,남,63세,상해없음,개인형이동수단(PM),남,14세,중상
2022093000100474,2022년 9월 30일 17시,금요일,대구광역시 동구 불로동,경상사고,0,0,1,0,차대사람 - 차도통행중,안전운전불이행,건조,맑음,단일로 - 지하차도(도로)내,승용,남,50세,상해없음,보행자,남,57세,경상
2022093000100475,2022년 9월 30일 17시,금요일,대구광역시 동구 동호동,경상사고,0,0,1,0,차대차 - 추돌,안전거리미확보,건조,맑음,단일로 - 지하차도(도로)내,승용,여,63세,기타불명,승합,남,46세,경상
2022093000100476,2022년 9월 30일 17시,금요일,대구광역시 남구 이천동,경상사고,0,0,1,0,차대차 - 측면충돌,안전운전불이행,건조,맑음,기타 - 기타,자전거,남,11세,경상,이륜,남,42세,기타불명
2022093000100477,2022년 9월 30일 17시,금요일,대구광역시 달서구 진천동,경상사고,0,0,1,0,차대사람 - 기타,안전운전불이행,건조,맑음,교차로 - 교차로부근,승용,여,47세,상해없음,보행자,여,55세,경상
2022093000100478,2022년 9월 30일 17시,금요일,대구광역시 달성군 유가읍,경상사고,0,0,6,0,차대차 - 기타,교차로운행방법위반,건조,맑음,교차로 - 교차로안,승용,여,39세,경상,승용,여,55세,경상
2022093000100479,2022년 9월 30일 17시,금요일,대구광역시 달서구 감삼동,경상사고,0,0,2,0,차대차 - 측면충돌,교차로운행방법위반,건조,맑음,교차로 - 교차로부근,승용,남,58세,경상,승용,남,41세,경상
2022093000100537,2022년 9월 30일 18시,금요일,대구광역시 수성구 파동,경상사고,0,0,2,0,차대차 - 추돌,안전운전불이행,건조,맑음,단일로 - 기타,승용,남,44세,기타불명,승용,남,65세,경상
2022093000100538,2022년 9월 30일 18시,금요일,대구광역시 달서구 월성동,경상사고,0,0,2,0,차대차 - 기타,안전운전불이행,건조,맑음,기타 - 기타,이륜,남,30세,경상,승용,남,22세,경상
2022093000100539,2022년 9월 30일 18시,금요일,대구광역시 서구 평리동,경상사고,0,0,1,0,차대사람 - 차도통행중,안전운전불이행,건조,맑음,단일로 - 기타,화물,남,35세,상해없음,보행자,남,61세,경상
2022093000100540,2022년 9월 30일 18시,금요일,대구광역시 서구 비산동,중상사고,0,1,0,0,차대사람 - 횡단중,안전운전불이행,건조,맑음,단일로 - 기타,승용,남,74세,상해없음,보행자,남,50세,중상
2022093000100542,2022년 9월 30일 18시,금요일,대구광역시 북구 동천동,경상사고,0,0,2,1,차대차 - 측면충돌,안전운전불이행,건조,맑음,교차로 - 교차로부근,승용,남,32세,경상,승용,남,30세,경상
2022093000100588,2022년 9월 30일 19시,금요일,대구광역시 수성구 수성동2가,부상신고사고,0,0,0,1,차대차 - 측면충돌,안전운전불이행,건조,맑음,단일로 - 기타,승용,남,55세,상해없음,승용,남,56세,부상신고
2022093000100589,2022년 9월 30일 19시,금요일,대구광역시 달서구 본동,경상사고,0,0,1,0,차대차 - 기타,교차로운행방법위반,건조,맑음,교차로 - 교차로안,승용,여,33세,상해없음,이륜,남,27세,경상
2022093000100649,2022년 9월 30일 21시,금요일,대구광역시 북구 태전동,경상사고,0,0,1,0,차량단독 - 전도전복 - 전도,안전운전불이행,건조,맑음,단일로 - 지하차도(도로)내,자전거,남,15세,경상,,,,
2022100100100041,2022년 10월 1일 02시,토요일,대구광역시 중구 동인동1가,경상사고,0,0,2,0,차대차 - 정면충돌,신호위반,건조,맑음,교차로 - 교차로안,승용,남,27세,상해없음,승용,남,64세,경상
2022100100100073,2022년 10월 1일 05시,토요일,대구광역시 달서구 본리동,경상사고,0,0,1,0,차대사람 - 횡단중,보행자보호의무위반,건조,맑음,교차로 - 교차로횡단보도내,승용,남,72세,상해없음,보행자,남,51세,경상
2022100100100095,2022년 10월 1일 06시,토요일,대구광역시 달서구 용산동,경상사고,0,0,1,0,차량단독 - 기타,안전운전불이행,건조,맑음,단일로 - 기타,이륜,남,28세,경상,,,,
2022100100100096,2022년 10월 1일 06시,토요일,대구광역시 달서구 신당동,경상사고,0,0,1,0,차대차 - 추돌,안전운전불이행,건조,맑음,교차로 - 교차로부근,승용,남,58세,상해없음,승용,남,66세,경상
2022100100100111,2022년 10월 1일 07시,토요일,대구광역시 달성군 유가읍,중상사고,0,1,0,0,차대사람 - 기타,안전운전불이행,건조,맑음,교차로 - 교차로부근,화물,남,58세,상해없음,보행자,남,46세,중상
2022100100100136,2022년 10월 1일 08시,토요일,대구광역시 수성구 범물동,경상사고,0,0,1,0,차대차 - 추돌,안전운전불이행,건조,맑음,교차로 - 교차로부근,화물,남,54세,상해없음,승용,여,48세,경상
2022100100100137,2022년 10월 1일 08시,토요일,대구광역시 달성군 화원읍,중상사고,0,1,0,0,차대차 - 측면충돌,안전운전불이행,건조,맑음,교차로 - 교차로부근,화물,남,50세,상해없음,승용,여,53세,중상
2022100100100159,2022년 10월 1일 09시,토요일,대구광역시 남구 대명동,경상사고,0,0,1,0,차대차 - 추돌,안전운전불이행,건조,맑음,단일로 - 기타,승용,남,58세,상해없음,승용,남,28세,경상
2022100100100160,2022년 10월 1일 09시,토요일,대구광역시 달성군 화원읍,중상사고,0,1,0,0,차대사람 - 기타,안전운전불이행,건조,맑음,교차로 - 교차로안,승용,남,68세,상해없음,보행자,남,63세,중상
2022100100100197,2022년 10월 1일 10시,토요일,대구광역시 남구 대명동,경상사고,0,0,1,0,차대사람 - 기타,안전운전불이행,건조,맑음,교차로 - 교차로안,화물,남,79세,상해없음,보행자,남,7세,경상
2022100100100198,2022년 10월 1일 10시,토요일,대구광역시 달서구 월성동,경상사고,0,0,2,0,차대차 - 기타,불법유턴,건조,맑음,교차로 - 교차로부근,이륜,남,49세,상해없음,승용,남,74세,경상
2022100100100231,2022년 10월 1일 11시,토요일,대구광역시 수성구 만촌동,경상사고,0,0,2,0,차대차 - 측면충돌,안전운전불이행,건조,맑음,교차로 - 교차로안,승용,여,58세,상해없음,승용,여,31세,경상
2022100100100233,2022년 10월 1일 11시,토요일,대구광역시 달서구 두류동,중상사고,0,1,0,0,차대사람 - 횡단중,보행자보호의무위반,건조,맑음,기타 - 기타,승용,남,23세,상해없음,보행자,남,67세,중상
2022100100100266,2022년 10월 1일 12시,토요일,대구광역시 서구 상리동,경상사고,0,0,1,0,차대차 - 측면충돌,안전운전불이행,건조,맑음,단일로 - 기타,화물,남,57세,상해없음,승용,남,30세,경상
2022100100100271,2022년 10월 1일 12시,토요일,대구광역시 남구 대명동,경상사고,0,0,1,0,차대차 - 기타,안전운전불이행,건조,맑음,교차로 - 교차로부근,승용,남,59세,상해없음,이륜,남,19세,경상
2022100100100272,2022년 10월 1일 12시,토요일,대구광역시 수성구 상동,경상사고,0,0,2,0,차대차 - 기타,안전운전불이행,건조,맑음,단일로 - 기타,승용,여,42세,상해없음,승용,여,24세,경상
2022100100100306,2022년 10월 1일 13시,토요일,대구광역시 북구 금호동,경상사고,0,0,1,0,차대차 - 측면충돌,안전운전불이행,건조,맑음,단일로 - 교량,승용,기타불명,미분류,기타불명,특수,남,46세,상해없음
2022100100100312,2022년 10월 1일 13시,토요일,대구광역시 동구 신천동,경상사고,0,0,1,0,차대차 - 측면충돌,안전운전불이행,건조,맑음,단일로 - 지하차도(도로)내,승용,남,32세,상해없음,개인형이동수단(PM),남,68세,경상
2022100100100313,2022년 10월 1일 13시,토요일,대구광역시 동구 각산동,경상사고,0,0,1,0,차대차 - 정면충돌,안전운전불이행,건조,맑음,교차로 - 교차로안,승용,남,64세,상해없음,이륜,남,48세,경상
2022100100100347,2022년 10월 1일 14시,토요일,대구광역시 동구 신천동,경상사고,0,0,4,0,차대차 - 측면충돌,안전거리미확보,건조,맑음,단일로 - 기타,승용,남,33세,경상,승용,남,61세,경상
2022100100100348,2022년 10월 1일 14시,토요일,대구광역시 중구 삼덕동3가,부상신고사고,0,0,0,1,차대사람 - 기타,보행자보호의무위반,건조,맑음,교차로 - 교차로횡단보도내,승용,여,64세,상해없음,보행자,여,41세,부상신고
2022100100100382,2022년 10월 1일 15시,토요일,대구광역시 동구 용계동,경상사고,0,0,7,0,차대차 - 추돌,안전거리미확보,건조,맑음,단일로 - 기타,화물,남,66세,경상,승용,남,53세,경상
2022100100100386,2022년 10월 1일 15시,토요일,대구광역시 달서구 성당동,중상사고,0,1,0,0,차대사람 - 보도통행중,기타,건조,맑음,기타 - 기타,화물,남,44세,상해없음,보행자,여,83세,중상
2022100100100424,2022년 10월 1일 16시,토요일,대구광역시 동구 봉무동,경상사고,0,0,1,0,차대차 - 측면충돌,안전운전불이행,건조,맑음,교차로 - 교차로안,승용,여,36세,상해없음,승용,남,67세,경상
2022100100100425,2022년 10월 1일 16시,토요일,대구광역시 동구 지묘동,경상사고,0,0,3,0,차대차 - 측면충돌,안전운전불이행,건조,맑음,단일로 - 기타,승용,남,48세,상해없음,승용,여,31세,경상
2022100100100426,2022년 10월 1일 16시,토요일,대구광역시 서구 평리동,경상사고,0,0,1,1,차대차 - 측면충돌,안전운전불이행,건조,맑음,단일로 - 기타,승용,여,65세,부상신고,승용,남,78세,경상
2022100100100427,2022년 10월 1일 16시,토요일,대구광역시 중구 삼덕동1가,경상사고,0,0,1,0,차대사람 - 기타,안전운전불이행,건조,맑음,단일로 - 기타,승용,남,62세,상해없음,보행자,남,34세,경상
2022100100100463,2022년 10월 1일 17시,토요일,대구광역시 달서구 유천동,중상사고,0,1,0,0,차대차 - 기타,안전운전불이행,건조,맑음,단일로 - 기타,승용,남,19세,상해없음,자전거,여,73세,중상
2022100100100503,2022년 10월 1일 18시,토요일,대구광역시 북구 태전동,경상사고,0,0,2,0,차대차 - 측면충돌,안전거리미확보,건조,맑음,단일로 - 기타,승용,남,30세,기타불명,이륜,남,38세,경상
2022100100100556,2022년 10월 1일 19시,토요일,대구광역시 수성구 두산동,경상사고,0,0,1,0,차대차 - 기타,안전거리미확보,건조,맑음,단일로 - 기타,승용,남,34세,상해없음,이륜,남,32세,경상
2022100100100557,2022년 10월 1일 19시,토요일,대구광역시 달서구 송현동,부상신고사고,0,0,0,1,차대차 - 기타,안전운전불이행,건조,맑음,교차로 - 교차로안,이륜,남,30세,부상신고,승용,남,66세,상해없음
2022100100100558,2022년 10월 1일 19시,토요일,대구광역시 북구 대현동,경상사고,0,0,1,0,차대차 - 기타,신호위반,건조,맑음,단일로 - 기타,승용,남,22세,기타불명,승용,남,31세,기타불명
2022100100100559,2022년 10월 1일 19시,토요일,대구광역시 달서구 용산동,경상사고,0,0,1,0,차대차 - 기타,안전운전불이행,건조,맑음,교차로 - 교차로부근,이륜,남,71세,경상,승용,남,40세,상해없음
2022100100100595,2022년 10월 1일 20시,토요일,대구광역시 동구 용계동,경상사고,0,0,3,0,차대차 - 측면충돌,안전운전불이행,건조,맑음,단일로 - 지하차도(도로)내,승용,남,56세,경상,승용,남,21세,경상
2022100100100625,2022년 10월 1일 21시,토요일,대구광역시 남구 봉덕동,중상사고,0,1,2,0,차대차 - 추돌,안전운전불이행,건조,맑음,단일로 - 기타,승용,남,28세,상해없음,승용,남,70세,중상
2022100100100626,2022년 10월 1일 21시,토요일,대구광역시 달서구 성당동,경상사고,0,0,1,0,차대차 - 추돌,안전운전불이행,건조,맑음,단일로 - 기타,승용,남,19세,상해없음,이륜,남,38세,경상
2022100100100652,2022년 10월 1일 22시,토요일,대구광역시 남구 봉덕동,경상사고,0,0,3,0,차대차 - 추돌,안전운전불이행,건조,맑음,교차로 - 교차로횡단보도내,승용,남,75세,상해없음,승용,남,60세,상해없음
2022100100100653,2022년 10월 1일 22시,토요일,대구광역시 달서구 상인동,경상사고,0,0,1,0,차대사람 - 횡단중,신호위반,건조,맑음,단일로 - 기타,기타불명,기타불명,미분류,기타불명,보행자,남,52세,경상
2022100100100668,2022년 10월 1일 23시,토요일,대구광역시 수성구 황금동,부상신고사고,0,0,0,1,차대차 - 측면충돌,안전거리미확보,건조,맑음,단일로 - 기타,승용,여,33세,부상신고,화물,남,52세,상해없음
2022100200100025,2022년 10월 2일 01시,일요일,대구광역시 동구 신기동,경상사고,0,0,1,0,차대차 - 측면충돌,기타,건조,맑음,교차로 - 교차로안,이륜,남,40세,기타불명,승용,남,80세,상해없음
2022100200100026,2022년 10월 2일 01시,일요일,대구광역시 달서구 성당동,경상사고,0,0,1,0,차대사람 - 횡단중,안전운전불이행,건조,맑음,교차로 - 교차로횡단보도내,승용,여,52세,상해없음,보행자,남,74세,경상
2022100200100086,2022년 10월 2일 09시,일요일,대구광역시 달서구 대곡동,경상사고,0,0,1,0,차대차 - 기타,안전거리미확보,건조,맑음,교차로 - 교차로안,승용,남,60세,상해없음,승용,남,34세,경상
2022100200100131,2022년 10월 2일 11시,일요일,대구광역시 북구 검단동,중상사고,0,1,0,0,차대차 - 추돌,안전운전불이행,건조,맑음,단일로 - 기타,자전거,여,44세,중상,자전거,남,56세,상해없음
2022100200100151,2022년 10월 2일 12시,일요일,대구광역시 달성군 다사읍,경상사고,0,0,2,1,차대차 - 기타,차로위반,건조,맑음,단일로 - 기타,승용,남,65세,부상신고,승용,여,36세,경상
2022100200100154,2022년 10월 2일 12시,일요일,대구광역시 수성구 만촌동,경상사고,0,0,4,0,차대차 - 기타,안전운전불이행,건조,맑음,기타 - 기타,승용,남,56세,경상,승용,남,70세,경상
2022100200100155,2022년 10월 2일 12시,일요일,대구광역시 북구 동천동,경상사고,0,0,1,0,차대차 - 측면충돌,안전운전불이행,건조,맑음,교차로 - 교차로부근,승용,여,54세,상해없음,승용,여,52세,경상
2022100200100172,2022년 10월 2일 13시,일요일,대구광역시 북구 복현동,경상사고,0,0,1,0,차대차 - 기타,교차로운행방법위반,건조,맑음,교차로 - 교차로안,승용,남,55세,상해없음,이륜,남,30세,경상
2022100200100173,2022년 10월 2일 13시,일요일,대구광역시 북구 태전동,경상사고,0,0,1,0,차대차 - 측면충돌,안전운전불이행,건조,맑음,교차로 - 교차로안,개인형이동수단(PM),여,19세,기타불명,이륜,남,34세,경상
2022100200100207,2022년 10월 2일 14시,일요일,대구광역시 달서구 월성동,부상신고사고,0,0,0,1,차대차 - 기타,안전운전불이행,건조,맑음,단일로 - 기타,이륜,남,17세,상해없음,이륜,남,24세,부상신고
2022100200100231,2022년 10월 2일 15시,일요일,대구광역시 달성군 가창면,경상사고,0,0,2,0,차대차 - 기타,중앙선침범,건조,맑음,단일로 - 기타,화물,남,66세,상해없음,승용,남,41세,경상
2022100200100264,2022년 10월 2일 16시,일요일,대구광역시 달서구 유천동,경상사고,0,0,1,1,차대차 - 측면충돌,신호위반,건조,맑음,기타 - 기타,기타불명,기타불명,미분류,기타불명,승용,여,28세,경상
2022100200100265,2022년 10월 2일 16시,일요일,대구광역시 달성군 화원읍,경상사고,0,0,2,0,차대차 - 기타,안전운전불이행,건조,맑음,단일로 - 기타,승합,남,57세,상해없음,승용,남,50세,경상
2022100200100329,2022년 10월 2일 18시,일요일,대구광역시 달성군 다사읍,경상사고,0,0,1,0,차대사람 - 기타,안전운전불이행,건조,맑음,기타 - 기타,개인형이동수단(PM),남,12세,상해없음,보행자,남,27세,경상
2022100200100358,2022년 10월 2일 19시,일요일,대구광역시 수성구 지산동,경상사고,0,0,1,0,차대사람 - 횡단중,안전운전불이행,건조,맑음,주차장 - 주차장,승용,남,72세,상해없음,보행자,남,56세,경상
2022100200100359,2022년 10월 2일 19시,일요일,대구광역시 달성군 다사읍,중상사고,0,1,0,0,차대차 - 기타,안전운전불이행,건조,맑음,기타 - 기타,자전거,남,23세,중상,원동기,여,29세,상해없음
2022100200100401,2022년 10월 2일 20시,일요일,대구광역시 달성군 다사읍,중상사고,0,1,0,0,차대차 - 측면충돌,안전운전불이행,건조,맑음,교차로 - 교차로안,승용,여,45세,상해없음,원동기,남,23세,중상
2022100200100402,2022년 10월 2일 20시,일요일,대구광역시 중구 수창동,부상신고사고,0,0,0,1,차대차 - 추돌,안전운전불이행,건조,흐림,기타 - 기타,승용,남,63세,상해없음,승용,여,46세,부상신고
2022100200100424,2022년 10월 2일 21시,일요일,대구광역시 수성구 두산동,경상사고,0,0,1,0,차대사람 - 기타,안전운전불이행,건조,맑음,교차로 - 교차로안,승용,여,34세,상해없음,보행자,남,42세,경상
2022100200100446,2022년 10월 2일 22시,일요일,대구광역시 동구 신천동,경상사고,0,0,1,0,차대차 - 추돌,안전운전불이행,건조,맑음,교차로 - 교차로부근,승용,남,54세,상해없음,승용,남,76세,상해없음
2022100200100447,2022년 10월 2일 22시,일요일,대구광역시 중구 동성로2가,경상사고,0,0,1,0,차대사람 - 기타,안전운전불이행,건조,맑음,단일로 - 기타,이륜,남,60세,상해없음,보행자,여,26세,경상
2022100200100465,2022년 10월 2일 23시,일요일,대구광역시 북구 침산동,중상사고,0,1,0,0,차대차 - 정면충돌,신호위반,건조,맑음,교차로 - 교차로안,이륜,남,23세,중상,승용,여,64세,상해없음
2022100300100034,2022년 10월 3일 02시,월요일,대구광역시 동구 신암동,중상사고,0,1,1,0,차대차 - 측면충돌,안전거리미확보,건조,맑음,교차로 - 교차로부근,승용,남,23세,상해없음,이륜,남,16세,중상
2022100300100059,2022년 10월 3일 05시,월요일,대구광역시 수성구 만촌동,경상사고,0,0,1,0,차대차 - 측면충돌,안전거리미확보,젖음/습기,비,단일로 - 기타,화물,남,73세,상해없음,승용,남,68세,경상
2022100300100071,2022년 10월 3일 07시,월요일,대구광역시 남구 대명동,중상사고,0,1,0,0,차대차 - 기타,안전거리미확보,젖음/습기,비,단일로 - 기타,승용,남,71세,상해없음,이륜,남,58세,중상
2022100300100088,2022년 10월 3일 08시,월요일,대구광역시 달서구 이곡동,중상사고,0,1,0,0,차대차 - 정면충돌,안전운전불이행,젖음/습기,비,교차로 - 교차로안,승용,여,51세,기타불명,승용,남,74세,중상
2022100300100102,2022년 10월 3일 09시,월요일,대구광역시 동구 신서동,부상신고사고,0,0,0,1,차대차 - 측면충돌,안전운전불이행,건조,맑음,단일로 - 기타,승용,남,79세,상해없음,자전거,남,89세,부상신고
2022100300100103,2022년 10월 3일 09시,월요일,대구광역시 수성구 만촌동,경상사고,0,0,1,0,차대차 - 후진중충돌,안전운전불이행,건조,맑음,교차로 - 교차로부근,승용,여,66세,상해없음,승용,남,60세,경상
2022100300100127,2022년 10월 3일 10시,월요일,대구광역시 달서구 송현동,중상사고,0,1,0,0,차대사람 - 횡단중,보행자보호의무위반,건조,맑음,교차로 - 교차로안,화물,남,62세,상해없음,보행자,남,33세,중상
2022100300100179,2022년 10월 3일 12시,월요일,대구광역시 수성구 노변동,경상사고,0,0,1,0,차대사람 - 기타,안전운전불이행,건조,맑음,기타 - 기타,이륜,남,63세,상해없음,보행자,여,40세,경상
2022100300100180,2022년 10월 3일 12시,월요일,대구광역시 달성군 옥포읍,경상사고,0,0,1,1,차대차 - 추돌,안전거리미확보,건조,맑음,단일로 - 기타,화물,남,62세,부상신고,승용,남,74세,경상
2022100300100205,2022년 10월 3일 13시,월요일,대구광역시 달성군 유가읍,경상사고,0,0,3,0,차대차 - 추돌,안전운전불이행,건조,맑음,교차로 - 교차로부근,승용,남,61세,상해없음,승용,여,48세,경상
2022100300100206,2022년 10월 3일 13시,월요일,대구광역시 북구 칠성동2가,중상사고,0,1,0,0,차대차 - 측면충돌,기타,건조,맑음,단일로 - 기타,기타불명,여,15세,상해없음,자전거,남,83세,중상
2022100300100207,2022년 10월 3일 13시,월요일,대구광역시 북구 태전동,경상사고,0,0,2,0,차대차 - 추돌,안전운전불이행,건조,맑음,교차로 - 교차로부근,승용,남,66세,상해없음,승용,남,44세,경상
2022100300100238,2022년 10월 3일 14시,월요일,대구광역시 달서구 신당동,경상사고,0,0,1,0,차대차 - 추돌,안전운전불이행,건조,맑음,단일로 - 기타,승용,여,45세,상해없음,화물,남,34세,경상
2022100300100239,2022년 10월 3일 14시,월요일,대구광역시 북구 매천동,경상사고,0,0,4,0,차대차 - 측면충돌,안전운전불이행,건조,맑음,단일로 - 교량,승용,남,67세,경상,승용,여,45세,경상
2022100300100265,2022년 10월 3일 15시,월요일,대구광역시 동구 신암동,경상사고,0,0,1,0,차대차 - 측면충돌,안전운전불이행,건조,맑음,교차로 - 교차로부근,승용,남,27세,기타불명,승용,여,62세,경상
2022100300100296,2022년 10월 3일 16시,월요일,대구광역시 달서구 송현동,경상사고,0,0,1,0,차대사람 - 횡단중,보행자보호의무위반,건조,맑음,교차로 - 교차로안,승용,남,60세,상해없음,보행자,여,64세,경상
2022100300100325,2022년 10월 3일 17시,월요일,대구광역시 남구 대명동,경상사고,0,0,1,0,차대차 - 기타,안전운전불이행,건조,맑음,교차로 - 교차로부근,승용,남,54세,상해없음,승용,남,35세,경상
2022100300100326,2022년 10월 3일 17시,월요일,대구광역시 남구 봉덕동,경상사고,0,0,1,0,차대차 - 후진중충돌,안전운전불이행,건조,맑음,교차로 - 교차로안,승용,남,62세,상해없음,이륜,남,62세,경상
2022100300100327,2022년 10월 3일 17시,월요일,대구광역시 서구 내당동,경상사고,0,0,1,0,차대차 - 추돌,안전운전불이행,건조,맑음,교차로 - 교차로부근,승용,남,63세,상해없음,승용,남,64세,경상
2022100300100328,2022년 10월 3일 17시,월요일,대구광역시 달서구 두류동,중상사고,0,2,0,0,차대차 - 측면충돌,교차로운행방법위반,건조,맑음,교차로 - 교차로안,승용,남,60세,상해없음,승용,여,27세,중상
2022100300100358,2022년 10월 3일 18시,월요일,대구광역시 수성구 범어동,중상사고,0,1,0,1,차대차 - 측면충돌,안전거리미확보,건조,맑음,단일로 - 기타,이륜,남,21세,부상신고,이륜,남,31세,중상
2022100300100392,2022년 10월 3일 19시,월요일,대구광역시 서구 평리동,경상사고,0,0,1,0,차대사람 - 기타,기타,건조,맑음,기타 - 기타,이륜,남,33세,상해없음,보행자,여,62세,경상
2022100300100393,2022년 10월 3일 19시,월요일,대구광역시 달서구 감삼동,중상사고,0,1,0,0,차대사람 - 횡단중,안전운전불이행,건조,맑음,단일로 - 기타,승용,남,56세,상해없음,보행자,여,71세,중상
2022100300100417,2022년 10월 3일 20시,월요일,대구광역시 동구 율하동,경상사고,0,0,5,0,차대차 - 측면충돌,안전운전불이행,건조,맑음,단일로 - 기타,승용,여,33세,경상,승용,남,20세,경상
2022100300100442,2022년 10월 3일 21시,월요일,대구광역시 달서구 유천동,경상사고,0,0,1,0,차대차 - 측면충돌,신호위반,건조,맑음,기타 - 기타,이륜,남,51세,상해없음,자전거,남,44세,경상
2022100400100038,2022년 10월 4일 05시,화요일,대구광역시 달서구 용산동,중상사고,0,1,0,0,차대사람 - 횡단중,중앙선침범,건조,맑음,단일로 - 기타,이륜,남,74세,상해없음,보행자,여,58세,중상
2022100400100049,2022년 10월 4일 06시,화요일,대구광역시 달서구 월성동,중상사고,0,1,0,0,차대사람 - 기타,안전운전불이행,건조,맑음,단일로 - 기타,승합,남,54세,상해없음,보행자,여,19세,중상
2022100400100069,2022년 10월 4일 07시,화요일,대구광역시 서구 중리동,경상사고,0,0,3,0,차대차 - 측면충돌,직진우회전진행방해,젖음/습기,비,교차로 - 교차로안,승용,남,50세,경상,승용,남,57세,경상
2022100400100096,2022년 10월 4일 08시,화요일,대구광역시 수성구 수성동1가,경상사고,0,0,1,0,차대차 - 측면충돌,안전거리미확보,건조,맑음,단일로 - 기타,승용,남,82세,상해없음,승용,남,59세,경상
2022100400100097,2022년 10월 4일 08시,화요일,대구광역시 서구 중리동,경상사고,0,0,1,0,차대차 - 추돌,안전운전불이행,젖음/습기,비,단일로 - 기타,화물,남,50세,상해없음,승용,남,49세,경상
2022100400100098,2022년 10월 4일 08시,화요일,대구광역시 달서구 성당동,경상사고,0,0,1,0,차대사람 - 보도통행중,안전운전불이행,젖음/습기,비,주차장 - 주차장,승용,남,58세,상해없음,보행자,여,21세,경상
2022100400100127,2022년 10월 4일 09시,화요일,대구광역시 달서구 월암동,경상사고,0,0,2,0,차대차 - 추돌,안전운전불이행,젖음/습기,비,단일로 - 기타,건설기계,남,48세,상해없음,승용,남,58세,경상
2022100400100132,2022년 10월 4일 09시,화요일,대구광역시 수성구 만촌동,경상사고,0,0,3,0,차대차 - 측면충돌,안전거리미확보,젖음/습기,비,교차로 - 교차로부근,승용,남,55세,경상,승용,남,29세,경상
2022100400100133,2022년 10월 4일 09시,화요일,대구광역시 수성구 수성동3가,경상사고,0,0,1,0,차대차 - 측면충돌,안전운전불이행,건조,맑음,교차로 - 교차로안,승용,여,55세,상해없음,승용,여,43세,경상
2022100400100134,2022년 10월 4일 09시,화요일,대구광역시 달서구 진천동,경상사고,0,0,1,0,차대차 - 추돌,안전운전불이행,젖음/습기,비,교차로 - 교차로부근,승용,남,76세,상해없음,승용,남,29세,경상
2022100400100135,2022년 10월 4일 09시,화요일,대구광역시 달서구 본리동,경상사고,0,0,1,0,차대차 - 측면충돌,안전거리미확보,건조,맑음,단일로 - 기타,승용,남,60세,상해없음,승용,여,48세,경상
2022100400100165,2022년 10월 4일 10시,화요일,대구광역시 북구 산격동,중상사고,0,1,0,0,차대사람 - 횡단중,안전운전불이행,젖음/습기,비,교차로 - 교차로안,승용,여,47세,상해없음,보행자,남,68세,중상
2022100400100203,2022년 10월 4일 11시,화요일,대구광역시 동구 검사동,중상사고,0,1,0,0,차대차 - 측면충돌,안전거리미확보,젖음/습기,흐림,단일로 - 기타,승합,남,59세,상해없음,이륜,남,41세,중상
2022100400100204,2022년 10월 4일 11시,화요일,대구광역시 동구 율하동,경상사고,0,0,1,0,차대차 - 추돌,안전거리미확보,젖음/습기,비,단일로 - 지하차도(도로)내,승용,남,46세,기타불명,승합,남,54세,경상
2022100400100205,2022년 10월 4일 11시,화요일,대구광역시 수성구 범물동,경상사고,0,0,1,0,차량단독 - 기타,안전운전불이행,건조,맑음,교차로 - 교차로부근,승합,남,66세,상해없음,,,,