사고번호,사고일시,요일,시군구,사고내용,사망자수,중상자수,경상자수,부상신고자수,사고유형,법규위반,노면상태,기상상태,도로형태,가해운전자 차종,가해운전자 성별,가해운전자 연령,가해운전자 상해정도,피해운전자 차종,피해운전자 성별,피해운전자 연령,피해운전자 상해정도
2022100400100243,2022년 10월 4일 12시,화요일,대구광역시 중구 동인동1가,경상사고,0,0,1,0,차대차 - 측면충돌,안전거리미확보,건조,흐림,기타 - 기타,승용,남,61세,상해없음,승용,남,70세,경상
2022100400100244,2022년 10월 4일 12시,화요일,대구광역시 달서구 이곡동,경상사고,0,0,1,0,차대차 - 측면충돌,신호위반,젖음/습기,비,교차로 - 교차로안,승합,남,30세,상해없음,승용,남,64세,경상
2022100400100260,2022년 10월 4일 13시,화요일,대구광역시 북구 동변동,경상사고,0,0,1,0,차대차 - 측면충돌,안전운전불이행,건조,맑음,단일로 - 기타,승용,남,25세,상해없음,원동기,남,40세,경상
2022100400100261,2022년 10월 4일 13시,화요일,대구광역시 북구 관음동,경상사고,0,0,1,0,차대차 - 측면충돌,안전운전불이행,건조,맑음,기타 - 기타,승용,여,69세,상해없음,승용,남,67세,경상
2022100400100297,2022년 10월 4일 14시,화요일,대구광역시 수성구 황금동,경상사고,0,0,1,0,차대사람 - 횡단중,보행자보호의무위반,건조,맑음,단일로 - 기타,승용,여,63세,상해없음,보행자,남,8세,경상
2022100400100298,2022년 10월 4일 14시,화요일,대구광역시 달서구 월성동,중상사고,0,1,0,0,차대사람 - 횡단중,보행자보호의무위반,건조,맑음,교차로 - 교차로횡단보도내,승용,여,49세,상해없음,보행자,남,43세,중상
2022100400100299,2022년 10월 4일 14시,화요일,대구광역시 달성군 논공읍,중상사고,0,1,0,0,차대차 - 기타,신호위반,건조,맑음,교차로 - 교차로안,승합,남,53세,상해없음,승용,남,52세,중상
2022100400100341,2022년 10월 4일 15시,화요일,대구광역시 북구 산격동,경상사고,0,0,2,0,차대차 - 추돌,안전운전불이행,건조,맑음,교차로 - 교차로부근,승용,여,54세,상해없음,승용,남,42세,경상
2022100400100342,2022년 10월 4일 15시,화요일,대구광역시 북구 매천동,경상사고,0,0,2,0,차대차 - 측면충돌,안전운전불이행,건조,맑음,단일로 - 기타,기타불명,남,72세,상해없음,승용,여,34세,경상
2022100400100373,2022년 10월 4일 16시,화요일,대구광역시 수성구 만촌동,경상사고,0,0,1,0,차대사람 - 기타,보행자보호의무위반,건조,맑음,교차로 - 교차로부근,승합,여,53세,상해없음,보행자,남,14세,경상
2022100400100444,2022년 10월 4일 18시,화요일,대구광역시 남구 봉덕동,중상사고,0,1,0,0,차대사람 - 횡단중,안전운전불이행,건조,맑음,단일로 - 기타,승용,남,67세,상해없음,보행자,여,65세,중상
2022100400100445,2022년 10월 4일 18시,화요일,대구광역시 달서구 두류동,경상사고,0,0,1,0,차대차 - 기타,안전운전불이행,건조,맑음,단일로 - 기타,승용,남,68세,상해없음,이륜,남,48세,경상
2022100400100477,2022년 10월 4일 19시,화요일,대구광역시 수성구 신매동,경상사고,0,0,3,0,차대차 - 기타,안전운전불이행,젖음/습기,비,기타 - 기타,승용,남,63세,경상,이륜,남,21세,경상
2022100400100478,2022년 10월 4일 19시,화요일,대구광역시 달성군 현풍읍,중상사고,0,1,1,0,차대차 - 기타,신호위반,건조,맑음,교차로 - 교차로안,이륜,남,35세,중상,승용,남,35세,경상
2022100400100506,2022년 10월 4일 20시,화요일,대구광역시 동구 신천동,중상사고,0,1,2,0,차대차 - 측면충돌,신호위반,건조,맑음,단일로 - 기타,승용,남,42세,상해없음,승용,남,66세,경상
2022100400100537,2022년 10월 4일 21시,화요일,대구광역시 북구 태전동,경상사고,0,0,4,0,차대차 - 측면충돌,교차로운행방법위반,건조,맑음,교차로 - 교차로안,승용,남,22세,경상,승용,여,55세,경상
2022100500100017,2022년 10월 5일 01시,수요일,대구광역시 중구 삼덕동2가,경상사고,0,0,2,0,차대차 - 측면충돌,신호위반,건조,맑음,교차로 - 교차로안,승용,남,29세,상해없음,승용,남,48세,상해없음
2022100500100037,2022년 10월 5일 05시,수요일,대구광역시 남구 대명동,경상사고,0,0,1,0,차대차 - 기타,신호위반,건조,맑음,교차로 - 교차로부근,승용,남,24세,상해없음,이륜,남,29세,경상
2022100500100052,2022년 10월 5일 06시,수요일,대구광역시 동구 동내동,경상사고,0,0,1,0,차대차 - 측면충돌,신호위반,건조,맑음,교차로 - 교차로안,승용,남,43세,상해없음,승합,남,68세,경상
2022100500100075,2022년 10월 5일 07시,수요일,대구광역시 남구 대명동,부상신고사고,0,0,0,1,차대사람 - 기타,안전운전불이행,건조,맑음,단일로 - 기타,승용,여,55세,상해없음,보행자,남,26세,부상신고
2022100500100139,2022년 10월 5일 09시,수요일,대구광역시 동구 각산동,경상사고,0,0,1,0,차대차 - 측면충돌,안전운전불이행,건조,맑음,단일로 - 교량,승용,남,61세,상해없음,승용,남,70세,경상
2022100500100140,2022년 10월 5일 09시,수요일,대구광역시 달서구 대곡동,중상사고,0,1,2,0,차대차 - 추돌,안전운전불이행,건조,맑음,단일로 - 터널,승용,여,42세,경상,승용,여,47세,중상
2022100500100141,2022년 10월 5일 09시,수요일,대구광역시 달성군 다사읍,경상사고,0,0,1,0,차대차 - 기타,안전운전불이행,건조,맑음,교차로 - 교차로부근,건설기계,남,63세,상해없음,승용,여,40세,경상
2022100500100142,2022년 10월 5일 09시,수요일,대구광역시 북구 칠성동1가,경상사고,0,0,1,0,차대차 - 기타,안전운전불이행,건조,맑음,교차로 - 교차로안,자전거,남,44세,경상,승용,남,56세,상해없음
2022100500100234,2022년 10월 5일 12시,수요일,대구광역시 동구 입석동,경상사고,0,0,1,0,차대차 - 추돌,안전운전불이행,건조,맑음,단일로 - 기타,화물,남,52세,상해없음,승용,여,60세,경상
2022100500100235,2022년 10월 5일 12시,수요일,대구광역시 수성구 지산동,경상사고,0,0,1,0,차대차 - 기타,안전운전불이행,건조,맑음,단일로 - 기타,이륜,남,21세,기타불명,자전거,남,17세,경상
2022100500100237,2022년 10월 5일 12시,수요일,대구광역시 중구 대봉동,중상사고,0,1,0,0,차대사람 - 횡단중,안전운전불이행,건조,맑음,기타 - 기타,이륜,남,36세,기타불명,보행자,여,52세,중상
2022100500100262,2022년 10월 5일 13시,수요일,대구광역시 수성구 중동,경상사고,0,0,1,0,차대차 - 추돌,안전운전불이행,건조,맑음,단일로 - 기타,승용,남,20세,기타불명,승용,여,32세,경상
2022100500100263,2022년 10월 5일 13시,수요일,대구광역시 달서구 감삼동,경상사고,0,0,1,0,차대차 - 기타,안전운전불이행,건조,맑음,단일로 - 기타,승용,남,30세,상해없음,승용,여,29세,경상
2022100500100296,2022년 10월 5일 14시,수요일,대구광역시 달서구 송현동,중상사고,0,1,0,0,차량단독 - 기타,기타,건조,맑음,단일로 - 기타,승합,남,49세,상해없음,,,,
2022100500100297,2022년 10월 5일 14시,수요일,대구광역시 달성군 화원읍,경상사고,0,0,1,0,차대차 - 기타,안전운전불이행,건조,맑음,단일로 - 기타,승용,남,81세,상해없음,화물,남,40세,경상
2022100500100376,2022년 10월 5일 16시,수요일,대구광역시 달성군 화원읍,경상사고,0,0,1,0,차대사람 - 길가장자리구역통행중,안전운전불이행,건조,맑음,기타 - 기타,승용,여,60세,상해없음,보행자,여,16세,경상
2022100500100377,2022년 10월 5일 16시,수요일,대구광역시 서구 비산동,경상사고,0,0,1,0,차대차 - 측면충돌,안전거리미확보,건조,맑음,단일로 - 기타,승용,남,25세,상해없음,승합,남,52세,경상
2022100500100420,2022년 10월 5일 17시,수요일,대구광역시 북구 태전동,경상사고,0,0,1,0,차대사람 - 차도통행중,안전운전불이행,건조,맑음,단일로 - 교량,이륜,남,21세,상해없음,보행자,남,10세,경상
2022100500100464,2022년 10월 5일 18시,수요일,대구광역시 동구 신천동,경상사고,0,0,1,0,차대차 - 측면충돌,안전운전불이행,건조,맑음,단일로 - 지하차도(도로)내,승용,여,60세,기타불명,승용,남,30세,경상
2022100500100466,2022년 10월 5일 18시,수요일,대구광역시 달서구 용산동,경상사고,0,0,1,0,차대차 - 기타,안전운전불이행,건조,맑음,기타 - 기타,승용,여,39세,경상,승용,남,52세,기타불명
2022100500100519,2022년 10월 5일 19시,수요일,대구광역시 달성군 논공읍,경상사고,0,0,1,0,차대차 - 기타,안전운전불이행,건조,맑음,교차로 - 교차로횡단보도내,승용,남,65세,상해없음,승용,남,49세,경상
2022100500100520,2022년 10월 5일 19시,수요일,대구광역시 북구 동천동,경상사고,0,0,1,0,차대사람 - 횡단중,보행자보호의무위반,건조,맑음,교차로 - 교차로안,승용,남,62세,상해없음,보행자,남,23세,경상
2022100500100547,2022년 10월 5일 20시,수요일,대구광역시 달성군 다사읍,경상사고,0,0,1,0,차량단독 - 기타,안전운전불이행,건조,맑음,단일로 - 기타,승용,남,70세,상해없음,,,,
2022100500100568,2022년 10월 5일 21시,수요일,대구광역시 북구 칠성동2가,경상사고,0,0,3,0,차대차 - 추돌,안전운전불이행,건조,맑음,교차로 - 교차로부근,승합,남,32세,상해없음,승용,남,41세,경상
2022100500100569,2022년 10월 5일 21시,수요일,대구광역시 달서구 용산동,경상사고,0,0,1,0,차대사람 - 횡단중,보행자보호의무위반,건조,맑음,교차로 - 교차로부근,승용,남,38세,상해없음,보행자,남,67세,경상
2022100500100589,2022년 10월 5일 22시,수요일,대구광역시 수성구 매호동,경상사고,0,0,1,0,차대차 - 기타,안전운전불이행,건조,맑음,교차로 - 교차로안,화물,남,65세,상해없음,이륜,남,20세,경상
2022100500100590,2022년 10월 5일 22시,수요일,대구광역시 북구 침산동,중상사고,0,1,0,0,차대사람 - 횡단중,안전운전불이행,건조,맑음,단일로 - 기타,승용,남,71세,상해없음,보행자,남,57세,중상
2022100500100607,2022년 10월 5일 23시,수요일,대구광역시 서구 비산동,경상사고,0,0,2,0,차대차 - 측면충돌,안전운전불이행,건조,맑음,단일로 - 기타,이륜,남,22세,경상,승용,여,59세,경상
2022100600100031,2022년 10월 6일 05시,목요일,대구광역시 동구 신암동,경상사고,0,0,2,0,차대차 - 측면충돌,신호위반,건조,맑음,교차로 - 교차로안,승용,남,64세,상해없음,승용,남,35세,경상
2022100600100046,2022년 10월 6일 06시,목요일,대구광역시 수성구 연호동,경상사고,0,0,1,0,차대차 - 추돌,안전운전불이행,건조,맑음,단일로 - 기타,승용,남,63세,기타불명,화물,남,70세,기타불명
2022100600100070,2022년 10월 6일 07시,목요일,대구광역시 수성구 범어동,경상사고,0,0,1,0,차대사람 - 횡단중,안전운전불이행,건조,맑음,단일로 - 기타,승용,남,39세,상해없음,보행자,남,88세,경상
2022100600100108,2022년 10월 6일 08시,목요일,대구광역시 동구 검사동,경상사고,0,0,1,0,차대차 - 후진중충돌,안전운전불이행,건조,맑음,교차로 - 교차로안,승용,남,63세,상해없음,승용,남,35세,경상
2022100600100109,2022년 10월 6일 08시,목요일,대구광역시 수성구 범어동,경상사고,0,0,1,0,차대차 - 기타,안전운전불이행,건조,맑음,단일로 - 기타,승용,남,77세,상해없음,승용,여,41세,경상
2022100600100110,2022년 10월 6일 08시,목요일,대구광역시 달서구 월성동,부상신고사고,0,0,0,1,차대차 - 측면충돌,안전운전불이행,건조,맑음,단일로 - 기타,승용,여,25세,상해없음,승용,여,54세,부상신고
2022100600100149,2022년 10월 6일 09시,목요일,대구광역시 달성군 논공읍,중상사고,0,1,0,0,차대사람 - 차도통행중,안전운전불이행,건조,맑음,단일로 - 기타,승용,여,39세,상해없음,보행자,여,82세,중상
2022100600100150,2022년 10월 6일 09시,목요일,대구광역시 달서구 신당동,중상사고,0,1,0,0,차대차 - 측면충돌,신호위반,건조,맑음,교차로 - 교차로안,승용,남,55세,상해없음,이륜,남,28세,중상
2022100600100180,2022년 10월 6일 10시,목요일,대구광역시 북구 칠성동2가,부상신고사고,0,0,0,1,차대차 - 측면충돌,안전운전불이행,건조,맑음,교차로 - 교차로부근,이륜,남,27세,부상신고,승용,여,41세,상해없음
2022100600100212,2022년 10월 6일 11시,목요일,대구광역시 북구 산격동,경상사고,0,0,1,0,차대차 - 측면충돌,교차로운행방법위반,건조,맑음,교차로 - 교차로안,승용,남,71세,상해없음,승용,여,36세,경상
2022100600100213,2022년 10월 6일 11시,목요일,대구광역시 달서구 용산동,경상사고,0,0,1,0,차대사람 - 기타,안전운전불이행,건조,맑음,기타 - 기타,승용,남,75세,상해없음,보행자,여,50세,경상
2022100600100246,2022년 10월 6일 12시,목요일,대구광역시 수성구 수성동4가,중상사고,0,1,0,0,차대차 - 측면충돌,안전운전불이행,건조,맑음,단일로 - 기타,승용,여,27세,상해없음,승용,여,62세,중상
2022100600100247,2022년 10월 6일 12시,목요일,대구광역시 수성구 수성동2가,경상사고,0,0,2,0,차대차 - 측면충돌,안전운전불이행,건조,맑음,교차로 - 교차로안,이륜,남,29세,경상,승용,남,32세,경상
2022100600100294,2022년 10월 6일 14시,목요일,대구광역시 수성구 상동,경상사고,0,0,1,0,차대사람 - 기타,안전운전불이행,건조,맑음,단일로 - 기타,승용,여,58세,상해없음,보행자,남,48세,경상
2022100600100331,2022년 10월 6일 15시,목요일,대구광역시 동구 신천동,경상사고,0,0,1,0,차대차 - 측면충돌,안전거리미확보,건조,맑음,교차로 - 교차로안,승용,여,66세,상해없음,승용,남,54세,경상
2022100600100332,2022년 10월 6일 15시,목요일,대구광역시 수성구 만촌동,경상사고,0,0,1,0,차대차 - 기타,안전운전불이행,건조,맑음,교차로 - 교차로횡단보도내,승용,남,64세,상해없음,자전거,여,7세,경상
2022100600100333,2022년 10월 6일 15시,목요일,대구광역시 달서구 유천동,경상사고,0,0,1,0,차대차 - 측면충돌,안전운전불이행,건조,맑음,단일로 - 기타,화물,남,58세,상해없음,승용,여,40세,경상
2022100600100408,2022년 10월 6일 17시,목요일,대구광역시 수성구 수성동3가,부상신고사고,0,0,0,1,차대차 - 측면충돌,안전운전불이행,건조,맑음,단일로 - 기타,자전거,남,54세,부상신고,승용,여,48세,상해없음
2022100600100455,2022년 10월 6일 18시,목요일,대구광역시 달성군 유가읍,경상사고,0,0,1,0,차대차 - 기타,안전운전불이행,건조,맑음,단일로 - 기타,승용,남,51세,상해없음,승합,남,60세,경상
2022100600100456,2022년 10월 6일 18시,목요일,대구광역시 달성군 옥포읍,경상사고,0,0,2,0,차대차 - 기타,안전운전불이행,건조,맑음,단일로 - 기타,승용,여,36세,상해없음,승용,여,46세,경상
2022100600100457,2022년 10월 6일 18시,목요일,대구광역시 달서구 용산동,경상사고,0,0,1,0,차대차 - 측면충돌,안전운전불이행,건조,맑음,단일로 - 기타,승용,여,63세,상해없음,승용,남,67세,경상
2022100600100510,2022년 10월 6일 19시,목요일,대구광역시 수성구 지산동,경상사고,0,0,2,0,차대차 - 추돌,안전거리미확보,건조,맑음,교차로 - 교차로부근,화물,남,74세,경상,이륜,남,21세,경상
2022100600100536,2022년 10월 6일 20시,목요일,대구광역시 동구 신서동,경상사고,0,0,1,0,차대차 - 기타,교차로운행방법위반,건조,맑음,교차로 - 교차로안,승용,남,53세,상해없음,이륜,남,26세,경상
2022100600100561,2022년 10월 6일 21시,목요일,대구광역시 남구 대명동,경상사고,0,0,1,0,차대사람 - 기타,안전운전불이행,건조,맑음,단일로 - 기타,승용,남,66세,상해없음,보행자,여,64세,경상
2022100600100562,2022년 10월 6일 21시,목요일,대구광역시 동구 신암동,경상사고,0,0,2,0,차대차 - 측면충돌,안전운전불이행,건조,맑음,단일로 - 기타,이륜,남,46세,경상,이륜,남,58세,경상
2022100600100587,2022년 10월 6일 22시,목요일,대구광역시 북구 대현동,중상사고,0,1,0,0,차대사람 - 기타,안전운전불이행,건조,맑음,단일로 - 기타,승용,여,26세,상해없음,보행자,남,23세,중상
2022100600100605,2022년 10월 6일 23시,목요일,대구광역시 서구 비산동,사망사고,1,0,0,0,차대차 - 기타,안전운전불이행,건조,맑음,단일로 - 기타,승용,여,51세,상해없음,승용,남,32세,상해없음
2022100700100048,2022년 10월 7일 05시,금요일,대구광역시 달서구 상인동,부상신고사고,0,0,0,1,차대차 - 정면충돌,안전운전불이행,건조,맑음,단일로 - 기타,개인형이동수단(PM),남,52세,상해없음,개인형이동수단(PM),남,68세,부상신고
2022100700100085,2022년 10월 7일 07시,금요일,대구광역시 동구 효목동,경상사고,0,0,1,0,차대사람 - 길가장자리구역통행중,안전운전불이행,건조,맑음,단일로 - 기타,승용,여,50세,상해없음,보행자,여,13세,경상
2022100700100139,2022년 10월 7일 08시,금요일,대구광역시 동구 불로동,부상신고사고,0,0,0,1,차대차 - 기타,안전운전불이행,건조,맑음,기타 - 기타,승용,여,61세,상해없음,자전거,남,74세,부상신고
2022100700100140,2022년 10월 7일 08시,금요일,대구광역시 수성구 수성동1가,경상사고,0,0,4,0,차대차 - 측면충돌,안전운전불이행,건조,흐림,단일로 - 기타,승용,남,35세,경상,승용,남,35세,상해없음
2022100700100141,2022년 10월 7일 08시,금요일,대구광역시 북구 침산동,중상사고,0,1,0,0,차대차 - 측면충돌,안전운전불이행,건조,맑음,단일로 - 기타,화물,남,54세,상해없음,이륜,여,56세,중상
2022100700100142,2022년 10월 7일 08시,금요일,대구광역시 서구 이현동,경상사고,0,0,1,0,차대차 - 측면충돌,안전거리미확보,건조,맑음,단일로 - 기타,승용,여,43세,상해없음,승용,남,67세,경상
2022100700100184,2022년 10월 7일 09시,금요일,대구광역시 수성구 범어동,중상사고,0,1,0,0,차대사람 - 횡단중,보행자보호의무위반,건조,맑음,교차로 - 교차로횡단보도내,승용,여,49세,상해없음,보행자,여,48세,중상
2022100700100212,2022년 10월 7일 10시,금요일,대구광역시 남구 봉덕동,경상사고,0,0,1,0,차대차 - 기타,중앙선침범,건조,맑음,단일로 - 기타,자전거,남,69세,경상,승용,남,69세,상해없음
2022100700100213,2022년 10월 7일 10시,금요일,대구광역시 수성구 신매동,부상신고사고,0,0,0,1,차대차 - 기타,안전운전불이행,건조,맑음,단일로 - 기타,승용,남,81세,상해없음,승용,남,39세,부상신고
2022100700100286,2022년 10월 7일 12시,금요일,대구광역시 동구 신암동,경상사고,0,0,1,0,차대차 - 측면충돌,안전운전불이행,건조,맑음,교차로 - 교차로부근,승용,남,57세,상해없음,자전거,남,70세,경상
2022100700100288,2022년 10월 7일 12시,금요일,대구광역시 북구 복현동,경상사고,0,0,1,0,차대사람 - 기타,안전운전불이행,건조,맑음,기타 - 기타,개인형이동수단(PM),남,24세,상해없음,보행자,남,22세,경상
2022100700100328,2022년 10월 7일 13시,금요일,대구광역시 동구 괴전동,중상사고,0,1,0,0,차대차 - 측면충돌,안전운전불이행,건조,맑음,교차로 - 교차로부근,승용,남,71세,상해없음,특수,남,39세,중상
2022100700100370,2022년 10월 7일 14시,금요일,대구광역시 달서구 이곡동,경상사고,0,0,1,0,차대차 - 기타,안전운전불이행,건조,맑음,교차로 - 교차로부근,승용,여,30세,상해없음,승합,남,52세,상해없음
2022100700100407,2022년 10월 7일 15시,금요일,대구광역시 달성군 옥포읍,경상사고,0,0,1,0,차대차 - 정면충돌,중앙선침범,건조,맑음,단일로 - 기타,승용,남,71세,상해없음,승용,여,57세,경상
2022100700100441,2022년 10월 7일 16시,금요일,대구광역시 남구 대명동,경상사고,0,0,2,0,차대차 - 기타,차로위반,건조,맑음,교차로 - 교차로부근,승용,여,67세,상해없음,승용,남,33세,경상
2022100700100442,2022년 10월 7일 16시,금요일,대구광역시 동구 봉무동,경상사고,0,0,2,0,차대차 - 측면충돌,중앙선침범,건조,맑음,교차로 - 교차로부근,승용,여,23세,기타불명,승용,여,33세,경상
2022100700100443,2022년 10월 7일 16시,금요일,대구광역시 북구 산격동,경상사고,0,0,1,0,차대차 - 기타,안전운전불이행,건조,맑음,교차로 - 교차로안,승용,남,65세,상해없음,승용,여,54세,경상
2022100700100491,2022년 10월 7일 17시,금요일,대구광역시 북구 칠성동2가,경상사고,0,0,1,0,차대차 - 기타,신호위반,건조,맑음,단일로 - 지하차도(도로)내,화물,남,62세,상해없음,이륜,남,43세,경상
2022100700100537,2022년 10월 7일 18시,금요일,대구광역시 동구 율하동,경상사고,0,0,1,0,차대차 - 측면충돌,안전거리미확보,건조,맑음,단일로 - 기타,이륜,남,62세,상해없음,승용,남,39세,경상
2022100700100538,2022년 10월 7일 18시,금요일,대구광역시 동구 불로동,경상사고,0,0,1,0,차대차 - 측면충돌,안전운전불이행,건조,맑음,단일로 - 기타,승용,남,75세,상해없음,승용,남,27세,경상
2022100700100539,2022년 10월 7일 18시,금요일,대구광역시 수성구 두산동,경상사고,0,0,1,0,차대사람 - 횡단중,보행자보호의무위반,건조,맑음,단일로 - 기타,승용,여,21세,상해없음,보행자,남,39세,경상
2022100700100540,2022년 10월 7일 18시,금요일,대구광역시 서구 평리동,경상사고,0,0,1,0,차대차 - 측면충돌,기타,건조,맑음,단일로 - 기타,승용,남,48세,상해없음,자전거,여,57세,경상
2022100700100542,2022년 10월 7일 18시,금요일,대구광역시 달서구 이곡동,경상사고,0,0,1,0,차대차 - 기타,안전운전불이행,건조,맑음,기타 - 기타,승용,남,52세,상해없음,승용,여,54세,경상
2022100700100589,2022년 10월 7일 19시,금요일,대구광역시 달서구 진천동,경상사고,0,0,1,0,차대차 - 측면충돌,불법유턴,건조,맑음,단일로 - 지하차도(도로)내,승용,남,67세,상해없음,원동기,남,33세,경상
2022100700100617,2022년 10월 7일 20시,금요일,대구광역시 동구 효목동,중상사고,0,1,0,0,차대사람 - 차도통행중,안전운전불이행,건조,맑음,교차로 - 교차로안,승용,남,41세,상해없음,보행자,남,15세,중상
2022100700100618,2022년 10월 7일 20시,금요일,대구광역시 북구 노원동3가,경상사고,0,0,2,0,차대차 - 측면충돌,안전운전불이행,건조,맑음,단일로 - 기타,승용,남,22세,상해없음,승용,남,60세,경상
2022100700100619,2022년 10월 7일 20시,금요일,대구광역시 서구 평리동,경상사고,0,0,1,0,차대차 - 기타,안전운전불이행,건조,맑음,교차로 - 교차로부근,승용,남,27세,상해없음,이륜,남,32세,경상
2022100700100620,2022년 10월 7일 20시,금요일,대구광역시 북구 태전동,중상사고,0,1,0,0,차대차 - 측면충돌,신호위반,건조,맑음,교차로 - 교차로부근,승용,남,35세,상해없음,승용,남,56세,중상
2022100700100658,2022년 10월 7일 21시,금요일,대구광역시 달서구 장동,경상사고,0,0,2,0,차대차 - 측면충돌,안전운전불이행,건조,맑음,교차로 - 교차로안,승용,남,64세,경상,승용,남,47세,경상
2022100700100685,2022년 10월 7일 22시,금요일,대구광역시 동구 각산동,중상사고,0,1,0,0,차대사람 - 기타,안전운전불이행,건조,맑음,단일로 - 기타,원동기,남,17세,상해없음,보행자,여,67세,중상
2022100700100686,2022년 10월 7일 22시,금요일,대구광역시 달서구 진천동,경상사고,0,0,1,0,차대차 - 추돌,안전운전불이행,건조,맑음,단일로 - 기타,승용,남,28세,상해없음,승용,남,47세,경상
2022100700100687,2022년 10월 7일 22시,금요일,대구광역시 북구 침산동,부상신고사고,0,0,0,1,차량단독 - 전도전복 - 전도,안전운전불이행,건조,맑음,단일로 - 기타,이륜,남,31세,부상신고,,,,
2022100700100706,2022년 10월 7일 23시,금요일,대구광역시 북구 태전동,중상사고,0,1,3,0,차대차 - 측면충돌,교차로운행방법위반,건조,맑음,교차로 - 교차로부근,승용,여,60세,중상,승합,남,60세,경상
2022100800100012,2022년 10월 8일 00시,토요일,대구광역시 달서구 감삼동,중상사고,0,1,0,0,차대차 - 측면충돌,신호위반,건조,맑음,단일로 - 기타,승용,남,67세,상해없음,이륜,남,32세,중상
2022100800100026,2022년 10월 8일 01시,토요일,대구광역시 서구 평리동,경상사고,0,0,1,0,차대차 - 추돌,안전운전불이행,건조,맑음,교차로 - 교차로안,승용,남,40세,상해없음,승용,남,35세,경상
2022100800100027,2022년 10월 8일 01시,토요일,대구광역시 달서구 장기동,경상사고,0,0,1,0,차량단독 - 공작물충돌,안전운전불이행,건조,맑음,단일로 - 기타,승용,남,43세,경상,,,,
2022100800100041,2022년 10월 8일 02시,토요일,대구광역시 달성군 논공읍,경상사고,0,0,3,0,차량단독 - 공작물충돌,안전운전불이행,건조,맑음,단일로 - 기타,승용,남,66세,상해없음,,,,
2022100800100057,2022년 10월 8일 04시,토요일,대구광역시 중구 남산동,부상신고사고,0,0,0,1,차대차 - 측면충돌,신호위반,건조,맑음,교차로 - 교차로안,원동기,남,16세,부상신고,승용,남,65세,상해없음
2022100800100101,2022년 10월 8일 07시,토요일,대구광역시 달서구 이곡동,경상사고,0,0,2,0,차대차 - 추돌,안전운전불이행,건조,맑음,교차로 - 교차로부근,화물,남,63세,상해없음,화물,남,49세,경상
2022100800100147,2022년 10월 8일 09시,토요일,대구광역시 수성구 범어동,경상사고,0,0,1,0,차대차 - 측면충돌,안전운전불이행,건조,맑음,교차로 - 교차로부근,승용,남,66세,상해없음,승용,남,44세,경상
2022100800100178,2022년 10월 8일 10시,토요일,대구광역시 남구 대명동,중상사고,0,1,0,0,차대차 - 추돌,안전운전불이행,건조,맑음,교차로 - 교차로안,승용,남,56세,상해없음,이륜,남,43세,중상
2022100800100179,2022년 10월 8일 10시,토요일,대구광역시 동구 불로동,중상사고,0,1,1,0,차대차 - 정면충돌,신호위반,건조,맑음,교차로 - 교차로안,승용,여,40세,경상,승용,여,70세,중상
2022100800100180,2022년 10월 8일 10시,토요일,대구광역시 동구 봉무동,경상사고,0,0,1,0,차대차 - 추돌,안전운전불이행,건조,맑음,단일로 - 기타,승용,여,28세,상해없음,승용,남,27세,경상
2022100800100181,2022년 10월 8일 10시,토요일,대구광역시 달성군 현풍읍,중상사고,0,1,0,0,차대사람 - 보도통행중,안전운전불이행,건조,맑음,주차장 - 주차장,승용,여,66세,상해없음,보행자,여,34세,중상
2022100800100228,2022년 10월 8일 11시,토요일,대구광역시 수성구 시지동,경상사고,0,0,2,0,차대차 - 추돌,안전운전불이행,건조,맑음,단일로 - 기타,승용,여,53세,상해없음,승용,여,53세,경상
2022100800100269,2022년 10월 8일 12시,토요일,대구광역시 달서구 대곡동,경상사고,0,0,1,0,차대사람 - 기타,기타,건조,맑음,단일로 - 기타,이륜,남,24세,상해없음,보행자,여,5세,경상
2022100800100270,2022년 10월 8일 12시,토요일,대구광역시 달성군 유가읍,경상사고,0,0,2,0,차대차 - 기타,안전운전불이행,건조,맑음,단일로 - 기타,승용,남,48세,상해없음,승용,남,25세,경상
2022100800100320,2022년 10월 8일 13시,토요일,대구광역시 수성구 범어동,중상사고,0,1,0,0,차대차 - 추돌,신호위반,건조,맑음,단일로 - 기타,승용,여,71세,상해없음,이륜,남,60세,중상
2022100800100321,2022년 10월 8일 13시,토요일,대구광역시 수성구 상동,경상사고,0,0,1,0,차대차 - 후진중충돌,안전운전불이행,건조,맑음,단일로 - 기타,승용,여,59세,상해없음,이륜,남,25세,경상
2022100800100322,2022년 10월 8일 13시,토요일,대구광역시 달서구 진천동,경상사고,0,0,1,0,차대차 - 측면충돌,교차로운행방법위반,건조,맑음,교차로 - 교차로안,이륜,남,42세,경상,승용,여,66세,상해없음
2022100800100384,2022년 10월 8일 15시,토요일,대구광역시 달성군 다사읍,경상사고,0,0,2,0,차대사람 - 보도통행중,안전운전불이행,건조,맑음,기타 - 기타,승용,남,48세,경상,보행자,여,13세,경상
2022100800100385,2022년 10월 8일 15시,토요일,대구광역시 달서구 장기동,경상사고,0,0,1,0,차대사람 - 보도통행중,기타,건조,맑음,교차로 - 교차로부근,개인형이동수단(PM),여,16세,상해없음,보행자,여,67세,경상