사고번호,사고일시,요일,시군구,사고내용,사망자수,중상자수,경상자수,부상신고자수,사고유형,법규위반,노면상태,기상상태,도로형태,가해운전자 차종,가해운전자 성별,가해운전자 연령,가해운전자 상해정도,피해운전자 차종,피해운전자 성별,피해운전자 연령,피해운전자 상해정도
2022100800100422,2022년 10월 8일 16시,토요일,대구광역시 북구 조야동,경상사고,0,0,1,0,차대차 - 추돌,안전거리미확보,건조,맑음,단일로 - 기타,승용,남,53세,상해없음,승용,여,36세,경상
2022100800100426,2022년 10월 8일 16시,토요일,대구광역시 동구 율하동,경상사고,0,0,1,0,차대차 - 후진중충돌,불법유턴,건조,맑음,단일로 - 지하차도(도로)내,화물,남,61세,기타불명,이륜,여,43세,경상
2022100800100427,2022년 10월 8일 16시,토요일,대구광역시 달서구 상인동,경상사고,0,0,1,0,차대차 - 측면충돌,안전거리미확보,건조,맑음,단일로 - 기타,승용,여,48세,기타불명,승용,여,49세,경상
2022100800100428,2022년 10월 8일 16시,토요일,대구광역시 중구 삼덕동3가,중상사고,0,2,0,0,차대사람 - 보도통행중,보행자보호의무위반,건조,맑음,기타 - 기타,승용,여,67세,상해없음,보행자,남,54세,중상
2022100800100474,2022년 10월 8일 17시,토요일,대구광역시 남구 대명동,경상사고,0,0,1,0,차대차 - 측면충돌,안전운전불이행,건조,맑음,단일로 - 기타,승용,남,47세,상해없음,자전거,남,9세,경상
2022100800100475,2022년 10월 8일 17시,토요일,대구광역시 동구 신천동,경상사고,0,0,3,0,차대차 - 추돌,안전운전불이행,건조,맑음,단일로 - 기타,승용,남,51세,기타불명,승용,남,41세,경상
2022100800100517,2022년 10월 8일 18시,토요일,대구광역시 서구 비산동,경상사고,0,0,1,0,차대사람 - 보도통행중,기타,건조,맑음,단일로 - 기타,승용,남,68세,기타불명,보행자,남,53세,경상
2022100800100518,2022년 10월 8일 18시,토요일,대구광역시 서구 내당동,경상사고,0,0,1,0,차대차 - 측면충돌,안전운전불이행,건조,맑음,교차로 - 교차로안,기타불명,기타불명,미분류,기타불명,승합,남,54세,상해없음
2022100800100558,2022년 10월 8일 19시,토요일,대구광역시 동구 신천동,중상사고,0,1,0,0,차대차 - 측면충돌,안전거리미확보,건조,맑음,교차로 - 교차로부근,승용,남,78세,상해없음,이륜,남,44세,중상
2022100800100559,2022년 10월 8일 19시,토요일,대구광역시 동구 신암동,경상사고,0,0,1,0,차대차 - 측면충돌,안전거리미확보,건조,맑음,단일로 - 기타,승용,남,58세,상해없음,승용,남,67세,경상
2022100800100560,2022년 10월 8일 19시,토요일,대구광역시 서구 내당동,경상사고,0,0,5,0,차대차 - 측면충돌,직진우회전진행방해,건조,맑음,교차로 - 교차로안,승용,남,35세,상해없음,승용,남,73세,경상
2022100800100561,2022년 10월 8일 19시,토요일,대구광역시 달서구 감삼동,경상사고,0,0,2,0,차대차 - 측면충돌,신호위반,건조,맑음,기타 - 기타,승용,남,27세,상해없음,이륜,남,57세,경상
2022100800100596,2022년 10월 8일 20시,토요일,대구광역시 달서구 감삼동,중상사고,0,1,0,0,차대사람 - 횡단중,안전운전불이행,건조,맑음,교차로 - 교차로부근,승용,남,51세,상해없음,보행자,여,47세,중상
2022100800100624,2022년 10월 8일 21시,토요일,대구광역시 달서구 상인동,부상신고사고,0,0,0,1,차대차 - 추돌,안전운전불이행,건조,맑음,교차로 - 교차로부근,승용,남,26세,상해없음,승용,남,28세,부상신고
2022100900100009,2022년 10월 9일 00시,일요일,대구광역시 수성구 지산동,부상신고사고,0,0,0,1,차대사람 - 기타,안전운전불이행,기타,기타,기타 - 기타,기타불명,기타불명,미분류,기타불명,보행자,여,49세,부상신고
2022100900100043,2022년 10월 9일 03시,일요일,대구광역시 남구 봉덕동,중상사고,0,1,0,0,차대사람 - 기타,안전운전불이행,건조,맑음,교차로 - 교차로부근,승합,남,45세,상해없음,보행자,여,31세,중상
2022100900100057,2022년 10월 9일 05시,일요일,대구광역시 달서구 대천동,중상사고,0,1,1,0,차대차 - 추돌,안전운전불이행,건조,맑음,교차로 - 교차로부근,화물,남,51세,중상,승합,남,55세,경상
2022100900100116,2022년 10월 9일 10시,일요일,대구광역시 북구 태전동,경상사고,0,0,1,0,차대차 - 측면충돌,신호위반,젖음/습기,비,교차로 - 교차로안,이륜,남,55세,상해없음,승용,남,68세,경상
2022100900100140,2022년 10월 9일 11시,일요일,대구광역시 동구 방촌동,경상사고,0,0,1,0,차대차 - 추돌,안전거리미확보,건조,맑음,단일로 - 기타,기타불명,기타불명,미분류,기타불명,승용,남,47세,경상
2022100900100141,2022년 10월 9일 11시,일요일,대구광역시 동구 효목동,중상사고,0,1,0,0,차량단독 - 전도전복 - 전도,안전운전불이행,건조,맑음,단일로 - 기타,승합,남,38세,상해없음,,,,
2022100900100142,2022년 10월 9일 11시,일요일,대구광역시 달서구 상인동,중상사고,0,1,0,0,차대차 - 측면충돌,교차로운행방법위반,건조,맑음,교차로 - 교차로안,승용,여,69세,상해없음,이륜,남,52세,중상
2022100900100175,2022년 10월 9일 12시,일요일,대구광역시 달성군 화원읍,경상사고,0,0,4,0,차대차 - 측면충돌,안전운전불이행,건조,맑음,교차로 - 교차로안,승용,여,48세,상해없음,승용,남,74세,경상
2022100900100176,2022년 10월 9일 12시,일요일,대구광역시 북구 동천동,경상사고,0,0,3,0,차대차 - 측면충돌,차로위반,건조,맑음,단일로 - 기타,원동기,남,35세,경상,승용,여,43세,경상
2022100900100204,2022년 10월 9일 13시,일요일,대구광역시 수성구 두산동,중상사고,0,1,1,0,차대차 - 측면충돌,안전운전불이행,건조,맑음,단일로 - 기타,승용,남,44세,상해없음,승용,여,49세,경상
2022100900100205,2022년 10월 9일 13시,일요일,대구광역시 서구 내당동,경상사고,0,0,1,0,차대사람 - 길가장자리구역통행중,안전운전불이행,건조,흐림,단일로 - 기타,승용,여,60세,상해없음,보행자,남,33세,경상
2022100900100230,2022년 10월 9일 14시,일요일,대구광역시 달성군 논공읍,중상사고,0,1,0,0,차대차 - 추돌,안전운전불이행,건조,맑음,단일로 - 터널,승용,남,30세,상해없음,승용,남,29세,중상
2022100900100231,2022년 10월 9일 14시,일요일,대구광역시 북구 서변동,경상사고,0,0,2,0,차대차 - 추돌,안전운전불이행,건조,맑음,기타 - 기타,승용,여,21세,상해없음,승용,남,27세,경상
2022100900100237,2022년 10월 9일 14시,일요일,대구광역시 북구 복현동,경상사고,0,0,1,0,차대차 - 추돌,안전운전불이행,젖음/습기,비,교차로 - 교차로부근,승용,남,55세,상해없음,승용,여,45세,경상
2022100900100238,2022년 10월 9일 14시,일요일,대구광역시 북구 침산동,중상사고,0,1,2,0,차대차 - 추돌,안전거리미확보,건조,흐림,단일로 - 기타,승용,남,48세,상해없음,승용,남,62세,경상
2022100900100239,2022년 10월 9일 14시,일요일,대구광역시 중구 동인동4가,경상사고,0,0,1,0,차대사람 - 차도통행중,안전운전불이행,건조,맑음,단일로 - 기타,승용,여,30세,상해없음,보행자,남,29세,경상
2022100900100240,2022년 10월 9일 14시,일요일,대구광역시 북구 학정동,경상사고,0,0,1,0,차대차 - 기타,교차로운행방법위반,건조,맑음,교차로 - 교차로부근,승용,남,66세,상해없음,이륜,남,62세,경상
2022100900100268,2022년 10월 9일 15시,일요일,대구광역시 동구 방촌동,경상사고,0,0,1,0,차대사람 - 보도통행중,안전운전불이행,건조,맑음,단일로 - 지하차도(도로)내,자전거,남,11세,상해없음,보행자,여,77세,경상
2022100900100269,2022년 10월 9일 15시,일요일,대구광역시 중구 동인동3가,경상사고,0,0,3,0,차대차 - 측면충돌,신호위반,건조,맑음,교차로 - 교차로부근,승용,남,48세,상해없음,승용,남,34세,경상
2022100900100317,2022년 10월 9일 17시,일요일,대구광역시 달서구 대곡동,경상사고,0,0,1,0,차대사람 - 기타,안전운전불이행,건조,맑음,단일로 - 기타,승용,남,56세,상해없음,보행자,여,41세,경상
2022100900100415,2022년 10월 9일 19시,일요일,대구광역시 달서구 송현동,경상사고,0,0,1,0,차대차 - 측면충돌,안전운전불이행,건조,맑음,단일로 - 지하차도(도로)내,승용,여,67세,상해없음,원동기,남,24세,경상
2022100900100416,2022년 10월 9일 19시,일요일,대구광역시 달성군 현풍읍,중상사고,0,1,0,0,차대사람 - 보도통행중,기타,젖음/습기,비,기타 - 기타,이륜,남,55세,상해없음,보행자,여,60세,중상
2022100900100417,2022년 10월 9일 19시,일요일,대구광역시 달성군 다사읍,경상사고,0,0,1,0,차대차 - 추돌,안전운전불이행,건조,맑음,교차로 - 교차로부근,원동기,남,48세,상해없음,승용,남,39세,경상
2022100900100418,2022년 10월 9일 19시,일요일,대구광역시 북구 복현동,경상사고,0,0,1,0,차대차 - 측면충돌,안전운전불이행,건조,맑음,교차로 - 교차로안,화물,남,56세,상해없음,승용,남,25세,경상
2022100900100419,2022년 10월 9일 19시,일요일,대구광역시 북구 금호동,경상사고,0,0,1,0,차대차 - 추돌,안전운전불이행,건조,맑음,교차로 - 교차로안,승용,남,68세,상해없음,승용,남,43세,경상
2022100900100457,2022년 10월 9일 20시,일요일,대구광역시 동구 신천동,중상사고,0,1,1,0,차대차 - 측면충돌,안전운전불이행,젖음/습기,비,단일로 - 지하차도(도로)내,승용,남,26세,상해없음,승용,남,58세,경상
2022100900100459,2022년 10월 9일 20시,일요일,대구광역시 북구 서변동,부상신고사고,0,0,0,1,차대차 - 측면충돌,안전운전불이행,젖음/습기,비,교차로 - 교차로안,승용,남,56세,상해없음,승용,남,27세,부상신고
2022100900100480,2022년 10월 9일 21시,일요일,대구광역시 동구 신천동,중상사고,0,1,0,0,차대차 - 정면충돌,신호위반,젖음/습기,비,교차로 - 교차로안,승용,남,41세,기타불명,승용,여,56세,중상
2022100900100481,2022년 10월 9일 21시,일요일,대구광역시 북구 산격동,부상신고사고,0,0,0,1,차대사람 - 보도통행중,안전운전불이행,젖음/습기,맑음,단일로 - 기타,승용,남,53세,상해없음,보행자,남,53세,부상신고
2022100900100508,2022년 10월 9일 22시,일요일,대구광역시 동구 용계동,경상사고,0,0,1,0,차대차 - 측면충돌,안전거리미확보,젖음/습기,비,단일로 - 기타,승용,여,48세,상해없음,승용,남,27세,경상
2022100900100509,2022년 10월 9일 22시,일요일,대구광역시 수성구 시지동,경상사고,0,0,1,0,차대차 - 측면충돌,안전운전불이행,건조,맑음,단일로 - 기타,승용,남,28세,상해없음,승용,남,65세,상해없음
2022100900100510,2022년 10월 9일 22시,일요일,대구광역시 중구 대봉동,경상사고,0,0,2,0,차대차 - 추돌,안전운전불이행,젖음/습기,흐림,단일로 - 기타,승용,남,26세,상해없음,화물,남,50세,경상
2022101000100020,2022년 10월 10일 02시,월요일,대구광역시 북구 대현동,중상사고,0,1,0,1,차대사람 - 기타,안전운전불이행,건조,맑음,단일로 - 기타,이륜,남,28세,부상신고,보행자,남,66세,중상
2022101000100048,2022년 10월 10일 05시,월요일,대구광역시 중구 남산동,중상사고,0,1,0,0,차대사람 - 보도통행중,신호위반,건조,맑음,단일로 - 기타,승용,남,21세,상해없음,보행자,여,55세,중상
2022101000100054,2022년 10월 10일 06시,월요일,대구광역시 서구 비산동,경상사고,0,0,1,0,차대사람 - 차도통행중,안전운전불이행,건조,맑음,단일로 - 기타,승용,남,61세,상해없음,보행자,남,29세,경상
2022101000100067,2022년 10월 10일 08시,월요일,대구광역시 북구 노원동3가,중상사고,0,1,0,0,차대사람 - 기타,안전운전불이행,건조,맑음,단일로 - 기타,이륜,남,57세,상해없음,보행자,남,69세,중상
2022101000100087,2022년 10월 10일 09시,월요일,대구광역시 남구 대명동,경상사고,0,0,1,0,차대사람 - 차도통행중,안전운전불이행,건조,맑음,단일로 - 기타,승용,남,63세,상해없음,보행자,남,70세,경상
2022101000100088,2022년 10월 10일 09시,월요일,대구광역시 달서구 본리동,경상사고,0,0,2,0,차대차 - 측면충돌,안전거리미확보,건조,맑음,단일로 - 기타,기타불명,기타불명,미분류,기타불명,승용,남,74세,경상
2022101000100106,2022년 10월 10일 10시,월요일,대구광역시 북구 대현동,부상신고사고,0,0,0,1,차대차 - 측면충돌,안전운전불이행,건조,맑음,단일로 - 기타,승용,남,62세,상해없음,자전거,남,70세,부상신고
2022101000100128,2022년 10월 10일 11시,월요일,대구광역시 남구 대명동,경상사고,0,0,1,0,차대차 - 측면충돌,안전운전불이행,건조,맑음,단일로 - 지하차도(도로)내,승용,남,25세,상해없음,승용,남,24세,경상
2022101000100129,2022년 10월 10일 11시,월요일,대구광역시 북구 동변동,부상신고사고,0,0,0,1,차대차 - 측면충돌,안전운전불이행,건조,맑음,교차로 - 교차로횡단보도내,자전거,남,78세,부상신고,이륜,남,50세,상해없음
2022101000100154,2022년 10월 10일 12시,월요일,대구광역시 달서구 월성동,경상사고,0,0,2,0,차대차 - 기타,교차로운행방법위반,건조,맑음,교차로 - 교차로안,승용,남,43세,상해없음,승용,남,65세,경상
2022101000100223,2022년 10월 10일 14시,월요일,대구광역시 수성구 범어동,부상신고사고,0,0,0,1,차대사람 - 기타,안전운전불이행,건조,맑음,교차로 - 교차로부근,승용,여,45세,상해없음,보행자,남,53세,부상신고
2022101000100224,2022년 10월 10일 14시,월요일,대구광역시 달성군 현풍읍,경상사고,0,0,2,0,차대차 - 정면충돌,중앙선침범,건조,맑음,단일로 - 기타,승합,남,62세,상해없음,승용,여,55세,경상
2022101000100225,2022년 10월 10일 14시,월요일,대구광역시 중구 남산동,중상사고,0,1,0,0,차대차 - 기타,교차로운행방법위반,건조,맑음,교차로 - 교차로안,승용,남,48세,상해없음,이륜,남,26세,중상
2022101000100265,2022년 10월 10일 15시,월요일,대구광역시 동구 율하동,경상사고,0,0,2,0,차대차 - 측면충돌,안전거리미확보,건조,맑음,단일로 - 기타,원동기,여,47세,경상,승용,남,39세,상해없음
2022101000100266,2022년 10월 10일 15시,월요일,대구광역시 중구 남산동,경상사고,0,0,1,0,차대차 - 기타,안전운전불이행,건조,맑음,교차로 - 교차로부근,승용,여,39세,상해없음,승용,남,67세,경상
2022101000100304,2022년 10월 10일 16시,월요일,대구광역시 수성구 신매동,경상사고,0,0,1,0,차대사람 - 길가장자리구역통행중,안전운전불이행,건조,맑음,단일로 - 기타,승용,남,53세,상해없음,보행자,남,52세,경상
2022101000100305,2022년 10월 10일 16시,월요일,대구광역시 서구 평리동,경상사고,0,0,3,0,차대차 - 추돌,안전운전불이행,건조,맑음,기타 - 기타,승용,남,29세,상해없음,승용,여,42세,경상
2022101000100375,2022년 10월 10일 18시,월요일,대구광역시 남구 대명동,경상사고,0,0,3,0,차대차 - 기타,안전운전불이행,건조,맑음,단일로 - 기타,승용,남,52세,상해없음,승용,남,38세,경상
2022101000100376,2022년 10월 10일 18시,월요일,대구광역시 달서구 월성동,경상사고,0,0,1,0,차대차 - 측면충돌,신호위반,건조,맑음,교차로 - 교차로부근,승용,여,55세,상해없음,화물,남,47세,경상
2022101000100407,2022년 10월 10일 19시,월요일,대구광역시 동구 동호동,경상사고,0,0,1,0,차대차 - 기타,중앙선침범,건조,맑음,교차로 - 교차로부근,승용,남,21세,상해없음,이륜,남,52세,경상
2022101000100408,2022년 10월 10일 19시,월요일,대구광역시 수성구 황금동,중상사고,0,1,0,0,차대차 - 측면충돌,안전운전불이행,건조,맑음,교차로 - 교차로안,이륜,남,41세,중상,승용,남,49세,상해없음
2022101000100409,2022년 10월 10일 19시,월요일,대구광역시 북구 침산동,경상사고,0,0,1,0,차대차 - 기타,중앙선침범,젖음/습기,비,단일로 - 기타,승용,남,31세,상해없음,이륜,남,29세,경상
2022101000100410,2022년 10월 10일 19시,월요일,대구광역시 서구 평리동,경상사고,0,0,1,0,차대사람 - 횡단중,안전운전불이행,젖음/습기,비,교차로 - 교차로안,승용,남,58세,상해없음,보행자,남,61세,경상
2022101000100430,2022년 10월 10일 20시,월요일,대구광역시 남구 대명동,경상사고,0,0,1,0,차대차 - 기타,안전운전불이행,건조,맑음,단일로 - 기타,승용,남,79세,상해없음,승용,여,32세,기타불명
2022101000100473,2022년 10월 10일 22시,월요일,대구광역시 달서구 송현동,경상사고,0,0,1,0,차대사람 - 차도통행중,안전운전불이행,건조,맑음,단일로 - 기타,승용,남,57세,상해없음,보행자,남,65세,경상
2022101000100481,2022년 10월 10일 23시,월요일,대구광역시 북구 복현동,경상사고,0,0,1,0,차대차 - 측면충돌,안전운전불이행,건조,맑음,단일로 - 지하차도(도로)내,이륜,남,29세,경상,승용,남,62세,상해없음
2022101000100482,2022년 10월 10일 23시,월요일,대구광역시 달서구 상인동,경상사고,0,0,2,0,차대차 - 기타,안전운전불이행,건조,맑음,단일로 - 기타,승용,여,29세,상해없음,승용,기타불명,미분류,기타불명
2022101100100011,2022년 10월 11일 01시,화요일,대구광역시 달서구 송현동,중상사고,0,1,0,0,차대차 - 기타,안전운전불이행,건조,맑음,교차로 - 교차로안,승용,남,49세,상해없음,승용,남,34세,상해없음
2022101100100022,2022년 10월 11일 04시,화요일,대구광역시 서구 내당동,경상사고,0,0,1,0,차대차 - 기타,안전거리미확보,건조,맑음,단일로 - 기타,승용,남,27세,상해없음,승용,남,72세,상해없음
2022101100100121,2022년 10월 11일 08시,화요일,대구광역시 남구 봉덕동,경상사고,0,0,3,0,차대차 - 추돌,안전거리미확보,건조,맑음,단일로 - 고가도로위,승용,남,62세,경상,승용,남,43세,경상
2022101100100123,2022년 10월 11일 08시,화요일,대구광역시 달서구 갈산동,경상사고,0,0,1,0,차대차 - 정면충돌,안전운전불이행,건조,맑음,교차로 - 교차로부근,승용,남,22세,상해없음,승용,남,43세,경상
2022101100100165,2022년 10월 11일 09시,화요일,대구광역시 동구 효목동,경상사고,0,0,1,0,차대차 - 측면충돌,안전운전불이행,건조,맑음,교차로 - 교차로부근,승용,여,46세,경상,건설기계,남,50세,상해없음
2022101100100166,2022년 10월 11일 09시,화요일,대구광역시 북구 산격동,중상사고,0,1,0,0,차대차 - 기타,안전운전불이행,건조,맑음,기타 - 기타,자전거,남,56세,중상,승용,여,29세,상해없음
2022101100100214,2022년 10월 11일 10시,화요일,대구광역시 수성구 수성동4가,경상사고,0,0,1,0,차대차 - 측면충돌,신호위반,건조,맑음,교차로 - 교차로부근,승용,여,33세,상해없음,승용,여,38세,경상
2022101100100215,2022년 10월 11일 10시,화요일,대구광역시 달서구 대천동,부상신고사고,0,0,0,1,차대차 - 측면충돌,중앙선침범,건조,맑음,단일로 - 기타,원동기,남,31세,부상신고,승용,여,38세,상해없음
2022101100100245,2022년 10월 11일 11시,화요일,대구광역시 동구 동호동,경상사고,0,0,1,0,차대차 - 측면충돌,안전운전불이행,건조,맑음,교차로 - 교차로부근,승용,남,79세,상해없음,화물,남,39세,경상
2022101100100247,2022년 10월 11일 11시,화요일,대구광역시 달서구 용산동,경상사고,0,0,1,0,차대사람 - 보도통행중,기타,건조,맑음,단일로 - 기타,승용,남,78세,상해없음,보행자,여,73세,경상
2022101100100272,2022년 10월 11일 12시,화요일,대구광역시 달서구 진천동,경상사고,0,0,1,0,차대차 - 기타,안전운전불이행,건조,맑음,단일로 - 기타,승용,여,72세,상해없음,승용,여,39세,경상
2022101100100309,2022년 10월 11일 13시,화요일,대구광역시 남구 대명동,경상사고,0,0,1,0,차대차 - 기타,안전운전불이행,건조,맑음,단일로 - 기타,화물,남,31세,기타불명,승용,여,37세,경상
2022101100100310,2022년 10월 11일 13시,화요일,대구광역시 수성구 매호동,경상사고,0,0,3,0,차대차 - 정면충돌,교차로운행방법위반,건조,맑음,교차로 - 교차로안,승용,남,60세,상해없음,승용,남,68세,경상
2022101100100311,2022년 10월 11일 13시,화요일,대구광역시 달성군 다사읍,중상사고,0,1,1,0,차대차 - 추돌,안전운전불이행,건조,맑음,단일로 - 기타,화물,남,63세,상해없음,화물,남,79세,중상
2022101100100349,2022년 10월 11일 14시,화요일,대구광역시 달서구 상인동,경상사고,0,0,1,0,차대차 - 측면충돌,안전운전불이행,건조,맑음,단일로 - 지하차도(도로)내,승용,남,78세,상해없음,승용,남,43세,경상
2022101100100350,2022년 10월 11일 14시,화요일,대구광역시 서구 내당동,경상사고,0,0,1,0,차대사람 - 기타,보행자보호의무위반,건조,맑음,단일로 - 기타,승용,여,39세,상해없음,보행자,여,85세,경상
2022101100100398,2022년 10월 11일 15시,화요일,대구광역시 달성군 논공읍,중상사고,0,1,1,1,차대차 - 기타,신호위반,건조,맑음,단일로 - 터널,승용,남,23세,부상신고,화물,남,67세,중상
2022101100100399,2022년 10월 11일 15시,화요일,대구광역시 달성군 현풍읍,경상사고,0,0,1,0,차대차 - 측면충돌,보행자보호의무위반,건조,맑음,교차로 - 교차로안,승용,여,42세,상해없음,자전거,남,7세,경상
2022101100100400,2022년 10월 11일 15시,화요일,대구광역시 달성군 논공읍,경상사고,0,0,1,0,차대차 - 기타,안전운전불이행,건조,맑음,교차로 - 교차로안,승용,여,58세,상해없음,승용,여,53세,경상
2022101100100401,2022년 10월 11일 15시,화요일,대구광역시 북구 태전동,중상사고,0,2,0,0,차대차 - 측면충돌,교차로운행방법위반,건조,맑음,교차로 - 교차로안,승용,남,26세,기타불명,승용,남,49세,중상
2022101100100444,2022년 10월 11일 16시,화요일,대구광역시 북구 산격동,경상사고,0,0,1,0,차대사람 - 횡단중,보행자보호의무위반,건조,맑음,단일로 - 기타,이륜,남,28세,상해없음,보행자,여,7세,경상
2022101100100445,2022년 10월 11일 16시,화요일,대구광역시 달서구 성당동,중상사고,0,1,0,0,차대사람 - 차도통행중,안전운전불이행,건조,맑음,기타 - 기타,승용,여,58세,상해없음,보행자,남,92세,중상
2022101100100495,2022년 10월 11일 17시,화요일,대구광역시 남구 대명동,중상사고,0,1,1,0,차대차 - 측면충돌,교차로운행방법위반,건조,맑음,교차로 - 교차로부근,승용,남,26세,상해없음,승용,남,27세,경상
2022101100100496,2022년 10월 11일 17시,화요일,대구광역시 동구 각산동,부상신고사고,0,0,0,1,차대사람 - 차도통행중,안전운전불이행,건조,맑음,교차로 - 교차로횡단보도내,승용,남,41세,기타불명,보행자,남,12세,부상신고
2022101100100497,2022년 10월 11일 17시,화요일,대구광역시 동구 효목동,경상사고,0,0,1,0,차대사람 - 기타,안전운전불이행,건조,맑음,단일로 - 기타,승용,남,51세,상해없음,보행자,여,22세,경상
2022101100100498,2022년 10월 11일 17시,화요일,대구광역시 달성군 화원읍,경상사고,0,0,3,0,차대차 - 측면충돌,안전운전불이행,건조,맑음,교차로 - 교차로부근,승용,여,26세,기타불명,승용,여,60세,경상
2022101100100499,2022년 10월 11일 17시,화요일,대구광역시 서구 평리동,경상사고,0,0,2,0,차대차 - 측면충돌,교차로운행방법위반,건조,맑음,교차로 - 교차로안,승용,여,68세,경상,승용,남,69세,경상
2022101100100553,2022년 10월 11일 18시,화요일,대구광역시 달서구 대곡동,경상사고,0,0,1,0,차대차 - 측면충돌,안전운전불이행,건조,맑음,교차로 - 교차로안,이륜,남,58세,경상,승용,여,65세,상해없음
2022101100100554,2022년 10월 11일 18시,화요일,대구광역시 달서구 두류동,중상사고,0,1,0,0,차대사람 - 횡단중,보행자보호의무위반,건조,맑음,단일로 - 기타,승용,여,52세,상해없음,보행자,남,65세,중상
2022101100100555,2022년 10월 11일 18시,화요일,대구광역시 달서구 본리동,경상사고,0,0,1,0,차대사람 - 기타,안전운전불이행,건조,맑음,교차로 - 교차로안,승용,여,71세,상해없음,보행자,남,50세,경상
2022101100100556,2022년 10월 11일 18시,화요일,대구광역시 북구 사수동,중상사고,0,1,0,0,차대차 - 측면충돌,안전거리미확보,건조,맑음,단일로 - 지하차도(도로)내,원동기,남,74세,중상,승용,여,55세,상해없음
2022101100100603,2022년 10월 11일 19시,화요일,대구광역시 달서구 월성동,경상사고,0,0,1,0,차대차 - 추돌,안전운전불이행,건조,맑음,단일로 - 지하차도(도로)내,승용,남,75세,상해없음,승용,여,38세,경상
2022101100100604,2022년 10월 11일 19시,화요일,대구광역시 달서구 송현동,경상사고,0,0,1,0,차대사람 - 기타,안전운전불이행,건조,흐림,단일로 - 기타,승용,남,55세,상해없음,보행자,여,73세,경상
2022101100100605,2022년 10월 11일 19시,화요일,대구광역시 북구 팔달동,중상사고,0,1,1,0,차대차 - 추돌,안전운전불이행,건조,맑음,단일로 - 지하차도(도로)내,승용,남,42세,상해없음,승용,남,50세,중상
2022101100100656,2022년 10월 11일 21시,화요일,대구광역시 달서구 상인동,경상사고,0,0,1,0,차대사람 - 길가장자리구역통행중,안전운전불이행,건조,맑음,교차로 - 교차로안,화물,남,54세,상해없음,보행자,여,21세,경상
2022101100100657,2022년 10월 11일 21시,화요일,대구광역시 달성군 유가읍,경상사고,0,0,1,0,차대차 - 기타,교차로운행방법위반,건조,맑음,교차로 - 교차로부근,승용,여,49세,상해없음,이륜,남,25세,경상
2022101100100684,2022년 10월 11일 23시,화요일,대구광역시 수성구 황금동,경상사고,0,0,1,0,차대사람 - 차도통행중,안전운전불이행,기타,기타,기타 - 기타,승용,여,54세,상해없음,보행자,남,23세,경상
2022101200100015,2022년 10월 12일 01시,수요일,대구광역시 달서구 월성동,경상사고,0,0,2,0,차대차 - 측면충돌,교차로운행방법위반,건조,맑음,교차로 - 교차로안,승용,남,53세,상해없음,승용,남,47세,경상
2022101200100025,2022년 10월 12일 04시,수요일,대구광역시 달성군 화원읍,중상사고,0,1,0,0,차대사람 - 횡단중,보행자보호의무위반,건조,맑음,기타 - 기타,승용,남,52세,상해없음,보행자,남,69세,중상
2022101200100047,2022년 10월 12일 06시,수요일,대구광역시 동구 신천동,경상사고,0,0,1,0,차대차 - 측면충돌,안전운전불이행,건조,맑음,기타 - 기타,자전거,남,62세,경상,승용,여,49세,상해없음
2022101200100048,2022년 10월 12일 06시,수요일,대구광역시 달성군 현풍읍,중상사고,0,1,0,0,차대사람 - 기타,안전운전불이행,건조,맑음,교차로 - 교차로부근,승합,남,48세,기타불명,보행자,여,36세,중상
2022101200100131,2022년 10월 12일 08시,수요일,대구광역시 수성구 노변동,중상사고,0,1,1,0,차대차 - 측면충돌,안전운전불이행,건조,맑음,단일로 - 기타,승용,여,48세,경상,특수,남,47세,중상
2022101200100136,2022년 10월 12일 08시,수요일,대구광역시 달성군 논공읍,경상사고,0,0,2,0,차대차 - 기타,안전운전불이행,건조,맑음,단일로 - 기타,승용,남,51세,상해없음,승합,남,65세,상해없음
2022101200100169,2022년 10월 12일 09시,수요일,대구광역시 달서구 이곡동,경상사고,0,0,1,0,차대차 - 추돌,안전운전불이행,건조,맑음,단일로 - 기타,승용,여,56세,상해없음,승용,남,34세,경상
2022101200100197,2022년 10월 12일 10시,수요일,대구광역시 북구 검단동,중상사고,0,1,0,0,차대차 - 기타,안전운전불이행,건조,맑음,기타 - 기타,자전거,남,29세,중상,승합,남,50세,상해없음
2022101200100300,2022년 10월 12일 13시,수요일,대구광역시 남구 이천동,경상사고,0,0,1,0,차대차 - 측면충돌,차로위반,건조,맑음,단일로 - 기타,승용,남,33세,상해없음,승용,남,46세,경상
2022101200100301,2022년 10월 12일 13시,수요일,대구광역시 서구 비산동,경상사고,0,0,1,0,차대차 - 측면충돌,안전운전불이행,건조,맑음,단일로 - 기타,화물,남,64세,상해없음,화물,남,57세,경상
2022101200100373,2022년 10월 12일 15시,수요일,대구광역시 동구 금강동,경상사고,0,0,1,0,차대차 - 측면충돌,안전운전불이행,건조,맑음,단일로 - 지하차도(도로)내,승용,남,70세,상해없음,승용,남,49세,상해없음
2022101200100408,2022년 10월 12일 16시,수요일,대구광역시 달서구 감삼동,중상사고,0,1,0,0,차대차 - 측면충돌,신호위반,건조,맑음,단일로 - 기타,승용,여,61세,상해없음,이륜,남,82세,중상