사고번호,사고일시,요일,시군구,사고내용,사망자수,중상자수,경상자수,부상신고자수,사고유형,법규위반,노면상태,기상상태,도로형태,가해운전자 차종,가해운전자 성별,가해운전자 연령,가해운전자 상해정도,피해운전자 차종,피해운전자 성별,피해운전자 연령,피해운전자 상해정도
2022101200100456,2022년 10월 12일 17시,수요일,대구광역시 수성구 대흥동,경상사고,0,0,1,0,차대차 - 측면충돌,안전운전불이행,건조,맑음,교차로 - 교차로안,승용,여,50세,상해없음,승용,남,63세,경상
2022101200100457,2022년 10월 12일 17시,수요일,대구광역시 수성구 상동,중상사고,0,1,0,0,차대차 - 측면충돌,안전운전불이행,건조,맑음,교차로 - 교차로안,승용,여,49세,상해없음,자전거,여,8세,중상
2022101200100458,2022년 10월 12일 17시,수요일,대구광역시 수성구 두산동,경상사고,0,0,1,0,차대차 - 측면충돌,안전거리미확보,건조,맑음,단일로 - 기타,승용,남,61세,상해없음,승용,여,53세,경상
2022101200100459,2022년 10월 12일 17시,수요일,대구광역시 서구 내당동,중상사고,0,1,0,0,차대사람 - 차도통행중,안전운전불이행,건조,맑음,교차로 - 교차로부근,화물,남,72세,상해없음,보행자,남,21세,중상
2022101200100460,2022년 10월 12일 17시,수요일,대구광역시 달서구 갈산동,경상사고,0,0,1,0,차대차 - 기타,안전운전불이행,건조,맑음,교차로 - 교차로부근,승용,남,39세,경상,승용,남,73세,상해없음
2022101200100500,2022년 10월 12일 18시,수요일,대구광역시 달서구 월성동,중상사고,0,1,1,0,차대차 - 측면충돌,안전거리미확보,건조,맑음,단일로 - 기타,승용,여,51세,중상,건설기계,남,66세,경상
2022101200100501,2022년 10월 12일 18시,수요일,대구광역시 서구 중리동,경상사고,0,0,1,0,차대차 - 측면충돌,안전운전불이행,건조,맑음,단일로 - 기타,승용,남,69세,상해없음,이륜,남,42세,경상
2022101200100555,2022년 10월 12일 19시,수요일,대구광역시 달서구 대천동,경상사고,0,0,2,0,차대차 - 측면충돌,안전운전불이행,건조,맑음,교차로 - 교차로부근,승용,여,47세,상해없음,승용,여,29세,경상
2022101200100556,2022년 10월 12일 19시,수요일,대구광역시 달서구 장기동,경상사고,0,0,2,0,차대차 - 측면충돌,안전거리미확보,건조,맑음,단일로 - 기타,승용,남,54세,상해없음,이륜,남,21세,경상
2022101200100557,2022년 10월 12일 19시,수요일,대구광역시 달서구 감삼동,경상사고,0,0,1,0,차대차 - 측면충돌,신호위반,건조,맑음,단일로 - 기타,이륜,남,32세,상해없음,이륜,남,32세,경상
2022101200100588,2022년 10월 12일 20시,수요일,대구광역시 북구 읍내동,경상사고,0,0,1,0,차대차 - 측면충돌,신호위반,건조,맑음,단일로 - 지하차도(도로)내,이륜,남,26세,경상,승합,남,44세,상해없음
2022101200100616,2022년 10월 12일 21시,수요일,대구광역시 동구 율하동,중상사고,0,1,0,0,차대차 - 기타,안전거리미확보,건조,맑음,교차로 - 교차로안,승용,남,59세,상해없음,이륜,남,46세,중상
2022101200100636,2022년 10월 12일 22시,수요일,대구광역시 북구 매천동,경상사고,0,0,3,0,차대차 - 측면충돌,안전거리미확보,건조,맑음,단일로 - 지하차도(도로)내,승용,남,48세,상해없음,승용,남,56세,경상
2022101300100017,2022년 10월 13일 01시,목요일,대구광역시 달서구 신당동,경상사고,0,0,1,0,차대차 - 기타,안전운전불이행,건조,맑음,단일로 - 기타,승용,남,61세,상해없음,승용,남,63세,상해없음
2022101300100024,2022년 10월 13일 02시,목요일,대구광역시 남구 이천동,부상신고사고,0,0,0,1,차량단독 - 공작물충돌,안전운전불이행,건조,맑음,단일로 - 기타,승용,남,20세,상해없음,,,,
2022101300100025,2022년 10월 13일 02시,목요일,대구광역시 수성구 범어동,경상사고,0,0,2,0,차대차 - 추돌,안전운전불이행,건조,맑음,단일로 - 기타,승용,남,38세,경상,승용,남,59세,경상
2022101300100032,2022년 10월 13일 03시,목요일,대구광역시 남구 대명동,중상사고,0,1,0,0,차대차 - 추돌,안전운전불이행,건조,맑음,단일로 - 기타,개인형이동수단(PM),남,35세,중상,화물,남,65세,기타불명
2022101300100132,2022년 10월 13일 08시,목요일,대구광역시 수성구 매호동,경상사고,0,0,1,0,차대차 - 추돌,안전운전불이행,건조,맑음,교차로 - 교차로부근,승용,여,63세,상해없음,승용,남,53세,경상
2022101300100133,2022년 10월 13일 08시,목요일,대구광역시 서구 내당동,경상사고,0,0,2,0,차대차 - 측면충돌,교차로운행방법위반,건조,맑음,교차로 - 교차로안,승용,남,27세,상해없음,승용,여,52세,경상
2022101300100134,2022년 10월 13일 08시,목요일,대구광역시 서구 내당동,경상사고,0,0,2,0,차대차 - 측면충돌,안전거리미확보,건조,맑음,단일로 - 기타,승용,남,36세,상해없음,승용,남,73세,경상
2022101300100135,2022년 10월 13일 08시,목요일,대구광역시 북구 구암동,경상사고,0,0,2,0,차대차 - 측면충돌,직진우회전진행방해,건조,맑음,교차로 - 교차로안,승용,여,33세,상해없음,승용,여,43세,경상
2022101300100168,2022년 10월 13일 09시,목요일,대구광역시 달서구 상인동,경상사고,0,0,2,0,차대차 - 측면충돌,교차로운행방법위반,건조,맑음,교차로 - 교차로안,승용,여,45세,경상,승용,여,50세,경상
2022101300100169,2022년 10월 13일 09시,목요일,대구광역시 달성군 옥포읍,경상사고,0,0,1,0,차대차 - 기타,안전운전불이행,건조,맑음,기타 - 기타,승용,남,83세,상해없음,화물,남,40세,경상
2022101300100208,2022년 10월 13일 10시,목요일,대구광역시 남구 봉덕동,중상사고,0,1,1,0,차대차 - 기타,안전운전불이행,건조,맑음,교차로 - 교차로부근,승용,남,70세,상해없음,승합,남,73세,기타불명
2022101300100209,2022년 10월 13일 10시,목요일,대구광역시 달서구 호산동,경상사고,0,0,1,0,차대차 - 기타,안전운전불이행,건조,맑음,기타 - 기타,화물,남,78세,기타불명,화물,남,51세,경상
2022101300100210,2022년 10월 13일 10시,목요일,대구광역시 북구 서변동,부상신고사고,0,0,0,1,차대차 - 측면충돌,안전운전불이행,건조,맑음,단일로 - 지하차도(도로)내,승용,남,67세,상해없음,승용,여,67세,부상신고
2022101300100242,2022년 10월 13일 11시,목요일,대구광역시 북구 산격동,경상사고,0,0,1,0,차대차 - 측면충돌,안전거리미확보,건조,맑음,단일로 - 기타,화물,남,67세,상해없음,승용,여,34세,경상
2022101300100243,2022년 10월 13일 11시,목요일,대구광역시 달서구 호림동,경상사고,0,0,2,0,차대사람 - 기타,안전운전불이행,건조,맑음,기타 - 기타,승용,여,63세,상해없음,보행자,여,57세,경상
2022101300100263,2022년 10월 13일 12시,목요일,대구광역시 서구 내당동,경상사고,0,0,1,0,차대사람 - 차도통행중,안전운전불이행,건조,맑음,단일로 - 기타,승용,남,53세,상해없음,보행자,남,44세,경상
2022101300100302,2022년 10월 13일 13시,목요일,대구광역시 남구 봉덕동,경상사고,0,0,1,0,차대차 - 추돌,안전운전불이행,건조,맑음,단일로 - 기타,승용,남,81세,상해없음,화물,남,28세,경상
2022101300100303,2022년 10월 13일 13시,목요일,대구광역시 남구 대명동,경상사고,0,0,1,0,차대차 - 측면충돌,안전거리미확보,건조,맑음,단일로 - 기타,건설기계,남,68세,상해없음,승용,남,49세,경상
2022101300100304,2022년 10월 13일 13시,목요일,대구광역시 동구 미곡동,중상사고,0,1,0,0,차대차 - 정면충돌,불법유턴,건조,맑음,교차로 - 교차로부근,자전거,남,70세,중상,승용,남,54세,기타불명
2022101300100305,2022년 10월 13일 13시,목요일,대구광역시 달성군 유가읍,경상사고,0,0,1,0,차대차 - 측면충돌,안전운전불이행,건조,맑음,기타 - 기타,승용,남,22세,상해없음,승용,남,36세,경상
2022101300100329,2022년 10월 13일 14시,목요일,대구광역시 남구 봉덕동,경상사고,0,0,1,0,차대차 - 측면충돌,신호위반,건조,맑음,교차로 - 교차로안,승용,여,65세,상해없음,승용,남,58세,경상
2022101300100330,2022년 10월 13일 14시,목요일,대구광역시 남구 대명동,경상사고,0,0,1,0,차대차 - 후진중충돌,안전운전불이행,건조,맑음,단일로 - 기타,승용,남,18세,상해없음,승용,남,63세,경상
2022101300100331,2022년 10월 13일 14시,목요일,대구광역시 동구 신암동,경상사고,0,0,1,0,차대차 - 기타,안전운전불이행,건조,맑음,단일로 - 기타,승용,여,52세,상해없음,이륜,남,44세,경상
2022101300100332,2022년 10월 13일 14시,목요일,대구광역시 북구 대현동,경상사고,0,0,1,0,차대차 - 측면충돌,차로위반,건조,맑음,교차로 - 교차로부근,승용,여,79세,상해없음,이륜,남,34세,경상
2022101300100333,2022년 10월 13일 14시,목요일,대구광역시 북구 침산동,경상사고,0,0,1,1,차대차 - 측면충돌,교차로운행방법위반,건조,맑음,교차로 - 교차로안,승용,여,48세,부상신고,승용,여,46세,경상
2022101300100371,2022년 10월 13일 15시,목요일,대구광역시 동구 율하동,경상사고,0,0,1,0,차대차 - 측면충돌,안전운전불이행,건조,맑음,단일로 - 기타,승용,여,55세,상해없음,자전거,남,10세,경상
2022101300100410,2022년 10월 13일 16시,목요일,대구광역시 수성구 황금동,부상신고사고,0,0,0,1,차대사람 - 보도통행중,안전운전불이행,건조,맑음,단일로 - 기타,승용,여,44세,상해없음,보행자,여,54세,부상신고
2022101300100411,2022년 10월 13일 16시,목요일,대구광역시 수성구 상동,부상신고사고,0,0,0,1,차대사람 - 기타,안전운전불이행,건조,맑음,기타 - 기타,승용,여,43세,상해없음,보행자,여,82세,부상신고
2022101300100412,2022년 10월 13일 16시,목요일,대구광역시 수성구 지산동,경상사고,0,0,1,0,차대차 - 추돌,안전운전불이행,건조,맑음,교차로 - 교차로부근,승용,남,29세,기타불명,승용,남,39세,경상
2022101300100466,2022년 10월 13일 17시,목요일,대구광역시 동구 신기동,경상사고,0,0,1,0,차대차 - 측면충돌,안전운전불이행,건조,맑음,기타 - 기타,이륜,남,80세,상해없음,자전거,여,66세,경상
2022101300100467,2022년 10월 13일 17시,목요일,대구광역시 서구 내당동,중상사고,0,1,0,0,차대차 - 측면충돌,불법유턴,건조,맑음,교차로 - 교차로안,자전거,남,52세,중상,승용,남,63세,상해없음
2022101300100468,2022년 10월 13일 17시,목요일,대구광역시 북구 관음동,경상사고,0,0,1,0,차대차 - 측면충돌,직진우회전진행방해,건조,맑음,교차로 - 교차로안,승용,남,66세,기타불명,이륜,남,44세,경상
2022101300100517,2022년 10월 13일 18시,목요일,대구광역시 서구 평리동,경상사고,0,0,1,0,차대차 - 측면충돌,기타,건조,맑음,단일로 - 기타,승용,남,37세,상해없음,원동기,남,57세,경상
2022101300100559,2022년 10월 13일 19시,목요일,대구광역시 달서구 송현동,경상사고,0,0,1,0,차대차 - 기타,기타,건조,맑음,교차로 - 교차로부근,기타불명,기타불명,미분류,기타불명,자전거,여,40세,경상
2022101300100593,2022년 10월 13일 20시,목요일,대구광역시 동구 불로동,경상사고,0,0,1,0,차대차 - 추돌,안전거리미확보,건조,맑음,교차로 - 교차로안,승용,여,22세,상해없음,승용,남,72세,경상
2022101300100594,2022년 10월 13일 20시,목요일,대구광역시 수성구 범어동,경상사고,0,0,1,0,차대차 - 추돌,안전운전불이행,건조,맑음,단일로 - 기타,승용,남,29세,상해없음,승용,여,46세,경상
2022101300100595,2022년 10월 13일 20시,목요일,대구광역시 달서구 송현동,사망사고,1,0,0,0,차대사람 - 횡단중,안전운전불이행,건조,맑음,교차로 - 교차로횡단보도내,승용,남,69세,상해없음,보행자,여,73세,사망
2022101300100624,2022년 10월 13일 21시,목요일,대구광역시 서구 중리동,경상사고,0,0,1,0,차대차 - 측면충돌,안전운전불이행,건조,맑음,교차로 - 교차로안,이륜,남,15세,상해없음,이륜,여,28세,경상
2022101300100655,2022년 10월 13일 23시,목요일,대구광역시 북구 관음동,경상사고,0,0,1,0,차대차 - 측면충돌,신호위반,건조,맑음,교차로 - 교차로안,승용,여,50세,상해없음,승용,남,34세,경상
2022101400100008,2022년 10월 14일 00시,금요일,대구광역시 달서구 송현동,경상사고,0,0,1,0,차대차 - 측면충돌,신호위반,건조,맑음,교차로 - 교차로안,승용,남,23세,상해없음,승용,남,64세,경상
2022101400100017,2022년 10월 14일 01시,금요일,대구광역시 달서구 진천동,경상사고,0,0,2,0,차대차 - 측면충돌,신호위반,건조,맑음,교차로 - 교차로안,승용,여,58세,경상,승용,여,46세,경상
2022101400100076,2022년 10월 14일 07시,금요일,대구광역시 수성구 수성동4가,경상사고,0,0,1,0,차대차 - 추돌,안전운전불이행,건조,맑음,교차로 - 교차로부근,승용,남,31세,상해없음,승용,남,32세,경상
2022101400100077,2022년 10월 14일 07시,금요일,대구광역시 달서구 진천동,경상사고,0,0,1,0,차대차 - 측면충돌,안전거리미확보,건조,맑음,교차로 - 교차로안,화물,남,36세,경상,승용,여,33세,상해없음
2022101400100114,2022년 10월 14일 08시,금요일,대구광역시 남구 대명동,경상사고,0,0,2,0,차대차 - 측면충돌,교차로운행방법위반,건조,맑음,교차로 - 교차로안,승용,남,29세,상해없음,승용,여,68세,경상
2022101400100115,2022년 10월 14일 08시,금요일,대구광역시 동구 효목동,경상사고,0,0,1,0,차대차 - 정면충돌,안전운전불이행,건조,맑음,교차로 - 교차로안,승용,남,73세,기타불명,화물,남,44세,경상
2022101400100154,2022년 10월 14일 09시,금요일,대구광역시 달서구 감삼동,중상사고,0,1,0,0,차대차 - 기타,직진우회전진행방해,건조,맑음,교차로 - 교차로부근,자전거,남,36세,중상,승용,남,29세,상해없음
2022101400100173,2022년 10월 14일 10시,금요일,대구광역시 수성구 대흥동,경상사고,0,0,2,0,차대차 - 기타,신호위반,건조,맑음,교차로 - 교차로부근,승용,남,65세,상해없음,승용,남,71세,경상
2022101400100237,2022년 10월 14일 12시,금요일,대구광역시 북구 산격동,경상사고,0,0,1,0,차대차 - 기타,안전운전불이행,건조,맑음,단일로 - 기타,승용,남,68세,상해없음,승용,남,28세,경상
2022101400100288,2022년 10월 14일 13시,금요일,대구광역시 수성구 매호동,경상사고,0,0,3,0,차대차 - 기타,안전운전불이행,건조,맑음,기타 - 기타,승용,여,61세,경상,승용,남,32세,경상
2022101400100289,2022년 10월 14일 13시,금요일,대구광역시 수성구 상동,경상사고,0,0,2,0,차대차 - 측면충돌,안전거리미확보,건조,맑음,단일로 - 기타,승용,여,70세,상해없음,승용,여,62세,경상
2022101400100290,2022년 10월 14일 13시,금요일,대구광역시 달성군 구지면,경상사고,0,0,1,0,차대차 - 기타,안전운전불이행,건조,맑음,교차로 - 교차로안,승용,남,32세,상해없음,화물,남,49세,경상
2022101400100291,2022년 10월 14일 13시,금요일,대구광역시 북구 산격동,경상사고,0,0,1,0,차대차 - 측면충돌,안전운전불이행,건조,맑음,교차로 - 교차로부근,화물,남,46세,상해없음,자전거,남,72세,경상
2022101400100292,2022년 10월 14일 13시,금요일,대구광역시 북구 복현동,경상사고,0,0,1,0,차대차 - 측면충돌,안전거리미확보,건조,맑음,단일로 - 기타,승용,남,68세,상해없음,승용,남,60세,경상
2022101400100326,2022년 10월 14일 14시,금요일,대구광역시 수성구 상동,경상사고,0,0,1,0,차대차 - 기타,기타,건조,맑음,기타 - 기타,자전거,여,59세,경상,승용,남,56세,상해없음
2022101400100365,2022년 10월 14일 15시,금요일,대구광역시 수성구 범어동,중상사고,0,1,0,1,차대차 - 측면충돌,신호위반,건조,맑음,교차로 - 교차로안,승용,남,50세,상해없음,승용,남,62세,중상
2022101400100366,2022년 10월 14일 15시,금요일,대구광역시 수성구 시지동,부상신고사고,0,0,0,1,차량단독 - 기타,기타,건조,맑음,기타 - 기타,승합,남,61세,상해없음,,,,
2022101400100416,2022년 10월 14일 16시,금요일,대구광역시 중구 남산동,경상사고,0,0,1,0,차대차 - 측면충돌,안전운전불이행,건조,맑음,단일로 - 지하차도(도로)내,이륜,남,49세,상해없음,승용,남,31세,경상
2022101400100417,2022년 10월 14일 16시,금요일,대구광역시 동구 신암동,경상사고,0,0,1,0,차대차 - 측면충돌,안전운전불이행,건조,맑음,단일로 - 지하차도(도로)내,승용,여,47세,상해없음,승용,여,33세,경상
2022101400100419,2022년 10월 14일 16시,금요일,대구광역시 달성군 현풍읍,경상사고,0,0,1,0,차대차 - 측면충돌,안전운전불이행,건조,맑음,기타 - 기타,승용,여,37세,상해없음,승용,여,58세,경상
2022101400100420,2022년 10월 14일 16시,금요일,대구광역시 달서구 이곡동,경상사고,0,0,2,0,차대차 - 측면충돌,안전운전불이행,건조,맑음,단일로 - 기타,건설기계,남,63세,상해없음,승용,남,48세,경상
2022101400100466,2022년 10월 14일 17시,금요일,대구광역시 동구 신서동,경상사고,0,0,1,0,차대사람 - 횡단중,안전운전불이행,건조,맑음,단일로 - 기타,승용,여,39세,상해없음,보행자,여,9세,경상
2022101400100467,2022년 10월 14일 17시,금요일,대구광역시 수성구 범어동,경상사고,0,0,1,0,차대차 - 측면충돌,교차로운행방법위반,건조,맑음,교차로 - 교차로부근,승용,여,37세,상해없음,승용,남,54세,경상
2022101400100468,2022년 10월 14일 17시,금요일,대구광역시 달성군 유가읍,경상사고,0,0,2,0,차대차 - 기타,안전운전불이행,건조,맑음,주차장 - 주차장,승용,여,39세,상해없음,승용,여,49세,경상
2022101400100469,2022년 10월 14일 17시,금요일,대구광역시 서구 이현동,중상사고,0,1,1,0,차대차 - 기타,안전운전불이행,건조,맑음,교차로 - 교차로안,승용,남,59세,상해없음,이륜,남,28세,경상
2022101400100470,2022년 10월 14일 17시,금요일,대구광역시 달서구 성당동,경상사고,0,0,1,0,차대사람 - 횡단중,보행자보호의무위반,건조,맑음,교차로 - 교차로횡단보도내,승용,남,59세,상해없음,보행자,여,65세,경상
2022101400100549,2022년 10월 14일 18시,금요일,대구광역시 달서구 진천동,경상사고,0,0,1,0,차대차 - 추돌,안전거리미확보,젖음/습기,맑음,단일로 - 기타,승용,남,45세,상해없음,승용,여,53세,경상
2022101400100550,2022년 10월 14일 18시,금요일,대구광역시 달서구 도원동,중상사고,0,1,0,0,차대사람 - 기타,안전운전불이행,건조,맑음,단일로 - 기타,승용,남,60세,상해없음,보행자,여,16세,중상
2022101400100551,2022년 10월 14일 18시,금요일,대구광역시 달성군 화원읍,경상사고,0,0,1,0,차대사람 - 횡단중,안전운전불이행,건조,맑음,교차로 - 교차로횡단보도내,승용,여,40세,상해없음,보행자,여,20세,경상
2022101400100552,2022년 10월 14일 18시,금요일,대구광역시 북구 산격동,경상사고,0,0,1,0,차대차 - 추돌,안전운전불이행,건조,맑음,단일로 - 기타,승용,여,26세,상해없음,자전거,남,32세,경상
2022101400100553,2022년 10월 14일 18시,금요일,대구광역시 서구 비산동,경상사고,0,0,1,0,차대차 - 측면충돌,안전운전불이행,건조,기타,기타 - 기타,화물,남,54세,상해없음,자전거,남,66세,경상
2022101400100554,2022년 10월 14일 18시,금요일,대구광역시 중구 대봉동,경상사고,0,0,1,0,차대차 - 기타,안전운전불이행,건조,맑음,단일로 - 기타,승용,남,75세,상해없음,승용,여,52세,경상
2022101400100555,2022년 10월 14일 18시,금요일,대구광역시 달서구 호산동,경상사고,0,0,1,0,차대차 - 기타,안전운전불이행,건조,맑음,교차로 - 교차로안,승용,여,47세,상해없음,승용,여,67세,경상
2022101400100556,2022년 10월 14일 18시,금요일,대구광역시 북구 매천동,경상사고,0,0,1,0,차대차 - 측면충돌,안전거리미확보,건조,맑음,단일로 - 지하차도(도로)내,승합,남,32세,상해없음,승용,남,58세,경상
2022101400100593,2022년 10월 14일 19시,금요일,대구광역시 동구 신암동,중상사고,0,1,0,0,차대사람 - 차도통행중,안전운전불이행,건조,맑음,단일로 - 기타,승용,남,29세,상해없음,보행자,남,39세,중상
2022101400100595,2022년 10월 14일 19시,금요일,대구광역시 달서구 도원동,경상사고,0,0,1,0,차대차 - 측면충돌,안전거리미확보,건조,맑음,교차로 - 교차로부근,승용,남,72세,상해없음,승용,남,44세,경상
2022101400100625,2022년 10월 14일 20시,금요일,대구광역시 달서구 용산동,경상사고,0,0,1,0,차대사람 - 기타,안전운전불이행,건조,맑음,교차로 - 교차로안,승용,여,26세,상해없음,보행자,남,17세,경상
2022101400100651,2022년 10월 14일 21시,금요일,대구광역시 수성구 상동,경상사고,0,0,1,0,차대차 - 기타,안전거리미확보,건조,맑음,단일로 - 기타,승합,남,41세,상해없음,이륜,남,45세,경상
2022101400100652,2022년 10월 14일 21시,금요일,대구광역시 서구 중리동,중상사고,0,1,0,0,차대차 - 측면충돌,직진우회전진행방해,건조,맑음,교차로 - 교차로부근,승용,남,57세,상해없음,이륜,남,34세,중상
2022101400100680,2022년 10월 14일 22시,금요일,대구광역시 서구 비산동,중상사고,0,1,0,0,차대차 - 측면충돌,안전운전불이행,건조,맑음,단일로 - 기타,화물,남,62세,상해없음,자전거,남,70세,중상
2022101400100696,2022년 10월 14일 23시,금요일,대구광역시 북구 관음동,경상사고,0,0,3,0,차대차 - 추돌,안전운전불이행,건조,맑음,단일로 - 기타,승용,남,46세,상해없음,승용,남,44세,경상
2022101400100700,2022년 10월 14일 23시,금요일,대구광역시 중구 남성로,경상사고,0,0,1,0,차대차 - 기타,직진우회전진행방해,건조,맑음,교차로 - 교차로안,승용,남,49세,상해없음,이륜,여,63세,경상
2022101500100011,2022년 10월 15일 00시,토요일,대구광역시 달서구 월성동,중상사고,0,1,0,0,차대사람 - 횡단중,안전운전불이행,건조,맑음,교차로 - 교차로횡단보도내,화물,남,64세,상해없음,보행자,남,49세,중상
2022101500100012,2022년 10월 15일 00시,토요일,대구광역시 중구 삼덕동1가,경상사고,0,0,1,0,차대차 - 측면충돌,기타,건조,맑음,단일로 - 기타,승용,남,20세,상해없음,승용,남,19세,경상
2022101500100013,2022년 10월 15일 00시,토요일,대구광역시 중구 하서동,경상사고,0,0,1,0,차대차 - 추돌,안전운전불이행,건조,맑음,단일로 - 기타,승용,남,47세,상해없음,승용,남,25세,상해없음
2022101500100036,2022년 10월 15일 02시,토요일,대구광역시 달서구 신당동,경상사고,0,0,1,0,차대차 - 후진중충돌,안전운전불이행,건조,흐림,단일로 - 기타,승용,남,27세,상해없음,승용,남,31세,상해없음
2022101500100044,2022년 10월 15일 04시,토요일,대구광역시 중구 서문로1가,경상사고,0,0,1,0,차대차 - 측면충돌,기타,건조,맑음,교차로 - 교차로안,화물,남,24세,기타불명,화물,남,53세,경상
2022101500100058,2022년 10월 15일 06시,토요일,대구광역시 중구 달성동,경상사고,0,0,1,0,차대사람 - 기타,안전운전불이행,건조,흐림,기타 - 기타,승용,남,59세,상해없음,보행자,남,59세,경상
2022101500100107,2022년 10월 15일 09시,토요일,대구광역시 북구 태전동,경상사고,0,0,1,0,차대사람 - 보도통행중,안전운전불이행,건조,맑음,단일로 - 지하차도(도로)내,화물,남,59세,상해없음,보행자,남,68세,경상
2022101500100136,2022년 10월 15일 10시,토요일,대구광역시 달성군 현풍읍,중상사고,0,1,0,0,차대차 - 기타,안전운전불이행,건조,맑음,기타 - 기타,승용,남,42세,상해없음,화물,남,64세,중상
2022101500100180,2022년 10월 15일 11시,토요일,대구광역시 달서구 이곡동,경상사고,0,0,1,0,차대차 - 기타,안전운전불이행,건조,맑음,교차로 - 교차로부근,승용,남,50세,상해없음,승용,남,64세,경상
2022101500100218,2022년 10월 15일 12시,토요일,대구광역시 동구 효목동,경상사고,0,0,2,0,차대차 - 측면충돌,신호위반,건조,맑음,교차로 - 교차로부근,승용,남,75세,상해없음,승용,남,51세,경상
2022101500100219,2022년 10월 15일 12시,토요일,대구광역시 중구 대봉동,중상사고,0,1,0,0,차대차 - 측면충돌,교차로운행방법위반,건조,맑음,교차로 - 교차로안,승용,여,27세,상해없음,자전거,남,63세,중상
2022101500100261,2022년 10월 15일 13시,토요일,대구광역시 달성군 하빈면,경상사고,0,0,1,0,차대차 - 기타,중앙선침범,건조,맑음,교차로 - 교차로안,화물,여,72세,상해없음,승용,남,57세,경상
2022101500100303,2022년 10월 15일 14시,토요일,대구광역시 서구 비산동,경상사고,0,0,1,0,차대차 - 측면충돌,안전운전불이행,건조,맑음,교차로 - 교차로안,승용,여,56세,상해없음,승용,남,41세,경상
2022101500100346,2022년 10월 15일 15시,토요일,대구광역시 동구 검사동,경상사고,0,0,1,0,차대차 - 기타,안전운전불이행,건조,맑음,교차로 - 교차로부근,승용,남,53세,기타불명,이륜,남,34세,경상
2022101500100347,2022년 10월 15일 15시,토요일,대구광역시 수성구 범어동,경상사고,0,0,1,0,차대사람 - 기타,안전운전불이행,건조,맑음,단일로 - 기타,이륜,남,28세,상해없음,보행자,남,57세,경상
2022101500100392,2022년 10월 15일 16시,토요일,대구광역시 수성구 범어동,중상사고,0,2,0,0,차대차 - 측면충돌,안전운전불이행,건조,맑음,교차로 - 교차로부근,승용,여,50세,상해없음,승용,남,26세,중상
2022101500100393,2022년 10월 15일 16시,토요일,대구광역시 수성구 수성동4가,부상신고사고,0,0,0,1,차대차 - 측면충돌,안전운전불이행,건조,맑음,단일로 - 기타,개인형이동수단(PM),남,71세,부상신고,승용,남,80세,상해없음
2022101500100434,2022년 10월 15일 17시,토요일,대구광역시 동구 검사동,경상사고,0,0,1,0,차대차 - 측면충돌,안전거리미확보,건조,맑음,단일로 - 교량,승용,남,30세,기타불명,승용,남,28세,경상
2022101500100435,2022년 10월 15일 17시,토요일,대구광역시 달서구 대곡동,경상사고,0,0,1,1,차대차 - 측면충돌,안전거리미확보,건조,맑음,교차로 - 교차로부근,승용,여,70세,상해없음,승합,남,48세,부상신고
2022101500100482,2022년 10월 15일 18시,토요일,대구광역시 남구 봉덕동,경상사고,0,0,5,0,차대차 - 측면충돌,안전운전불이행,건조,맑음,단일로 - 기타,승용,여,81세,상해없음,승용,여,35세,경상
2022101500100483,2022년 10월 15일 18시,토요일,대구광역시 수성구 신매동,중상사고,0,1,0,0,차대차 - 추돌,안전거리미확보,건조,맑음,단일로 - 기타,승용,여,51세,상해없음,이륜,남,35세,중상
2022101500100484,2022년 10월 15일 18시,토요일,대구광역시 북구 칠성동2가,경상사고,0,0,1,0,차대차 - 기타,안전운전불이행,건조,맑음,교차로 - 교차로안,승용,남,80세,상해없음,자전거,남,48세,경상
2022101500100485,2022년 10월 15일 18시,토요일,대구광역시 달서구 두류동,부상신고사고,0,0,0,1,차대차 - 측면충돌,안전운전불이행,건조,맑음,교차로 - 교차로안,승용,남,69세,상해없음,이륜,남,22세,부상신고
2022101500100543,2022년 10월 15일 20시,토요일,대구광역시 수성구 연호동,경상사고,0,0,1,0,차대차 - 기타,신호위반,건조,맑음,교차로 - 교차로횡단보도내,승용,남,35세,상해없음,자전거,남,46세,경상
2022101500100573,2022년 10월 15일 21시,토요일,대구광역시 남구 대명동,사망사고,1,0,0,0,차대사람 - 횡단중,신호위반,건조,맑음,교차로 - 교차로횡단보도내,승용,남,24세,상해없음,보행자,여,77세,사망
2022101500100574,2022년 10월 15일 21시,토요일,대구광역시 남구 대명동,경상사고,0,0,1,0,차대차 - 측면충돌,안전거리미확보,건조,맑음,교차로 - 교차로안,승용,남,30세,상해없음,승용,남,73세,경상
2022101500100575,2022년 10월 15일 21시,토요일,대구광역시 중구 대신동,경상사고,0,0,2,0,차대차 - 기타,안전거리미확보,건조,맑음,교차로 - 교차로안,승용,남,73세,상해없음,승용,남,30세,경상
2022101500100597,2022년 10월 15일 22시,토요일,대구광역시 수성구 신매동,경상사고,0,0,1,0,차대사람 - 기타,안전운전불이행,건조,맑음,단일로 - 기타,기타불명,기타불명,미분류,기타불명,보행자,남,35세,경상
2022101500100620,2022년 10월 15일 23시,토요일,대구광역시 동구 신천동,경상사고,0,0,3,0,차대차 - 후진중충돌,안전운전불이행,건조,맑음,단일로 - 기타,승용,남,30세,상해없음,승용,남,58세,경상