사고번호,사고일시,요일,시군구,사고내용,사망자수,중상자수,경상자수,부상신고자수,사고유형,법규위반,노면상태,기상상태,도로형태,가해운전자 차종,가해운전자 성별,가해운전자 연령,가해운전자 상해정도,피해운전자 차종,피해운전자 성별,피해운전자 연령,피해운전자 상해정도
2022101500100621,2022년 10월 15일 23시,토요일,대구광역시 수성구 황금동,중상사고,0,1,0,0,차대차 - 기타,안전운전불이행,건조,맑음,교차로 - 교차로부근,승용,남,53세,상해없음,이륜,남,39세,중상
2022101600100043,2022년 10월 16일 03시,일요일,대구광역시 수성구 이천동,사망사고,2,0,0,0,차량단독 - 공작물충돌,안전운전불이행,건조,맑음,단일로 - 기타,이륜,남,25세,사망,,,,
2022101600100057,2022년 10월 16일 04시,일요일,대구광역시 북구 태전동,사망사고,1,0,0,0,차대사람 - 횡단중,신호위반,건조,맑음,단일로 - 기타,승용,남,49세,상해없음,보행자,남,82세,사망
2022101600100065,2022년 10월 16일 05시,일요일,대구광역시 수성구 두산동,경상사고,0,0,4,0,차대차 - 측면충돌,안전운전불이행,건조,맑음,교차로 - 교차로부근,승용,여,69세,상해없음,승용,여,18세,경상
2022101600100085,2022년 10월 16일 07시,일요일,대구광역시 동구 지저동,경상사고,0,0,1,0,차대차 - 추돌,안전운전불이행,건조,맑음,단일로 - 기타,승용,남,27세,상해없음,승용,여,46세,경상
2022101600100086,2022년 10월 16일 07시,일요일,대구광역시 수성구 노변동,경상사고,0,0,1,0,차대차 - 기타,안전운전불이행,건조,맑음,교차로 - 교차로안,승용,남,56세,상해없음,자전거,남,56세,경상
2022101600100113,2022년 10월 16일 09시,일요일,대구광역시 동구 신암동,경상사고,0,0,1,0,차대사람 - 횡단중,안전운전불이행,건조,맑음,교차로 - 교차로안,승용,남,55세,상해없음,보행자,여,64세,경상
2022101600100128,2022년 10월 16일 10시,일요일,대구광역시 동구 신기동,경상사고,0,0,1,0,차대사람 - 기타,안전운전불이행,건조,맑음,단일로 - 기타,승용,여,60세,상해없음,보행자,여,79세,경상
2022101600100151,2022년 10월 16일 11시,일요일,대구광역시 동구 불로동,경상사고,0,0,1,0,차대차 - 측면충돌,중앙선침범,건조,맑음,단일로 - 지하차도(도로)내,승용,남,71세,상해없음,승합,남,43세,경상
2022101600100152,2022년 10월 16일 11시,일요일,대구광역시 달서구 월암동,중상사고,0,1,0,0,차대차 - 측면충돌,안전거리미확보,건조,맑음,단일로 - 기타,이륜,남,75세,중상,승용,여,46세,상해없음
2022101600100153,2022년 10월 16일 11시,일요일,대구광역시 달서구 신당동,경상사고,0,0,1,0,차대차 - 측면충돌,안전운전불이행,건조,맑음,단일로 - 기타,승용,여,63세,상해없음,화물,남,70세,경상
2022101600100217,2022년 10월 16일 13시,일요일,대구광역시 수성구 이천동,경상사고,0,0,2,0,차대차 - 측면충돌,안전거리미확보,건조,맑음,단일로 - 기타,승용,남,60세,상해없음,승용,남,57세,경상
2022101600100282,2022년 10월 16일 15시,일요일,대구광역시 수성구 지산동,경상사고,0,0,1,0,차대사람 - 횡단중,안전운전불이행,건조,맑음,단일로 - 기타,승용,남,50세,상해없음,보행자,여,60세,경상
2022101600100283,2022년 10월 16일 15시,일요일,대구광역시 북구 동천동,경상사고,0,0,1,0,차대차 - 측면충돌,신호위반,건조,맑음,교차로 - 교차로안,승용,여,64세,기타불명,이륜,남,22세,경상
2022101600100306,2022년 10월 16일 16시,일요일,대구광역시 동구 방촌동,경상사고,0,0,2,0,차대차 - 측면충돌,안전운전불이행,건조,맑음,단일로 - 기타,승용,여,51세,경상,승용,남,74세,상해없음
2022101600100335,2022년 10월 16일 17시,일요일,대구광역시 수성구 연호동,경상사고,0,0,2,0,차대차 - 기타,안전운전불이행,건조,맑음,교차로 - 교차로부근,승용,여,52세,상해없음,승용,남,22세,경상
2022101600100336,2022년 10월 16일 17시,일요일,대구광역시 서구 평리동,경상사고,0,0,1,0,차대차 - 후진중충돌,안전운전불이행,건조,맑음,단일로 - 기타,승용,남,46세,상해없음,승합,남,68세,경상
2022101600100383,2022년 10월 16일 18시,일요일,대구광역시 북구 침산동,경상사고,0,0,1,1,차대차 - 측면충돌,안전거리미확보,건조,맑음,단일로 - 기타,이륜,남,54세,부상신고,이륜,남,42세,경상
2022101600100384,2022년 10월 16일 18시,일요일,대구광역시 달서구 두류동,경상사고,0,0,1,0,차대사람 - 기타,기타,건조,맑음,단일로 - 기타,승용,남,50세,상해없음,보행자,남,36세,경상
2022101600100385,2022년 10월 16일 18시,일요일,대구광역시 북구 관음동,경상사고,0,0,1,0,차대차 - 측면충돌,안전운전불이행,건조,맑음,기타 - 기타,승용,여,62세,상해없음,승용,남,50세,경상
2022101600100422,2022년 10월 16일 19시,일요일,대구광역시 북구 산격동,중상사고,0,1,4,0,차대차 - 추돌,안전운전불이행,건조,맑음,교차로 - 교차로부근,승용,남,51세,상해없음,승용,남,60세,중상
2022101600100444,2022년 10월 16일 20시,일요일,대구광역시 수성구 대흥동,경상사고,0,0,1,0,차대차 - 추돌,안전운전불이행,건조,맑음,단일로 - 기타,승용,남,68세,상해없음,승용,남,30세,경상
2022101600100445,2022년 10월 16일 20시,일요일,대구광역시 중구 향촌동,부상신고사고,0,0,0,1,차대사람 - 기타,안전운전불이행,건조,맑음,단일로 - 기타,승합,남,36세,상해없음,보행자,남,78세,부상신고
2022101600100463,2022년 10월 16일 21시,일요일,대구광역시 북구 노원동2가,경상사고,0,0,1,0,차대차 - 측면충돌,신호위반,건조,흐림,교차로 - 교차로안,이륜,남,22세,상해없음,이륜,남,59세,경상
2022101600100478,2022년 10월 16일 22시,일요일,대구광역시 북구 서변동,경상사고,0,0,2,0,차대차 - 측면충돌,안전거리미확보,건조,맑음,단일로 - 지하차도(도로)내,승용,남,63세,경상,승용,여,65세,경상
2022101700100006,2022년 10월 17일 00시,월요일,대구광역시 동구 율하동,경상사고,0,0,2,0,차대차 - 기타,안전운전불이행,건조,맑음,교차로 - 교차로부근,승용,남,24세,상해없음,승용,남,41세,경상
2022101700100078,2022년 10월 17일 07시,월요일,대구광역시 서구 내당동,경상사고,0,0,3,1,차대차 - 정면충돌,중앙선침범,건조,맑음,단일로 - 기타,승용,남,23세,부상신고,승용,남,63세,경상
2022101700100118,2022년 10월 17일 08시,월요일,대구광역시 수성구 범어동,경상사고,0,0,1,0,차대차 - 측면충돌,안전거리미확보,건조,맑음,교차로 - 교차로안,승용,여,62세,상해없음,화물,남,39세,경상
2022101700100120,2022년 10월 17일 08시,월요일,대구광역시 수성구 수성동2가,부상신고사고,0,0,0,2,차대차 - 측면충돌,안전운전불이행,건조,맑음,교차로 - 교차로부근,승용,여,42세,상해없음,승용,남,24세,부상신고
2022101700100121,2022년 10월 17일 08시,월요일,대구광역시 달서구 장기동,부상신고사고,0,0,0,1,차대차 - 기타,안전운전불이행,건조,맑음,단일로 - 기타,화물,남,45세,상해없음,개인형이동수단(PM),남,35세,부상신고
2022101700100156,2022년 10월 17일 09시,월요일,대구광역시 동구 신암동,경상사고,0,0,1,0,차대차 - 추돌,안전운전불이행,건조,맑음,교차로 - 교차로안,승용,남,50세,상해없음,원동기,남,41세,경상
2022101700100157,2022년 10월 17일 09시,월요일,대구광역시 수성구 가천동,경상사고,0,0,1,0,차대차 - 추돌,안전운전불이행,건조,맑음,단일로 - 기타,승용,남,69세,상해없음,화물,남,37세,경상
2022101700100205,2022년 10월 17일 10시,월요일,대구광역시 북구 산격동,경상사고,0,0,1,0,차대사람 - 기타,보행자보호의무위반,건조,맑음,교차로 - 교차로횡단보도내,승용,남,34세,상해없음,보행자,여,69세,경상
2022101700100206,2022년 10월 17일 10시,월요일,대구광역시 서구 비산동,중상사고,0,1,0,0,차대차 - 측면충돌,안전운전불이행,건조,맑음,단일로 - 기타,승용,여,59세,상해없음,자전거,여,81세,중상
2022101700100281,2022년 10월 17일 12시,월요일,대구광역시 동구 신천동,경상사고,0,0,2,1,차대차 - 측면충돌,안전운전불이행,건조,맑음,단일로 - 기타,승용,남,33세,경상,승용,여,47세,부상신고
2022101700100282,2022년 10월 17일 12시,월요일,대구광역시 달서구 송현동,경상사고,0,0,1,0,차대차 - 측면충돌,안전운전불이행,건조,맑음,단일로 - 기타,승용,여,32세,상해없음,승용,여,65세,경상
2022101700100283,2022년 10월 17일 12시,월요일,대구광역시 달서구 감삼동,경상사고,0,0,1,0,차대차 - 기타,안전운전불이행,건조,맑음,주차장 - 주차장,승용,남,67세,경상,화물,남,29세,상해없음
2022101700100327,2022년 10월 17일 13시,월요일,대구광역시 동구 신암동,경상사고,0,0,1,1,차대차 - 측면충돌,안전운전불이행,건조,맑음,교차로 - 교차로횡단보도내,이륜,남,25세,부상신고,승용,남,25세,경상
2022101700100328,2022년 10월 17일 13시,월요일,대구광역시 수성구 만촌동,중상사고,0,1,0,0,차대차 - 측면충돌,신호위반,건조,맑음,교차로 - 교차로안,승용,남,48세,상해없음,이륜,남,40세,중상
2022101700100329,2022년 10월 17일 13시,월요일,대구광역시 수성구 신매동,경상사고,0,0,1,1,차대차 - 측면충돌,안전운전불이행,건조,맑음,단일로 - 교량,건설기계,남,58세,부상신고,승용,여,52세,경상
2022101700100365,2022년 10월 17일 14시,월요일,대구광역시 수성구 사월동,경상사고,0,0,2,0,차대차 - 기타,안전거리미확보,건조,맑음,교차로 - 교차로안,승용,남,74세,상해없음,승용,남,45세,경상
2022101700100366,2022년 10월 17일 14시,월요일,대구광역시 달서구 송현동,경상사고,0,0,1,0,차대차 - 측면충돌,안전거리미확보,건조,맑음,기타 - 기타,건설기계,남,52세,상해없음,승용,여,50세,경상
2022101700100367,2022년 10월 17일 14시,월요일,대구광역시 중구 남산동,경상사고,0,0,1,0,차대사람 - 횡단중,보행자보호의무위반,건조,맑음,교차로 - 교차로안,승용,여,45세,상해없음,보행자,남,10세,경상
2022101700100368,2022년 10월 17일 14시,월요일,대구광역시 북구 관음동,경상사고,0,0,1,0,차대차 - 추돌,안전운전불이행,건조,맑음,단일로 - 고가도로위,화물,남,42세,상해없음,승용,여,29세,경상
2022101700100411,2022년 10월 17일 15시,월요일,대구광역시 수성구 수성동1가,중상사고,0,1,0,0,차대차 - 측면충돌,차로위반,건조,맑음,단일로 - 기타,승합,남,48세,상해없음,승용,남,56세,중상
2022101700100412,2022년 10월 17일 15시,월요일,대구광역시 중구 대봉동,중상사고,0,1,0,0,차대사람 - 기타,안전운전불이행,건조,맑음,기타 - 기타,자전거,남,67세,상해없음,보행자,여,80세,중상
2022101700100413,2022년 10월 17일 15시,월요일,대구광역시 달서구 본리동,부상신고사고,0,0,0,1,차대사람 - 횡단중,보행자보호의무위반,건조,맑음,교차로 - 교차로안,승용,남,34세,상해없음,보행자,남,7세,부상신고
2022101700100463,2022년 10월 17일 16시,월요일,대구광역시 동구 용계동,경상사고,0,0,1,0,차대차 - 측면충돌,교차로운행방법위반,건조,맑음,교차로 - 교차로안,승용,남,58세,상해없음,이륜,남,59세,경상
2022101700100464,2022년 10월 17일 16시,월요일,대구광역시 중구 남산동,경상사고,0,0,3,0,차대차 - 측면충돌,안전거리미확보,건조,맑음,기타 - 기타,승용,여,73세,경상,승용,남,35세,경상
2022101700100519,2022년 10월 17일 17시,월요일,대구광역시 수성구 황금동,경상사고,0,0,1,0,차대차 - 측면충돌,신호위반,건조,맑음,교차로 - 교차로안,승용,여,39세,상해없음,승용,여,33세,경상
2022101700100520,2022년 10월 17일 17시,월요일,대구광역시 북구 태전동,경상사고,0,0,3,0,차대차 - 측면충돌,안전운전불이행,건조,맑음,교차로 - 교차로안,개인형이동수단(PM),여,23세,기타불명,승용,여,32세,경상
2022101700100521,2022년 10월 17일 17시,월요일,대구광역시 북구 동호동,경상사고,0,0,1,0,차대차 - 측면충돌,교차로운행방법위반,건조,맑음,교차로 - 교차로부근,승용,여,56세,상해없음,승용,남,47세,경상
2022101700100588,2022년 10월 17일 18시,월요일,대구광역시 수성구 황금동,부상신고사고,0,0,0,1,차대사람 - 기타,안전운전불이행,건조,맑음,단일로 - 기타,승용,남,45세,상해없음,보행자,여,11세,부상신고
2022101700100590,2022년 10월 17일 18시,월요일,대구광역시 달성군 화원읍,경상사고,0,0,1,0,차대차 - 후진중충돌,안전운전불이행,건조,맑음,주차장 - 주차장,화물,남,51세,상해없음,승용,남,49세,경상
2022101700100591,2022년 10월 17일 18시,월요일,대구광역시 서구 내당동,중상사고,0,1,0,0,차대차 - 측면충돌,기타,건조,맑음,교차로 - 교차로부근,화물,남,45세,상해없음,자전거,남,26세,중상
2022101700100592,2022년 10월 17일 18시,월요일,대구광역시 북구 태전동,경상사고,0,0,1,0,차대차 - 측면충돌,안전거리미확보,건조,맑음,단일로 - 기타,승용,남,34세,기타불명,승용,여,44세,경상
2022101700100632,2022년 10월 17일 19시,월요일,대구광역시 북구 동천동,경상사고,0,0,1,0,차대차 - 기타,안전거리미확보,건조,맑음,교차로 - 교차로안,승용,남,57세,상해없음,이륜,남,37세,경상
2022101700100661,2022년 10월 17일 20시,월요일,대구광역시 서구 비산동,경상사고,0,0,1,0,차대차 - 후진중충돌,안전운전불이행,건조,맑음,단일로 - 기타,승용,남,56세,상해없음,이륜,남,24세,경상
2022101700100662,2022년 10월 17일 20시,월요일,대구광역시 북구 태전동,경상사고,0,0,1,0,차대차 - 측면충돌,안전거리미확보,건조,맑음,단일로 - 기타,승용,여,39세,상해없음,이륜,남,23세,경상
2022101700100681,2022년 10월 17일 21시,월요일,대구광역시 동구 신암동,경상사고,0,0,3,0,차대차 - 추돌,안전거리미확보,건조,맑음,교차로 - 교차로부근,이륜,남,26세,경상,승용,여,24세,경상
2022101700100682,2022년 10월 17일 21시,월요일,대구광역시 달성군 화원읍,중상사고,0,1,0,0,차대차 - 추돌,안전운전불이행,건조,맑음,단일로 - 기타,승합,남,36세,상해없음,화물,남,61세,중상
2022101700100683,2022년 10월 17일 21시,월요일,대구광역시 달서구 본리동,경상사고,0,0,1,0,차대차 - 기타,안전운전불이행,건조,맑음,교차로 - 교차로안,승용,남,41세,상해없음,자전거,여,61세,경상
2022101800100009,2022년 10월 18일 01시,화요일,대구광역시 중구 삼덕동2가,경상사고,0,0,2,0,차대차 - 기타,차로위반,건조,맑음,단일로 - 기타,승용,남,65세,상해없음,승용,남,60세,경상
2022101800100017,2022년 10월 18일 02시,화요일,대구광역시 북구 팔달동,중상사고,0,1,0,0,차대차 - 측면충돌,안전운전불이행,건조,맑음,교차로 - 교차로안,화물,남,59세,상해없음,이륜,남,66세,중상
2022101800100067,2022년 10월 18일 07시,화요일,대구광역시 동구 신천동,경상사고,0,0,1,0,차대차 - 측면충돌,신호위반,건조,맑음,교차로 - 교차로안,승용,여,30세,상해없음,이륜,남,52세,경상
2022101800100068,2022년 10월 18일 07시,화요일,대구광역시 수성구 지산동,경상사고,0,0,2,0,차대차 - 기타,안전거리미확보,건조,맑음,교차로 - 교차로부근,승용,여,53세,기타불명,승합,남,60세,경상
2022101800100119,2022년 10월 18일 08시,화요일,대구광역시 달성군 논공읍,중상사고,0,1,0,0,차대차 - 기타,안전운전불이행,건조,맑음,단일로 - 기타,승용,남,43세,상해없음,원동기,남,53세,중상
2022101800100120,2022년 10월 18일 08시,화요일,대구광역시 북구 복현동,부상신고사고,0,0,0,1,차대차 - 측면충돌,안전거리미확보,건조,맑음,교차로 - 교차로부근,원동기,남,81세,부상신고,승용,남,68세,상해없음
2022101800100162,2022년 10월 18일 09시,화요일,대구광역시 동구 용계동,경상사고,0,0,1,0,차대차 - 기타,안전운전불이행,건조,맑음,교차로 - 교차로안,승용,남,40세,상해없음,승용,여,64세,경상
2022101800100163,2022년 10월 18일 09시,화요일,대구광역시 북구 금호동,경상사고,0,0,1,0,차대차 - 측면충돌,신호위반,건조,맑음,기타 - 기타,승용,남,75세,상해없음,승용,여,25세,경상
2022101800100186,2022년 10월 18일 10시,화요일,대구광역시 달서구 용산동,경상사고,0,0,1,0,차대차 - 기타,안전거리미확보,건조,맑음,단일로 - 기타,승용,여,25세,상해없음,이륜,남,24세,경상
2022101800100252,2022년 10월 18일 12시,화요일,대구광역시 북구 산격동,경상사고,0,0,1,0,차대차 - 후진중충돌,안전운전불이행,건조,맑음,교차로 - 교차로부근,승용,남,64세,상해없음,화물,남,34세,경상
2022101800100298,2022년 10월 18일 13시,화요일,대구광역시 동구 용수동,중상사고,0,2,0,0,차대차 - 측면충돌,교차로운행방법위반,건조,맑음,교차로 - 교차로안,승용,남,82세,상해없음,승용,남,20세,중상
2022101800100299,2022년 10월 18일 13시,화요일,대구광역시 수성구 지산동,중상사고,0,1,0,0,차대사람 - 차도통행중,안전운전불이행,건조,맑음,단일로 - 기타,승용,남,33세,상해없음,보행자,여,76세,중상
2022101800100344,2022년 10월 18일 14시,화요일,대구광역시 남구 대명동,중상사고,0,1,0,0,차대차 - 측면충돌,신호위반,건조,맑음,교차로 - 교차로안,이륜,남,73세,상해없음,자전거,남,56세,중상
2022101800100346,2022년 10월 18일 14시,화요일,대구광역시 달서구 상인동,중상사고,0,1,0,0,차대사람 - 기타,안전운전불이행,건조,맑음,교차로 - 교차로횡단보도내,승용,여,47세,상해없음,보행자,남,69세,중상
2022101800100347,2022년 10월 18일 14시,화요일,대구광역시 달성군 현풍읍,경상사고,0,0,1,0,차대차 - 기타,기타,건조,맑음,단일로 - 기타,화물,남,70세,상해없음,승용,남,37세,경상
2022101800100348,2022년 10월 18일 14시,화요일,대구광역시 북구 고성동3가,중상사고,0,1,0,0,차대사람 - 보도통행중,보행자보호의무위반,건조,맑음,교차로 - 교차로횡단보도내,화물,남,30세,상해없음,보행자,여,73세,중상
2022101800100392,2022년 10월 18일 15시,화요일,대구광역시 수성구 상동,부상신고사고,0,0,0,1,차대차 - 기타,안전운전불이행,건조,맑음,단일로 - 기타,승용,여,70세,상해없음,승용,여,43세,부상신고
2022101800100393,2022년 10월 18일 15시,화요일,대구광역시 달서구 대곡동,경상사고,0,0,3,0,차대차 - 측면충돌,직진우회전진행방해,건조,맑음,교차로 - 교차로안,승용,남,58세,상해없음,승합,남,36세,상해없음
2022101800100394,2022년 10월 18일 15시,화요일,대구광역시 중구 대신동,중상사고,0,1,0,0,차대사람 - 기타,안전운전불이행,건조,맑음,단일로 - 기타,개인형이동수단(PM),남,14세,상해없음,보행자,여,72세,중상
2022101800100395,2022년 10월 18일 15시,화요일,대구광역시 중구 삼덕동3가,경상사고,0,0,1,0,차대차 - 기타,안전운전불이행,건조,맑음,단일로 - 기타,승용,남,80세,상해없음,승용,남,37세,경상
2022101800100444,2022년 10월 18일 16시,화요일,대구광역시 북구 복현동,경상사고,0,0,1,0,차대사람 - 기타,안전운전불이행,건조,맑음,기타 - 기타,승용,남,59세,상해없음,보행자,남,18세,경상
2022101800100445,2022년 10월 18일 16시,화요일,대구광역시 서구 내당동,중상사고,0,1,0,0,차대사람 - 차도통행중,안전운전불이행,건조,맑음,단일로 - 기타,승용,남,61세,상해없음,보행자,남,50세,중상
2022101800100482,2022년 10월 18일 17시,화요일,대구광역시 동구 도동,경상사고,0,0,1,0,차대차 - 후진중충돌,안전운전불이행,건조,맑음,단일로 - 기타,승용,남,41세,상해없음,승용,남,57세,경상
2022101800100483,2022년 10월 18일 17시,화요일,대구광역시 달서구 도원동,중상사고,0,1,0,0,차대차 - 측면충돌,안전거리미확보,건조,맑음,기타 - 기타,승용,여,53세,상해없음,개인형이동수단(PM),남,31세,중상
2022101800100484,2022년 10월 18일 17시,화요일,대구광역시 북구 관음동,경상사고,0,0,1,0,차대차 - 측면충돌,안전운전불이행,건조,맑음,교차로 - 교차로안,자전거,여,65세,경상,승용,남,61세,상해없음
2022101800100535,2022년 10월 18일 18시,화요일,대구광역시 달서구 유천동,중상사고,0,1,2,0,차대차 - 정면충돌,안전운전불이행,건조,맑음,교차로 - 교차로안,화물,남,77세,상해없음,승용,여,40세,경상
2022101800100536,2022년 10월 18일 18시,화요일,대구광역시 서구 비산동,경상사고,0,0,1,0,차대사람 - 횡단중,보행자보호의무위반,건조,맑음,단일로 - 기타,승합,남,80세,상해없음,보행자,남,46세,경상
2022101800100537,2022년 10월 18일 18시,화요일,대구광역시 달서구 죽전동,경상사고,0,0,2,0,차대차 - 측면충돌,안전거리미확보,건조,맑음,단일로 - 기타,승용,남,31세,상해없음,승용,남,32세,경상
2022101800100582,2022년 10월 18일 19시,화요일,대구광역시 동구 율하동,경상사고,0,0,1,0,차대차 - 기타,안전거리미확보,건조,맑음,단일로 - 기타,승용,여,57세,상해없음,원동기,남,18세,경상
2022101800100583,2022년 10월 18일 19시,화요일,대구광역시 북구 대현동,중상사고,0,1,0,0,차대차 - 측면충돌,신호위반,건조,맑음,교차로 - 교차로안,승용,남,39세,상해없음,이륜,남,29세,중상
2022101800100584,2022년 10월 18일 19시,화요일,대구광역시 서구 내당동,경상사고,0,0,1,0,차대차 - 측면충돌,신호위반,건조,맑음,교차로 - 교차로안,승용,남,63세,상해없음,승용,남,25세,상해없음
2022101800100585,2022년 10월 18일 19시,화요일,대구광역시 북구 태전동,중상사고,0,1,1,0,차대차 - 측면충돌,교차로운행방법위반,건조,맑음,교차로 - 교차로부근,승용,남,70세,경상,이륜,남,38세,중상
2022101800100620,2022년 10월 18일 20시,화요일,대구광역시 달성군 다사읍,중상사고,0,1,0,0,차대사람 - 기타,기타,건조,맑음,단일로 - 기타,승합,남,56세,상해없음,보행자,여,52세,중상
2022101800100621,2022년 10월 18일 20시,화요일,대구광역시 북구 침산동,경상사고,0,0,1,0,차대차 - 측면충돌,안전거리미확보,건조,맑음,교차로 - 교차로부근,이륜,남,38세,상해없음,이륜,남,24세,경상
2022101800100646,2022년 10월 18일 21시,화요일,대구광역시 북구 복현동,경상사고,0,0,1,0,차대차 - 측면충돌,안전운전불이행,건조,맑음,교차로 - 교차로부근,이륜,남,46세,상해없음,이륜,남,47세,경상
2022101800100647,2022년 10월 18일 21시,화요일,대구광역시 북구 대현동,경상사고,0,0,1,0,차대차 - 기타,안전운전불이행,건조,맑음,단일로 - 기타,승용,여,47세,경상,승용,남,23세,상해없음
2022101800100666,2022년 10월 18일 22시,화요일,대구광역시 수성구 범어동,경상사고,0,0,2,0,차대차 - 측면충돌,안전운전불이행,건조,맑음,단일로 - 기타,승용,남,39세,상해없음,승용,남,46세,경상
2022101800100667,2022년 10월 18일 22시,화요일,대구광역시 서구 비산동,경상사고,0,0,1,0,차대차 - 측면충돌,중앙선침범,건조,흐림,단일로 - 기타,승용,남,19세,상해없음,승용,남,32세,경상
2022101800100668,2022년 10월 18일 22시,화요일,대구광역시 달서구 신당동,경상사고,0,0,1,0,차대차 - 측면충돌,안전거리미확보,건조,맑음,단일로 - 기타,승용,남,33세,상해없음,승용,남,47세,경상
2022101900100042,2022년 10월 19일 06시,수요일,대구광역시 수성구 만촌동,경상사고,0,0,2,0,차대차 - 추돌,안전운전불이행,건조,맑음,교차로 - 교차로부근,승용,여,21세,상해없음,승용,남,62세,경상
2022101900100072,2022년 10월 19일 07시,수요일,대구광역시 동구 효목동,중상사고,0,1,0,0,차대사람 - 차도통행중,안전운전불이행,건조,맑음,단일로 - 기타,승용,남,78세,상해없음,보행자,여,76세,중상
2022101900100073,2022년 10월 19일 07시,수요일,대구광역시 서구 비산동,경상사고,0,0,1,0,차대차 - 정면충돌,안전운전불이행,건조,맑음,교차로 - 교차로부근,승용,남,71세,상해없음,자전거,여,16세,경상
2022101900100074,2022년 10월 19일 07시,수요일,대구광역시 달서구 이곡동,중상사고,0,1,0,0,차대사람 - 횡단중,보행자보호의무위반,건조,맑음,교차로 - 교차로횡단보도내,승용,남,35세,상해없음,보행자,남,44세,중상
2022101900100123,2022년 10월 19일 08시,수요일,대구광역시 달서구 대곡동,경상사고,0,0,1,0,차대차 - 측면충돌,안전운전불이행,건조,맑음,교차로 - 교차로횡단보도내,승용,여,52세,상해없음,자전거,남,73세,경상
2022101900100124,2022년 10월 19일 08시,수요일,대구광역시 달성군 논공읍,중상사고,0,2,0,0,차대차 - 측면충돌,신호위반,건조,맑음,교차로 - 교차로안,승합,남,65세,상해없음,승용,남,69세,중상
2022101900100125,2022년 10월 19일 08시,수요일,대구광역시 달서구 감삼동,경상사고,0,0,1,0,차대차 - 측면충돌,신호위반,건조,맑음,기타 - 기타,화물,여,56세,상해없음,개인형이동수단(PM),남,49세,경상
2022101900100126,2022년 10월 19일 08시,수요일,대구광역시 북구 서변동,경상사고,0,0,1,0,차대차 - 추돌,안전운전불이행,건조,맑음,기타 - 기타,화물,남,46세,상해없음,승용,여,54세,경상
2022101900100160,2022년 10월 19일 09시,수요일,대구광역시 동구 신기동,중상사고,0,1,0,0,차대차 - 기타,안전거리미확보,건조,맑음,교차로 - 교차로부근,승용,남,75세,상해없음,승합,남,61세,상해없음
2022101900100161,2022년 10월 19일 09시,수요일,대구광역시 수성구 지산동,경상사고,0,0,1,0,차대차 - 기타,안전운전불이행,건조,맑음,단일로 - 기타,자전거,남,47세,경상,승용,남,63세,상해없음
2022101900100162,2022년 10월 19일 09시,수요일,대구광역시 수성구 파동,경상사고,0,0,1,0,차대차 - 측면충돌,직진우회전진행방해,건조,맑음,교차로 - 교차로안,승용,여,68세,상해없음,승용,남,48세,경상
2022101900100193,2022년 10월 19일 10시,수요일,대구광역시 달서구 장기동,경상사고,0,0,1,0,차대차 - 기타,안전거리미확보,건조,맑음,단일로 - 기타,승용,여,74세,기타불명,화물,남,39세,경상
2022101900100231,2022년 10월 19일 11시,수요일,대구광역시 수성구 시지동,경상사고,0,0,1,0,차대차 - 추돌,안전운전불이행,건조,맑음,단일로 - 기타,승용,남,61세,상해없음,승용,남,59세,경상
2022101900100299,2022년 10월 19일 13시,수요일,대구광역시 서구 상리동,경상사고,0,0,1,0,차대차 - 측면충돌,신호위반,건조,맑음,단일로 - 기타,승용,여,71세,상해없음,승용,남,69세,경상
2022101900100300,2022년 10월 19일 13시,수요일,대구광역시 동구 봉무동,경상사고,0,0,1,0,차대차 - 측면충돌,차로위반,건조,맑음,교차로 - 교차로부근,이륜,남,36세,상해없음,이륜,남,34세,경상
2022101900100341,2022년 10월 19일 14시,수요일,대구광역시 중구 북성로1가,부상신고사고,0,0,0,1,차대차 - 측면충돌,중앙선침범,건조,맑음,교차로 - 교차로부근,원동기,남,71세,부상신고,승용,남,24세,상해없음
2022101900100419,2022년 10월 19일 16시,수요일,대구광역시 동구 방촌동,경상사고,0,0,1,0,차대차 - 측면충돌,직진우회전진행방해,건조,맑음,교차로 - 교차로안,승용,남,28세,상해없음,승용,남,49세,경상
2022101900100420,2022년 10월 19일 16시,수요일,대구광역시 달서구 월성동,부상신고사고,0,0,0,1,차대사람 - 기타,안전운전불이행,건조,맑음,단일로 - 기타,자전거,남,30세,부상신고,보행자,여,61세,상해없음
2022101900100461,2022년 10월 19일 17시,수요일,대구광역시 달서구 성당동,경상사고,0,0,1,0,차대차 - 기타,중앙선침범,건조,맑음,단일로 - 기타,승용,남,65세,상해없음,승용,남,30세,경상
2022101900100520,2022년 10월 19일 18시,수요일,대구광역시 수성구 파동,경상사고,0,0,1,0,차대차 - 기타,직진우회전진행방해,건조,맑음,교차로 - 교차로안,이륜,남,36세,경상,화물,남,45세,상해없음
2022101900100522,2022년 10월 19일 18시,수요일,대구광역시 달성군 화원읍,경상사고,0,0,1,0,차대차 - 기타,기타,건조,맑음,단일로 - 기타,화물,남,54세,상해없음,승용,여,56세,경상