사고번호,사고일시,요일,시군구,사고내용,사망자수,중상자수,경상자수,부상신고자수,사고유형,법규위반,노면상태,기상상태,도로형태,가해운전자 차종,가해운전자 성별,가해운전자 연령,가해운전자 상해정도,피해운전자 차종,피해운전자 성별,피해운전자 연령,피해운전자 상해정도
2022102300100099,2022년 10월 23일 09시,일요일,대구광역시 수성구 시지동,경상사고,0,0,1,0,차대차 - 추돌,안전거리미확보,건조,맑음,교차로 - 교차로부근,승용,여,32세,상해없음,승용,남,33세,경상
2022102300100135,2022년 10월 23일 11시,일요일,대구광역시 달서구 감삼동,경상사고,0,0,3,0,차대차 - 기타,안전운전불이행,건조,맑음,교차로 - 교차로부근,승용,남,32세,상해없음,승용,여,46세,경상
2022102300100227,2022년 10월 23일 14시,일요일,대구광역시 수성구 두산동,중상사고,0,1,0,0,차대차 - 측면충돌,직진우회전진행방해,건조,맑음,교차로 - 교차로안,승용,여,28세,상해없음,이륜,여,48세,중상
2022102300100260,2022년 10월 23일 15시,일요일,대구광역시 북구 칠성동1가,중상사고,0,1,0,0,차대사람 - 기타,안전운전불이행,건조,맑음,단일로 - 기타,자전거,남,16세,상해없음,보행자,여,68세,중상
2022102300100261,2022년 10월 23일 15시,일요일,대구광역시 달서구 두류동,중상사고,0,2,2,0,차대차 - 측면충돌,교차로운행방법위반,건조,맑음,교차로 - 교차로안,화물,남,70세,경상,승용,남,28세,중상
2022102300100317,2022년 10월 23일 17시,일요일,대구광역시 북구 금호동,경상사고,0,0,1,0,차대차 - 측면충돌,안전운전불이행,건조,맑음,단일로 - 기타,승용,남,29세,상해없음,승용,여,50세,경상
2022102300100321,2022년 10월 23일 17시,일요일,대구광역시 수성구 범어동,경상사고,0,0,1,0,차대차 - 후진중충돌,안전운전불이행,건조,맑음,단일로 - 기타,승용,남,44세,상해없음,이륜,남,44세,경상
2022102300100352,2022년 10월 23일 18시,일요일,대구광역시 동구 율하동,경상사고,0,0,1,0,차대차 - 추돌,안전운전불이행,건조,맑음,교차로 - 교차로부근,승용,남,41세,기타불명,승용,여,57세,경상
2022102300100385,2022년 10월 23일 19시,일요일,대구광역시 북구 국우동,중상사고,0,1,0,0,차대사람 - 횡단중,보행자보호의무위반,건조,맑음,교차로 - 교차로횡단보도내,승용,남,62세,상해없음,보행자,남,21세,중상
2022102300100403,2022년 10월 23일 20시,일요일,대구광역시 달서구 상인동,중상사고,0,1,1,0,차대차 - 측면충돌,신호위반,건조,맑음,교차로 - 교차로안,승용,남,53세,경상,이륜,남,32세,중상
2022102400100008,2022년 10월 24일 01시,월요일,대구광역시 수성구 성동,부상신고사고,0,0,0,1,차대차 - 추돌,안전운전불이행,건조,맑음,단일로 - 기타,개인형이동수단(PM),남,18세,부상신고,승용,남,46세,상해없음
2022102400100039,2022년 10월 24일 06시,월요일,대구광역시 달성군 옥포읍,경상사고,0,0,1,0,차대차 - 측면충돌,안전운전불이행,건조,맑음,단일로 - 기타,화물,남,67세,상해없음,승용,남,48세,경상
2022102400100042,2022년 10월 24일 06시,월요일,대구광역시 달서구 송현동,경상사고,0,0,3,0,차대차 - 추돌,안전운전불이행,건조,맑음,교차로 - 교차로부근,승용,남,20세,상해없음,승용,남,67세,경상
2022102400100080,2022년 10월 24일 07시,월요일,대구광역시 달서구 장동,경상사고,0,0,3,0,차대차 - 측면충돌,안전거리미확보,건조,맑음,단일로 - 기타,화물,남,32세,경상,승용,남,71세,경상
2022102400100081,2022년 10월 24일 07시,월요일,대구광역시 북구 국우동,중상사고,0,1,2,1,차대차 - 측면충돌,기타,건조,맑음,단일로 - 기타,승용,남,61세,경상,승용,남,45세,중상
2022102400100180,2022년 10월 24일 09시,월요일,대구광역시 달서구 용산동,부상신고사고,0,0,0,1,차대차 - 기타,차로위반,건조,맑음,단일로 - 기타,화물,남,57세,상해없음,승용,남,38세,부상신고
2022102400100225,2022년 10월 24일 10시,월요일,대구광역시 남구 대명동,경상사고,0,0,1,0,차대차 - 기타,신호위반,건조,맑음,단일로 - 기타,이륜,남,38세,기타불명,자전거,남,68세,경상
2022102400100226,2022년 10월 24일 10시,월요일,대구광역시 동구 신천동,경상사고,0,0,1,0,차대차 - 측면충돌,안전거리미확보,건조,맑음,단일로 - 기타,승용,여,40세,상해없음,승용,남,44세,경상
2022102400100227,2022년 10월 24일 10시,월요일,대구광역시 수성구 황금동,경상사고,0,0,1,0,차대차 - 기타,안전운전불이행,건조,맑음,교차로 - 교차로부근,승용,여,32세,상해없음,승용,남,75세,상해없음
2022102400100228,2022년 10월 24일 10시,월요일,대구광역시 달성군 다사읍,중상사고,0,1,0,0,차량단독 - 공작물충돌,안전운전불이행,건조,맑음,기타 - 기타,승용,남,78세,중상,,,,
2022102400100229,2022년 10월 24일 10시,월요일,대구광역시 북구 칠성동1가,경상사고,0,0,2,1,차대차 - 측면충돌,안전운전불이행,건조,맑음,단일로 - 기타,승용,여,53세,부상신고,화물,남,49세,경상
2022102400100262,2022년 10월 24일 11시,월요일,대구광역시 남구 대명동,경상사고,0,0,1,0,차대사람 - 기타,안전운전불이행,건조,맑음,단일로 - 기타,승용,여,46세,상해없음,보행자,여,75세,경상
2022102400100263,2022년 10월 24일 11시,월요일,대구광역시 달서구 이곡동,경상사고,0,0,1,0,차대차 - 추돌,안전운전불이행,건조,맑음,단일로 - 기타,화물,남,57세,상해없음,승용,남,56세,경상
2022102400100301,2022년 10월 24일 12시,월요일,대구광역시 동구 백안동,중상사고,0,1,2,1,차대차 - 측면충돌,안전거리미확보,건조,맑음,단일로 - 기타,승용,남,65세,부상신고,승용,여,77세,중상
2022102400100332,2022년 10월 24일 13시,월요일,대구광역시 남구 봉덕동,경상사고,0,0,3,1,차대차 - 추돌,안전운전불이행,건조,맑음,단일로 - 기타,승합,남,61세,경상,승용,남,28세,상해없음
2022102400100333,2022년 10월 24일 13시,월요일,대구광역시 동구 신천동,경상사고,0,0,2,0,차대차 - 측면충돌,안전거리미확보,건조,맑음,단일로 - 기타,화물,남,53세,상해없음,승용,남,43세,경상
2022102400100334,2022년 10월 24일 13시,월요일,대구광역시 동구 용계동,경상사고,0,0,1,0,차대차 - 기타,기타,건조,맑음,교차로 - 교차로안,승용,남,66세,상해없음,승용,남,34세,경상
2022102400100335,2022년 10월 24일 13시,월요일,대구광역시 동구 불로동,경상사고,0,0,2,0,차대차 - 추돌,안전운전불이행,건조,맑음,단일로 - 기타,승용,남,62세,기타불명,승용,여,64세,경상
2022102400100336,2022년 10월 24일 13시,월요일,대구광역시 중구 대봉동,경상사고,0,0,1,0,차대차 - 측면충돌,차로위반,건조,맑음,단일로 - 기타,승용,남,55세,상해없음,승용,남,56세,경상
2022102400100377,2022년 10월 24일 14시,월요일,대구광역시 북구 노원동3가,중상사고,0,1,0,0,차대차 - 정면충돌,안전운전불이행,젖음/습기,맑음,교차로 - 교차로안,자전거,여,50세,중상,이륜,남,37세,상해없음
2022102400100378,2022년 10월 24일 14시,월요일,대구광역시 북구 동천동,경상사고,0,0,2,0,차대차 - 추돌,안전운전불이행,건조,맑음,단일로 - 기타,이륜,남,27세,기타불명,승용,여,31세,경상
2022102400100405,2022년 10월 24일 15시,월요일,대구광역시 수성구 상동,중상사고,0,1,0,0,차대차 - 측면충돌,안전운전불이행,건조,맑음,단일로 - 기타,승합,남,68세,상해없음,자전거,남,13세,중상
2022102400100406,2022년 10월 24일 15시,월요일,대구광역시 서구 중리동,경상사고,0,0,1,0,차대차 - 기타,안전운전불이행,건조,맑음,단일로 - 기타,화물,남,48세,상해없음,개인형이동수단(PM),여,40세,경상
2022102400100440,2022년 10월 24일 16시,월요일,대구광역시 수성구 중동,경상사고,0,0,2,0,차대차 - 측면충돌,안전운전불이행,건조,맑음,단일로 - 기타,승용,여,39세,상해없음,승용,여,42세,경상
2022102400100441,2022년 10월 24일 16시,월요일,대구광역시 서구 평리동,경상사고,0,0,1,0,차대사람 - 기타,안전운전불이행,건조,맑음,단일로 - 기타,승용,여,31세,상해없음,보행자,남,61세,경상
2022102400100442,2022년 10월 24일 16시,월요일,대구광역시 달서구 죽전동,경상사고,0,0,1,0,차대차 - 기타,안전운전불이행,건조,맑음,단일로 - 기타,승용,여,27세,상해없음,승용,남,61세,상해없음
2022102400100481,2022년 10월 24일 17시,월요일,대구광역시 동구 동호동,경상사고,0,0,1,0,차대차 - 추돌,안전운전불이행,건조,맑음,교차로 - 교차로부근,승용,남,42세,기타불명,승용,남,31세,경상
2022102400100482,2022년 10월 24일 17시,월요일,대구광역시 달서구 상인동,부상신고사고,0,0,0,1,차대사람 - 횡단중,안전운전불이행,건조,맑음,단일로 - 기타,승용,여,26세,상해없음,보행자,남,84세,부상신고
2022102400100483,2022년 10월 24일 17시,월요일,대구광역시 달서구 월성동,경상사고,0,0,2,0,차대차 - 측면충돌,안전거리미확보,건조,맑음,단일로 - 기타,승용,남,70세,경상,승합,남,41세,경상
2022102400100484,2022년 10월 24일 17시,월요일,대구광역시 달서구 죽전동,경상사고,0,0,1,0,차대차 - 기타,신호위반,건조,맑음,교차로 - 교차로안,승용,여,63세,상해없음,승용,여,60세,경상
2022102400100542,2022년 10월 24일 18시,월요일,대구광역시 수성구 상동,경상사고,0,0,1,0,차대사람 - 기타,안전운전불이행,건조,맑음,단일로 - 기타,승용,남,48세,상해없음,보행자,여,32세,경상
2022102400100543,2022년 10월 24일 18시,월요일,대구광역시 수성구 지산동,경상사고,0,0,1,0,차대차 - 추돌,안전운전불이행,건조,맑음,교차로 - 교차로부근,승용,여,48세,상해없음,승용,남,29세,경상
2022102400100544,2022년 10월 24일 18시,월요일,대구광역시 달서구 대천동,경상사고,0,0,2,0,차대차 - 측면충돌,기타,건조,맑음,교차로 - 교차로부근,승용,남,66세,기타불명,승용,남,41세,경상
2022102400100545,2022년 10월 24일 18시,월요일,대구광역시 북구 팔달동,중상사고,0,1,0,0,차대차 - 측면충돌,안전운전불이행,건조,맑음,단일로 - 기타,승용,남,63세,상해없음,자전거,남,65세,중상
2022102400100546,2022년 10월 24일 18시,월요일,대구광역시 북구 매천동,부상신고사고,0,0,0,1,차대차 - 추돌,안전운전불이행,건조,맑음,단일로 - 기타,승용,여,50세,상해없음,승용,여,29세,부상신고
2022102400100547,2022년 10월 24일 18시,월요일,대구광역시 북구 태전동,경상사고,0,0,1,0,차대사람 - 횡단중,신호위반,건조,맑음,교차로 - 교차로횡단보도내,승용,남,46세,상해없음,보행자,남,59세,경상
2022102400100582,2022년 10월 24일 19시,월요일,대구광역시 수성구 상동,경상사고,0,0,1,0,차대사람 - 길가장자리구역통행중,안전운전불이행,건조,맑음,단일로 - 기타,승용,여,59세,상해없음,보행자,남,48세,경상
2022102400100583,2022년 10월 24일 19시,월요일,대구광역시 북구 복현동,중상사고,0,1,0,0,차대사람 - 횡단중,보행자보호의무위반,건조,맑음,단일로 - 기타,승용,남,41세,상해없음,보행자,여,52세,중상
2022102400100612,2022년 10월 24일 20시,월요일,대구광역시 수성구 범어동,중상사고,0,1,0,0,차대차 - 측면충돌,기타,건조,맑음,교차로 - 교차로안,승용,남,21세,상해없음,이륜,남,46세,중상
2022102400100613,2022년 10월 24일 20시,월요일,대구광역시 북구 대현동,경상사고,0,0,1,0,차대사람 - 기타,안전운전불이행,건조,맑음,단일로 - 기타,자전거,남,70세,상해없음,보행자,남,68세,경상
2022102500100013,2022년 10월 25일 00시,화요일,대구광역시 동구 지묘동,경상사고,0,0,2,0,차대차 - 후진중충돌,안전운전불이행,건조,맑음,교차로 - 교차로안,승용,남,55세,상해없음,승용,남,26세,경상
2022102500100021,2022년 10월 25일 02시,화요일,대구광역시 중구 삼덕동1가,경상사고,0,0,1,0,차대사람 - 길가장자리구역통행중,안전운전불이행,건조,맑음,단일로 - 기타,승용,여,37세,상해없음,보행자,남,27세,경상
2022102500100028,2022년 10월 25일 04시,화요일,대구광역시 달서구 유천동,중상사고,0,1,0,0,차대차 - 추돌,안전운전불이행,건조,맑음,교차로 - 교차로부근,승용,남,66세,상해없음,기타불명,기타불명,미분류,기타불명
2022102500100035,2022년 10월 25일 05시,화요일,대구광역시 북구 국우동,중상사고,0,1,1,0,차대차 - 측면충돌,신호위반,건조,맑음,교차로 - 교차로안,승용,여,50세,경상,이륜,남,67세,중상
2022102500100050,2022년 10월 25일 06시,화요일,대구광역시 북구 구암동,경상사고,0,0,1,0,차대사람 - 보도통행중,신호위반,건조,맑음,교차로 - 교차로횡단보도내,승용,남,40세,상해없음,보행자,여,58세,경상
2022102500100068,2022년 10월 25일 07시,화요일,대구광역시 수성구 노변동,경상사고,0,0,3,0,차대차 - 측면충돌,안전거리미확보,건조,맑음,단일로 - 기타,승용,남,59세,상해없음,화물,남,50세,경상
2022102500100118,2022년 10월 25일 08시,화요일,대구광역시 달서구 월성동,중상사고,0,1,0,0,차대사람 - 횡단중,신호위반,건조,맑음,교차로 - 교차로횡단보도내,승용,여,50세,상해없음,보행자,남,8세,중상
2022102500100119,2022년 10월 25일 08시,화요일,대구광역시 북구 산격동,경상사고,0,0,1,0,차대차 - 측면충돌,안전운전불이행,건조,맑음,단일로 - 기타,승용,여,54세,기타불명,승용,남,56세,기타불명
2022102500100120,2022년 10월 25일 08시,화요일,대구광역시 서구 내당동,부상신고사고,0,0,0,1,차대차 - 기타,안전거리미확보,건조,맑음,단일로 - 기타,화물,남,33세,부상신고,건설기계,남,57세,상해없음
2022102500100153,2022년 10월 25일 09시,화요일,대구광역시 동구 효목동,경상사고,0,0,1,0,차대차 - 측면충돌,안전거리미확보,건조,맑음,단일로 - 기타,승용,여,54세,상해없음,승용,여,65세,경상
2022102500100154,2022년 10월 25일 09시,화요일,대구광역시 서구 비산동,경상사고,0,0,1,0,차대차 - 측면충돌,안전운전불이행,건조,맑음,단일로 - 기타,화물,남,38세,상해없음,화물,남,56세,경상
2022102500100184,2022년 10월 25일 10시,화요일,대구광역시 동구 서호동,경상사고,0,0,1,0,차대사람 - 차도통행중,안전운전불이행,건조,맑음,단일로 - 지하차도(도로)내,화물,남,58세,상해없음,보행자,남,96세,경상
2022102500100185,2022년 10월 25일 10시,화요일,대구광역시 북구 침산동,경상사고,0,0,1,0,차대차 - 측면충돌,안전운전불이행,건조,맑음,단일로 - 기타,승용,여,30세,상해없음,승합,남,60세,경상
2022102500100245,2022년 10월 25일 12시,화요일,대구광역시 달서구 송현동,경상사고,0,0,1,0,차대차 - 기타,안전거리미확보,건조,맑음,단일로 - 기타,승용,남,66세,상해없음,승합,남,36세,상해없음
2022102500100246,2022년 10월 25일 12시,화요일,대구광역시 달서구 상인동,중상사고,0,1,0,0,차대차 - 측면충돌,신호위반,건조,맑음,교차로 - 교차로안,화물,남,36세,상해없음,화물,남,67세,중상
2022102500100247,2022년 10월 25일 12시,화요일,대구광역시 달서구 용산동,경상사고,0,0,1,0,차대차 - 측면충돌,안전거리미확보,건조,맑음,단일로 - 기타,화물,남,38세,상해없음,화물,남,48세,경상
2022102500100248,2022년 10월 25일 12시,화요일,대구광역시 북구 태전동,중상사고,0,1,1,0,차대차 - 측면충돌,교차로운행방법위반,건조,맑음,교차로 - 교차로안,승용,남,30세,경상,원동기,남,22세,중상
2022102500100281,2022년 10월 25일 13시,화요일,대구광역시 동구 각산동,경상사고,0,0,2,0,차대차 - 기타,중앙선침범,건조,맑음,단일로 - 지하차도(도로)내,승용,남,78세,상해없음,승용,남,72세,경상
2022102500100282,2022년 10월 25일 13시,화요일,대구광역시 북구 동천동,경상사고,0,0,2,0,차대차 - 기타,교차로운행방법위반,건조,맑음,교차로 - 교차로안,승용,남,71세,상해없음,승용,남,48세,상해없음
2022102500100318,2022년 10월 25일 14시,화요일,대구광역시 수성구 수성동4가,중상사고,0,1,0,0,차대차 - 기타,안전운전불이행,건조,맑음,단일로 - 기타,승용,남,78세,상해없음,자전거,남,62세,중상
2022102500100362,2022년 10월 25일 15시,화요일,대구광역시 동구 신암동,경상사고,0,0,2,0,차대차 - 측면충돌,안전운전불이행,건조,맑음,단일로 - 기타,승용,남,53세,상해없음,승용,여,53세,경상
2022102500100363,2022년 10월 25일 15시,화요일,대구광역시 동구 백안동,경상사고,0,0,1,0,차대차 - 기타,안전거리미확보,건조,맑음,교차로 - 교차로횡단보도내,승용,여,57세,상해없음,승합,남,53세,상해없음
2022102500100364,2022년 10월 25일 15시,화요일,대구광역시 서구 비산동,경상사고,0,0,1,0,차대차 - 정면충돌,신호위반,건조,맑음,단일로 - 기타,자전거,남,49세,경상,승용,남,64세,상해없음
2022102500100411,2022년 10월 25일 16시,화요일,대구광역시 동구 용계동,경상사고,0,0,3,2,차대차 - 추돌,안전운전불이행,건조,맑음,미분류 - 미분류,화물,남,54세,경상,승합,남,39세,경상
2022102500100412,2022년 10월 25일 16시,화요일,대구광역시 달서구 본동,경상사고,0,0,1,0,차대차 - 측면충돌,신호위반,건조,맑음,교차로 - 교차로안,승용,남,61세,상해없음,승용,남,35세,경상
2022102500100413,2022년 10월 25일 16시,화요일,대구광역시 달성군 화원읍,경상사고,0,0,1,0,차대차 - 추돌,안전운전불이행,건조,맑음,단일로 - 기타,승용,남,63세,상해없음,승용,남,49세,경상
2022102500100414,2022년 10월 25일 16시,화요일,대구광역시 북구 칠성동1가,경상사고,0,0,1,0,차대사람 - 기타,안전운전불이행,건조,맑음,단일로 - 기타,승용,남,65세,상해없음,보행자,남,57세,경상
2022102500100415,2022년 10월 25일 16시,화요일,대구광역시 중구 남성로,경상사고,0,0,1,0,차대사람 - 보도통행중,안전운전불이행,건조,맑음,교차로 - 교차로안,승용,여,54세,상해없음,보행자,여,56세,경상
2022102500100416,2022년 10월 25일 16시,화요일,대구광역시 북구 서변동,경상사고,0,0,1,0,차대사람 - 차도통행중,안전운전불이행,건조,맑음,단일로 - 기타,승용,남,54세,상해없음,보행자,남,9세,경상
2022102500100417,2022년 10월 25일 16시,화요일,대구광역시 북구 구암동,경상사고,0,0,1,0,차대차 - 측면충돌,기타,건조,맑음,단일로 - 교량,승용,남,48세,상해없음,개인형이동수단(PM),남,18세,경상
2022102500100526,2022년 10월 25일 18시,화요일,대구광역시 수성구 두산동,중상사고,0,1,0,0,차대차 - 측면충돌,안전운전불이행,건조,맑음,기타 - 기타,승용,여,29세,상해없음,승용,남,49세,중상
2022102500100527,2022년 10월 25일 18시,화요일,대구광역시 수성구 이천동,경상사고,0,0,2,0,차대차 - 추돌,안전운전불이행,건조,맑음,단일로 - 기타,화물,남,51세,상해없음,승용,여,48세,경상
2022102500100528,2022년 10월 25일 18시,화요일,대구광역시 서구 비산동,경상사고,0,0,1,0,차대차 - 기타,기타,건조,맑음,단일로 - 기타,승용,남,57세,상해없음,화물,남,30세,경상
2022102500100529,2022년 10월 25일 18시,화요일,대구광역시 달서구 신당동,경상사고,0,0,1,0,차대차 - 기타,안전운전불이행,건조,맑음,단일로 - 기타,승용,남,67세,상해없음,자전거,남,61세,경상
2022102500100530,2022년 10월 25일 18시,화요일,대구광역시 달서구 두류동,경상사고,0,0,1,0,차대차 - 기타,안전운전불이행,건조,맑음,교차로 - 교차로부근,승용,남,41세,상해없음,승용,여,62세,경상
2022102500100531,2022년 10월 25일 18시,화요일,대구광역시 북구 관음동,경상사고,0,0,1,0,차대차 - 측면충돌,안전거리미확보,건조,맑음,단일로 - 기타,승용,남,67세,상해없음,승합,남,30세,경상
2022102500100613,2022년 10월 25일 20시,화요일,대구광역시 달서구 진천동,중상사고,0,1,0,0,차량단독 - 공작물충돌,안전운전불이행,건조,맑음,단일로 - 기타,승용,남,64세,상해없음,,,,
2022102500100614,2022년 10월 25일 20시,화요일,대구광역시 달성군 구지면,경상사고,0,0,1,0,차대차 - 기타,신호위반,건조,맑음,교차로 - 교차로안,승용,남,48세,상해없음,이륜,남,41세,경상
2022102500100657,2022년 10월 25일 22시,화요일,대구광역시 남구 봉덕동,경상사고,0,0,2,0,차대차 - 기타,신호위반,건조,맑음,단일로 - 기타,승용,남,48세,상해없음,승용,남,52세,경상
2022102500100665,2022년 10월 25일 23시,화요일,대구광역시 남구 대명동,중상사고,0,1,0,0,차대차 - 측면충돌,중앙선침범,건조,맑음,단일로 - 기타,이륜,남,45세,상해없음,이륜,남,41세,중상
2022102600100010,2022년 10월 26일 00시,수요일,대구광역시 남구 봉덕동,경상사고,0,0,1,0,차대차 - 추돌,신호위반,건조,맑음,교차로 - 교차로부근,승용,남,52세,상해없음,특수,남,44세,경상
2022102600100062,2022년 10월 26일 06시,수요일,대구광역시 수성구 매호동,중상사고,0,1,0,0,차대사람 - 횡단중,안전운전불이행,건조,맑음,교차로 - 교차로안,승용,여,40세,상해없음,보행자,여,81세,중상
2022102600100082,2022년 10월 26일 07시,수요일,대구광역시 수성구 중동,경상사고,0,0,1,0,차대사람 - 횡단중,신호위반,건조,맑음,단일로 - 기타,화물,남,52세,상해없음,보행자,여,74세,경상
2022102600100083,2022년 10월 26일 07시,수요일,대구광역시 달서구 월성동,중상사고,0,1,0,0,차대차 - 측면충돌,안전운전불이행,건조,맑음,기타 - 기타,자전거,남,16세,중상,승용,남,56세,상해없음
2022102600100128,2022년 10월 26일 08시,수요일,대구광역시 달서구 대곡동,경상사고,0,0,3,0,차대차 - 측면충돌,안전거리미확보,건조,맑음,단일로 - 기타,승용,남,65세,경상,승용,여,34세,경상
2022102600100165,2022년 10월 26일 09시,수요일,대구광역시 달서구 본동,경상사고,0,0,1,0,차대차 - 측면충돌,안전운전불이행,건조,맑음,단일로 - 기타,자전거,남,69세,경상,승용,남,68세,상해없음
2022102600100166,2022년 10월 26일 09시,수요일,대구광역시 달성군 현풍읍,경상사고,0,0,1,0,차대사람 - 횡단중,보행자보호의무위반,건조,맑음,단일로 - 기타,기타불명,기타불명,미분류,기타불명,보행자,남,4세,경상
2022102600100280,2022년 10월 26일 13시,수요일,대구광역시 달서구 대곡동,중상사고,0,1,0,0,차대차 - 측면충돌,신호위반,건조,맑음,기타 - 기타,승용,남,59세,상해없음,이륜,남,32세,중상
2022102600100281,2022년 10월 26일 13시,수요일,대구광역시 서구 평리동,중상사고,0,1,0,0,차량단독 - 기타,기타,건조,맑음,기타 - 기타,승합,남,61세,상해없음,,,,
2022102600100337,2022년 10월 26일 15시,수요일,대구광역시 수성구 범어동,경상사고,0,0,1,0,차대차 - 측면충돌,안전운전불이행,건조,맑음,단일로 - 기타,승용,남,54세,상해없음,승용,여,44세,경상
2022102600100338,2022년 10월 26일 15시,수요일,대구광역시 북구 동천동,경상사고,0,0,2,0,차대차 - 측면충돌,교차로운행방법위반,건조,맑음,교차로 - 교차로안,승용,여,51세,경상,이륜,남,24세,경상
2022102600100418,2022년 10월 26일 17시,수요일,대구광역시 동구 신암동,경상사고,0,0,1,0,차대차 - 추돌,안전운전불이행,건조,맑음,단일로 - 기타,승용,여,26세,상해없음,승용,여,54세,경상
2022102600100419,2022년 10월 26일 17시,수요일,대구광역시 달서구 상인동,중상사고,0,1,0,0,차대사람 - 차도통행중,안전운전불이행,건조,맑음,단일로 - 기타,승용,남,42세,상해없음,보행자,여,69세,중상
2022102600100420,2022년 10월 26일 17시,수요일,대구광역시 북구 대현동,중상사고,0,1,0,0,차대차 - 측면충돌,안전운전불이행,건조,맑음,교차로 - 교차로안,이륜,남,59세,상해없음,자전거,남,74세,중상
2022102600100477,2022년 10월 26일 18시,수요일,대구광역시 북구 태전동,중상사고,0,1,3,0,차대차 - 추돌,안전운전불이행,건조,맑음,단일로 - 기타,화물,남,51세,상해없음,승용,여,51세,경상
2022102600100483,2022년 10월 26일 18시,수요일,대구광역시 달성군 구지면,중상사고,0,1,1,0,차대차 - 기타,안전운전불이행,건조,맑음,교차로 - 교차로안,승합,남,69세,경상,승용,여,44세,중상
2022102600100484,2022년 10월 26일 18시,수요일,대구광역시 북구 산격동,부상신고사고,0,0,0,1,차대차 - 측면충돌,안전거리미확보,건조,맑음,단일로 - 기타,승용,여,33세,상해없음,승용,남,33세,부상신고
2022102600100485,2022년 10월 26일 18시,수요일,대구광역시 달서구 장기동,경상사고,0,0,1,1,차대차 - 측면충돌,안전거리미확보,건조,맑음,단일로 - 기타,승용,남,58세,부상신고,승합,남,43세,경상
2022102600100524,2022년 10월 26일 19시,수요일,대구광역시 동구 신암동,경상사고,0,0,1,0,차대차 - 추돌,안전운전불이행,건조,맑음,단일로 - 기타,승용,여,54세,상해없음,화물,남,62세,경상
2022102600100567,2022년 10월 26일 20시,수요일,대구광역시 남구 대명동,경상사고,0,0,1,0,차대차 - 기타,안전운전불이행,건조,맑음,단일로 - 기타,기타불명,기타불명,미분류,기타불명,승용,여,64세,경상
2022102600100568,2022년 10월 26일 20시,수요일,대구광역시 달서구 유천동,경상사고,0,0,1,0,차대차 - 측면충돌,안전운전불이행,건조,맑음,교차로 - 교차로횡단보도내,승용,여,57세,상해없음,이륜,남,18세,경상
2022102600100587,2022년 10월 26일 21시,수요일,대구광역시 동구 지저동,경상사고,0,0,1,0,차대차 - 후진중충돌,안전운전불이행,건조,맑음,교차로 - 교차로부근,승용,남,67세,기타불명,승용,남,26세,경상
2022102600100588,2022년 10월 26일 21시,수요일,대구광역시 동구 방촌동,경상사고,0,0,1,0,차대차 - 측면충돌,안전거리미확보,건조,맑음,교차로 - 교차로부근,승용,여,50세,상해없음,승용,남,35세,경상
2022102600100589,2022년 10월 26일 21시,수요일,대구광역시 달서구 상인동,경상사고,0,0,1,0,차대사람 - 기타,기타,건조,맑음,단일로 - 기타,승합,남,54세,상해없음,보행자,여,57세,경상
2022102600100619,2022년 10월 26일 22시,수요일,대구광역시 달서구 송현동,중상사고,0,1,0,0,차대사람 - 횡단중,안전운전불이행,건조,맑음,단일로 - 기타,승용,남,57세,상해없음,보행자,남,49세,중상
2022102600100620,2022년 10월 26일 22시,수요일,대구광역시 북구 산격동,중상사고,0,1,0,0,차대차 - 측면충돌,안전운전불이행,건조,맑음,단일로 - 기타,승용,남,24세,기타불명,승용,남,50세,중상
2022102700100025,2022년 10월 27일 03시,목요일,대구광역시 달서구 본리동,경상사고,0,0,1,0,차대차 - 측면충돌,교차로운행방법위반,건조,맑음,교차로 - 교차로안,화물,남,41세,상해없음,화물,남,45세,경상
2022102700100039,2022년 10월 27일 05시,목요일,대구광역시 수성구 범물동,사망사고,1,0,0,0,차대사람 - 횡단중,기타,건조,맑음,교차로 - 교차로안,승용,남,66세,상해없음,보행자,남,80세,사망
2022102700100040,2022년 10월 27일 05시,목요일,대구광역시 달서구 장기동,경상사고,0,0,1,0,차대차 - 기타,안전운전불이행,건조,맑음,단일로 - 기타,화물,남,57세,상해없음,승용,남,52세,경상
2022102700100086,2022년 10월 27일 07시,목요일,대구광역시 동구 방촌동,경상사고,0,0,2,0,차대차 - 측면충돌,교차로운행방법위반,건조,맑음,교차로 - 교차로안,승용,남,77세,상해없음,승용,남,73세,경상
2022102700100087,2022년 10월 27일 07시,목요일,대구광역시 달서구 송현동,경상사고,0,0,1,0,차대차 - 측면충돌,안전운전불이행,건조,맑음,교차로 - 교차로안,승용,남,30세,상해없음,승용,여,28세,경상
2022102700100174,2022년 10월 27일 09시,목요일,대구광역시 동구 동내동,경상사고,0,0,2,0,차대차 - 기타,교차로운행방법위반,건조,맑음,교차로 - 교차로안,승용,여,63세,경상,승용,남,69세,경상
2022102700100175,2022년 10월 27일 09시,목요일,대구광역시 북구 산격동,경상사고,0,0,1,0,차대차 - 측면충돌,안전거리미확보,건조,맑음,단일로 - 기타,승용,남,70세,상해없음,승용,남,29세,경상