사고번호,사고일시,요일,시군구,사고내용,사망자수,중상자수,경상자수,부상신고자수,사고유형,법규위반,노면상태,기상상태,도로형태,가해운전자 차종,가해운전자 성별,가해운전자 연령,가해운전자 상해정도,피해운전자 차종,피해운전자 성별,피해운전자 연령,피해운전자 상해정도
2022102700100176,2022년 10월 27일 09시,목요일,대구광역시 달서구 두류동,경상사고,0,0,1,0,차대사람 - 길가장자리구역통행중,안전운전불이행,건조,맑음,단일로 - 기타,승용,여,47세,상해없음,보행자,남,56세,경상
2022102700100208,2022년 10월 27일 10시,목요일,대구광역시 동구 미대동,중상사고,0,1,0,0,차대차 - 측면충돌,안전운전불이행,건조,맑음,교차로 - 교차로안,승용,남,64세,상해없음,자전거,남,67세,중상
2022102700100209,2022년 10월 27일 10시,목요일,대구광역시 달서구 월성동,중상사고,0,1,0,0,차대차 - 측면충돌,안전거리미확보,건조,맑음,단일로 - 기타,승용,여,46세,상해없음,이륜,남,43세,중상
2022102700100210,2022년 10월 27일 10시,목요일,대구광역시 달성군 화원읍,중상사고,0,1,0,0,차대사람 - 횡단중,보행자보호의무위반,건조,맑음,교차로 - 교차로횡단보도내,승용,남,23세,상해없음,보행자,여,75세,중상
2022102700100211,2022년 10월 27일 10시,목요일,대구광역시 서구 평리동,중상사고,0,1,0,0,차대차 - 측면충돌,안전운전불이행,건조,맑음,교차로 - 교차로안,승합,남,58세,상해없음,화물,기타불명,미분류,기타불명
2022102700100244,2022년 10월 27일 11시,목요일,대구광역시 북구 산격동,경상사고,0,0,1,0,차대차 - 측면충돌,안전운전불이행,건조,맑음,단일로 - 기타,화물,남,76세,상해없음,이륜,남,63세,경상
2022102700100317,2022년 10월 27일 13시,목요일,대구광역시 남구 봉덕동,부상신고사고,0,0,0,1,차대차 - 기타,안전운전불이행,건조,맑음,단일로 - 기타,이륜,남,27세,부상신고,승용,남,24세,상해없음
2022102700100318,2022년 10월 27일 13시,목요일,대구광역시 북구 대현동,중상사고,0,1,0,0,차대차 - 기타,안전운전불이행,건조,맑음,단일로 - 기타,승용,남,72세,상해없음,자전거,남,82세,중상
2022102700100319,2022년 10월 27일 13시,목요일,대구광역시 수성구 범어동,중상사고,0,1,0,0,차대차 - 측면충돌,안전운전불이행,건조,맑음,단일로 - 기타,승용,남,30세,상해없음,이륜,남,53세,중상
2022102700100351,2022년 10월 27일 14시,목요일,대구광역시 수성구 만촌동,중상사고,0,1,0,0,차대차 - 측면충돌,직진우회전진행방해,건조,맑음,교차로 - 교차로안,화물,남,72세,상해없음,자전거,남,73세,중상
2022102700100352,2022년 10월 27일 14시,목요일,대구광역시 서구 비산동,중상사고,0,1,0,0,차대사람 - 횡단중,신호위반,건조,맑음,교차로 - 교차로횡단보도내,승용,남,37세,상해없음,보행자,남,69세,중상
2022102700100353,2022년 10월 27일 14시,목요일,대구광역시 달서구 용산동,중상사고,0,1,0,0,차대사람 - 횡단중,안전운전불이행,건조,맑음,교차로 - 교차로안,화물,남,69세,상해없음,보행자,여,79세,중상
2022102700100394,2022년 10월 27일 15시,목요일,대구광역시 남구 봉덕동,중상사고,0,1,0,0,차대사람 - 기타,안전운전불이행,건조,맑음,단일로 - 기타,승용,남,69세,상해없음,보행자,남,60세,중상
2022102700100395,2022년 10월 27일 15시,목요일,대구광역시 수성구 범어동,중상사고,0,1,0,0,차대사람 - 횡단중,보행자보호의무위반,건조,맑음,교차로 - 교차로횡단보도내,승용,남,60세,상해없음,보행자,남,9세,중상
2022102700100396,2022년 10월 27일 15시,목요일,대구광역시 달서구 송현동,경상사고,0,0,1,0,차대사람 - 차도통행중,안전운전불이행,건조,맑음,단일로 - 지하차도(도로)내,승용,남,54세,상해없음,보행자,여,62세,경상
2022102700100397,2022년 10월 27일 15시,목요일,대구광역시 중구 동인동1가,경상사고,0,0,1,0,차대차 - 추돌,안전운전불이행,건조,맑음,단일로 - 기타,승용,남,20세,상해없음,승용,남,46세,경상
2022102700100424,2022년 10월 27일 16시,목요일,대구광역시 달서구 상인동,중상사고,0,1,0,0,차대사람 - 횡단중,보행자보호의무위반,건조,맑음,교차로 - 교차로횡단보도내,승용,여,70세,상해없음,보행자,여,81세,중상
2022102700100425,2022년 10월 27일 16시,목요일,대구광역시 중구 남산동,경상사고,0,0,1,0,차대차 - 측면충돌,안전운전불이행,건조,맑음,교차로 - 교차로안,승용,남,72세,상해없음,승용,남,30세,경상
2022102700100471,2022년 10월 27일 17시,목요일,대구광역시 달서구 유천동,중상사고,0,1,0,0,차대차 - 정면충돌,안전운전불이행,건조,맑음,기타 - 기타,자전거,여,64세,중상,자전거,남,22세,상해없음
2022102700100472,2022년 10월 27일 17시,목요일,대구광역시 북구 침산동,부상신고사고,0,0,0,1,차대차 - 기타,안전운전불이행,건조,맑음,단일로 - 기타,이륜,남,49세,부상신고,이륜,남,56세,기타불명
2022102700100473,2022년 10월 27일 17시,목요일,대구광역시 달서구 감삼동,경상사고,0,0,1,0,차대차 - 추돌,안전운전불이행,건조,맑음,기타 - 기타,승용,남,51세,상해없음,승용,남,50세,경상
2022102700100474,2022년 10월 27일 17시,목요일,대구광역시 달서구 신당동,경상사고,0,0,1,0,차대차 - 측면충돌,안전거리미확보,건조,맑음,단일로 - 기타,화물,남,34세,상해없음,이륜,남,64세,경상
2022102700100475,2022년 10월 27일 17시,목요일,대구광역시 달서구 두류동,경상사고,0,0,1,0,차대차 - 측면충돌,안전운전불이행,건조,맑음,교차로 - 교차로부근,화물,남,49세,상해없음,승용,여,60세,경상
2022102700100591,2022년 10월 27일 19시,목요일,대구광역시 서구 평리동,중상사고,0,1,2,0,차대차 - 측면충돌,신호위반,건조,맑음,교차로 - 교차로안,승용,남,46세,상해없음,승용,남,60세,경상
2022102700100592,2022년 10월 27일 19시,목요일,대구광역시 서구 내당동,경상사고,0,0,1,0,차대사람 - 차도통행중,안전운전불이행,건조,맑음,교차로 - 교차로안,승용,남,35세,상해없음,보행자,여,50세,경상
2022102700100593,2022년 10월 27일 19시,목요일,대구광역시 북구 매천동,중상사고,0,1,0,0,차대사람 - 횡단중,보행자보호의무위반,건조,맑음,교차로 - 교차로횡단보도내,화물,남,35세,상해없음,보행자,여,50세,중상
2022102700100619,2022년 10월 27일 20시,목요일,대구광역시 수성구 매호동,경상사고,0,0,1,0,차대차 - 측면충돌,안전운전불이행,건조,맑음,교차로 - 교차로안,승용,남,66세,상해없음,승용,남,31세,경상
2022102700100620,2022년 10월 27일 20시,목요일,대구광역시 달서구 월성동,경상사고,0,0,1,0,차대사람 - 횡단중,보행자보호의무위반,건조,맑음,기타 - 기타,자전거,남,12세,상해없음,보행자,남,9세,경상
2022102700100644,2022년 10월 27일 21시,목요일,대구광역시 수성구 신매동,중상사고,0,1,0,0,차대차 - 기타,안전운전불이행,건조,맑음,교차로 - 교차로부근,승용,여,28세,상해없음,승용,여,29세,중상
2022102700100660,2022년 10월 27일 22시,목요일,대구광역시 동구 봉무동,경상사고,0,0,3,0,차대차 - 측면충돌,직진우회전진행방해,건조,맑음,교차로 - 교차로안,승용,남,32세,경상,화물,남,66세,경상
2022102700100661,2022년 10월 27일 22시,목요일,대구광역시 달서구 상인동,경상사고,0,0,2,0,차대차 - 측면충돌,신호위반,건조,맑음,교차로 - 교차로안,승용,남,25세,상해없음,승용,남,41세,경상
2022102700100662,2022년 10월 27일 22시,목요일,대구광역시 달서구 상인동,경상사고,0,0,2,0,차대차 - 측면충돌,안전거리미확보,건조,맑음,기타 - 기타,승용,남,57세,상해없음,화물,남,43세,경상
2022102700100677,2022년 10월 27일 23시,목요일,대구광역시 달서구 월성동,중상사고,0,1,0,0,차대차 - 측면충돌,교차로운행방법위반,건조,흐림,교차로 - 교차로안,승용,남,76세,상해없음,이륜,여,60세,중상
2022102800100020,2022년 10월 28일 01시,금요일,대구광역시 수성구 시지동,경상사고,0,0,1,0,차대차 - 기타,중앙선침범,건조,맑음,교차로 - 교차로부근,화물,남,57세,상해없음,이륜,남,47세,경상
2022102800100081,2022년 10월 28일 07시,금요일,대구광역시 북구 산격동,부상신고사고,0,0,0,1,차대차 - 측면충돌,안전운전불이행,건조,맑음,교차로 - 교차로안,이륜,남,37세,부상신고,화물,남,47세,상해없음
2022102800100124,2022년 10월 28일 08시,금요일,대구광역시 중구 공평동,경상사고,0,0,1,0,차대차 - 측면충돌,안전거리미확보,건조,맑음,단일로 - 기타,승용,남,67세,상해없음,승용,남,28세,경상
2022102800100169,2022년 10월 28일 09시,금요일,대구광역시 동구 효목동,경상사고,0,0,1,0,차대차 - 기타,신호위반,건조,맑음,단일로 - 기타,승용,남,72세,상해없음,승용,남,38세,경상
2022102800100170,2022년 10월 28일 09시,금요일,대구광역시 북구 침산동,경상사고,0,0,1,0,차대차 - 측면충돌,기타,건조,맑음,교차로 - 교차로횡단보도내,승용,여,54세,상해없음,자전거,남,36세,경상
2022102800100200,2022년 10월 28일 10시,금요일,대구광역시 동구 지저동,경상사고,0,0,1,0,차대차 - 추돌,안전운전불이행,건조,맑음,단일로 - 지하차도(도로)내,승용,남,76세,상해없음,승용,여,60세,경상
2022102800100201,2022년 10월 28일 10시,금요일,대구광역시 수성구 상동,중상사고,0,1,0,0,차대사람 - 횡단중,보행자보호의무위반,건조,맑음,교차로 - 교차로횡단보도내,승용,여,37세,상해없음,보행자,여,64세,중상
2022102800100202,2022년 10월 28일 10시,금요일,대구광역시 북구 노원동3가,부상신고사고,0,0,0,1,차대사람 - 기타,안전운전불이행,건조,맑음,단일로 - 기타,승용,남,57세,상해없음,보행자,남,52세,부상신고
2022102800100244,2022년 10월 28일 11시,금요일,대구광역시 달서구 대천동,경상사고,0,0,4,0,차대차 - 측면충돌,차로위반,건조,맑음,단일로 - 기타,화물,남,56세,경상,승용,여,45세,경상
2022102800100281,2022년 10월 28일 12시,금요일,대구광역시 동구 신암동,경상사고,0,0,1,0,차대차 - 측면충돌,안전운전불이행,건조,맑음,단일로 - 기타,자전거,남,64세,경상,화물,남,41세,상해없음
2022102800100282,2022년 10월 28일 12시,금요일,대구광역시 동구 서호동,경상사고,0,0,1,0,차대차 - 측면충돌,신호위반,건조,맑음,교차로 - 교차로안,승용,여,60세,상해없음,이륜,남,44세,경상
2022102800100283,2022년 10월 28일 12시,금요일,대구광역시 북구 산격동,경상사고,0,0,1,0,차대사람 - 기타,안전운전불이행,건조,맑음,단일로 - 기타,승용,여,34세,기타불명,보행자,남,36세,경상
2022102800100318,2022년 10월 28일 13시,금요일,대구광역시 동구 동호동,경상사고,0,0,2,0,차대차 - 측면충돌,안전거리미확보,건조,맑음,단일로 - 기타,화물,남,59세,상해없음,승용,남,30세,경상
2022102800100319,2022년 10월 28일 13시,금요일,대구광역시 달서구 도원동,경상사고,0,0,1,0,차대차 - 기타,안전운전불이행,건조,맑음,기타 - 기타,승용,남,59세,상해없음,자전거,여,73세,경상
2022102800100353,2022년 10월 28일 14시,금요일,대구광역시 북구 복현동,경상사고,0,0,1,0,차대차 - 측면충돌,직진우회전진행방해,건조,맑음,교차로 - 교차로안,승용,여,22세,상해없음,화물,남,55세,경상
2022102800100411,2022년 10월 28일 15시,금요일,대구광역시 남구 대명동,경상사고,0,0,1,0,차대사람 - 기타,안전운전불이행,건조,맑음,교차로 - 교차로부근,승용,남,70세,상해없음,보행자,남,11세,경상
2022102800100412,2022년 10월 28일 15시,금요일,대구광역시 동구 신기동,경상사고,0,0,1,0,차대차 - 후진중충돌,안전운전불이행,건조,맑음,단일로 - 기타,승합,남,66세,상해없음,자전거,여,56세,경상
2022102800100413,2022년 10월 28일 15시,금요일,대구광역시 북구 노원동3가,경상사고,0,0,1,0,차대차 - 기타,안전운전불이행,건조,맑음,단일로 - 기타,이륜,남,40세,경상,화물,남,59세,상해없음
2022102800100414,2022년 10월 28일 15시,금요일,대구광역시 중구 태평로3가,중상사고,0,1,0,0,차대차 - 측면충돌,안전거리미확보,건조,맑음,단일로 - 기타,승용,남,24세,상해없음,이륜,남,63세,중상
2022102800100458,2022년 10월 28일 16시,금요일,대구광역시 남구 이천동,중상사고,0,2,0,0,차대차 - 측면충돌,차로위반,건조,맑음,단일로 - 기타,승용,여,60세,상해없음,이륜,남,69세,중상
2022102800100459,2022년 10월 28일 16시,금요일,대구광역시 북구 침산동,경상사고,0,0,1,0,차대사람 - 기타,기타,건조,맑음,교차로 - 교차로부근,승용,여,29세,기타불명,보행자,여,8세,경상
2022102800100460,2022년 10월 28일 16시,금요일,대구광역시 달서구 용산동,중상사고,0,1,0,0,차대차 - 측면충돌,안전운전불이행,건조,맑음,교차로 - 교차로부근,이륜,남,55세,중상,승용,남,55세,상해없음
2022102800100461,2022년 10월 28일 16시,금요일,대구광역시 북구 학정동,경상사고,0,0,2,0,차대차 - 추돌,안전거리미확보,건조,맑음,단일로 - 기타,승용,남,22세,상해없음,승용,여,29세,경상
2022102800100502,2022년 10월 28일 17시,금요일,대구광역시 동구 신천동,부상신고사고,0,0,0,1,차대차 - 측면충돌,안전거리미확보,건조,맑음,교차로 - 교차로부근,승용,여,58세,상해없음,승용,남,24세,부상신고
2022102800100503,2022년 10월 28일 17시,금요일,대구광역시 북구 노원동3가,경상사고,0,0,1,0,차대차 - 기타,기타,건조,맑음,단일로 - 기타,승용,남,41세,상해없음,개인형이동수단(PM),남,41세,경상
2022102800100504,2022년 10월 28일 17시,금요일,대구광역시 서구 원대동3가,경상사고,0,0,2,0,차대차 - 측면충돌,직진우회전진행방해,건조,맑음,교차로 - 교차로안,승합,여,62세,경상,승용,남,60세,경상
2022102800100582,2022년 10월 28일 18시,금요일,대구광역시 수성구 지산동,경상사고,0,0,5,0,차대차 - 추돌,안전운전불이행,건조,맑음,단일로 - 터널,화물,남,48세,상해없음,승용,남,74세,경상
2022102800100583,2022년 10월 28일 18시,금요일,대구광역시 달성군 다사읍,중상사고,0,1,0,0,차대차 - 기타,안전운전불이행,건조,맑음,교차로 - 교차로횡단보도내,승용,남,71세,상해없음,자전거,남,70세,중상
2022102800100584,2022년 10월 28일 18시,금요일,대구광역시 서구 평리동,경상사고,0,0,2,0,차대차 - 정면충돌,직진우회전진행방해,건조,맑음,교차로 - 교차로안,기타불명,기타불명,미분류,기타불명,승용,남,65세,경상
2022102800100585,2022년 10월 28일 18시,금요일,대구광역시 서구 비산동,경상사고,0,0,1,0,차대차 - 기타,안전운전불이행,건조,맑음,교차로 - 교차로안,화물,남,57세,상해없음,자전거,남,73세,경상
2022102800100586,2022년 10월 28일 18시,금요일,대구광역시 달서구 장기동,중상사고,0,1,0,0,차대차 - 기타,안전운전불이행,건조,맑음,교차로 - 교차로부근,승용,남,46세,상해없음,이륜,남,54세,중상
2022102800100652,2022년 10월 28일 19시,금요일,대구광역시 수성구 지산동,경상사고,0,0,1,0,차대사람 - 보도통행중,기타,건조,맑음,단일로 - 기타,승용,남,69세,상해없음,보행자,여,42세,경상
2022102800100653,2022년 10월 28일 19시,금요일,대구광역시 북구 산격동,경상사고,0,0,1,0,차대차 - 측면충돌,안전운전불이행,건조,맑음,교차로 - 교차로부근,원동기,남,50세,상해없음,승용,남,37세,경상
2022102800100691,2022년 10월 28일 20시,금요일,대구광역시 남구 대명동,경상사고,0,0,1,0,차대차 - 기타,안전운전불이행,건조,맑음,기타 - 기타,승용,남,59세,상해없음,자전거,남,13세,경상
2022102800100692,2022년 10월 28일 20시,금요일,대구광역시 북구 침산동,경상사고,0,0,1,0,차대사람 - 횡단중,보행자보호의무위반,건조,맑음,교차로 - 교차로안,승용,남,26세,상해없음,보행자,남,41세,경상
2022102800100693,2022년 10월 28일 20시,금요일,대구광역시 달서구 이곡동,경상사고,0,0,1,0,차대차 - 추돌,안전운전불이행,건조,흐림,교차로 - 교차로안,기타불명,기타불명,미분류,기타불명,이륜,남,62세,경상
2022102800100725,2022년 10월 28일 21시,금요일,대구광역시 수성구 수성동3가,경상사고,0,0,1,0,차대차 - 측면충돌,안전운전불이행,건조,맑음,단일로 - 기타,승용,남,35세,상해없음,이륜,남,26세,경상
2022102800100726,2022년 10월 28일 21시,금요일,대구광역시 수성구 두산동,경상사고,0,0,2,0,차대차 - 측면충돌,안전거리미확보,건조,맑음,단일로 - 기타,승용,남,32세,상해없음,승용,여,23세,경상
2022102800100728,2022년 10월 28일 21시,금요일,대구광역시 달서구 이곡동,경상사고,0,0,4,0,차대차 - 추돌,안전운전불이행,건조,맑음,단일로 - 기타,승용,남,65세,상해없음,승용,남,30세,경상
2022102800100746,2022년 10월 28일 22시,금요일,대구광역시 동구 효목동,경상사고,0,0,1,0,차대차 - 정면충돌,중앙선침범,건조,맑음,단일로 - 기타,승용,남,57세,상해없음,자전거,남,57세,경상
2022102900100063,2022년 10월 29일 06시,토요일,대구광역시 북구 복현동,경상사고,0,0,1,0,차대차 - 기타,교차로운행방법위반,건조,맑음,교차로 - 교차로안,화물,남,55세,상해없음,승용,남,54세,경상
2022102900100064,2022년 10월 29일 06시,토요일,대구광역시 북구 칠성동1가,부상신고사고,0,0,0,1,차대차 - 측면충돌,불법유턴,건조,맑음,단일로 - 기타,자전거,남,79세,부상신고,승용,남,73세,상해없음
2022102900100158,2022년 10월 29일 10시,토요일,대구광역시 수성구 만촌동,중상사고,0,1,0,0,차대사람 - 기타,안전운전불이행,건조,맑음,단일로 - 기타,승합,남,58세,상해없음,보행자,남,56세,중상
2022102900100204,2022년 10월 29일 11시,토요일,대구광역시 수성구 수성동1가,경상사고,0,0,3,0,차대차 - 측면충돌,신호위반,건조,맑음,교차로 - 교차로안,승용,여,47세,상해없음,승용,남,36세,경상
2022102900100205,2022년 10월 29일 11시,토요일,대구광역시 수성구 상동,경상사고,0,0,1,0,차대차 - 측면충돌,안전거리미확보,건조,맑음,단일로 - 기타,승용,남,74세,상해없음,건설기계,남,55세,경상
2022102900100206,2022년 10월 29일 11시,토요일,대구광역시 달서구 유천동,중상사고,0,1,0,0,차대차 - 측면충돌,중앙선침범,건조,맑음,교차로 - 교차로부근,승용,여,44세,상해없음,원동기,여,22세,중상
2022102900100241,2022년 10월 29일 12시,토요일,대구광역시 남구 대명동,경상사고,0,0,1,0,차대차 - 기타,안전운전불이행,건조,맑음,교차로 - 교차로부근,승용,남,81세,상해없음,승용,여,67세,경상
2022102900100242,2022년 10월 29일 12시,토요일,대구광역시 달성군 논공읍,중상사고,0,1,1,0,차대차 - 기타,안전운전불이행,건조,맑음,교차로 - 교차로안,이륜,남,32세,중상,승용,남,33세,경상
2022102900100243,2022년 10월 29일 12시,토요일,대구광역시 북구 복현동,경상사고,0,0,2,0,차대차 - 측면충돌,안전거리미확보,건조,맑음,단일로 - 기타,승용,남,75세,상해없음,승용,남,22세,경상
2022102900100244,2022년 10월 29일 12시,토요일,대구광역시 서구 상리동,중상사고,0,1,1,0,차대차 - 정면충돌,신호위반,건조,맑음,교차로 - 교차로안,승용,남,56세,상해없음,승용,남,70세,중상
2022102900100280,2022년 10월 29일 13시,토요일,대구광역시 북구 태전동,경상사고,0,0,1,0,차대차 - 기타,안전운전불이행,건조,맑음,단일로 - 기타,승용,여,69세,상해없음,자전거,여,32세,경상
2022102900100319,2022년 10월 29일 14시,토요일,대구광역시 남구 대명동,경상사고,0,0,1,0,차대차 - 측면충돌,신호위반,건조,맑음,교차로 - 교차로안,승용,여,53세,상해없음,승용,남,73세,경상
2022102900100320,2022년 10월 29일 14시,토요일,대구광역시 달서구 유천동,경상사고,0,0,1,0,차대차 - 측면충돌,신호위반,건조,맑음,교차로 - 교차로부근,승용,남,71세,상해없음,승용,여,55세,경상
2022102900100321,2022년 10월 29일 14시,토요일,대구광역시 달서구 월성동,중상사고,0,1,0,0,차대사람 - 횡단중,신호위반,건조,맑음,교차로 - 교차로횡단보도내,승용,여,63세,상해없음,보행자,여,13세,중상
2022102900100354,2022년 10월 29일 15시,토요일,대구광역시 달서구 도원동,경상사고,0,0,2,0,차대차 - 추돌,안전운전불이행,건조,맑음,기타 - 기타,승용,남,64세,상해없음,승용,여,32세,경상
2022102900100355,2022년 10월 29일 15시,토요일,대구광역시 북구 고성동2가,경상사고,0,0,2,0,차대차 - 기타,교차로운행방법위반,건조,맑음,교차로 - 교차로안,승용,여,62세,상해없음,승용,여,54세,경상
2022102900100397,2022년 10월 29일 16시,토요일,대구광역시 달서구 송현동,중상사고,0,1,0,0,차대차 - 측면충돌,교차로운행방법위반,건조,맑음,교차로 - 교차로안,승용,남,50세,상해없음,자전거,남,59세,중상
2022102900100398,2022년 10월 29일 16시,토요일,대구광역시 북구 산격동,경상사고,0,0,1,0,차대차 - 측면충돌,교차로운행방법위반,건조,맑음,교차로 - 교차로안,승용,여,64세,상해없음,승합,남,68세,경상
2022102900100434,2022년 10월 29일 17시,토요일,대구광역시 남구 봉덕동,중상사고,0,1,1,0,차대차 - 추돌,안전운전불이행,건조,맑음,단일로 - 기타,승용,남,70세,상해없음,승용,여,62세,중상
2022102900100435,2022년 10월 29일 17시,토요일,대구광역시 중구 삼덕동1가,경상사고,0,0,1,0,차대사람 - 기타,안전운전불이행,건조,맑음,단일로 - 기타,승용,남,45세,상해없음,보행자,여,17세,경상
2022102900100472,2022년 10월 29일 18시,토요일,대구광역시 동구 용계동,경상사고,0,0,2,0,차대차 - 기타,안전거리미확보,건조,맑음,단일로 - 기타,승용,여,54세,상해없음,승용,남,60세,경상
2022102900100473,2022년 10월 29일 18시,토요일,대구광역시 수성구 수성동4가,중상사고,0,1,0,0,차대사람 - 횡단중,보행자보호의무위반,건조,맑음,단일로 - 기타,승용,여,28세,상해없음,보행자,여,83세,중상
2022102900100474,2022년 10월 29일 18시,토요일,대구광역시 달성군 화원읍,경상사고,0,0,1,0,차대사람 - 기타,안전운전불이행,건조,맑음,단일로 - 기타,승용,여,53세,상해없음,보행자,여,86세,경상
2022102900100475,2022년 10월 29일 18시,토요일,대구광역시 중구 동인동3가,경상사고,0,0,1,0,차대차 - 측면충돌,안전운전불이행,건조,맑음,단일로 - 기타,승용,남,27세,상해없음,승용,남,65세,경상
2022102900100517,2022년 10월 29일 19시,토요일,대구광역시 동구 지저동,경상사고,0,0,3,0,차대차 - 추돌,안전운전불이행,건조,맑음,단일로 - 기타,승용,남,28세,상해없음,승용,남,64세,경상
2022102900100556,2022년 10월 29일 20시,토요일,대구광역시 남구 봉덕동,경상사고,0,0,2,0,차대차 - 추돌,안전운전불이행,건조,맑음,단일로 - 기타,승용,남,47세,상해없음,승용,남,미분류,상해없음
2022102900100557,2022년 10월 29일 20시,토요일,대구광역시 수성구 황금동,중상사고,0,1,2,0,차대차 - 추돌,안전운전불이행,건조,맑음,교차로 - 교차로안,승용,남,33세,상해없음,승용,여,23세,경상
2022102900100558,2022년 10월 29일 20시,토요일,대구광역시 서구 이현동,중상사고,0,3,0,0,차대차 - 측면충돌,신호위반,건조,맑음,교차로 - 교차로안,승용,여,43세,상해없음,승용,남,67세,중상
2022102900100597,2022년 10월 29일 21시,토요일,대구광역시 서구 내당동,경상사고,0,0,3,0,차량단독 - 기타,기타,건조,맑음,단일로 - 기타,승용,남,64세,상해없음,,,,
2022102900100598,2022년 10월 29일 21시,토요일,대구광역시 중구 삼덕동2가,경상사고,0,0,2,0,차대차 - 측면충돌,안전운전불이행,건조,맑음,단일로 - 기타,승용,남,41세,상해없음,승용,남,23세,기타불명
2022102900100627,2022년 10월 29일 22시,토요일,대구광역시 달서구 유천동,중상사고,0,1,0,0,차대차 - 기타,안전운전불이행,건조,맑음,교차로 - 교차로횡단보도내,승용,여,61세,상해없음,개인형이동수단(PM),남,25세,중상
2022103000100038,2022년 10월 30일 02시,일요일,대구광역시 중구 삼덕동1가,부상신고사고,0,0,0,1,차대사람 - 횡단중,안전운전불이행,건조,맑음,단일로 - 기타,이륜,남,34세,상해없음,보행자,남,27세,부상신고
2022103000100062,2022년 10월 30일 05시,일요일,대구광역시 달성군 현풍읍,부상신고사고,0,0,0,1,차대차 - 정면충돌,신호위반,건조,맑음,단일로 - 기타,승용,남,60세,상해없음,승용,여,62세,부상신고
2022103000100063,2022년 10월 30일 05시,일요일,대구광역시 수성구 상동,경상사고,0,0,1,0,차대차 - 측면충돌,안전운전불이행,건조,맑음,단일로 - 기타,승용,남,44세,상해없음,승용,남,42세,경상
2022103000100064,2022년 10월 30일 05시,일요일,대구광역시 중구 동인동4가,경상사고,0,0,2,0,차대차 - 추돌,안전운전불이행,건조,맑음,단일로 - 기타,승용,남,32세,상해없음,승용,남,23세,경상
2022103000100073,2022년 10월 30일 06시,일요일,대구광역시 달성군 옥포읍,중상사고,0,1,0,0,차대차 - 정면충돌,안전운전불이행,건조,맑음,단일로 - 기타,승용,남,60세,상해없음,승용,여,62세,중상
2022103000100137,2022년 10월 30일 10시,일요일,대구광역시 동구 신암동,경상사고,0,0,1,0,차대차 - 기타,안전거리미확보,건조,맑음,단일로 - 기타,승용,여,32세,상해없음,승용,남,30세,경상
2022103000100138,2022년 10월 30일 10시,일요일,대구광역시 달성군 옥포읍,경상사고,0,0,1,0,차대사람 - 기타,안전운전불이행,건조,맑음,기타 - 기타,승용,남,66세,상해없음,보행자,여,43세,경상
2022103000100163,2022년 10월 30일 11시,일요일,대구광역시 북구 산격동,경상사고,0,0,1,1,차대차 - 측면충돌,안전운전불이행,건조,맑음,교차로 - 교차로안,이륜,여,16세,부상신고,승용,여,51세,상해없음
2022103000100164,2022년 10월 30일 11시,일요일,대구광역시 달서구 장동,중상사고,0,1,0,0,차대차 - 측면충돌,안전운전불이행,건조,맑음,단일로 - 기타,이륜,남,51세,중상,승용,여,58세,상해없음
2022103000100202,2022년 10월 30일 12시,일요일,대구광역시 동구 도학동,경상사고,0,0,2,0,차대차 - 추돌,안전운전불이행,건조,맑음,단일로 - 기타,승용,여,38세,상해없음,화물,남,72세,경상
2022103000100203,2022년 10월 30일 12시,일요일,대구광역시 수성구 연호동,중상사고,0,1,1,0,차대차 - 기타,안전운전불이행,건조,맑음,기타 - 기타,승용,남,51세,경상,이륜,남,53세,중상
2022103000100230,2022년 10월 30일 13시,일요일,대구광역시 수성구 수성동1가,경상사고,0,0,1,0,차대차 - 기타,안전운전불이행,건조,맑음,교차로 - 교차로안,이륜,남,22세,경상,승용,남,49세,상해없음
2022103000100231,2022년 10월 30일 13시,일요일,대구광역시 달성군 옥포읍,경상사고,0,0,1,0,차대차 - 추돌,안전운전불이행,건조,맑음,단일로 - 기타,승용,여,29세,상해없음,승용,남,56세,경상
2022103000100287,2022년 10월 30일 15시,일요일,대구광역시 동구 백안동,중상사고,0,1,3,0,차대차 - 정면충돌,중앙선침범,건조,맑음,단일로 - 기타,승용,남,79세,상해없음,승용,남,78세,경상
2022103000100288,2022년 10월 30일 15시,일요일,대구광역시 수성구 시지동,경상사고,0,0,3,0,차대차 - 측면충돌,안전운전불이행,건조,맑음,단일로 - 기타,승용,여,65세,경상,승용,남,25세,경상
2022103000100345,2022년 10월 30일 17시,일요일,대구광역시 수성구 범어동,경상사고,0,0,1,0,차대사람 - 기타,안전운전불이행,건조,맑음,단일로 - 기타,이륜,남,36세,상해없음,보행자,남,22세,경상
2022103000100346,2022년 10월 30일 17시,일요일,대구광역시 달성군 구지면,사망사고,1,1,0,1,차대차 - 정면충돌,신호위반,건조,맑음,교차로 - 교차로안,이륜,남,38세,사망,승용,남,56세,중상
2022103000100347,2022년 10월 30일 17시,일요일,대구광역시 달성군 화원읍,중상사고,0,1,0,0,차대차 - 측면충돌,교차로운행방법위반,건조,맑음,교차로 - 교차로안,승용,남,30세,상해없음,이륜,남,42세,중상