사고번호,사고일시,요일,시군구,사고내용,사망자수,중상자수,경상자수,부상신고자수,사고유형,법규위반,노면상태,기상상태,도로형태,가해운전자 차종,가해운전자 성별,가해운전자 연령,가해운전자 상해정도,피해운전자 차종,피해운전자 성별,피해운전자 연령,피해운전자 상해정도
2022103000100348,2022년 10월 30일 17시,일요일,대구광역시 달서구 죽전동,부상신고사고,0,0,0,1,차대차 - 기타,차로위반,건조,맑음,단일로 - 기타,승용,여,56세,상해없음,승합,남,40세,부상신고
2022103000100378,2022년 10월 30일 18시,일요일,대구광역시 달서구 도원동,중상사고,0,1,5,0,차대차 - 측면충돌,안전운전불이행,건조,맑음,교차로 - 교차로부근,승용,남,27세,경상,승용,남,60세,경상
2022103000100379,2022년 10월 30일 18시,일요일,대구광역시 서구 내당동,경상사고,0,0,1,0,차대사람 - 길가장자리구역통행중,안전운전불이행,건조,맑음,교차로 - 교차로부근,승용,여,24세,상해없음,보행자,남,51세,경상
2022103000100380,2022년 10월 30일 18시,일요일,대구광역시 달서구 용산동,중상사고,0,1,0,0,차대사람 - 횡단중,신호위반,건조,맑음,단일로 - 기타,이륜,남,36세,상해없음,보행자,여,70세,중상
2022103000100418,2022년 10월 30일 20시,일요일,대구광역시 달서구 대천동,경상사고,0,0,1,0,차대차 - 측면충돌,신호위반,건조,맑음,교차로 - 교차로안,승용,여,53세,상해없음,승용,여,51세,경상
2022103100100004,2022년 10월 31일 00시,월요일,대구광역시 북구 복현동,경상사고,0,0,3,0,차대차 - 추돌,안전운전불이행,건조,맑음,단일로 - 기타,승용,남,49세,상해없음,승용,남,35세,경상
2022103100100064,2022년 10월 31일 07시,월요일,대구광역시 수성구 만촌동,중상사고,0,1,0,0,차대차 - 추돌,안전거리미확보,건조,맑음,단일로 - 기타,승용,남,43세,상해없음,승용,여,35세,중상
2022103100100147,2022년 10월 31일 09시,월요일,대구광역시 동구 방촌동,경상사고,0,0,1,0,차대사람 - 기타,안전운전불이행,건조,맑음,단일로 - 기타,화물,남,33세,상해없음,보행자,남,18세,경상
2022103100100173,2022년 10월 31일 10시,월요일,대구광역시 수성구 중동,경상사고,0,0,1,0,차대차 - 후진중충돌,안전운전불이행,건조,맑음,단일로 - 기타,승용,남,60세,상해없음,이륜,남,60세,경상
2022103100100206,2022년 10월 31일 11시,월요일,대구광역시 달서구 대천동,경상사고,0,0,1,0,차대차 - 측면충돌,신호위반,건조,맑음,교차로 - 교차로안,승용,여,60세,상해없음,승용,남,43세,경상
2022103100100207,2022년 10월 31일 11시,월요일,대구광역시 달서구 파호동,경상사고,0,0,1,0,차대차 - 추돌,안전운전불이행,건조,맑음,단일로 - 기타,승용,여,50세,상해없음,승용,여,54세,경상
2022103100100250,2022년 10월 31일 12시,월요일,대구광역시 북구 복현동,중상사고,0,1,0,0,차량단독 - 기타,안전운전불이행,건조,맑음,단일로 - 기타,승합,남,49세,상해없음,,,,
2022103100100251,2022년 10월 31일 12시,월요일,대구광역시 북구 산격동,경상사고,0,0,1,0,차대차 - 기타,안전운전불이행,건조,맑음,교차로 - 교차로안,화물,남,46세,상해없음,자전거,남,41세,경상
2022103100100281,2022년 10월 31일 13시,월요일,대구광역시 중구 하서동,중상사고,0,1,0,0,차대사람 - 기타,기타,건조,맑음,교차로 - 교차로부근,승합,남,60세,상해없음,보행자,여,75세,중상
2022103100100312,2022년 10월 31일 14시,월요일,대구광역시 달서구 대곡동,경상사고,0,0,1,0,차대차 - 측면충돌,차로위반,건조,맑음,교차로 - 교차로안,승용,여,67세,상해없음,승용,남,21세,경상
2022103100100357,2022년 10월 31일 15시,월요일,대구광역시 동구 율하동,중상사고,0,1,0,0,차대차 - 측면충돌,교차로운행방법위반,건조,맑음,교차로 - 교차로안,승용,여,41세,상해없음,기타불명,남,63세,중상
2022103100100358,2022년 10월 31일 15시,월요일,대구광역시 수성구 두산동,경상사고,0,0,2,0,차대차 - 후진중충돌,안전운전불이행,건조,맑음,주차장 - 주차장,승용,여,63세,상해없음,승용,여,35세,경상
2022103100100359,2022년 10월 31일 15시,월요일,대구광역시 달서구 대곡동,중상사고,0,1,0,0,차대차 - 측면충돌,신호위반,건조,맑음,교차로 - 교차로부근,승용,남,68세,상해없음,화물,남,25세,중상
2022103100100396,2022년 10월 31일 16시,월요일,대구광역시 서구 이현동,경상사고,0,0,1,0,차대차 - 기타,안전운전불이행,건조,맑음,단일로 - 기타,화물,남,67세,상해없음,이륜,남,68세,경상
2022103100100429,2022년 10월 31일 17시,월요일,대구광역시 수성구 만촌동,경상사고,0,0,3,0,차대차 - 추돌,안전운전불이행,건조,맑음,교차로 - 교차로안,승용,여,58세,경상,승용,여,44세,경상
2022103100100430,2022년 10월 31일 17시,월요일,대구광역시 달서구 본리동,경상사고,0,0,1,0,차대차 - 기타,안전운전불이행,건조,맑음,교차로 - 교차로횡단보도내,화물,남,63세,상해없음,자전거,여,13세,경상
2022103100100490,2022년 10월 31일 18시,월요일,대구광역시 달서구 대천동,경상사고,0,0,1,0,차대차 - 측면충돌,안전운전불이행,건조,맑음,교차로 - 교차로안,건설기계,남,63세,상해없음,승용,남,58세,경상
2022103100100491,2022년 10월 31일 18시,월요일,대구광역시 북구 복현동,경상사고,0,0,1,0,차대차 - 측면충돌,교차로운행방법위반,건조,기타,교차로 - 교차로안,승용,남,42세,상해없음,승용,남,23세,경상
2022103100100492,2022년 10월 31일 18시,월요일,대구광역시 북구 침산동,중상사고,0,1,0,0,차대사람 - 기타,안전거리미확보,건조,맑음,교차로 - 교차로부근,승합,남,37세,상해없음,보행자,여,66세,중상
2022103100100493,2022년 10월 31일 18시,월요일,대구광역시 중구 대봉동,경상사고,0,0,1,0,차대차 - 측면충돌,안전거리미확보,건조,맑음,단일로 - 기타,승용,남,52세,상해없음,승용,여,37세,경상
2022103100100536,2022년 10월 31일 19시,월요일,대구광역시 동구 지묘동,경상사고,0,0,5,0,차대차 - 추돌,안전운전불이행,건조,맑음,단일로 - 기타,승용,남,21세,상해없음,승용,남,68세,경상
2022103100100537,2022년 10월 31일 19시,월요일,대구광역시 달서구 유천동,경상사고,0,0,1,0,차대차 - 후진중충돌,안전운전불이행,건조,맑음,주차장 - 주차장,화물,남,38세,상해없음,승용,여,46세,경상
2022103100100538,2022년 10월 31일 19시,월요일,대구광역시 달성군 유가읍,경상사고,0,0,2,0,차대차 - 기타,안전운전불이행,건조,맑음,교차로 - 교차로안,이륜,남,40세,경상,승용,여,31세,경상
2022103100100563,2022년 10월 31일 20시,월요일,대구광역시 동구 각산동,사망사고,1,0,0,0,차대사람 - 횡단중,안전운전불이행,건조,맑음,단일로 - 기타,승용,남,49세,상해없음,보행자,여,85세,사망
2022103100100618,2022년 10월 31일 23시,월요일,대구광역시 동구 효목동,경상사고,0,0,2,0,차대차 - 기타,안전운전불이행,건조,맑음,교차로 - 교차로부근,승용,여,55세,상해없음,승용,여,31세,경상
2022103100100619,2022년 10월 31일 23시,월요일,대구광역시 수성구 두산동,경상사고,0,0,1,0,차대차 - 후진중충돌,안전운전불이행,건조,맑음,단일로 - 기타,승용,여,43세,상해없음,승용,남,38세,경상
2022110100100009,2022년 11월 1일 00시,화요일,대구광역시 북구 노원동2가,경상사고,0,0,1,0,차대사람 - 기타,안전운전불이행,건조,맑음,단일로 - 기타,승용,남,48세,상해없음,보행자,남,57세,경상
2022110100100026,2022년 11월 1일 02시,화요일,대구광역시 수성구 황금동,부상신고사고,0,0,0,1,차량단독 - 기타,기타,건조,맑음,기타 - 기타,승용,남,60세,상해없음,,,,
2022110100100027,2022년 11월 1일 02시,화요일,대구광역시 수성구 연호동,중상사고,0,1,0,0,차대차 - 기타,신호위반,건조,맑음,교차로 - 교차로안,승용,여,43세,상해없음,승용,남,56세,중상
2022110100100108,2022년 11월 1일 08시,화요일,대구광역시 수성구 범물동,경상사고,0,0,1,0,차대차 - 측면충돌,안전운전불이행,건조,맑음,단일로 - 기타,화물,남,55세,상해없음,승용,여,25세,경상
2022110100100109,2022년 11월 1일 08시,화요일,대구광역시 수성구 대흥동,경상사고,0,0,1,0,차대차 - 추돌,안전운전불이행,건조,맑음,교차로 - 교차로부근,승용,남,30세,상해없음,승용,남,34세,경상
2022110100100110,2022년 11월 1일 08시,화요일,대구광역시 달성군 다사읍,중상사고,0,1,0,0,차량단독 - 기타,기타,건조,맑음,단일로 - 기타,승합,남,62세,상해없음,,,,
2022110100100136,2022년 11월 1일 09시,화요일,대구광역시 수성구 지산동,경상사고,0,0,1,0,차대사람 - 횡단중,안전운전불이행,건조,맑음,단일로 - 기타,승용,남,42세,상해없음,보행자,여,50세,경상
2022110100100137,2022년 11월 1일 09시,화요일,대구광역시 수성구 가천동,중상사고,0,1,0,0,차대차 - 정면충돌,중앙선침범,건조,맑음,교차로 - 교차로부근,화물,남,50세,상해없음,화물,남,46세,중상
2022110100100164,2022년 11월 1일 10시,화요일,대구광역시 남구 대명동,경상사고,0,0,2,0,차대차 - 측면충돌,차로위반,건조,맑음,교차로 - 교차로부근,화물,남,68세,상해없음,승용,남,66세,경상
2022110100100192,2022년 11월 1일 11시,화요일,대구광역시 달서구 대천동,중상사고,0,2,0,0,차대차 - 추돌,안전운전불이행,건조,맑음,단일로 - 기타,승용,여,50세,상해없음,승용,남,82세,중상
2022110100100229,2022년 11월 1일 12시,화요일,대구광역시 달서구 본동,경상사고,0,0,1,0,차대사람 - 기타,안전운전불이행,건조,맑음,단일로 - 기타,승용,남,68세,상해없음,보행자,여,81세,경상
2022110100100230,2022년 11월 1일 12시,화요일,대구광역시 서구 평리동,경상사고,0,0,1,0,차대사람 - 기타,안전운전불이행,건조,맑음,단일로 - 기타,승용,여,38세,상해없음,보행자,여,65세,경상
2022110100100299,2022년 11월 1일 14시,화요일,대구광역시 북구 노원동3가,중상사고,0,1,0,0,차대사람 - 차도통행중,안전운전불이행,건조,맑음,단일로 - 기타,승용,남,71세,상해없음,보행자,여,67세,중상
2022110100100300,2022년 11월 1일 14시,화요일,대구광역시 중구 대봉동,부상신고사고,0,0,0,1,차대차 - 측면충돌,안전운전불이행,건조,흐림,기타 - 기타,자전거,남,41세,상해없음,자전거,남,72세,부상신고
2022110100100344,2022년 11월 1일 15시,화요일,대구광역시 북구 학정동,경상사고,0,0,1,0,차대차 - 측면충돌,불법유턴,건조,맑음,단일로 - 지하차도(도로)내,자전거,남,6세,경상,화물,여,61세,상해없음
2022110100100386,2022년 11월 1일 16시,화요일,대구광역시 달서구 도원동,경상사고,0,0,1,0,차대사람 - 기타,안전운전불이행,건조,맑음,기타 - 기타,화물,남,64세,상해없음,보행자,남,14세,경상
2022110100100387,2022년 11월 1일 16시,화요일,대구광역시 달성군 다사읍,중상사고,0,1,0,0,차대차 - 기타,중앙선침범,건조,맑음,교차로 - 교차로부근,화물,남,61세,상해없음,승용,여,47세,중상
2022110100100431,2022년 11월 1일 17시,화요일,대구광역시 남구 대명동,중상사고,0,1,0,0,차대사람 - 기타,안전운전불이행,건조,맑음,단일로 - 기타,승합,남,50세,상해없음,보행자,여,69세,중상
2022110100100432,2022년 11월 1일 17시,화요일,대구광역시 동구 신천동,경상사고,0,0,1,0,차대차 - 측면충돌,안전거리미확보,건조,맑음,단일로 - 지하차도(도로)내,승용,남,70세,상해없음,이륜,남,35세,경상
2022110100100433,2022년 11월 1일 17시,화요일,대구광역시 달서구 상인동,중상사고,0,1,0,0,차대차 - 기타,신호위반,건조,맑음,교차로 - 교차로안,승용,남,68세,상해없음,이륜,남,22세,중상
2022110100100434,2022년 11월 1일 17시,화요일,대구광역시 북구 사수동,경상사고,0,0,2,0,차대차 - 측면충돌,안전운전불이행,건조,맑음,교차로 - 교차로부근,화물,남,59세,상해없음,승용,남,39세,경상
2022110100100543,2022년 11월 1일 19시,화요일,대구광역시 동구 신암동,사망사고,1,0,0,0,차대차 - 측면충돌,안전운전불이행,건조,맑음,단일로 - 기타,화물,남,30세,상해없음,원동기,남,61세,사망
2022110100100571,2022년 11월 1일 20시,화요일,대구광역시 달서구 대천동,경상사고,0,0,1,0,차대사람 - 차도통행중,기타,건조,맑음,기타 - 기타,이륜,남,22세,상해없음,보행자,남,21세,경상
2022110100100594,2022년 11월 1일 21시,화요일,대구광역시 수성구 만촌동,경상사고,0,0,2,1,차대차 - 측면충돌,안전거리미확보,건조,맑음,단일로 - 기타,승용,여,52세,부상신고,화물,남,33세,경상
2022110100100595,2022년 11월 1일 21시,화요일,대구광역시 달서구 월성동,중상사고,0,1,0,0,차대차 - 측면충돌,안전거리미확보,건조,맑음,교차로 - 교차로부근,승용,남,38세,상해없음,건설기계,남,45세,기타불명
2022110100100609,2022년 11월 1일 22시,화요일,대구광역시 남구 봉덕동,경상사고,0,0,1,0,차대차 - 기타,중앙선침범,건조,맑음,단일로 - 기타,화물,남,56세,상해없음,이륜,남,22세,경상
2022110100100610,2022년 11월 1일 22시,화요일,대구광역시 달서구 상인동,경상사고,0,0,1,0,차대차 - 정면충돌,신호위반,건조,맑음,교차로 - 교차로안,승합,남,58세,상해없음,승용,남,29세,경상
2022110100100623,2022년 11월 1일 23시,화요일,대구광역시 동구 신천동,경상사고,0,0,1,0,차대차 - 기타,안전운전불이행,건조,맑음,교차로 - 교차로안,승용,남,40세,상해없음,승용,남,45세,경상
2022110200100006,2022년 11월 2일 00시,수요일,대구광역시 북구 고성동1가,중상사고,0,1,0,0,차대차 - 기타,안전운전불이행,건조,맑음,단일로 - 기타,자전거,남,44세,중상,화물,남,59세,상해없음
2022110200100020,2022년 11월 2일 03시,수요일,대구광역시 달서구 본리동,경상사고,0,0,1,0,차대차 - 기타,중앙선침범,건조,맑음,기타 - 기타,개인형이동수단(PM),남,62세,경상,승용,남,24세,상해없음
2022110200100079,2022년 11월 2일 07시,수요일,대구광역시 달서구 유천동,경상사고,0,0,1,0,차대차 - 측면충돌,안전운전불이행,건조,맑음,교차로 - 교차로부근,자전거,남,39세,경상,승용,남,53세,상해없음
2022110200100080,2022년 11월 2일 07시,수요일,대구광역시 북구 침산동,경상사고,0,0,1,0,차대차 - 측면충돌,직진우회전진행방해,건조,맑음,교차로 - 교차로안,승용,남,61세,상해없음,이륜,남,58세,경상
2022110200100120,2022년 11월 2일 08시,수요일,대구광역시 달서구 상인동,경상사고,0,0,1,0,차대사람 - 횡단중,보행자보호의무위반,건조,맑음,교차로 - 교차로안,승용,남,38세,상해없음,보행자,여,56세,경상
2022110200100121,2022년 11월 2일 08시,수요일,대구광역시 달서구 두류동,중상사고,0,1,0,0,차대차 - 기타,안전거리미확보,건조,맑음,단일로 - 기타,승용,남,71세,상해없음,승합,남,67세,상해없음
2022110200100122,2022년 11월 2일 08시,수요일,대구광역시 북구 읍내동,경상사고,0,0,2,0,차대차 - 추돌,안전운전불이행,건조,맑음,단일로 - 기타,승용,여,25세,기타불명,승용,남,48세,경상
2022110200100165,2022년 11월 2일 09시,수요일,대구광역시 동구 방촌동,경상사고,0,0,1,0,차대차 - 측면충돌,안전운전불이행,건조,맑음,교차로 - 교차로안,승용,여,34세,상해없음,자전거,여,79세,경상
2022110200100166,2022년 11월 2일 09시,수요일,대구광역시 동구 신천동,중상사고,0,1,0,0,차대차 - 측면충돌,교차로운행방법위반,건조,맑음,교차로 - 교차로안,승용,여,53세,상해없음,승용,남,47세,중상
2022110200100167,2022년 11월 2일 09시,수요일,대구광역시 수성구 만촌동,경상사고,0,0,1,0,차대차 - 정면충돌,안전거리미확보,건조,맑음,교차로 - 교차로부근,건설기계,남,74세,상해없음,화물,남,32세,경상
2022110200100168,2022년 11월 2일 09시,수요일,대구광역시 서구 평리동,경상사고,0,0,3,0,차대차 - 정면충돌,직진우회전진행방해,건조,맑음,교차로 - 교차로안,승용,남,42세,경상,승용,남,60세,경상
2022110200100222,2022년 11월 2일 11시,수요일,대구광역시 수성구 만촌동,경상사고,0,0,1,0,차대사람 - 횡단중,안전운전불이행,건조,맑음,교차로 - 교차로안,건설기계,남,64세,상해없음,보행자,남,83세,경상
2022110200100223,2022년 11월 2일 11시,수요일,대구광역시 수성구 지산동,경상사고,0,0,1,0,차대사람 - 기타,안전운전불이행,건조,맑음,단일로 - 기타,승용,남,75세,상해없음,보행자,남,60세,경상
2022110200100246,2022년 11월 2일 12시,수요일,대구광역시 동구 신암동,경상사고,0,0,2,0,차대사람 - 횡단중,안전운전불이행,건조,맑음,단일로 - 기타,승용,남,34세,상해없음,보행자,여,15세,경상
2022110200100247,2022년 11월 2일 12시,수요일,대구광역시 달서구 진천동,중상사고,0,1,0,0,차대사람 - 횡단중,보행자보호의무위반,건조,맑음,교차로 - 교차로안,승용,여,55세,상해없음,보행자,여,79세,중상
2022110200100248,2022년 11월 2일 12시,수요일,대구광역시 서구 내당동,경상사고,0,0,2,0,차대차 - 측면충돌,안전운전불이행,건조,맑음,교차로 - 교차로안,승용,남,71세,상해없음,승용,여,24세,경상
2022110200100249,2022년 11월 2일 12시,수요일,대구광역시 중구 공평동,경상사고,0,0,4,0,차대차 - 측면충돌,안전거리미확보,건조,맑음,단일로 - 기타,이륜,남,29세,상해없음,승용,여,38세,경상
2022110200100273,2022년 11월 2일 13시,수요일,대구광역시 동구 율하동,부상신고사고,0,0,0,1,차량단독 - 공작물충돌,안전운전불이행,건조,맑음,교차로 - 교차로부근,승용,여,58세,부상신고,,,,
2022110200100274,2022년 11월 2일 13시,수요일,대구광역시 달성군 가창면,중상사고,0,1,0,0,차대차 - 측면충돌,안전운전불이행,건조,맑음,교차로 - 교차로부근,승용,여,58세,상해없음,농기계,여,72세,중상
2022110200100310,2022년 11월 2일 14시,수요일,대구광역시 동구 도동,부상신고사고,0,0,0,2,차대차 - 측면충돌,안전운전불이행,건조,맑음,단일로 - 기타,승용,남,28세,부상신고,승용,남,53세,부상신고
2022110200100312,2022년 11월 2일 14시,수요일,대구광역시 수성구 시지동,경상사고,0,0,1,1,차대차 - 추돌,안전운전불이행,건조,맑음,교차로 - 교차로부근,승용,여,30세,부상신고,승용,여,39세,경상
2022110200100313,2022년 11월 2일 14시,수요일,대구광역시 달성군 현풍읍,경상사고,0,0,1,0,차대차 - 정면충돌,안전운전불이행,건조,맑음,기타 - 기타,승용,여,57세,상해없음,자전거,남,77세,경상
2022110200100343,2022년 11월 2일 15시,수요일,대구광역시 동구 효목동,경상사고,0,0,1,0,차대사람 - 차도통행중,안전운전불이행,건조,맑음,단일로 - 지하차도(도로)내,승용,남,48세,상해없음,보행자,남,52세,경상
2022110200100344,2022년 11월 2일 15시,수요일,대구광역시 동구 서호동,경상사고,0,0,1,0,차대차 - 측면충돌,안전운전불이행,건조,맑음,단일로 - 기타,자전거,남,13세,경상,승용,남,42세,상해없음
2022110200100390,2022년 11월 2일 16시,수요일,대구광역시 남구 대명동,경상사고,0,0,1,0,차대차 - 기타,안전운전불이행,건조,맑음,교차로 - 교차로부근,화물,남,24세,상해없음,승용,남,24세,경상
2022110200100391,2022년 11월 2일 16시,수요일,대구광역시 수성구 욱수동,경상사고,0,0,1,0,차대차 - 측면충돌,안전운전불이행,건조,맑음,단일로 - 기타,승용,여,38세,상해없음,승용,여,31세,경상
2022110200100392,2022년 11월 2일 16시,수요일,대구광역시 달서구 월성동,중상사고,0,1,0,0,차량단독 - 기타,안전운전불이행,건조,맑음,교차로 - 교차로부근,승합,남,63세,상해없음,,,,
2022110200100393,2022년 11월 2일 16시,수요일,대구광역시 서구 중리동,경상사고,0,0,1,0,차대차 - 측면충돌,안전운전불이행,건조,맑음,교차로 - 교차로안,화물,남,32세,상해없음,승용,남,62세,경상
2022110200100394,2022년 11월 2일 16시,수요일,대구광역시 서구 내당동,중상사고,0,1,0,0,차대차 - 측면충돌,불법유턴,건조,맑음,단일로 - 기타,자전거,남,73세,중상,승용,남,33세,상해없음
2022110200100395,2022년 11월 2일 16시,수요일,대구광역시 서구 평리동,경상사고,0,0,1,0,차대사람 - 기타,안전운전불이행,건조,맑음,단일로 - 기타,이륜,남,74세,상해없음,보행자,여,17세,경상
2022110200100396,2022년 11월 2일 16시,수요일,대구광역시 중구 동인동3가,중상사고,0,1,0,0,차대차 - 측면충돌,안전운전불이행,건조,맑음,교차로 - 교차로안,화물,남,69세,상해없음,승용,여,61세,중상
2022110200100441,2022년 11월 2일 17시,수요일,대구광역시 달서구 상인동,경상사고,0,0,2,0,차대차 - 기타,교차로운행방법위반,건조,맑음,교차로 - 교차로안,승합,여,38세,상해없음,이륜,남,15세,경상
2022110200100442,2022년 11월 2일 17시,수요일,대구광역시 북구 복현동,경상사고,0,0,1,0,차대차 - 추돌,안전운전불이행,건조,맑음,단일로 - 기타,승용,남,69세,상해없음,화물,남,51세,경상
2022110200100485,2022년 11월 2일 18시,수요일,대구광역시 동구 율하동,중상사고,0,1,0,0,차대차 - 정면충돌,안전운전불이행,건조,맑음,단일로 - 기타,승용,여,35세,상해없음,자전거,남,17세,중상
2022110200100486,2022년 11월 2일 18시,수요일,대구광역시 동구 지저동,경상사고,0,0,6,0,차대차 - 추돌,안전운전불이행,건조,맑음,단일로 - 지하차도(도로)내,승용,남,76세,기타불명,화물,남,57세,경상
2022110200100487,2022년 11월 2일 18시,수요일,대구광역시 동구 용계동,경상사고,0,0,1,0,차대차 - 추돌,안전운전불이행,건조,맑음,단일로 - 지하차도(도로)내,승용,남,47세,상해없음,승용,남,38세,상해없음
2022110200100488,2022년 11월 2일 18시,수요일,대구광역시 달서구 진천동,경상사고,0,0,2,0,차대차 - 기타,신호위반,건조,맑음,교차로 - 교차로안,이륜,남,27세,경상,승용,남,59세,경상
2022110200100489,2022년 11월 2일 18시,수요일,대구광역시 달서구 호림동,중상사고,0,1,0,0,차대차 - 기타,안전운전불이행,건조,맑음,단일로 - 기타,승용,남,29세,상해없음,이륜,남,36세,중상
2022110200100542,2022년 11월 2일 19시,수요일,대구광역시 남구 봉덕동,경상사고,0,0,1,0,차대사람 - 횡단중,안전운전불이행,건조,맑음,교차로 - 교차로부근,승용,남,31세,상해없음,보행자,남,36세,경상
2022110200100543,2022년 11월 2일 19시,수요일,대구광역시 달성군 화원읍,경상사고,0,0,1,0,차대차 - 기타,안전운전불이행,건조,맑음,기타 - 기타,승용,여,41세,상해없음,승용,남,43세,경상
2022110200100544,2022년 11월 2일 19시,수요일,대구광역시 북구 침산동,경상사고,0,0,2,0,차대차 - 측면충돌,안전거리미확보,건조,맑음,단일로 - 기타,승용,남,28세,상해없음,승용,남,25세,경상
2022110200100545,2022년 11월 2일 19시,수요일,대구광역시 북구 팔달동,경상사고,0,0,2,0,차대차 - 측면충돌,안전거리미확보,건조,맑음,단일로 - 기타,승용,남,67세,경상,승용,여,26세,경상
2022110200100563,2022년 11월 2일 20시,수요일,대구광역시 달서구 신당동,경상사고,0,0,3,0,차대차 - 기타,신호위반,건조,맑음,교차로 - 교차로부근,승용,남,54세,상해없음,이륜,남,41세,경상
2022110200100587,2022년 11월 2일 21시,수요일,대구광역시 수성구 황금동,중상사고,0,1,0,0,차대차 - 측면충돌,신호위반,건조,맑음,교차로 - 교차로안,승용,여,52세,상해없음,승용,남,53세,중상
2022110200100617,2022년 11월 2일 23시,수요일,대구광역시 달서구 장기동,부상신고사고,0,0,0,1,차대차 - 측면충돌,안전운전불이행,건조,맑음,단일로 - 기타,자전거,여,58세,부상신고,이륜,남,22세,상해없음
2022110300100076,2022년 11월 3일 07시,목요일,대구광역시 수성구 시지동,경상사고,0,0,1,0,차대차 - 측면충돌,안전거리미확보,건조,맑음,교차로 - 교차로안,승용,여,42세,상해없음,승용,남,36세,경상
2022110300100077,2022년 11월 3일 07시,목요일,대구광역시 달성군 화원읍,경상사고,0,0,1,0,차대차 - 추돌,안전운전불이행,건조,맑음,단일로 - 터널,화물,남,62세,상해없음,승용,남,50세,경상
2022110300100078,2022년 11월 3일 07시,목요일,대구광역시 북구 대현동,경상사고,0,0,1,0,차대차 - 측면충돌,안전운전불이행,건조,맑음,단일로 - 기타,승용,여,34세,상해없음,자전거,여,72세,경상
2022110300100109,2022년 11월 3일 08시,목요일,대구광역시 동구 신암동,경상사고,0,0,1,0,차대사람 - 길가장자리구역통행중,안전운전불이행,건조,맑음,단일로 - 기타,승용,남,20세,기타불명,보행자,남,9세,경상
2022110300100140,2022년 11월 3일 09시,목요일,대구광역시 동구 율하동,경상사고,0,0,2,0,차대차 - 후진중충돌,안전운전불이행,건조,맑음,교차로 - 교차로부근,승용,남,70세,상해없음,화물,남,29세,경상
2022110300100165,2022년 11월 3일 10시,목요일,대구광역시 중구 공평동,중상사고,0,1,0,0,차대사람 - 기타,안전운전불이행,건조,맑음,교차로 - 교차로부근,화물,남,70세,상해없음,보행자,여,72세,중상
2022110300100166,2022년 11월 3일 10시,목요일,대구광역시 달서구 이곡동,경상사고,0,0,1,0,차대사람 - 횡단중,안전운전불이행,건조,맑음,단일로 - 기타,승용,여,56세,상해없음,보행자,남,64세,경상
2022110300100202,2022년 11월 3일 11시,목요일,대구광역시 동구 신서동,경상사고,0,0,1,0,차대사람 - 길가장자리구역통행중,안전운전불이행,건조,맑음,단일로 - 기타,승용,여,62세,상해없음,보행자,여,20세,경상
2022110300100203,2022년 11월 3일 11시,목요일,대구광역시 수성구 범어동,중상사고,0,1,0,0,차대차 - 측면충돌,안전운전불이행,건조,맑음,교차로 - 교차로안,화물,남,62세,상해없음,이륜,남,60세,중상
2022110300100204,2022년 11월 3일 11시,목요일,대구광역시 수성구 범어동,중상사고,0,1,0,0,차대차 - 기타,안전운전불이행,건조,맑음,단일로 - 기타,승용,여,46세,상해없음,이륜,남,42세,중상
2022110300100205,2022년 11월 3일 11시,목요일,대구광역시 북구 산격동,경상사고,0,0,1,0,차대차 - 측면충돌,안전운전불이행,건조,맑음,단일로 - 기타,승용,여,56세,상해없음,승용,남,66세,경상
2022110300100234,2022년 11월 3일 12시,목요일,대구광역시 서구 비산동,경상사고,0,0,1,0,차대차 - 기타,안전운전불이행,건조,맑음,기타 - 기타,승용,남,47세,상해없음,승합,남,38세,경상
2022110300100235,2022년 11월 3일 12시,목요일,대구광역시 중구 봉산동,부상신고사고,0,0,0,1,차대차 - 기타,안전운전불이행,건조,맑음,단일로 - 기타,개인형이동수단(PM),여,26세,부상신고,승용,여,43세,상해없음
2022110300100236,2022년 11월 3일 12시,목요일,대구광역시 북구 동천동,중상사고,0,2,1,0,차대차 - 측면충돌,신호위반,건조,맑음,교차로 - 교차로안,승용,남,77세,상해없음,승용,여,37세,중상
2022110300100262,2022년 11월 3일 13시,목요일,대구광역시 동구 도동,중상사고,0,1,0,0,차대차 - 기타,교차로운행방법위반,건조,맑음,교차로 - 교차로안,승용,남,75세,상해없음,이륜,남,39세,중상
2022110300100263,2022년 11월 3일 13시,목요일,대구광역시 동구 신천동,경상사고,0,0,1,0,차대사람 - 횡단중,보행자보호의무위반,건조,맑음,교차로 - 교차로안,화물,남,38세,기타불명,보행자,여,58세,경상
2022110300100299,2022년 11월 3일 14시,목요일,대구광역시 동구 신천동,경상사고,0,0,1,0,차대사람 - 기타,안전운전불이행,건조,맑음,단일로 - 기타,승용,남,48세,상해없음,보행자,남,26세,경상
2022110300100300,2022년 11월 3일 14시,목요일,대구광역시 수성구 만촌동,중상사고,0,1,1,0,차대차 - 측면충돌,안전운전불이행,건조,맑음,교차로 - 교차로안,승용,남,73세,상해없음,승용,남,24세,중상
2022110300100331,2022년 11월 3일 15시,목요일,대구광역시 북구 복현동,부상신고사고,0,0,0,1,차량단독 - 기타,기타,건조,맑음,단일로 - 기타,승합,남,57세,상해없음,,,,
2022110300100360,2022년 11월 3일 16시,목요일,대구광역시 남구 대명동,경상사고,0,0,2,0,차대차 - 측면충돌,안전운전불이행,건조,맑음,교차로 - 교차로부근,이륜,남,18세,경상,승용,남,30세,경상