사고번호,사고일시,요일,시군구,사고내용,사망자수,중상자수,경상자수,부상신고자수,사고유형,법규위반,노면상태,기상상태,도로형태,가해운전자 차종,가해운전자 성별,가해운전자 연령,가해운전자 상해정도,피해운전자 차종,피해운전자 성별,피해운전자 연령,피해운전자 상해정도
2022110300100361,2022년 11월 3일 16시,목요일,대구광역시 수성구 중동,경상사고,0,0,1,0,차대차 - 기타,신호위반,건조,맑음,단일로 - 기타,승용,남,40세,상해없음,승용,남,70세,경상
2022110300100362,2022년 11월 3일 16시,목요일,대구광역시 중구 화전동,경상사고,0,0,1,0,차대사람 - 보도통행중,기타,건조,맑음,기타 - 기타,이륜,남,66세,상해없음,보행자,여,68세,경상
2022110300100398,2022년 11월 3일 17시,목요일,대구광역시 북구 복현동,경상사고,0,0,3,0,차대차 - 기타,직진우회전진행방해,건조,맑음,교차로 - 교차로안,승합,남,65세,상해없음,승용,남,38세,경상
2022110300100453,2022년 11월 3일 18시,목요일,대구광역시 동구 신암동,경상사고,0,0,4,0,차대차 - 측면충돌,신호위반,건조,맑음,교차로 - 교차로안,승용,남,66세,상해없음,승용,남,64세,경상
2022110300100454,2022년 11월 3일 18시,목요일,대구광역시 동구 효목동,경상사고,0,0,1,0,차대차 - 정면충돌,신호위반,건조,맑음,단일로 - 기타,승용,여,57세,기타불명,이륜,남,22세,경상
2022110300100455,2022년 11월 3일 18시,목요일,대구광역시 서구 내당동,경상사고,0,0,1,0,차대차 - 기타,안전운전불이행,건조,맑음,기타 - 기타,승용,남,53세,상해없음,화물,남,61세,상해없음
2022110300100456,2022년 11월 3일 18시,목요일,대구광역시 달서구 두류동,경상사고,0,0,1,0,차대차 - 추돌,안전운전불이행,건조,맑음,단일로 - 기타,승용,여,37세,상해없음,이륜,남,33세,경상
2022110300100498,2022년 11월 3일 19시,목요일,대구광역시 달서구 이곡동,중상사고,0,2,1,0,차대차 - 기타,신호위반,건조,맑음,교차로 - 교차로안,이륜,남,26세,중상,승용,남,50세,경상
2022110300100522,2022년 11월 3일 20시,목요일,대구광역시 북구 침산동,경상사고,0,0,1,0,차대사람 - 횡단중,안전운전불이행,건조,맑음,교차로 - 교차로부근,승용,남,69세,상해없음,보행자,여,64세,경상
2022110300100575,2022년 11월 3일 23시,목요일,대구광역시 동구 신천동,경상사고,0,0,1,0,차대차 - 측면충돌,안전운전불이행,건조,맑음,교차로 - 교차로안,승용,남,40세,상해없음,승용,남,44세,경상
2022110400100007,2022년 11월 4일 00시,금요일,대구광역시 달서구 신당동,경상사고,0,0,1,0,차대차 - 기타,안전운전불이행,건조,맑음,단일로 - 기타,승용,남,56세,상해없음,승합,남,58세,상해없음
2022110400100018,2022년 11월 4일 01시,금요일,대구광역시 수성구 범어동,경상사고,0,0,2,0,차대차 - 측면충돌,신호위반,건조,맑음,교차로 - 교차로부근,화물,남,51세,상해없음,승용,남,30세,상해없음
2022110400100048,2022년 11월 4일 06시,금요일,대구광역시 서구 비산동,경상사고,0,0,1,0,차대차 - 측면충돌,안전운전불이행,건조,맑음,단일로 - 기타,화물,남,33세,상해없음,승용,여,37세,경상
2022110400100049,2022년 11월 4일 06시,금요일,대구광역시 달서구 두류동,중상사고,0,1,0,0,차대사람 - 횡단중,안전운전불이행,건조,맑음,단일로 - 기타,승용,남,28세,상해없음,보행자,남,76세,중상
2022110400100117,2022년 11월 4일 08시,금요일,대구광역시 수성구 이천동,중상사고,0,1,0,0,차대차 - 측면충돌,안전거리미확보,건조,맑음,단일로 - 기타,승용,남,41세,상해없음,자전거,남,49세,중상
2022110400100118,2022년 11월 4일 08시,금요일,대구광역시 수성구 지산동,경상사고,0,0,1,0,차대차 - 측면충돌,안전운전불이행,건조,맑음,단일로 - 기타,승용,남,60세,상해없음,자전거,여,51세,경상
2022110400100171,2022년 11월 4일 09시,금요일,대구광역시 동구 방촌동,경상사고,0,0,1,1,차대차 - 추돌,안전운전불이행,건조,맑음,단일로 - 기타,화물,남,45세,부상신고,화물,여,25세,경상
2022110400100172,2022년 11월 4일 09시,금요일,대구광역시 달서구 용산동,경상사고,0,0,1,0,차대차 - 기타,기타,건조,맑음,교차로 - 교차로부근,승용,여,30세,상해없음,자전거,남,60세,경상
2022110400100173,2022년 11월 4일 09시,금요일,대구광역시 북구 태전동,경상사고,0,0,1,0,차대차 - 측면충돌,안전운전불이행,건조,맑음,단일로 - 기타,화물,남,69세,상해없음,승용,여,68세,경상
2022110400100214,2022년 11월 4일 10시,금요일,대구광역시 수성구 만촌동,경상사고,0,0,1,0,차대사람 - 보도통행중,기타,건조,맑음,교차로 - 교차로안,이륜,남,44세,상해없음,보행자,남,24세,경상
2022110400100215,2022년 11월 4일 10시,금요일,대구광역시 달서구 상인동,경상사고,0,0,2,0,차대차 - 측면충돌,교차로운행방법위반,건조,맑음,교차로 - 교차로안,승용,남,63세,상해없음,승용,여,41세,경상
2022110400100251,2022년 11월 4일 11시,금요일,대구광역시 동구 지묘동,중상사고,0,1,0,0,차대차 - 측면충돌,안전거리미확보,건조,맑음,단일로 - 지하차도(도로)내,승용,여,73세,기타불명,승용,남,61세,중상
2022110400100252,2022년 11월 4일 11시,금요일,대구광역시 달서구 상인동,부상신고사고,0,0,0,2,차대차 - 측면충돌,신호위반,건조,맑음,교차로 - 교차로안,화물,남,67세,상해없음,승용,남,32세,부상신고
2022110400100253,2022년 11월 4일 11시,금요일,대구광역시 달서구 이곡동,경상사고,0,0,1,0,차대차 - 측면충돌,안전운전불이행,건조,맑음,교차로 - 교차로안,승용,남,83세,상해없음,승용,여,61세,경상
2022110400100286,2022년 11월 4일 12시,금요일,대구광역시 남구 봉덕동,경상사고,0,0,3,0,차대차 - 추돌,안전거리미확보,건조,맑음,단일로 - 고가도로위,승용,남,30세,상해없음,승용,남,38세,경상
2022110400100287,2022년 11월 4일 12시,금요일,대구광역시 수성구 시지동,경상사고,0,0,1,0,차대차 - 측면충돌,안전운전불이행,건조,맑음,교차로 - 교차로부근,승용,남,81세,상해없음,승용,여,43세,경상
2022110400100335,2022년 11월 4일 13시,금요일,대구광역시 북구 침산동,부상신고사고,0,0,0,1,차대차 - 측면충돌,교차로운행방법위반,건조,맑음,교차로 - 교차로부근,이륜,남,68세,부상신고,승용,남,50세,상해없음
2022110400100372,2022년 11월 4일 14시,금요일,대구광역시 중구 공평동,경상사고,0,0,1,0,차대사람 - 길가장자리구역통행중,안전운전불이행,건조,맑음,단일로 - 기타,승용,여,39세,상해없음,보행자,여,19세,경상
2022110400100373,2022년 11월 4일 14시,금요일,대구광역시 달서구 장기동,경상사고,0,0,1,0,차대사람 - 횡단중,안전운전불이행,건조,맑음,단일로 - 기타,승용,여,51세,상해없음,보행자,여,15세,경상
2022110400100419,2022년 11월 4일 15시,금요일,대구광역시 동구 효목동,경상사고,0,0,1,0,차대차 - 측면충돌,안전거리미확보,건조,맑음,단일로 - 기타,승용,남,26세,상해없음,승용,여,59세,경상
2022110400100463,2022년 11월 4일 16시,금요일,대구광역시 동구 효목동,경상사고,0,0,1,0,차대차 - 측면충돌,기타,건조,맑음,교차로 - 교차로안,승용,여,55세,상해없음,이륜,남,43세,경상
2022110400100464,2022년 11월 4일 16시,금요일,대구광역시 달서구 감삼동,중상사고,0,1,0,0,차대사람 - 횡단중,보행자보호의무위반,건조,맑음,단일로 - 기타,승용,여,34세,상해없음,보행자,남,59세,중상
2022110400100518,2022년 11월 4일 17시,금요일,대구광역시 동구 검사동,경상사고,0,0,1,0,차대사람 - 횡단중,안전운전불이행,건조,맑음,단일로 - 기타,승용,여,29세,상해없음,보행자,남,71세,경상
2022110400100519,2022년 11월 4일 17시,금요일,대구광역시 수성구 신매동,중상사고,0,1,0,0,차대사람 - 횡단중,보행자보호의무위반,건조,맑음,단일로 - 기타,승용,남,62세,상해없음,보행자,여,28세,중상
2022110400100520,2022년 11월 4일 17시,금요일,대구광역시 서구 이현동,경상사고,0,0,1,1,차대차 - 추돌,안전거리미확보,건조,맑음,교차로 - 교차로부근,승용,여,28세,상해없음,화물,남,27세,경상
2022110400100595,2022년 11월 4일 18시,금요일,대구광역시 북구 팔달동,경상사고,0,0,1,0,차대차 - 추돌,안전운전불이행,건조,맑음,단일로 - 기타,승용,여,49세,상해없음,승용,남,33세,경상
2022110400100602,2022년 11월 4일 18시,금요일,대구광역시 수성구 시지동,경상사고,0,0,1,0,차대차 - 기타,안전운전불이행,건조,맑음,교차로 - 교차로안,승용,남,72세,상해없음,승용,남,23세,경상
2022110400100603,2022년 11월 4일 18시,금요일,대구광역시 달서구 월성동,경상사고,0,0,2,0,차대차 - 측면충돌,안전운전불이행,건조,맑음,교차로 - 교차로안,승용,남,60세,경상,승용,여,49세,경상
2022110400100604,2022년 11월 4일 18시,금요일,대구광역시 북구 산격동,경상사고,0,0,1,0,차대차 - 기타,안전운전불이행,건조,맑음,단일로 - 기타,승용,남,38세,기타불명,승용,남,32세,경상
2022110400100649,2022년 11월 4일 19시,금요일,대구광역시 동구 효목동,경상사고,0,0,1,0,차대차 - 측면충돌,안전거리미확보,건조,맑음,단일로 - 기타,승용,여,25세,상해없음,승용,남,81세,경상
2022110400100650,2022년 11월 4일 19시,금요일,대구광역시 동구 율하동,부상신고사고,0,0,0,1,차대차 - 측면충돌,안전운전불이행,건조,맑음,단일로 - 기타,이륜,남,22세,부상신고,승용,남,31세,상해없음
2022110400100651,2022년 11월 4일 19시,금요일,대구광역시 달서구 용산동,경상사고,0,0,1,0,차대차 - 추돌,안전운전불이행,건조,맑음,단일로 - 기타,승용,여,57세,상해없음,승용,남,45세,경상
2022110400100652,2022년 11월 4일 19시,금요일,대구광역시 북구 서변동,경상사고,0,0,1,0,차대사람 - 보도통행중,보행자보호의무위반,건조,맑음,교차로 - 교차로횡단보도내,승용,남,50세,상해없음,보행자,남,67세,경상
2022110400100653,2022년 11월 4일 19시,금요일,대구광역시 북구 동천동,경상사고,0,0,1,0,차대사람 - 횡단중,신호위반,건조,맑음,교차로 - 교차로횡단보도내,이륜,남,24세,상해없음,보행자,남,6세,경상
2022110400100722,2022년 11월 4일 21시,금요일,대구광역시 남구 봉덕동,경상사고,0,0,1,0,차대차 - 측면충돌,불법유턴,건조,맑음,단일로 - 지하차도(도로)내,승용,남,64세,상해없음,이륜,남,55세,경상
2022110400100723,2022년 11월 4일 21시,금요일,대구광역시 수성구 두산동,경상사고,0,0,1,0,차대차 - 기타,안전운전불이행,건조,맑음,교차로 - 교차로부근,승용,남,69세,상해없음,이륜,남,28세,경상
2022110400100724,2022년 11월 4일 21시,금요일,대구광역시 달서구 상인동,경상사고,0,0,1,0,차대차 - 기타,교차로운행방법위반,건조,맑음,교차로 - 교차로부근,승용,남,60세,상해없음,자전거,남,29세,경상
2022110400100741,2022년 11월 4일 22시,금요일,대구광역시 동구 신천동,경상사고,0,0,1,0,차대차 - 추돌,안전운전불이행,건조,맑음,교차로 - 교차로부근,승용,남,27세,상해없음,승용,남,34세,경상
2022110400100757,2022년 11월 4일 23시,금요일,대구광역시 달서구 신당동,경상사고,0,0,2,0,차대차 - 추돌,안전운전불이행,건조,맑음,교차로 - 교차로부근,승용,남,49세,상해없음,승용,남,63세,경상
2022110500100029,2022년 11월 5일 02시,토요일,대구광역시 달서구 송현동,경상사고,0,0,1,0,차량단독 - 공작물충돌,안전운전불이행,건조,맑음,교차로 - 교차로안,승용,남,36세,경상,,,,
2022110500100053,2022년 11월 5일 06시,토요일,대구광역시 수성구 수성동1가,경상사고,0,0,1,0,차대사람 - 횡단중,안전운전불이행,건조,맑음,단일로 - 기타,승용,여,39세,상해없음,보행자,여,40세,경상
2022110500100116,2022년 11월 5일 09시,토요일,대구광역시 동구 신암동,중상사고,0,1,0,0,차대사람 - 기타,안전운전불이행,건조,맑음,단일로 - 기타,승용,남,34세,상해없음,보행자,여,70세,중상
2022110500100117,2022년 11월 5일 09시,토요일,대구광역시 북구 침산동,경상사고,0,0,1,0,차대차 - 기타,안전운전불이행,건조,맑음,단일로 - 기타,승용,여,29세,상해없음,자전거,남,46세,경상
2022110500100118,2022년 11월 5일 09시,토요일,대구광역시 중구 남산동,경상사고,0,0,1,2,차대차 - 기타,차로위반,건조,맑음,단일로 - 기타,화물,남,53세,상해없음,승합,남,61세,상해없음
2022110500100119,2022년 11월 5일 09시,토요일,대구광역시 북구 구암동,경상사고,0,0,2,0,차대차 - 측면충돌,안전운전불이행,건조,맑음,교차로 - 교차로안,승용,여,51세,경상,승용,여,48세,경상
2022110500100155,2022년 11월 5일 10시,토요일,대구광역시 동구 신천동,경상사고,0,0,4,0,차대차 - 측면충돌,안전거리미확보,건조,맑음,단일로 - 기타,승용,남,66세,경상,승용,남,37세,경상
2022110500100156,2022년 11월 5일 10시,토요일,대구광역시 동구 동호동,경상사고,0,0,1,0,차대차 - 측면충돌,신호위반,건조,맑음,단일로 - 교량,승용,남,30세,상해없음,승용,남,41세,경상
2022110500100157,2022년 11월 5일 10시,토요일,대구광역시 수성구 신매동,경상사고,0,0,1,0,차대차 - 기타,안전운전불이행,건조,맑음,단일로 - 기타,승용,남,59세,상해없음,자전거,여,23세,경상
2022110500100190,2022년 11월 5일 11시,토요일,대구광역시 동구 신천동,중상사고,0,1,0,0,차대사람 - 기타,기타,건조,맑음,단일로 - 기타,승용,여,48세,상해없음,보행자,여,77세,중상
2022110500100191,2022년 11월 5일 11시,토요일,대구광역시 수성구 범어동,경상사고,0,0,1,0,차량단독 - 공작물충돌,안전운전불이행,건조,맑음,단일로 - 지하차도(도로)내,이륜,남,34세,경상,,,,
2022110500100193,2022년 11월 5일 11시,토요일,대구광역시 수성구 지산동,경상사고,0,0,1,0,차대사람 - 횡단중,보행자보호의무위반,건조,맑음,단일로 - 기타,승용,남,44세,기타불명,보행자,여,37세,경상
2022110500100230,2022년 11월 5일 12시,토요일,대구광역시 북구 산격동,경상사고,0,0,2,0,차대차 - 기타,교차로운행방법위반,건조,맑음,단일로 - 기타,승용,여,36세,상해없음,이륜,남,22세,경상
2022110500100231,2022년 11월 5일 12시,토요일,대구광역시 중구 수동,경상사고,0,0,1,0,차대차 - 추돌,안전거리미확보,건조,맑음,단일로 - 기타,승용,남,31세,상해없음,승용,남,51세,경상
2022110500100282,2022년 11월 5일 13시,토요일,대구광역시 동구 괴전동,경상사고,0,0,1,0,차대차 - 추돌,안전거리미확보,건조,맑음,단일로 - 기타,승용,남,22세,상해없음,승용,여,52세,경상
2022110500100283,2022년 11월 5일 13시,토요일,대구광역시 동구 신천동,중상사고,0,1,0,0,차대차 - 측면충돌,안전거리미확보,건조,맑음,단일로 - 기타,승용,남,57세,상해없음,승용,남,54세,상해없음
2022110500100284,2022년 11월 5일 13시,토요일,대구광역시 수성구 황금동,경상사고,0,0,1,0,차대차 - 추돌,교차로운행방법위반,건조,맑음,교차로 - 교차로부근,화물,남,63세,기타불명,승용,남,36세,경상
2022110500100285,2022년 11월 5일 13시,토요일,대구광역시 수성구 두산동,경상사고,0,0,1,0,차대차 - 측면충돌,직진우회전진행방해,건조,맑음,교차로 - 교차로안,승용,남,74세,상해없음,승용,남,52세,경상
2022110500100336,2022년 11월 5일 14시,토요일,대구광역시 동구 서호동,중상사고,0,1,0,0,차대차 - 추돌,안전운전불이행,건조,맑음,단일로 - 기타,승용,여,55세,상해없음,사륜오토바이(ATV),남,70세,중상
2022110500100337,2022년 11월 5일 14시,토요일,대구광역시 달성군 구지면,중상사고,0,1,0,0,차량단독 - 공작물충돌,안전운전불이행,건조,맑음,단일로 - 기타,이륜,남,32세,중상,,,,
2022110500100338,2022년 11월 5일 14시,토요일,대구광역시 달서구 성당동,경상사고,0,0,1,0,차대차 - 측면충돌,안전운전불이행,건조,맑음,단일로 - 기타,승용,여,55세,상해없음,이륜,남,29세,경상
2022110500100339,2022년 11월 5일 14시,토요일,대구광역시 북구 팔달동,경상사고,0,0,2,0,차대차 - 측면충돌,안전거리미확보,건조,맑음,미분류 - 미분류,승용,여,61세,경상,이륜,남,44세,경상
2022110500100340,2022년 11월 5일 14시,토요일,대구광역시 북구 관음동,경상사고,0,0,4,0,차대차 - 측면충돌,교차로운행방법위반,건조,맑음,교차로 - 교차로안,승용,여,60세,경상,승용,남,83세,경상
2022110500100381,2022년 11월 5일 15시,토요일,대구광역시 북구 태전동,경상사고,0,0,1,0,차대차 - 측면충돌,교차로운행방법위반,건조,맑음,교차로 - 교차로안,승용,남,25세,상해없음,승용,남,38세,경상
2022110500100426,2022년 11월 5일 16시,토요일,대구광역시 남구 이천동,경상사고,0,0,1,0,차대사람 - 기타,안전운전불이행,건조,맑음,단일로 - 기타,이륜,남,24세,상해없음,보행자,남,24세,경상
2022110500100427,2022년 11월 5일 16시,토요일,대구광역시 동구 율하동,중상사고,0,1,0,0,차대차 - 측면충돌,안전운전불이행,건조,맑음,단일로 - 기타,승용,남,30세,상해없음,자전거,남,79세,중상
2022110500100428,2022년 11월 5일 16시,토요일,대구광역시 수성구 상동,부상신고사고,0,0,0,1,차대사람 - 기타,안전운전불이행,기타,기타,기타 - 기타,승용,여,66세,기타불명,보행자,여,8세,부상신고
2022110500100429,2022년 11월 5일 16시,토요일,대구광역시 중구 남산동,부상신고사고,0,0,0,1,차량단독 - 기타,안전운전불이행,건조,맑음,단일로 - 기타,승용,남,65세,상해없음,,,,
2022110500100430,2022년 11월 5일 16시,토요일,대구광역시 중구 삼덕동2가,부상신고사고,0,0,0,1,차대차 - 기타,안전운전불이행,건조,맑음,단일로 - 기타,기타불명,기타불명,미분류,기타불명,자전거,남,20세,부상신고
2022110500100431,2022년 11월 5일 16시,토요일,대구광역시 북구 서변동,경상사고,0,0,3,0,차대차 - 측면충돌,안전운전불이행,건조,맑음,교차로 - 교차로부근,승용,여,26세,경상,승용,여,68세,경상
2022110500100470,2022년 11월 5일 17시,토요일,대구광역시 남구 대명동,중상사고,0,1,0,0,차대차 - 측면충돌,안전운전불이행,건조,맑음,단일로 - 기타,승용,남,30세,상해없음,자전거,여,77세,중상
2022110500100471,2022년 11월 5일 17시,토요일,대구광역시 달성군 유가읍,경상사고,0,0,1,0,차대차 - 후진중충돌,안전운전불이행,건조,맑음,단일로 - 기타,승용,여,26세,상해없음,이륜,남,22세,경상
2022110500100472,2022년 11월 5일 17시,토요일,대구광역시 북구 노원동2가,경상사고,0,0,1,0,차대사람 - 기타,안전운전불이행,건조,맑음,교차로 - 교차로안,승용,남,60세,기타불명,보행자,여,65세,경상
2022110500100518,2022년 11월 5일 18시,토요일,대구광역시 수성구 만촌동,경상사고,0,0,1,0,차대차 - 정면충돌,신호위반,건조,맑음,교차로 - 교차로안,이륜,남,30세,경상,승용,남,43세,상해없음
2022110500100519,2022년 11월 5일 18시,토요일,대구광역시 달서구 송현동,중상사고,0,1,0,0,차대사람 - 횡단중,보행자보호의무위반,건조,맑음,교차로 - 교차로부근,승합,남,56세,상해없음,보행자,남,71세,중상
2022110500100520,2022년 11월 5일 18시,토요일,대구광역시 북구 산격동,경상사고,0,0,1,0,차대차 - 추돌,안전거리미확보,건조,맑음,단일로 - 기타,승용,남,76세,상해없음,이륜,남,34세,경상
2022110500100561,2022년 11월 5일 19시,토요일,대구광역시 달서구 용산동,경상사고,0,0,2,1,차대차 - 기타,신호위반,건조,맑음,교차로 - 교차로부근,승용,남,20세,부상신고,승용,남,30세,경상
2022110500100583,2022년 11월 5일 20시,토요일,대구광역시 수성구 수성동4가,중상사고,0,1,0,0,차대차 - 측면충돌,안전거리미확보,건조,맑음,단일로 - 기타,승용,남,67세,상해없음,이륜,남,27세,중상
2022110500100585,2022년 11월 5일 20시,토요일,대구광역시 북구 산격동,경상사고,0,0,2,0,차대차 - 측면충돌,안전운전불이행,건조,맑음,단일로 - 기타,승용,여,54세,경상,승용,남,23세,경상
2022110500100607,2022년 11월 5일 21시,토요일,대구광역시 서구 평리동,경상사고,0,0,3,0,차대차 - 측면충돌,직진우회전진행방해,건조,맑음,교차로 - 교차로안,승용,남,24세,경상,승용,남,67세,경상
2022110500100625,2022년 11월 5일 22시,토요일,대구광역시 수성구 중동,중상사고,0,1,0,0,차대사람 - 차도통행중,안전운전불이행,건조,맑음,단일로 - 기타,승용,여,55세,상해없음,보행자,남,65세,중상
2022110600100011,2022년 11월 6일 00시,일요일,대구광역시 수성구 수성동4가,부상신고사고,0,0,0,1,차대차 - 추돌,안전운전불이행,건조,맑음,교차로 - 교차로부근,승용,남,31세,상해없음,승용,남,72세,부상신고
2022110600100025,2022년 11월 6일 01시,일요일,대구광역시 북구 동천동,경상사고,0,0,1,0,차대차 - 측면충돌,교차로운행방법위반,건조,맑음,교차로 - 교차로안,이륜,남,23세,상해없음,이륜,남,38세,경상
2022110600100052,2022년 11월 6일 04시,일요일,대구광역시 수성구 만촌동,중상사고,0,1,0,0,차대사람 - 횡단중,안전운전불이행,건조,맑음,단일로 - 기타,승용,남,49세,상해없음,보행자,남,63세,중상
2022110600100061,2022년 11월 6일 05시,일요일,대구광역시 북구 학정동,부상신고사고,0,0,0,1,차대차 - 추돌,안전운전불이행,건조,맑음,단일로 - 지하차도(도로)내,승용,남,32세,부상신고,화물,남,57세,기타불명
2022110600100101,2022년 11월 6일 08시,일요일,대구광역시 북구 산격동,경상사고,0,0,1,0,차대차 - 측면충돌,차로위반,건조,맑음,단일로 - 기타,승용,남,69세,상해없음,승용,남,68세,경상
2022110600100102,2022년 11월 6일 08시,일요일,대구광역시 서구 비산동,중상사고,0,1,1,0,차대차 - 측면충돌,안전거리미확보,건조,맑음,단일로 - 기타,이륜,남,62세,경상,승용,남,62세,상해없음
2022110600100103,2022년 11월 6일 08시,일요일,대구광역시 북구 태전동,경상사고,0,0,1,0,차대차 - 측면충돌,안전거리미확보,건조,맑음,교차로 - 교차로부근,화물,남,56세,상해없음,승합,남,67세,상해없음
2022110600100112,2022년 11월 6일 09시,일요일,대구광역시 달서구 두류동,경상사고,0,0,2,1,차대차 - 측면충돌,안전거리미확보,건조,맑음,단일로 - 기타,승용,남,33세,상해없음,승용,남,36세,경상
2022110600100136,2022년 11월 6일 10시,일요일,대구광역시 서구 비산동,부상신고사고,0,0,0,1,차대차 - 측면충돌,직진우회전진행방해,건조,맑음,교차로 - 교차로안,자전거,남,12세,부상신고,승용,남,53세,상해없음
2022110600100137,2022년 11월 6일 10시,일요일,대구광역시 북구 동천동,경상사고,0,0,1,0,차대차 - 측면충돌,중앙선침범,건조,맑음,단일로 - 기타,승용,남,45세,상해없음,이륜,남,25세,경상
2022110600100232,2022년 11월 6일 13시,일요일,대구광역시 수성구 지산동,경상사고,0,0,1,0,차대차 - 측면충돌,안전운전불이행,건조,맑음,교차로 - 교차로안,승용,남,50세,상해없음,이륜,남,60세,경상
2022110600100233,2022년 11월 6일 13시,일요일,대구광역시 북구 동천동,경상사고,0,0,1,0,차대차 - 측면충돌,교차로운행방법위반,건조,맑음,단일로 - 기타,승용,여,46세,상해없음,화물,남,49세,경상
2022110600100279,2022년 11월 6일 14시,일요일,대구광역시 동구 불로동,경상사고,0,0,1,0,차대차 - 측면충돌,안전거리미확보,건조,맑음,교차로 - 교차로부근,승용,여,54세,상해없음,승용,남,24세,경상
2022110600100306,2022년 11월 6일 15시,일요일,대구광역시 서구 내당동,부상신고사고,0,0,0,1,차대차 - 측면충돌,신호위반,건조,맑음,교차로 - 교차로안,이륜,남,68세,부상신고,승용,남,71세,상해없음
2022110600100307,2022년 11월 6일 15시,일요일,대구광역시 중구 공평동,경상사고,0,0,1,0,차대사람 - 기타,안전운전불이행,건조,맑음,단일로 - 기타,승용,남,19세,상해없음,보행자,남,19세,경상
2022110600100343,2022년 11월 6일 16시,일요일,대구광역시 수성구 수성동2가,부상신고사고,0,0,0,1,차대사람 - 기타,안전운전불이행,건조,맑음,단일로 - 기타,승용,남,60세,기타불명,보행자,여,11세,부상신고
2022110600100344,2022년 11월 6일 16시,일요일,대구광역시 달성군 다사읍,중상사고,0,1,0,0,차대차 - 기타,안전운전불이행,건조,맑음,단일로 - 기타,자전거,남,13세,상해없음,자전거,남,33세,중상
2022110600100371,2022년 11월 6일 17시,일요일,대구광역시 달서구 장기동,경상사고,0,0,1,0,차대사람 - 기타,기타,건조,맑음,단일로 - 기타,원동기,남,43세,상해없음,보행자,여,55세,경상
2022110600100415,2022년 11월 6일 18시,일요일,대구광역시 달서구 용산동,경상사고,0,0,1,0,차대사람 - 기타,안전운전불이행,건조,맑음,주차장 - 주차장,승용,여,72세,상해없음,보행자,남,51세,경상
2022110600100453,2022년 11월 6일 19시,일요일,대구광역시 남구 대명동,중상사고,0,1,0,0,차대차 - 기타,신호위반,건조,맑음,교차로 - 교차로안,화물,남,72세,상해없음,승용,남,70세,중상
2022110600100454,2022년 11월 6일 19시,일요일,대구광역시 수성구 범어동,경상사고,0,0,1,0,차대차 - 추돌,안전운전불이행,건조,맑음,교차로 - 교차로안,승용,남,53세,상해없음,승용,여,52세,경상
2022110600100478,2022년 11월 6일 20시,일요일,대구광역시 달서구 진천동,경상사고,0,0,1,0,차대사람 - 횡단중,보행자보호의무위반,건조,흐림,교차로 - 교차로횡단보도내,승용,남,26세,상해없음,보행자,여,40세,경상
2022110600100479,2022년 11월 6일 20시,일요일,대구광역시 달서구 용산동,경상사고,0,0,1,0,차대사람 - 횡단중,신호위반,건조,맑음,교차로 - 교차로부근,승용,남,77세,상해없음,보행자,여,26세,경상
2022110600100496,2022년 11월 6일 21시,일요일,대구광역시 동구 용계동,경상사고,0,0,1,0,차대차 - 측면충돌,안전운전불이행,건조,맑음,교차로 - 교차로부근,승합,남,68세,상해없음,승용,여,64세,경상
2022110600100515,2022년 11월 6일 23시,일요일,대구광역시 달성군 화원읍,경상사고,0,0,1,0,차대차 - 추돌,안전운전불이행,건조,맑음,단일로 - 기타,승용,남,30세,상해없음,승용,남,56세,경상
2022110700100004,2022년 11월 7일 00시,월요일,대구광역시 서구 내당동,부상신고사고,0,0,0,1,차대사람 - 기타,안전운전불이행,건조,맑음,교차로 - 교차로부근,승용,남,59세,상해없음,보행자,여,26세,부상신고
2022110700100109,2022년 11월 7일 08시,월요일,대구광역시 수성구 시지동,경상사고,0,0,2,0,차대차 - 기타,안전운전불이행,건조,맑음,교차로 - 교차로부근,화물,남,25세,상해없음,승용,남,52세,경상
2022110700100110,2022년 11월 7일 08시,월요일,대구광역시 달서구 월성동,중상사고,0,1,0,0,차대사람 - 횡단중,안전운전불이행,건조,맑음,단일로 - 기타,승용,남,28세,상해없음,보행자,여,15세,중상
2022110700100111,2022년 11월 7일 08시,월요일,대구광역시 달성군 현풍읍,경상사고,0,0,1,0,차대차 - 기타,안전운전불이행,건조,맑음,단일로 - 기타,승용,남,36세,기타불명,승용,남,28세,경상
2022110700100156,2022년 11월 7일 09시,월요일,대구광역시 수성구 지산동,중상사고,0,1,0,0,차대사람 - 횡단중,기타,건조,맑음,기타 - 기타,승용,여,43세,상해없음,보행자,여,60세,중상
2022110700100198,2022년 11월 7일 10시,월요일,대구광역시 동구 율암동,부상신고사고,0,0,0,1,차대차 - 측면충돌,안전운전불이행,건조,맑음,단일로 - 기타,화물,남,54세,상해없음,원동기,남,53세,부상신고
2022110700100199,2022년 11월 7일 10시,월요일,대구광역시 수성구 범어동,경상사고,0,0,1,0,차량단독 - 기타,안전운전불이행,건조,맑음,단일로 - 기타,승합,남,43세,상해없음,,,,
2022110700100200,2022년 11월 7일 10시,월요일,대구광역시 북구 고성동2가,중상사고,0,1,0,0,차대차 - 측면충돌,안전운전불이행,건조,맑음,교차로 - 교차로부근,건설기계,남,63세,상해없음,승용,남,45세,중상