사고번호,사고일시,요일,시군구,사고내용,사망자수,중상자수,경상자수,부상신고자수,사고유형,법규위반,노면상태,기상상태,도로형태,가해운전자 차종,가해운전자 성별,가해운전자 연령,가해운전자 상해정도,피해운전자 차종,피해운전자 성별,피해운전자 연령,피해운전자 상해정도
2022112000100216,2022년 11월 20일 14시,일요일,대구광역시 수성구 시지동,경상사고,0,0,4,0,차대차 - 추돌,안전운전불이행,건조,맑음,단일로 - 기타,승용,남,59세,상해없음,승용,여,39세,경상
2022112000100217,2022년 11월 20일 14시,일요일,대구광역시 달성군 다사읍,중상사고,0,1,1,0,차대사람 - 기타,안전운전불이행,건조,맑음,단일로 - 기타,자전거,여,42세,중상,보행자,여,24세,경상
2022112000100270,2022년 11월 20일 16시,일요일,대구광역시 달서구 죽전동,중상사고,0,1,0,0,차대차 - 기타,기타,건조,맑음,교차로 - 교차로안,승용,여,54세,상해없음,이륜,남,27세,중상
2022112000100349,2022년 11월 20일 18시,일요일,대구광역시 중구 동인동1가,경상사고,0,0,2,0,차대차 - 측면충돌,안전거리미확보,건조,맑음,단일로 - 기타,승용,여,26세,상해없음,승용,여,56세,경상
2022112000100376,2022년 11월 20일 19시,일요일,대구광역시 달성군 유가읍,중상사고,0,1,0,0,차대차 - 기타,안전운전불이행,건조,맑음,단일로 - 기타,이륜,남,39세,중상,승용,남,25세,상해없음
2022112000100377,2022년 11월 20일 19시,일요일,대구광역시 달서구 감삼동,경상사고,0,0,2,0,차대차 - 추돌,안전운전불이행,건조,맑음,단일로 - 기타,승용,남,62세,상해없음,승용,여,52세,경상
2022112000100405,2022년 11월 20일 20시,일요일,대구광역시 북구 서변동,경상사고,0,0,2,2,차대차 - 추돌,안전운전불이행,건조,맑음,단일로 - 기타,승용,남,57세,상해없음,승용,여,39세,경상
2022112000100409,2022년 11월 20일 20시,일요일,대구광역시 동구 신서동,경상사고,0,0,1,0,차대사람 - 보도통행중,보행자보호의무위반,건조,맑음,단일로 - 기타,승용,남,64세,상해없음,보행자,남,33세,경상
2022112000100410,2022년 11월 20일 20시,일요일,대구광역시 동구 신서동,경상사고,0,0,1,0,차대사람 - 보도통행중,보행자보호의무위반,건조,맑음,교차로 - 교차로횡단보도내,승용,남,56세,상해없음,보행자,여,28세,경상
2022112000100411,2022년 11월 20일 20시,일요일,대구광역시 달성군 다사읍,중상사고,0,1,0,0,차대차 - 기타,신호위반,건조,맑음,교차로 - 교차로안,화물,남,58세,상해없음,승용,여,69세,중상
2022112000100428,2022년 11월 20일 21시,일요일,대구광역시 달서구 용산동,중상사고,0,1,0,0,차대차 - 측면충돌,신호위반,건조,맑음,교차로 - 교차로안,이륜,남,26세,중상,승합,남,48세,상해없음
2022112000100435,2022년 11월 20일 22시,일요일,대구광역시 수성구 수성동4가,부상신고사고,0,0,0,1,차대차 - 후진중충돌,안전운전불이행,건조,맑음,교차로 - 교차로안,승용,남,30세,상해없음,승용,남,73세,부상신고
2022112100100017,2022년 11월 21일 03시,월요일,대구광역시 북구 칠성동2가,중상사고,0,1,0,0,차대사람 - 기타,안전운전불이행,건조,맑음,단일로 - 기타,승합,남,24세,상해없음,보행자,남,53세,중상
2022112100100038,2022년 11월 21일 06시,월요일,대구광역시 서구 비산동,중상사고,0,1,0,0,차대차 - 기타,안전운전불이행,건조,맑음,교차로 - 교차로안,화물,남,51세,상해없음,자전거,여,79세,중상
2022112100100065,2022년 11월 21일 07시,월요일,대구광역시 달서구 송현동,경상사고,0,0,1,0,차대차 - 측면충돌,차로위반,건조,맑음,단일로 - 기타,이륜,남,81세,경상,승용,여,45세,상해없음
2022112100100066,2022년 11월 21일 07시,월요일,대구광역시 서구 비산동,경상사고,0,0,3,0,차대차 - 측면충돌,교차로운행방법위반,건조,맑음,교차로 - 교차로안,승용,남,47세,경상,승용,남,65세,경상
2022112100100067,2022년 11월 21일 07시,월요일,대구광역시 서구 내당동,경상사고,0,0,1,0,차대차 - 기타,교차로운행방법위반,건조,맑음,교차로 - 교차로안,승용,남,56세,상해없음,이륜,남,31세,경상
2022112100100068,2022년 11월 21일 07시,월요일,대구광역시 달서구 본리동,경상사고,0,0,1,0,차대차 - 측면충돌,안전운전불이행,건조,맑음,교차로 - 교차로횡단보도내,승용,남,55세,기타불명,자전거,남,51세,경상
2022112100100110,2022년 11월 21일 08시,월요일,대구광역시 동구 각산동,경상사고,0,0,3,0,차대차 - 측면충돌,안전운전불이행,건조,맑음,교차로 - 교차로안,승용,여,48세,기타불명,승용,여,39세,경상
2022112100100111,2022년 11월 21일 08시,월요일,대구광역시 수성구 상동,경상사고,0,0,1,0,차대차 - 기타,안전운전불이행,건조,맑음,교차로 - 교차로안,화물,남,58세,상해없음,이륜,남,39세,경상
2022112100100112,2022년 11월 21일 08시,월요일,대구광역시 중구 동인동3가,중상사고,0,1,0,0,차대사람 - 기타,보행자보호의무위반,건조,맑음,교차로 - 교차로횡단보도내,승용,남,43세,상해없음,보행자,여,73세,중상
2022112100100145,2022년 11월 21일 09시,월요일,대구광역시 남구 대명동,경상사고,0,0,1,0,차대차 - 기타,안전운전불이행,건조,맑음,단일로 - 기타,화물,남,60세,상해없음,이륜,남,40세,경상
2022112100100146,2022년 11월 21일 09시,월요일,대구광역시 수성구 만촌동,부상신고사고,0,0,0,1,차대사람 - 기타,안전운전불이행,건조,맑음,단일로 - 기타,승합,남,61세,상해없음,보행자,여,42세,부상신고
2022112100100147,2022년 11월 21일 09시,월요일,대구광역시 달서구 장동,경상사고,0,0,5,0,차대차 - 측면충돌,안전거리미확보,건조,맑음,단일로 - 기타,화물,남,65세,상해없음,화물,남,53세,경상
2022112100100176,2022년 11월 21일 10시,월요일,대구광역시 북구 노원동3가,경상사고,0,0,1,0,차대차 - 추돌,안전운전불이행,건조,맑음,교차로 - 교차로부근,승용,남,78세,기타불명,화물,남,48세,경상
2022112100100210,2022년 11월 21일 11시,월요일,대구광역시 수성구 지산동,부상신고사고,0,0,0,1,차대차 - 추돌,안전운전불이행,건조,맑음,단일로 - 기타,이륜,남,36세,부상신고,승용,남,58세,상해없음
2022112100100211,2022년 11월 21일 11시,월요일,대구광역시 달서구 죽전동,경상사고,0,0,1,0,차대사람 - 기타,보행자보호의무위반,젖음/습기,맑음,교차로 - 교차로횡단보도내,승용,여,61세,상해없음,보행자,여,83세,경상
2022112100100250,2022년 11월 21일 12시,월요일,대구광역시 북구 침산동,중상사고,0,1,1,0,차대차 - 측면충돌,신호위반,건조,맑음,교차로 - 교차로안,승용,여,45세,상해없음,승용,남,72세,경상
2022112100100251,2022년 11월 21일 12시,월요일,대구광역시 서구 평리동,경상사고,0,0,1,0,차대사람 - 보도통행중,기타,건조,맑음,주차장 - 주차장,승용,여,58세,상해없음,보행자,남,60세,경상
2022112100100286,2022년 11월 21일 14시,월요일,대구광역시 남구 대명동,경상사고,0,0,1,0,차대사람 - 횡단중,보행자보호의무위반,건조,맑음,교차로 - 교차로횡단보도내,화물,남,50세,상해없음,보행자,여,65세,경상
2022112100100287,2022년 11월 21일 14시,월요일,대구광역시 동구 지저동,부상신고사고,0,0,0,1,차대사람 - 기타,안전운전불이행,건조,맑음,단일로 - 기타,승용,남,71세,상해없음,보행자,남,63세,부상신고
2022112100100288,2022년 11월 21일 14시,월요일,대구광역시 동구 불로동,부상신고사고,0,0,0,1,차량단독 - 기타,안전운전불이행,건조,맑음,단일로 - 기타,원동기,여,27세,부상신고,,,,
2022112100100289,2022년 11월 21일 14시,월요일,대구광역시 수성구 두산동,경상사고,0,0,1,0,차대사람 - 차도통행중,안전운전불이행,건조,맑음,단일로 - 기타,승용,남,36세,상해없음,보행자,여,46세,경상
2022112100100290,2022년 11월 21일 14시,월요일,대구광역시 서구 내당동,경상사고,0,0,2,0,차대차 - 추돌,안전운전불이행,건조,맑음,교차로 - 교차로부근,승용,남,44세,상해없음,승용,여,37세,경상
2022112100100320,2022년 11월 21일 15시,월요일,대구광역시 남구 대명동,부상신고사고,0,0,0,1,차량단독 - 기타,안전운전불이행,건조,맑음,교차로 - 교차로부근,자전거,남,39세,부상신고,,,,
2022112100100358,2022년 11월 21일 16시,월요일,대구광역시 달성군 화원읍,경상사고,0,0,1,0,차대차 - 기타,직진우회전진행방해,건조,맑음,교차로 - 교차로안,승용,남,60세,상해없음,화물,남,34세,경상
2022112100100359,2022년 11월 21일 16시,월요일,대구광역시 달서구 본리동,중상사고,0,1,0,0,차대차 - 측면충돌,안전거리미확보,건조,맑음,단일로 - 기타,승합,남,62세,상해없음,개인형이동수단(PM),여,63세,중상
2022112100100360,2022년 11월 21일 16시,월요일,대구광역시 북구 매천동,경상사고,0,0,2,0,차대차 - 측면충돌,안전운전불이행,건조,맑음,단일로 - 기타,이륜,남,28세,경상,이륜,남,22세,경상
2022112100100403,2022년 11월 21일 17시,월요일,대구광역시 동구 입석동,부상신고사고,0,0,0,1,차대차 - 측면충돌,안전거리미확보,건조,맑음,교차로 - 교차로횡단보도내,승용,남,72세,상해없음,승용,남,23세,부상신고
2022112100100404,2022년 11월 21일 17시,월요일,대구광역시 수성구 만촌동,경상사고,0,0,1,0,차량단독 - 기타,기타,건조,맑음,기타 - 기타,승합,남,58세,상해없음,,,,
2022112100100405,2022년 11월 21일 17시,월요일,대구광역시 수성구 범어동,경상사고,0,0,1,0,차대사람 - 횡단중,보행자보호의무위반,건조,맑음,단일로 - 기타,승용,남,73세,상해없음,보행자,여,9세,경상
2022112100100406,2022년 11월 21일 17시,월요일,대구광역시 북구 칠성동1가,중상사고,0,1,0,0,차대사람 - 횡단중,안전운전불이행,건조,맑음,단일로 - 기타,승용,남,69세,상해없음,보행자,남,71세,중상
2022112100100407,2022년 11월 21일 17시,월요일,대구광역시 서구 비산동,경상사고,0,0,3,0,차대차 - 기타,안전운전불이행,건조,맑음,단일로 - 기타,화물,남,63세,상해없음,승용,남,36세,경상
2022112100100477,2022년 11월 21일 18시,월요일,대구광역시 수성구 범어동,중상사고,0,1,0,0,차대차 - 추돌,신호위반,건조,맑음,교차로 - 교차로안,승용,여,48세,상해없음,이륜,남,75세,중상
2022112100100478,2022년 11월 21일 18시,월요일,대구광역시 달서구 감삼동,경상사고,0,0,1,0,차대차 - 기타,안전운전불이행,건조,맑음,기타 - 기타,승용,남,67세,상해없음,승용,여,25세,경상
2022112100100513,2022년 11월 21일 19시,월요일,대구광역시 동구 신암동,경상사고,0,0,1,0,차대차 - 기타,안전운전불이행,건조,맑음,교차로 - 교차로부근,이륜,남,78세,상해없음,이륜,남,31세,경상
2022112100100514,2022년 11월 21일 19시,월요일,대구광역시 북구 복현동,부상신고사고,0,0,0,1,차대차 - 측면충돌,안전운전불이행,건조,맑음,단일로 - 기타,개인형이동수단(PM),남,22세,부상신고,승용,남,27세,상해없음
2022112100100533,2022년 11월 21일 20시,월요일,대구광역시 북구 산격동,중상사고,0,1,0,0,차대차 - 측면충돌,안전운전불이행,건조,맑음,단일로 - 기타,승용,남,25세,기타불명,이륜,남,37세,중상
2022112100100555,2022년 11월 21일 21시,월요일,대구광역시 수성구 지산동,경상사고,0,0,1,0,차대사람 - 보도통행중,기타,건조,맑음,단일로 - 기타,승용,여,30세,상해없음,보행자,남,64세,경상
2022112100100565,2022년 11월 21일 22시,월요일,대구광역시 수성구 파동,중상사고,0,1,0,0,차대차 - 측면충돌,안전운전불이행,건조,맑음,교차로 - 교차로안,승용,남,50세,상해없음,이륜,여,57세,중상
2022112100100566,2022년 11월 21일 22시,월요일,대구광역시 수성구 지산동,경상사고,0,0,3,0,차대차 - 측면충돌,안전운전불이행,건조,맑음,교차로 - 교차로부근,승용,남,45세,상해없음,승용,여,20세,경상
2022112100100579,2022년 11월 21일 23시,월요일,대구광역시 남구 대명동,부상신고사고,0,0,0,1,차대차 - 기타,신호위반,건조,맑음,교차로 - 교차로부근,이륜,남,18세,상해없음,자전거,여,57세,부상신고
2022112100100580,2022년 11월 21일 23시,월요일,대구광역시 달성군 다사읍,중상사고,0,1,0,0,차대사람 - 보도통행중,보행자보호의무위반,건조,맑음,교차로 - 교차로횡단보도내,이륜,남,28세,상해없음,보행자,여,25세,중상
2022112200100005,2022년 11월 22일 00시,화요일,대구광역시 중구 삼덕동1가,경상사고,0,0,2,0,차대사람 - 기타,안전운전불이행,건조,맑음,단일로 - 기타,승용,남,20세,상해없음,보행자,남,23세,경상
2022112200100006,2022년 11월 22일 00시,화요일,대구광역시 달서구 용산동,경상사고,0,0,1,0,차대차 - 추돌,안전운전불이행,건조,맑음,교차로 - 교차로부근,승용,여,52세,상해없음,승용,남,70세,경상
2022112200100046,2022년 11월 22일 06시,화요일,대구광역시 수성구 지산동,중상사고,0,1,0,0,차대차 - 기타,중앙선침범,건조,맑음,교차로 - 교차로부근,이륜,남,57세,중상,승용,여,49세,상해없음
2022112200100163,2022년 11월 22일 10시,화요일,대구광역시 수성구 수성동1가,경상사고,0,0,1,0,차대차 - 추돌,안전거리미확보,건조,맑음,단일로 - 기타,승용,여,70세,상해없음,승용,남,44세,경상
2022112200100164,2022년 11월 22일 10시,화요일,대구광역시 달서구 상인동,경상사고,0,0,1,0,차대차 - 측면충돌,안전거리미확보,건조,맑음,단일로 - 기타,승용,여,49세,상해없음,승용,남,33세,경상
2022112200100212,2022년 11월 22일 12시,화요일,대구광역시 북구 구암동,경상사고,0,0,1,0,차량단독 - 공작물충돌,안전운전불이행,건조,맑음,단일로 - 기타,이륜,남,47세,경상,,,,
2022112200100240,2022년 11월 22일 13시,화요일,대구광역시 수성구 범어동,부상신고사고,0,0,0,1,차대차 - 측면충돌,안전운전불이행,건조,맑음,기타 - 기타,기타불명,기타불명,미분류,기타불명,승용,남,58세,부상신고
2022112200100273,2022년 11월 22일 14시,화요일,대구광역시 달성군 다사읍,경상사고,0,0,1,0,차대차 - 추돌,안전운전불이행,건조,맑음,교차로 - 교차로안,승용,남,52세,상해없음,승용,남,37세,경상
2022112200100274,2022년 11월 22일 14시,화요일,대구광역시 서구 중리동,경상사고,0,0,3,0,차대차 - 측면충돌,직진우회전진행방해,건조,맑음,교차로 - 교차로안,이륜,남,35세,경상,승용,남,31세,경상
2022112200100275,2022년 11월 22일 14시,화요일,대구광역시 서구 비산동,경상사고,0,0,2,0,차대차 - 측면충돌,교차로운행방법위반,건조,맑음,교차로 - 교차로안,승용,남,41세,경상,이륜,남,29세,경상
2022112200100329,2022년 11월 22일 16시,화요일,대구광역시 남구 봉덕동,경상사고,0,0,1,0,차대사람 - 횡단중,신호위반,건조,맑음,교차로 - 교차로안,승용,여,39세,상해없음,보행자,여,67세,경상
2022112200100330,2022년 11월 22일 16시,화요일,대구광역시 달성군 다사읍,경상사고,0,0,1,0,차대사람 - 기타,안전운전불이행,건조,맑음,단일로 - 기타,이륜,남,40세,상해없음,보행자,여,9세,경상
2022112200100393,2022년 11월 22일 17시,화요일,대구광역시 동구 동호동,경상사고,0,0,1,0,차대차 - 기타,안전운전불이행,건조,맑음,단일로 - 지하차도(도로)내,승합,남,68세,상해없음,자전거,여,61세,경상
2022112200100394,2022년 11월 22일 17시,화요일,대구광역시 수성구 황금동,경상사고,0,0,1,0,차대차 - 측면충돌,안전운전불이행,건조,맑음,교차로 - 교차로부근,이륜,남,70세,경상,승용,여,36세,상해없음
2022112200100395,2022년 11월 22일 17시,화요일,대구광역시 수성구 범어동,경상사고,0,0,1,0,차대차 - 추돌,안전운전불이행,젖음/습기,비,단일로 - 기타,승용,여,28세,상해없음,승용,남,47세,경상
2022112200100396,2022년 11월 22일 17시,화요일,대구광역시 달서구 월성동,중상사고,0,1,0,0,차대사람 - 횡단중,보행자보호의무위반,젖음/습기,흐림,교차로 - 교차로횡단보도내,승용,남,87세,상해없음,보행자,여,64세,중상
2022112200100397,2022년 11월 22일 17시,화요일,대구광역시 서구 이현동,경상사고,0,0,1,0,차대차 - 추돌,안전운전불이행,젖음/습기,비,교차로 - 교차로부근,승용,남,58세,상해없음,승용,남,63세,경상
2022112200100459,2022년 11월 22일 18시,화요일,대구광역시 수성구 범어동,경상사고,0,0,2,0,차대차 - 측면충돌,안전거리미확보,건조,맑음,단일로 - 기타,승용,여,70세,상해없음,승용,남,33세,경상
2022112200100460,2022년 11월 22일 18시,화요일,대구광역시 수성구 범물동,경상사고,0,0,1,0,차대차 - 측면충돌,안전운전불이행,건조,맑음,교차로 - 교차로안,승용,남,60세,상해없음,승용,남,51세,경상
2022112200100461,2022년 11월 22일 18시,화요일,대구광역시 달서구 월성동,중상사고,0,1,0,0,차대사람 - 횡단중,보행자보호의무위반,건조,맑음,교차로 - 교차로안,화물,남,58세,기타불명,보행자,여,24세,중상
2022112200100462,2022년 11월 22일 18시,화요일,대구광역시 북구 태전동,경상사고,0,0,1,0,차대차 - 추돌,신호위반,건조,맑음,교차로 - 교차로안,승용,남,29세,상해없음,이륜,남,28세,경상
2022112200100517,2022년 11월 22일 19시,화요일,대구광역시 동구 봉무동,경상사고,0,0,1,0,차대차 - 측면충돌,기타,건조,맑음,교차로 - 교차로안,승용,남,22세,기타불명,이륜,남,39세,경상
2022112200100518,2022년 11월 22일 19시,화요일,대구광역시 북구 읍내동,부상신고사고,0,0,0,1,차대차 - 추돌,안전운전불이행,건조,맑음,단일로 - 기타,승용,여,43세,상해없음,이륜,남,61세,부상신고
2022112300100003,2022년 11월 23일 00시,수요일,대구광역시 서구 이현동,경상사고,0,0,1,0,차대차 - 추돌,안전운전불이행,건조,맑음,단일로 - 기타,승용,남,39세,상해없음,승용,여,47세,경상
2022112300100037,2022년 11월 23일 06시,수요일,대구광역시 남구 봉덕동,중상사고,0,1,0,0,차대차 - 추돌,안전운전불이행,젖음/습기,비,단일로 - 기타,승용,여,57세,중상,건설기계,남,56세,상해없음
2022112300100038,2022년 11월 23일 06시,수요일,대구광역시 달성군 다사읍,중상사고,0,1,0,0,차대사람 - 횡단중,기타,건조,맑음,교차로 - 교차로부근,승용,남,54세,상해없음,보행자,남,49세,중상
2022112300100095,2022년 11월 23일 08시,수요일,대구광역시 동구 불로동,경상사고,0,0,1,1,차대차 - 측면충돌,안전거리미확보,건조,맑음,단일로 - 기타,승용,남,41세,부상신고,승용,남,62세,경상
2022112300100116,2022년 11월 23일 09시,수요일,대구광역시 남구 대명동,부상신고사고,0,0,0,1,차대사람 - 횡단중,안전운전불이행,건조,맑음,단일로 - 지하차도(도로)내,승용,남,68세,상해없음,보행자,남,87세,부상신고
2022112300100117,2022년 11월 23일 09시,수요일,대구광역시 달서구 월성동,경상사고,0,0,1,0,차대차 - 측면충돌,안전거리미확보,건조,맑음,기타 - 기타,승용,여,53세,상해없음,승용,여,37세,경상
2022112300100118,2022년 11월 23일 09시,수요일,대구광역시 북구 구암동,경상사고,0,0,1,0,차대차 - 측면충돌,교차로운행방법위반,건조,맑음,교차로 - 교차로안,승용,여,56세,상해없음,자전거,남,72세,경상
2022112300100153,2022년 11월 23일 10시,수요일,대구광역시 서구 비산동,중상사고,0,1,0,0,차대사람 - 횡단중,신호위반,젖음/습기,비,단일로 - 기타,승용,남,69세,상해없음,보행자,여,58세,중상
2022112300100154,2022년 11월 23일 10시,수요일,대구광역시 북구 산격동,경상사고,0,0,1,0,차대차 - 측면충돌,안전거리미확보,건조,맑음,단일로 - 기타,승용,여,65세,상해없음,승용,남,27세,경상
2022112300100183,2022년 11월 23일 11시,수요일,대구광역시 수성구 범어동,부상신고사고,0,0,0,1,차대차 - 기타,안전운전불이행,건조,맑음,단일로 - 기타,승용,여,31세,상해없음,이륜,남,28세,부상신고
2022112300100231,2022년 11월 23일 13시,수요일,대구광역시 달서구 송현동,경상사고,0,0,2,0,차대차 - 측면충돌,안전운전불이행,건조,맑음,기타 - 기타,승용,여,39세,경상,이륜,남,43세,경상
2022112300100261,2022년 11월 23일 14시,수요일,대구광역시 달서구 도원동,중상사고,0,1,0,0,차대차 - 측면충돌,안전운전불이행,건조,맑음,단일로 - 기타,승용,여,52세,상해없음,자전거,남,84세,중상
2022112300100262,2022년 11월 23일 14시,수요일,대구광역시 달서구 월성동,경상사고,0,0,2,0,차대차 - 측면충돌,안전운전불이행,건조,맑음,교차로 - 교차로횡단보도내,이륜,남,52세,경상,자전거,남,13세,경상
2022112300100263,2022년 11월 23일 14시,수요일,대구광역시 달성군 구지면,경상사고,0,0,1,0,차대사람 - 보도통행중,보행자보호의무위반,건조,맑음,단일로 - 기타,승용,여,55세,상해없음,보행자,여,8세,경상
2022112300100300,2022년 11월 23일 15시,수요일,대구광역시 동구 신천동,중상사고,0,1,0,0,차대사람 - 기타,안전운전불이행,건조,맑음,단일로 - 기타,승합,남,54세,상해없음,보행자,여,69세,중상
2022112300100342,2022년 11월 23일 16시,수요일,대구광역시 수성구 수성동4가,경상사고,0,0,1,0,차대차 - 기타,신호위반,건조,맑음,기타 - 기타,승용,여,49세,상해없음,승용,남,43세,경상
2022112300100375,2022년 11월 23일 17시,수요일,대구광역시 동구 율하동,중상사고,0,1,0,0,차대차 - 측면충돌,안전운전불이행,건조,맑음,교차로 - 교차로횡단보도내,승용,남,58세,상해없음,자전거,남,17세,중상
2022112300100376,2022년 11월 23일 17시,수요일,대구광역시 동구 방촌동,경상사고,0,0,1,0,차대차 - 측면충돌,안전거리미확보,건조,맑음,단일로 - 기타,화물,남,62세,상해없음,승용,남,31세,경상
2022112300100377,2022년 11월 23일 17시,수요일,대구광역시 수성구 만촌동,부상신고사고,0,0,0,1,차대차 - 기타,안전운전불이행,건조,맑음,교차로 - 교차로부근,승용,여,66세,상해없음,이륜,남,23세,부상신고
2022112300100378,2022년 11월 23일 17시,수요일,대구광역시 수성구 지산동,경상사고,0,0,2,0,차대차 - 측면충돌,안전거리미확보,건조,맑음,단일로 - 기타,승용,남,29세,경상,승용,여,46세,경상
2022112300100379,2022년 11월 23일 17시,수요일,대구광역시 달서구 송현동,중상사고,0,1,0,0,차대사람 - 차도통행중,안전운전불이행,건조,흐림,교차로 - 교차로안,승용,남,48세,상해없음,보행자,남,85세,중상
2022112300100380,2022년 11월 23일 17시,수요일,대구광역시 달서구 본동,경상사고,0,0,2,0,차대차 - 측면충돌,신호위반,건조,맑음,교차로 - 교차로부근,승용,여,70세,경상,승용,여,63세,경상
2022112300100381,2022년 11월 23일 17시,수요일,대구광역시 달서구 상인동,경상사고,0,0,1,0,차대차 - 측면충돌,안전거리미확보,건조,맑음,단일로 - 기타,승용,여,65세,상해없음,승용,남,47세,경상
2022112300100438,2022년 11월 23일 18시,수요일,대구광역시 수성구 가천동,경상사고,0,0,1,1,차대차 - 추돌,안전운전불이행,건조,맑음,기타 - 기타,승용,여,38세,부상신고,승용,남,43세,경상
2022112300100440,2022년 11월 23일 18시,수요일,대구광역시 북구 침산동,부상신고사고,0,0,0,1,차대차 - 추돌,안전운전불이행,건조,맑음,교차로 - 교차로부근,자전거,남,10세,부상신고,승용,남,57세,상해없음
2022112300100441,2022년 11월 23일 18시,수요일,대구광역시 서구 비산동,부상신고사고,0,0,0,1,차대차 - 기타,안전운전불이행,건조,맑음,교차로 - 교차로부근,자전거,여,25세,부상신고,승용,남,52세,상해없음
2022112300100487,2022년 11월 23일 19시,수요일,대구광역시 동구 신천동,경상사고,0,0,1,0,차대사람 - 기타,안전운전불이행,건조,맑음,단일로 - 기타,이륜,남,40세,상해없음,보행자,여,38세,경상
2022112300100488,2022년 11월 23일 19시,수요일,대구광역시 동구 신천동,경상사고,0,0,2,0,차대차 - 측면충돌,안전거리미확보,건조,맑음,기타 - 기타,승용,남,65세,상해없음,승용,여,42세,경상
2022112300100489,2022년 11월 23일 19시,수요일,대구광역시 수성구 만촌동,경상사고,0,0,1,0,차대차 - 기타,안전거리미확보,건조,맑음,교차로 - 교차로부근,승용,남,85세,상해없음,이륜,남,48세,경상
2022112300100490,2022년 11월 23일 19시,수요일,대구광역시 수성구 지산동,경상사고,0,0,1,0,차량단독 - 기타,안전운전불이행,건조,맑음,단일로 - 기타,승용,남,76세,상해없음,,,,
2022112300100491,2022년 11월 23일 19시,수요일,대구광역시 북구 고성동3가,경상사고,0,0,2,0,차대차 - 측면충돌,안전거리미확보,건조,맑음,단일로 - 기타,승용,여,55세,기타불명,승용,여,33세,경상
2022112300100492,2022년 11월 23일 19시,수요일,대구광역시 북구 구암동,중상사고,0,1,0,0,차대차 - 측면충돌,교차로운행방법위반,건조,맑음,교차로 - 교차로안,승용,여,60세,기타불명,이륜,남,50세,중상
2022112300100517,2022년 11월 23일 20시,수요일,대구광역시 남구 봉덕동,경상사고,0,0,1,0,차대차 - 기타,중앙선침범,건조,맑음,단일로 - 기타,승용,남,50세,상해없음,승용,남,53세,경상
2022112300100518,2022년 11월 23일 20시,수요일,대구광역시 수성구 상동,경상사고,0,0,1,0,차대차 - 측면충돌,안전운전불이행,건조,맑음,단일로 - 기타,승용,남,38세,상해없음,자전거,여,25세,경상
2022112300100519,2022년 11월 23일 20시,수요일,대구광역시 북구 고성동2가,경상사고,0,0,2,0,차대차 - 측면충돌,안전운전불이행,건조,맑음,교차로 - 교차로안,승합,남,64세,상해없음,승용,남,55세,경상
2022112300100546,2022년 11월 23일 21시,수요일,대구광역시 북구 국우동,중상사고,0,1,0,0,차대차 - 측면충돌,안전운전불이행,건조,맑음,단일로 - 지하차도(도로)내,개인형이동수단(PM),남,18세,중상,승용,남,58세,상해없음
2022112300100576,2022년 11월 23일 23시,수요일,대구광역시 남구 봉덕동,경상사고,0,0,3,0,차대차 - 기타,안전운전불이행,건조,맑음,단일로 - 기타,승용,남,50세,상해없음,승용,남,66세,경상
2022112300100577,2022년 11월 23일 23시,수요일,대구광역시 중구 동산동,경상사고,0,0,1,0,차대사람 - 기타,신호위반,건조,맑음,단일로 - 기타,승용,남,72세,상해없음,보행자,남,24세,경상
2022112400100009,2022년 11월 24일 00시,목요일,대구광역시 동구 방촌동,경상사고,0,0,2,0,차대차 - 추돌,안전운전불이행,건조,맑음,교차로 - 교차로부근,승용,남,49세,상해없음,승용,여,27세,경상
2022112400100016,2022년 11월 24일 01시,목요일,대구광역시 북구 산격동,경상사고,0,0,1,0,차대사람 - 기타,기타,건조,맑음,단일로 - 기타,승용,남,72세,상해없음,보행자,남,32세,경상
2022112400100069,2022년 11월 24일 07시,목요일,대구광역시 북구 침산동,경상사고,0,0,2,0,차대차 - 추돌,안전운전불이행,건조,맑음,단일로 - 기타,승용,남,20세,상해없음,승용,남,46세,경상
2022112400100117,2022년 11월 24일 08시,목요일,대구광역시 동구 율하동,경상사고,0,0,1,0,차대차 - 기타,안전운전불이행,건조,맑음,단일로 - 기타,승용,남,34세,상해없음,개인형이동수단(PM),남,13세,경상
2022112400100118,2022년 11월 24일 08시,목요일,대구광역시 동구 신암동,경상사고,0,0,1,0,차대사람 - 길가장자리구역통행중,안전운전불이행,건조,맑음,단일로 - 기타,승용,여,73세,상해없음,보행자,남,22세,경상
2022112400100157,2022년 11월 24일 09시,목요일,대구광역시 동구 신암동,경상사고,0,0,1,0,차대차 - 측면충돌,교차로운행방법위반,건조,맑음,교차로 - 교차로안,승용,남,73세,상해없음,개인형이동수단(PM),남,25세,경상
2022112400100158,2022년 11월 24일 09시,목요일,대구광역시 북구 동호동,경상사고,0,0,1,1,차대차 - 측면충돌,안전운전불이행,건조,맑음,교차로 - 교차로안,자전거,남,19세,부상신고,승용,남,57세,경상
2022112400100159,2022년 11월 24일 09시,목요일,대구광역시 북구 구암동,경상사고,0,0,2,0,차대차 - 정면충돌,안전운전불이행,건조,맑음,교차로 - 교차로횡단보도내,승용,남,55세,상해없음,승용,여,36세,경상