사고번호,사고일시,요일,시군구,사고내용,사망자수,중상자수,경상자수,부상신고자수,사고유형,법규위반,노면상태,기상상태,도로형태,가해운전자 차종,가해운전자 성별,가해운전자 연령,가해운전자 상해정도,피해운전자 차종,피해운전자 성별,피해운전자 연령,피해운전자 상해정도
2022112800100022,2022년 11월 28일 04시,월요일,대구광역시 수성구 성동,중상사고,0,1,0,0,차대차 - 추돌,안전운전불이행,건조,맑음,단일로 - 기타,승용,남,58세,상해없음,화물,남,31세,중상
2022112800100035,2022년 11월 28일 05시,월요일,대구광역시 서구 비산동,경상사고,0,0,1,0,차대차 - 측면충돌,안전운전불이행,건조,맑음,교차로 - 교차로안,승용,남,27세,상해없음,승용,남,72세,경상
2022112800100054,2022년 11월 28일 06시,월요일,대구광역시 수성구 범어동,중상사고,0,1,0,0,차대차 - 기타,차로위반,건조,맑음,단일로 - 기타,승용,여,46세,상해없음,이륜,남,38세,중상
2022112800100108,2022년 11월 28일 08시,월요일,대구광역시 달서구 상인동,중상사고,0,1,1,0,차대차 - 추돌,안전거리미확보,건조,맑음,기타 - 기타,승용,여,28세,경상,승용,여,57세,중상
2022112800100170,2022년 11월 28일 10시,월요일,대구광역시 동구 신천동,경상사고,0,0,1,0,차대사람 - 횡단중,보행자보호의무위반,건조,맑음,단일로 - 기타,승용,여,33세,상해없음,보행자,여,44세,경상
2022112800100171,2022년 11월 28일 10시,월요일,대구광역시 북구 침산동,경상사고,0,0,1,0,차대차 - 기타,안전운전불이행,건조,맑음,교차로 - 교차로횡단보도내,화물,남,63세,상해없음,자전거,남,73세,경상
2022112800100172,2022년 11월 28일 10시,월요일,대구광역시 서구 평리동,경상사고,0,0,1,0,차대사람 - 보도통행중,기타,건조,맑음,단일로 - 기타,자전거,기타불명,미분류,기타불명,보행자,남,41세,경상
2022112800100173,2022년 11월 28일 10시,월요일,대구광역시 서구 평리동,중상사고,0,1,0,0,차대차 - 측면충돌,신호위반,건조,맑음,단일로 - 기타,이륜,여,34세,상해없음,자전거,남,73세,중상
2022112800100203,2022년 11월 28일 11시,월요일,대구광역시 달성군 다사읍,경상사고,0,0,1,0,차대차 - 기타,신호위반,건조,맑음,교차로 - 교차로안,화물,남,50세,상해없음,승용,여,46세,경상
2022112800100204,2022년 11월 28일 11시,월요일,대구광역시 북구 팔달동,경상사고,0,0,1,0,차대차 - 측면충돌,중앙선침범,건조,맑음,단일로 - 지하차도(도로)내,승용,남,49세,상해없음,화물,남,59세,경상
2022112800100286,2022년 11월 28일 14시,월요일,대구광역시 남구 대명동,부상신고사고,0,0,0,1,차량단독 - 기타,안전운전불이행,건조,맑음,단일로 - 기타,자전거,여,77세,부상신고,,,,
2022112800100326,2022년 11월 28일 15시,월요일,대구광역시 달성군 다사읍,중상사고,0,1,0,0,차대차 - 측면충돌,안전운전불이행,건조,맑음,단일로 - 기타,승용,여,49세,상해없음,원동기,남,44세,중상
2022112800100327,2022년 11월 28일 15시,월요일,대구광역시 북구 침산동,경상사고,0,0,1,0,차대차 - 측면충돌,신호위반,건조,맑음,단일로 - 기타,승용,남,19세,기타불명,화물,남,32세,경상
2022112800100359,2022년 11월 28일 16시,월요일,대구광역시 북구 태전동,경상사고,0,0,1,0,차대차 - 측면충돌,교차로운행방법위반,젖음/습기,비,교차로 - 교차로안,건설기계,남,52세,상해없음,승용,남,30세,경상
2022112800100419,2022년 11월 28일 17시,월요일,대구광역시 달성군 논공읍,경상사고,0,0,2,0,차대차 - 기타,안전운전불이행,젖음/습기,맑음,단일로 - 기타,승용,여,56세,상해없음,승용,여,51세,경상
2022112800100420,2022년 11월 28일 17시,월요일,대구광역시 서구 중리동,경상사고,0,0,1,0,차대사람 - 횡단중,안전운전불이행,젖음/습기,비,교차로 - 교차로부근,승용,남,58세,상해없음,보행자,여,84세,경상
2022112800100421,2022년 11월 28일 17시,월요일,대구광역시 서구 내당동,경상사고,0,0,1,0,차대차 - 측면충돌,안전거리미확보,젖음/습기,비,교차로 - 교차로부근,승용,남,23세,상해없음,승용,남,65세,경상
2022112800100422,2022년 11월 28일 17시,월요일,대구광역시 서구 비산동,경상사고,0,0,2,0,차대차 - 측면충돌,안전거리미확보,젖음/습기,비,교차로 - 교차로부근,승용,여,24세,경상,승용,여,44세,경상
2022112800100489,2022년 11월 28일 18시,월요일,대구광역시 동구 용계동,부상신고사고,0,0,0,1,차대차 - 측면충돌,교차로운행방법위반,젖음/습기,비,교차로 - 교차로안,이륜,남,24세,부상신고,승합,남,46세,상해없음
2022112800100490,2022년 11월 28일 18시,월요일,대구광역시 동구 입석동,경상사고,0,0,1,0,차대차 - 후진중충돌,안전운전불이행,젖음/습기,비,단일로 - 기타,화물,남,73세,상해없음,승용,여,42세,경상
2022112800100491,2022년 11월 28일 18시,월요일,대구광역시 달서구 월성동,경상사고,0,0,1,0,차대사람 - 횡단중,안전운전불이행,건조,맑음,교차로 - 교차로안,승용,여,49세,상해없음,보행자,남,16세,경상
2022112800100492,2022년 11월 28일 18시,월요일,대구광역시 북구 관음동,경상사고,0,0,1,0,차대차 - 추돌,안전운전불이행,젖음/습기,비,단일로 - 지하차도(도로)내,화물,남,50세,상해없음,승용,여,48세,경상
2022112800100542,2022년 11월 28일 19시,월요일,대구광역시 수성구 범어동,경상사고,0,0,1,0,차대사람 - 횡단중,보행자보호의무위반,젖음/습기,비,교차로 - 교차로횡단보도내,이륜,남,24세,상해없음,보행자,남,50세,경상
2022112800100543,2022년 11월 28일 19시,월요일,대구광역시 달서구 송현동,중상사고,0,2,0,0,차대사람 - 횡단중,안전운전불이행,젖음/습기,비,단일로 - 기타,승용,남,62세,중상,보행자,남,65세,중상
2022112800100544,2022년 11월 28일 19시,월요일,대구광역시 달서구 본동,경상사고,0,0,1,0,차대차 - 측면충돌,중앙선침범,젖음/습기,비,교차로 - 교차로안,승용,여,57세,상해없음,이륜,남,35세,경상
2022112800100545,2022년 11월 28일 19시,월요일,대구광역시 달서구 이곡동,경상사고,0,0,1,0,차대사람 - 횡단중,신호위반,젖음/습기,비,교차로 - 교차로횡단보도내,승용,남,62세,상해없음,보행자,남,15세,경상
2022112800100595,2022년 11월 28일 20시,월요일,대구광역시 남구 대명동,경상사고,0,0,1,0,차대사람 - 기타,교차로운행방법위반,젖음/습기,비,교차로 - 교차로안,화물,남,29세,상해없음,보행자,남,22세,경상
2022112800100596,2022년 11월 28일 20시,월요일,대구광역시 서구 상리동,경상사고,0,0,1,0,차대차 - 추돌,안전운전불이행,젖음/습기,비,교차로 - 교차로부근,화물,남,49세,상해없음,승용,남,37세,경상
2022112800100642,2022년 11월 28일 21시,월요일,대구광역시 북구 산격동,중상사고,0,1,0,0,차대차 - 정면충돌,신호위반,젖음/습기,비,교차로 - 교차로안,승용,남,22세,기타불명,승용,남,34세,중상
2022112800100643,2022년 11월 28일 21시,월요일,대구광역시 서구 중리동,중상사고,0,2,0,0,차대차 - 측면충돌,안전운전불이행,건조,흐림,단일로 - 기타,승용,남,42세,상해없음,승용,남,57세,중상
2022112800100644,2022년 11월 28일 21시,월요일,대구광역시 북구 구암동,부상신고사고,0,0,0,1,차대차 - 기타,안전운전불이행,젖음/습기,비,단일로 - 기타,승용,남,50세,상해없음,이륜,남,16세,부상신고
2022112800100645,2022년 11월 28일 21시,월요일,대구광역시 북구 동천동,경상사고,0,0,1,1,차대차 - 측면충돌,불법유턴,젖음/습기,비,단일로 - 기타,승용,여,46세,상해없음,이륜,남,20세,부상신고
2022112800100676,2022년 11월 28일 22시,월요일,대구광역시 북구 복현동,경상사고,0,0,1,0,차대사람 - 횡단중,신호위반,건조,맑음,기타 - 기타,기타불명,기타불명,미분류,기타불명,보행자,남,39세,경상
2022112800100701,2022년 11월 28일 23시,월요일,대구광역시 동구 매여동,부상신고사고,0,0,0,1,차량단독 - 전도전복 - 전복,안전운전불이행,건조,맑음,단일로 - 기타,승용,남,79세,부상신고,,,,
2022112900100008,2022년 11월 29일 00시,화요일,대구광역시 달서구 상인동,중상사고,0,1,0,0,차대사람 - 기타,안전운전불이행,젖음/습기,비,단일로 - 기타,승용,여,62세,상해없음,보행자,남,37세,중상
2022112900100009,2022년 11월 29일 00시,화요일,대구광역시 북구 서변동,사망사고,1,0,0,0,차량단독 - 공작물충돌,안전운전불이행,젖음/습기,비,단일로 - 기타,승용,남,61세,사망,,,,
2022112900100016,2022년 11월 29일 01시,화요일,대구광역시 달서구 감삼동,경상사고,0,0,5,0,차대차 - 측면충돌,안전운전불이행,젖음/습기,비,교차로 - 교차로부근,승용,남,25세,상해없음,승용,남,59세,경상
2022112900100043,2022년 11월 29일 05시,화요일,대구광역시 달성군 다사읍,경상사고,0,0,1,0,차대차 - 기타,안전운전불이행,건조,맑음,기타 - 기타,승용,남,30세,상해없음,승용,남,30세,경상
2022112900100073,2022년 11월 29일 06시,화요일,대구광역시 남구 대명동,경상사고,0,0,2,0,차대차 - 추돌,안전운전불이행,젖음/습기,비,단일로 - 기타,승합,남,61세,상해없음,승용,남,38세,경상
2022112900100101,2022년 11월 29일 07시,화요일,대구광역시 남구 대명동,경상사고,0,0,1,0,차대사람 - 기타,안전운전불이행,건조,맑음,단일로 - 기타,화물,남,41세,기타불명,보행자,남,61세,경상
2022112900100102,2022년 11월 29일 07시,화요일,대구광역시 달성군 다사읍,경상사고,0,0,2,0,차대차 - 기타,안전운전불이행,건조,맑음,기타 - 기타,승용,남,59세,경상,승용,여,59세,경상
2022112900100137,2022년 11월 29일 08시,화요일,대구광역시 동구 신암동,경상사고,0,0,1,0,차대사람 - 차도통행중,안전운전불이행,건조,맑음,교차로 - 교차로안,승합,남,57세,상해없음,보행자,여,38세,경상
2022112900100138,2022년 11월 29일 08시,화요일,대구광역시 중구 동산동,경상사고,0,0,2,0,차대차 - 측면충돌,안전거리미확보,건조,흐림,기타 - 기타,승용,여,33세,상해없음,승용,남,21세,경상
2022112900100171,2022년 11월 29일 09시,화요일,대구광역시 달성군 다사읍,경상사고,0,0,1,0,차대차 - 기타,안전운전불이행,건조,맑음,단일로 - 기타,승용,여,33세,상해없음,승용,여,25세,경상
2022112900100200,2022년 11월 29일 10시,화요일,대구광역시 동구 방촌동,경상사고,0,0,2,0,차대차 - 후진중충돌,안전운전불이행,젖음/습기,비,단일로 - 지하차도(도로)내,승용,여,68세,상해없음,승용,남,33세,경상
2022112900100201,2022년 11월 29일 10시,화요일,대구광역시 달서구 도원동,경상사고,0,0,1,0,차대차 - 측면충돌,차로위반,젖음/습기,비,교차로 - 교차로부근,승용,남,65세,상해없음,승용,남,28세,경상
2022112900100224,2022년 11월 29일 11시,화요일,대구광역시 수성구 중동,부상신고사고,0,0,0,1,차대차 - 기타,안전운전불이행,젖음/습기,흐림,단일로 - 기타,기타불명,기타불명,미분류,기타불명,자전거,남,78세,부상신고
2022112900100225,2022년 11월 29일 11시,화요일,대구광역시 수성구 수성동1가,경상사고,0,0,1,0,차대차 - 측면충돌,차로위반,젖음/습기,비,단일로 - 기타,승용,남,81세,상해없음,승용,남,59세,경상
2022112900100226,2022년 11월 29일 11시,화요일,대구광역시 달성군 옥포읍,경상사고,0,0,2,0,차대차 - 추돌,안전운전불이행,건조,맑음,단일로 - 기타,승용,남,60세,상해없음,승용,남,46세,경상
2022112900100227,2022년 11월 29일 11시,화요일,대구광역시 달성군 화원읍,경상사고,0,0,1,0,차대차 - 기타,안전운전불이행,건조,맑음,단일로 - 기타,화물,남,72세,상해없음,승용,여,39세,경상
2022112900100228,2022년 11월 29일 11시,화요일,대구광역시 달서구 용산동,경상사고,0,0,1,0,차대차 - 추돌,안전거리미확보,건조,맑음,단일로 - 기타,화물,남,63세,상해없음,화물,남,55세,경상
2022112900100257,2022년 11월 29일 12시,화요일,대구광역시 달서구 상인동,경상사고,0,0,1,0,차대차 - 측면충돌,차로위반,건조,맑음,단일로 - 기타,이륜,남,57세,경상,승용,남,30세,상해없음
2022112900100258,2022년 11월 29일 12시,화요일,대구광역시 서구 비산동,중상사고,0,1,0,0,차대차 - 추돌,안전운전불이행,건조,맑음,교차로 - 교차로부근,화물,남,36세,상해없음,승용,여,65세,중상
2022112900100259,2022년 11월 29일 12시,화요일,대구광역시 서구 평리동,경상사고,0,0,1,0,차대차 - 정면충돌,안전운전불이행,젖음/습기,비,단일로 - 기타,화물,남,42세,상해없음,이륜,남,33세,경상
2022112900100260,2022년 11월 29일 12시,화요일,대구광역시 달서구 두류동,중상사고,0,1,0,0,차대사람 - 기타,안전운전불이행,건조,흐림,기타 - 기타,승합,남,62세,상해없음,보행자,여,81세,중상
2022112900100261,2022년 11월 29일 12시,화요일,대구광역시 북구 동천동,중상사고,0,1,0,0,차대차 - 기타,교차로운행방법위반,젖음/습기,흐림,교차로 - 교차로안,승용,남,41세,상해없음,이륜,남,44세,중상
2022112900100297,2022년 11월 29일 13시,화요일,대구광역시 남구 대명동,경상사고,0,0,1,0,차대차 - 추돌,불법유턴,젖음/습기,흐림,단일로 - 기타,승용,남,53세,경상,승용,남,42세,상해없음
2022112900100298,2022년 11월 29일 13시,화요일,대구광역시 수성구 두산동,부상신고사고,0,0,0,1,차대사람 - 기타,안전운전불이행,건조,맑음,기타 - 기타,기타불명,기타불명,미분류,기타불명,보행자,남,39세,부상신고
2022112900100299,2022년 11월 29일 13시,화요일,대구광역시 달성군 현풍읍,중상사고,0,1,0,0,차대차 - 측면충돌,차로위반,건조,맑음,단일로 - 기타,자전거,남,76세,중상,승용,여,60세,상해없음
2022112900100300,2022년 11월 29일 13시,화요일,대구광역시 중구 태평로3가,부상신고사고,0,0,0,1,차대차 - 측면충돌,안전운전불이행,건조,맑음,단일로 - 기타,승용,여,58세,부상신고,승용,남,30세,상해없음
2022112900100332,2022년 11월 29일 14시,화요일,대구광역시 동구 불로동,경상사고,0,0,1,0,차대차 - 후진중충돌,안전운전불이행,건조,맑음,단일로 - 기타,화물,남,62세,상해없음,승용,남,49세,경상
2022112900100333,2022년 11월 29일 14시,화요일,대구광역시 달서구 대천동,경상사고,0,0,2,0,차대차 - 기타,안전거리미확보,건조,맑음,단일로 - 기타,화물,남,36세,상해없음,화물,남,61세,경상
2022112900100353,2022년 11월 29일 15시,화요일,대구광역시 달서구 신당동,경상사고,0,0,1,0,차대차 - 측면충돌,안전거리미확보,건조,맑음,단일로 - 기타,승용,남,48세,상해없음,이륜,남,46세,경상
2022112900100386,2022년 11월 29일 16시,화요일,대구광역시 수성구 신매동,중상사고,0,1,1,0,차대차 - 추돌,안전운전불이행,건조,맑음,단일로 - 기타,승용,남,32세,상해없음,승용,남,65세,중상
2022112900100387,2022년 11월 29일 16시,화요일,대구광역시 수성구 지산동,경상사고,0,0,1,0,차대차 - 측면충돌,신호위반,건조,맑음,교차로 - 교차로안,승용,여,46세,상해없음,승용,여,53세,경상
2022112900100423,2022년 11월 29일 17시,화요일,대구광역시 달서구 송현동,경상사고,0,0,3,0,차대차 - 측면충돌,안전거리미확보,건조,맑음,교차로 - 교차로안,승용,남,65세,경상,승용,남,32세,경상
2022112900100424,2022년 11월 29일 17시,화요일,대구광역시 북구 서변동,경상사고,0,0,1,0,차대차 - 기타,안전운전불이행,건조,맑음,단일로 - 기타,승용,남,67세,상해없음,승용,남,30세,경상
2022112900100466,2022년 11월 29일 18시,화요일,대구광역시 북구 서변동,부상신고사고,0,0,0,1,차대차 - 측면충돌,안전운전불이행,건조,맑음,교차로 - 교차로부근,이륜,남,16세,부상신고,승용,남,52세,상해없음
2022112900100503,2022년 11월 29일 19시,화요일,대구광역시 수성구 두산동,부상신고사고,0,0,0,1,차대사람 - 차도통행중,보행자보호의무위반,건조,맑음,교차로 - 교차로부근,기타불명,기타불명,미분류,기타불명,보행자,남,67세,부상신고
2022112900100504,2022년 11월 29일 19시,화요일,대구광역시 달서구 진천동,경상사고,0,0,1,0,차대차 - 기타,안전거리미확보,건조,맑음,교차로 - 교차로부근,이륜,남,54세,경상,승합,남,65세,상해없음
2022112900100505,2022년 11월 29일 19시,화요일,대구광역시 달서구 감삼동,부상신고사고,0,0,0,1,차대차 - 측면충돌,직진우회전진행방해,건조,맑음,교차로 - 교차로안,개인형이동수단(PM),남,16세,부상신고,승용,남,48세,상해없음
2022112900100519,2022년 11월 29일 20시,화요일,대구광역시 북구 학정동,경상사고,0,0,1,0,차대차 - 측면충돌,교차로운행방법위반,건조,맑음,교차로 - 교차로안,승용,남,33세,상해없음,자전거,남,34세,경상
2022112900100542,2022년 11월 29일 21시,화요일,대구광역시 중구 북성로1가,중상사고,0,1,0,0,차대사람 - 횡단중,보행자보호의무위반,건조,흐림,단일로 - 기타,자전거,남,30세,상해없음,보행자,남,67세,중상
2022112900100566,2022년 11월 29일 23시,화요일,대구광역시 수성구 수성동3가,중상사고,0,1,0,0,차대차 - 추돌,안전운전불이행,건조,맑음,교차로 - 교차로부근,이륜,남,19세,중상,승용,남,61세,상해없음
2022112900100567,2022년 11월 29일 23시,화요일,대구광역시 달서구 본리동,중상사고,0,1,0,0,차대차 - 기타,안전운전불이행,건조,맑음,단일로 - 기타,승용,남,69세,상해없음,이륜,남,49세,중상
2022113000100011,2022년 11월 30일 00시,수요일,대구광역시 달서구 성당동,경상사고,0,0,1,0,차대사람 - 기타,보행자보호의무위반,건조,맑음,교차로 - 교차로횡단보도내,승용,여,55세,상해없음,보행자,남,43세,경상
2022113000100043,2022년 11월 30일 06시,수요일,대구광역시 동구 동호동,사망사고,1,0,0,0,차대사람 - 횡단중,기타,건조,맑음,교차로 - 교차로횡단보도내,승용,여,64세,상해없음,보행자,남,89세,사망
2022113000100061,2022년 11월 30일 07시,수요일,대구광역시 서구 평리동,중상사고,0,1,0,0,차대사람 - 기타,안전운전불이행,건조,맑음,단일로 - 기타,화물,남,60세,상해없음,보행자,여,51세,중상
2022113000100099,2022년 11월 30일 08시,수요일,대구광역시 동구 율암동,경상사고,0,0,3,0,차대차 - 기타,신호위반,건조,맑음,교차로 - 교차로안,승용,남,69세,경상,화물,남,47세,경상
2022113000100128,2022년 11월 30일 09시,수요일,대구광역시 수성구 매호동,경상사고,0,0,1,0,차대차 - 기타,교차로운행방법위반,건조,맑음,교차로 - 교차로부근,승용,여,30세,상해없음,승용,남,71세,경상
2022113000100154,2022년 11월 30일 10시,수요일,대구광역시 서구 내당동,경상사고,0,0,1,0,차대차 - 측면충돌,안전운전불이행,건조,맑음,교차로 - 교차로안,승용,남,62세,상해없음,승용,남,42세,경상
2022113000100179,2022년 11월 30일 11시,수요일,대구광역시 수성구 만촌동,경상사고,0,0,1,0,차대차 - 기타,안전운전불이행,건조,맑음,단일로 - 기타,이륜,남,45세,경상,승용,여,58세,상해없음
2022113000100233,2022년 11월 30일 13시,수요일,대구광역시 북구 관음동,경상사고,0,0,1,0,차대차 - 추돌,안전운전불이행,건조,맑음,단일로 - 기타,승용,여,45세,상해없음,승용,남,64세,경상
2022113000100239,2022년 11월 30일 13시,수요일,대구광역시 중구 삼덕동2가,경상사고,0,0,1,0,차대사람 - 기타,안전운전불이행,건조,맑음,단일로 - 기타,승용,남,60세,상해없음,보행자,남,74세,경상
2022113000100240,2022년 11월 30일 13시,수요일,대구광역시 달서구 본리동,경상사고,0,0,1,0,차대차 - 측면충돌,안전운전불이행,건조,맑음,단일로 - 기타,승용,남,36세,상해없음,승용,여,40세,경상
2022113000100372,2022년 11월 30일 17시,수요일,대구광역시 서구 중리동,중상사고,0,1,0,0,차대사람 - 횡단중,안전운전불이행,건조,맑음,단일로 - 기타,승합,남,64세,상해없음,보행자,여,69세,중상
2022113000100425,2022년 11월 30일 18시,수요일,대구광역시 북구 서변동,중상사고,0,1,0,0,차대사람 - 횡단중,보행자보호의무위반,건조,맑음,교차로 - 교차로부근,승용,남,58세,상해없음,보행자,여,56세,중상
2022113000100459,2022년 11월 30일 19시,수요일,대구광역시 북구 태전동,경상사고,0,0,1,0,차대차 - 측면충돌,교차로운행방법위반,건조,맑음,교차로 - 교차로안,승용,남,38세,상해없음,화물,남,61세,경상
2022113000100550,2022년 11월 30일 23시,수요일,대구광역시 수성구 범어동,경상사고,0,0,1,0,차대차 - 추돌,안전운전불이행,건조,맑음,단일로 - 기타,승용,남,63세,상해없음,승용,남,27세,경상
2022120100100016,2022년 12월 1일 01시,목요일,대구광역시 달서구 송현동,경상사고,0,0,1,0,차대차 - 측면충돌,안전거리미확보,건조,맑음,교차로 - 교차로안,승용,남,55세,상해없음,이륜,남,19세,경상
2022120100100022,2022년 12월 1일 02시,목요일,대구광역시 수성구 두산동,경상사고,0,0,1,0,차대사람 - 기타,안전운전불이행,기타,기타,기타 - 기타,승용,남,24세,상해없음,보행자,여,25세,경상
2022120100100026,2022년 12월 1일 03시,목요일,대구광역시 남구 봉덕동,중상사고,0,1,0,0,차대차 - 추돌,안전운전불이행,건조,맑음,교차로 - 교차로안,승용,남,28세,상해없음,승용,남,66세,중상
2022120100100060,2022년 12월 1일 06시,목요일,대구광역시 수성구 대흥동,경상사고,0,0,1,0,차대차 - 정면충돌,신호위반,건조,맑음,교차로 - 교차로안,화물,남,61세,상해없음,승합,남,59세,경상
2022120100100077,2022년 12월 1일 07시,목요일,대구광역시 동구 신암동,경상사고,0,0,1,0,차대차 - 추돌,안전운전불이행,건조,맑음,단일로 - 기타,승용,남,18세,상해없음,승용,남,38세,경상
2022120100100109,2022년 12월 1일 08시,목요일,대구광역시 수성구 연호동,경상사고,0,0,2,0,차대차 - 기타,안전운전불이행,건조,맑음,기타 - 기타,승용,남,23세,경상,승용,여,35세,경상
2022120100100139,2022년 12월 1일 09시,목요일,대구광역시 달서구 송현동,경상사고,0,0,1,0,차대차 - 추돌,안전운전불이행,건조,맑음,단일로 - 기타,승용,여,32세,상해없음,승용,여,59세,경상
2022120100100171,2022년 12월 1일 10시,목요일,대구광역시 달서구 진천동,경상사고,0,0,1,0,차대차 - 측면충돌,안전거리미확보,건조,맑음,단일로 - 기타,승용,여,60세,상해없음,승용,여,32세,경상
2022120100100198,2022년 12월 1일 11시,목요일,대구광역시 남구 봉덕동,경상사고,0,0,1,0,차대차 - 추돌,불법유턴,건조,맑음,단일로 - 지하차도(도로)내,화물,남,65세,기타불명,승용,남,28세,경상
2022120100100199,2022년 12월 1일 11시,목요일,대구광역시 남구 대명동,경상사고,0,0,2,0,차대차 - 추돌,안전운전불이행,건조,맑음,단일로 - 기타,승용,남,69세,상해없음,화물,남,41세,경상
2022120100100200,2022년 12월 1일 11시,목요일,대구광역시 동구 신천동,경상사고,0,0,1,0,차대차 - 측면충돌,안전운전불이행,건조,맑음,단일로 - 기타,승용,여,54세,상해없음,승용,남,50세,경상
2022120100100231,2022년 12월 1일 12시,목요일,대구광역시 수성구 시지동,경상사고,0,0,1,0,차대사람 - 횡단중,보행자보호의무위반,건조,맑음,교차로 - 교차로횡단보도내,승용,남,44세,상해없음,보행자,여,53세,경상
2022120100100232,2022년 12월 1일 12시,목요일,대구광역시 달서구 성당동,경상사고,0,0,1,0,차대사람 - 보도통행중,기타,건조,맑음,기타 - 기타,개인형이동수단(PM),여,17세,상해없음,보행자,여,48세,경상
2022120100100233,2022년 12월 1일 12시,목요일,대구광역시 북구 관음동,부상신고사고,0,0,0,1,차대차 - 정면충돌,안전운전불이행,건조,맑음,단일로 - 지하차도(도로)내,승용,남,62세,상해없음,이륜,여,22세,부상신고
2022120100100285,2022년 12월 1일 14시,목요일,대구광역시 수성구 매호동,경상사고,0,0,1,0,차대사람 - 횡단중,안전운전불이행,건조,맑음,교차로 - 교차로부근,승용,남,58세,상해없음,보행자,여,68세,경상
2022120100100320,2022년 12월 1일 15시,목요일,대구광역시 동구 신암동,경상사고,0,0,2,0,차대사람 - 기타,보행자보호의무위반,건조,맑음,기타 - 기타,이륜,남,60세,상해없음,보행자,여,72세,경상
2022120100100321,2022년 12월 1일 15시,목요일,대구광역시 북구 구암동,경상사고,0,0,1,0,차대차 - 측면충돌,중앙선침범,건조,맑음,단일로 - 기타,승용,남,59세,상해없음,이륜,남,26세,경상
2022120100100357,2022년 12월 1일 16시,목요일,대구광역시 수성구 지산동,경상사고,0,0,1,0,차대사람 - 기타,안전운전불이행,기타,기타,기타 - 기타,승용,남,54세,기타불명,보행자,여,14세,경상
2022120100100358,2022년 12월 1일 16시,목요일,대구광역시 북구 복현동,경상사고,0,0,1,0,차대차 - 측면충돌,안전거리미확보,건조,맑음,단일로 - 기타,승용,여,54세,상해없음,승용,여,33세,경상
2022120100100359,2022년 12월 1일 16시,목요일,대구광역시 서구 비산동,경상사고,0,0,2,0,차대차 - 기타,안전거리미확보,건조,맑음,단일로 - 기타,화물,남,60세,경상,승용,남,30세,경상
2022120100100397,2022년 12월 1일 17시,목요일,대구광역시 달서구 유천동,경상사고,0,0,2,0,차대차 - 측면충돌,안전운전불이행,건조,맑음,기타 - 기타,이륜,남,43세,상해없음,승용,남,43세,경상
2022120100100398,2022년 12월 1일 17시,목요일,대구광역시 달서구 상인동,중상사고,0,1,0,0,차대사람 - 보도통행중,기타,건조,맑음,기타 - 기타,승용,여,30세,상해없음,보행자,여,50세,중상
2022120100100399,2022년 12월 1일 17시,목요일,대구광역시 북구 태전동,경상사고,0,0,1,1,차대차 - 측면충돌,안전운전불이행,건조,맑음,단일로 - 지하차도(도로)내,승용,남,49세,부상신고,화물,남,19세,경상
2022120100100446,2022년 12월 1일 18시,목요일,대구광역시 수성구 범어동,경상사고,0,0,1,0,차대차 - 기타,안전운전불이행,건조,맑음,기타 - 기타,승용,남,67세,상해없음,승용,여,52세,경상
2022120100100447,2022년 12월 1일 18시,목요일,대구광역시 북구 침산동,경상사고,0,0,1,0,차대차 - 추돌,교차로운행방법위반,건조,맑음,교차로 - 교차로안,이륜,남,30세,상해없음,승용,남,35세,경상
2022120100100448,2022년 12월 1일 18시,목요일,대구광역시 북구 노원동3가,경상사고,0,0,1,0,차대차 - 측면충돌,안전거리미확보,건조,맑음,단일로 - 기타,승용,여,25세,상해없음,승용,남,57세,경상
2022120100100480,2022년 12월 1일 19시,목요일,대구광역시 중구 북성로2가,경상사고,0,0,1,0,차대차 - 측면충돌,안전운전불이행,건조,맑음,교차로 - 교차로횡단보도내,승용,남,74세,상해없음,자전거,남,30세,경상
2022120100100503,2022년 12월 1일 20시,목요일,대구광역시 서구 평리동,경상사고,0,0,1,0,차대사람 - 기타,안전운전불이행,건조,맑음,단일로 - 기타,승용,여,63세,상해없음,보행자,여,63세,경상
2022120100100521,2022년 12월 1일 21시,목요일,대구광역시 남구 대명동,경상사고,0,0,1,1,차대차 - 기타,안전운전불이행,건조,맑음,교차로 - 교차로부근,승용,남,24세,기타불명,승용,여,24세,경상
2022120100100522,2022년 12월 1일 21시,목요일,대구광역시 수성구 수성동1가,경상사고,0,0,1,0,차대차 - 측면충돌,안전운전불이행,건조,맑음,단일로 - 기타,승용,남,53세,상해없음,이륜,남,41세,경상
2022120100100523,2022년 12월 1일 21시,목요일,대구광역시 달서구 감삼동,경상사고,0,0,1,0,차대차 - 기타,안전운전불이행,건조,맑음,교차로 - 교차로안,승용,남,27세,상해없음,승용,남,58세,경상
2022120100100544,2022년 12월 1일 22시,목요일,대구광역시 수성구 범어동,중상사고,0,1,0,0,차대차 - 기타,신호위반,건조,맑음,교차로 - 교차로부근,이륜,남,46세,중상,승용,남,62세,상해없음
2022120100100545,2022년 12월 1일 22시,목요일,대구광역시 달서구 호산동,경상사고,0,0,1,0,차대차 - 기타,중앙선침범,건조,맑음,단일로 - 기타,이륜,남,23세,상해없음,승용,남,65세,경상
2022120200100059,2022년 12월 2일 06시,금요일,대구광역시 수성구 상동,중상사고,0,1,0,0,차대차 - 측면충돌,신호위반,건조,맑음,교차로 - 교차로안,승용,남,27세,상해없음,승용,남,61세,중상