사고번호,사고일시,요일,시군구,사고내용,사망자수,중상자수,경상자수,부상신고자수,사고유형,법규위반,노면상태,기상상태,도로형태,가해운전자 차종,가해운전자 성별,가해운전자 연령,가해운전자 상해정도,피해운전자 차종,피해운전자 성별,피해운전자 연령,피해운전자 상해정도
2022122300100264,2022년 12월 23일 14시,금요일,대구광역시 북구 태전동,경상사고,0,0,1,0,차대차 - 측면충돌,안전운전불이행,건조,맑음,단일로 - 기타,승합,여,48세,상해없음,이륜,남,54세,경상
2022122300100289,2022년 12월 23일 15시,금요일,대구광역시 동구 신천동,경상사고,0,0,2,0,차대차 - 추돌,안전거리미확보,건조,맑음,교차로 - 교차로부근,승용,남,32세,상해없음,승용,여,30세,경상
2022122300100323,2022년 12월 23일 16시,금요일,대구광역시 북구 동천동,경상사고,0,0,1,0,차대차 - 측면충돌,안전거리미확보,건조,맑음,단일로 - 지하차도(도로)내,화물,남,70세,상해없음,승용,여,40세,경상
2022122300100357,2022년 12월 23일 17시,금요일,대구광역시 수성구 파동,중상사고,0,1,0,0,차대사람 - 차도통행중,안전운전불이행,건조,맑음,교차로 - 교차로안,승합,남,53세,상해없음,보행자,여,51세,중상
2022122300100358,2022년 12월 23일 17시,금요일,대구광역시 달성군 다사읍,중상사고,0,1,0,0,차대차 - 기타,안전운전불이행,건조,맑음,기타 - 기타,승용,여,55세,상해없음,이륜,남,43세,중상
2022122300100359,2022년 12월 23일 17시,금요일,대구광역시 북구 산격동,부상신고사고,0,0,0,1,차대차 - 추돌,안전운전불이행,건조,맑음,교차로 - 교차로안,승용,남,62세,상해없음,이륜,남,22세,부상신고
2022122300100360,2022년 12월 23일 17시,금요일,대구광역시 달서구 성당동,경상사고,0,0,2,0,차대차 - 측면충돌,안전운전불이행,건조,맑음,단일로 - 기타,승용,남,57세,상해없음,승용,여,45세,경상
2022122300100414,2022년 12월 23일 18시,금요일,대구광역시 동구 신암동,경상사고,0,0,1,0,차대차 - 추돌,안전운전불이행,건조,맑음,단일로 - 교량,승용,여,72세,상해없음,승용,여,37세,경상
2022122300100415,2022년 12월 23일 18시,금요일,대구광역시 동구 각산동,경상사고,0,0,1,0,차대차 - 기타,신호위반,건조,맑음,교차로 - 교차로안,승용,남,73세,상해없음,승용,남,32세,경상
2022122300100416,2022년 12월 23일 18시,금요일,대구광역시 북구 산격동,경상사고,0,0,1,0,차대차 - 기타,신호위반,건조,맑음,교차로 - 교차로안,승용,남,54세,상해없음,자전거,남,62세,경상
2022122300100484,2022년 12월 23일 20시,금요일,대구광역시 남구 대명동,경상사고,0,0,1,0,차대차 - 측면충돌,안전운전불이행,건조,맑음,단일로 - 기타,승용,남,51세,상해없음,이륜,남,27세,경상
2022122300100513,2022년 12월 23일 21시,금요일,대구광역시 달서구 대천동,경상사고,0,0,1,0,차대차 - 추돌,안전운전불이행,건조,맑음,교차로 - 교차로부근,승용,남,51세,상해없음,승합,남,44세,경상
2022122300100544,2022년 12월 23일 22시,금요일,대구광역시 달서구 월성동,경상사고,0,0,1,0,차대사람 - 횡단중,보행자보호의무위반,건조,맑음,교차로 - 교차로횡단보도내,승용,남,51세,상해없음,보행자,여,61세,경상
2022122300100545,2022년 12월 23일 22시,금요일,대구광역시 북구 서변동,부상신고사고,0,0,0,1,차대차 - 기타,교차로운행방법위반,건조,맑음,교차로 - 교차로안,승용,남,34세,기타불명,승합,남,31세,부상신고
2022122300100573,2022년 12월 23일 23시,금요일,대구광역시 동구 신암동,중상사고,0,1,0,0,차대사람 - 횡단중,안전운전불이행,건조,맑음,단일로 - 기타,승용,남,50세,상해없음,보행자,여,29세,중상
2022122300100574,2022년 12월 23일 23시,금요일,대구광역시 달서구 이곡동,경상사고,0,0,1,0,차대차 - 기타,안전운전불이행,건조,맑음,기타 - 기타,승용,여,28세,상해없음,승용,남,39세,경상
2022122400100012,2022년 12월 24일 00시,토요일,대구광역시 달서구 두류동,경상사고,0,0,1,1,차대차 - 추돌,안전운전불이행,건조,맑음,단일로 - 기타,승용,남,32세,상해없음,승용,남,68세,경상
2022122400100025,2022년 12월 24일 01시,토요일,대구광역시 북구 태전동,중상사고,0,1,0,0,차대사람 - 보도통행중,안전운전불이행,건조,맑음,단일로 - 지하차도(도로)내,승용,남,49세,상해없음,보행자,남,43세,중상
2022122400100032,2022년 12월 24일 02시,토요일,대구광역시 중구 동인동2가,중상사고,0,1,0,0,차대차 - 추돌,안전운전불이행,건조,맑음,교차로 - 교차로안,승용,남,37세,상해없음,승용,남,36세,상해없음
2022122400100068,2022년 12월 24일 07시,토요일,대구광역시 수성구 두산동,경상사고,0,0,1,0,차대차 - 추돌,안전운전불이행,건조,맑음,단일로 - 기타,승용,남,70세,경상,승용,남,30세,기타불명
2022122400100081,2022년 12월 24일 08시,토요일,대구광역시 동구 신암동,중상사고,0,1,0,0,차대차 - 기타,신호위반,건조,맑음,교차로 - 교차로안,승용,남,55세,상해없음,이륜,남,37세,중상
2022122400100098,2022년 12월 24일 09시,토요일,대구광역시 북구 대현동,경상사고,0,0,1,0,차대차 - 정면충돌,신호위반,건조,맑음,교차로 - 교차로안,승합,남,24세,기타불명,승용,남,56세,경상
2022122400100119,2022년 12월 24일 10시,토요일,대구광역시 수성구 만촌동,경상사고,0,0,1,0,차대차 - 정면충돌,중앙선침범,건조,맑음,교차로 - 교차로부근,승용,남,26세,상해없음,승용,남,35세,경상
2022122400100120,2022년 12월 24일 10시,토요일,대구광역시 달서구 대곡동,중상사고,0,1,0,0,차대사람 - 횡단중,보행자보호의무위반,건조,맑음,교차로 - 교차로안,승용,남,55세,상해없음,보행자,여,77세,중상
2022122400100184,2022년 12월 24일 12시,토요일,대구광역시 북구 검단동,경상사고,0,0,4,0,차대차 - 기타,기타,건조,맑음,단일로 - 기타,화물,남,65세,상해없음,승용,남,33세,경상
2022122400100187,2022년 12월 24일 12시,토요일,대구광역시 동구 동호동,경상사고,0,0,1,0,차대차 - 측면충돌,안전운전불이행,건조,맑음,단일로 - 지하차도(도로)내,승용,남,22세,상해없음,이륜,남,42세,경상
2022122400100188,2022년 12월 24일 12시,토요일,대구광역시 수성구 두산동,중상사고,0,1,0,0,차대차 - 기타,안전운전불이행,건조,맑음,교차로 - 교차로부근,승용,남,35세,상해없음,이륜,남,53세,중상
2022122400100189,2022년 12월 24일 12시,토요일,대구광역시 수성구 만촌동,부상신고사고,0,0,0,1,차대차 - 측면충돌,안전운전불이행,기타,기타,기타 - 기타,승용,남,74세,상해없음,이륜,남,34세,부상신고
2022122400100190,2022년 12월 24일 12시,토요일,대구광역시 수성구 중동,부상신고사고,0,0,0,1,차량단독 - 기타,안전운전불이행,건조,맑음,단일로 - 기타,승합,남,39세,상해없음,,,,
2022122400100191,2022년 12월 24일 12시,토요일,대구광역시 북구 노원동2가,부상신고사고,0,0,0,1,차대차 - 추돌,안전운전불이행,건조,맑음,단일로 - 기타,승용,남,58세,상해없음,승용,남,54세,부상신고
2022122400100192,2022년 12월 24일 12시,토요일,대구광역시 북구 동천동,중상사고,0,1,0,0,차대차 - 측면충돌,중앙선침범,건조,맑음,단일로 - 기타,승용,남,49세,기타불명,이륜,남,22세,중상
2022122400100238,2022년 12월 24일 13시,토요일,대구광역시 북구 산격동,경상사고,0,0,1,0,차대차 - 측면충돌,안전운전불이행,건조,맑음,교차로 - 교차로안,승용,여,57세,상해없음,이륜,남,25세,경상
2022122400100239,2022년 12월 24일 13시,토요일,대구광역시 서구 평리동,경상사고,0,0,1,0,차대차 - 측면충돌,안전거리미확보,건조,맑음,단일로 - 기타,승용,여,49세,상해없음,화물,남,62세,경상
2022122400100269,2022년 12월 24일 14시,토요일,대구광역시 수성구 파동,경상사고,0,0,1,0,차대사람 - 기타,안전운전불이행,건조,맑음,단일로 - 기타,승용,남,56세,상해없음,보행자,남,45세,경상
2022122400100270,2022년 12월 24일 14시,토요일,대구광역시 달성군 현풍읍,경상사고,0,0,2,0,차대차 - 추돌,안전운전불이행,건조,맑음,단일로 - 기타,승용,여,61세,상해없음,승용,남,34세,경상
2022122400100271,2022년 12월 24일 14시,토요일,대구광역시 중구 봉산동,중상사고,0,1,0,0,차대사람 - 횡단중,안전운전불이행,건조,맑음,단일로 - 기타,승용,남,26세,상해없음,보행자,여,80세,중상
2022122400100308,2022년 12월 24일 15시,토요일,대구광역시 달성군 현풍읍,경상사고,0,0,1,0,차대사람 - 기타,안전운전불이행,건조,맑음,단일로 - 기타,승용,여,61세,상해없음,보행자,남,39세,경상
2022122400100309,2022년 12월 24일 15시,토요일,대구광역시 서구 내당동,중상사고,0,1,1,0,차대차 - 측면충돌,안전운전불이행,건조,맑음,교차로 - 교차로부근,승용,남,46세,경상,이륜,남,22세,중상
2022122400100352,2022년 12월 24일 16시,토요일,대구광역시 달성군 현풍읍,경상사고,0,0,1,0,차대차 - 기타,안전운전불이행,건조,맑음,기타 - 기타,화물,남,46세,상해없음,화물,남,45세,경상
2022122400100356,2022년 12월 24일 16시,토요일,대구광역시 남구 대명동,경상사고,0,0,1,0,차대차 - 기타,안전운전불이행,건조,맑음,단일로 - 기타,승용,남,38세,기타불명,자전거,여,52세,경상
2022122400100357,2022년 12월 24일 16시,토요일,대구광역시 동구 율하동,경상사고,0,0,1,0,차대차 - 측면충돌,안전운전불이행,건조,맑음,단일로 - 기타,자전거,여,60세,경상,화물,남,32세,상해없음
2022122400100358,2022년 12월 24일 16시,토요일,대구광역시 중구 삼덕동3가,경상사고,0,0,1,0,차대차 - 기타,안전운전불이행,건조,맑음,교차로 - 교차로부근,승용,여,53세,상해없음,승용,여,28세,경상
2022122400100400,2022년 12월 24일 17시,토요일,대구광역시 동구 검사동,부상신고사고,0,0,0,1,차대차 - 기타,안전운전불이행,건조,맑음,단일로 - 기타,승용,여,37세,상해없음,이륜,남,47세,부상신고
2022122400100401,2022년 12월 24일 17시,토요일,대구광역시 수성구 신매동,부상신고사고,0,0,0,1,차대사람 - 기타,안전운전불이행,젖음/습기,맑음,교차로 - 교차로안,기타불명,기타불명,미분류,기타불명,보행자,남,5세,부상신고
2022122400100402,2022년 12월 24일 17시,토요일,대구광역시 수성구 만촌동,경상사고,0,0,1,0,차대차 - 측면충돌,신호위반,건조,맑음,교차로 - 교차로부근,승용,남,65세,상해없음,자전거,남,54세,경상
2022122400100403,2022년 12월 24일 17시,토요일,대구광역시 수성구 수성동4가,중상사고,0,1,0,0,차대차 - 측면충돌,안전운전불이행,건조,맑음,단일로 - 기타,승합,남,66세,상해없음,자전거,남,57세,중상
2022122400100404,2022년 12월 24일 17시,토요일,대구광역시 달서구 도원동,경상사고,0,0,1,0,차대차 - 측면충돌,안전운전불이행,건조,맑음,단일로 - 지하차도(도로)내,원동기,남,35세,상해없음,원동기,남,37세,경상
2022122400100442,2022년 12월 24일 18시,토요일,대구광역시 달서구 월성동,경상사고,0,0,1,0,차대차 - 추돌,안전운전불이행,건조,맑음,기타 - 기타,승용,남,51세,상해없음,승용,남,44세,경상
2022122400100469,2022년 12월 24일 19시,토요일,대구광역시 북구 복현동,경상사고,0,0,1,0,차대차 - 기타,안전운전불이행,건조,맑음,단일로 - 기타,이륜,남,29세,경상,승용,남,57세,상해없음
2022122400100470,2022년 12월 24일 19시,토요일,대구광역시 중구 동인동4가,경상사고,0,0,1,0,차대사람 - 길가장자리구역통행중,안전운전불이행,건조,맑음,교차로 - 교차로안,승용,남,25세,상해없음,보행자,남,52세,경상
2022122400100514,2022년 12월 24일 21시,토요일,대구광역시 동구 각산동,중상사고,0,1,0,0,차대차 - 추돌,안전운전불이행,건조,맑음,단일로 - 기타,승용,여,53세,상해없음,이륜,여,43세,중상
2022122400100515,2022년 12월 24일 21시,토요일,대구광역시 달서구 도원동,경상사고,0,0,1,0,차대차 - 기타,신호위반,건조,맑음,교차로 - 교차로횡단보도내,화물,남,46세,상해없음,자전거,남,44세,경상
2022122400100548,2022년 12월 24일 23시,토요일,대구광역시 남구 대명동,경상사고,0,0,1,0,차대차 - 후진중충돌,안전운전불이행,건조,맑음,단일로 - 기타,승용,남,57세,상해없음,승용,여,28세,경상
2022122400100549,2022년 12월 24일 23시,토요일,대구광역시 동구 검사동,경상사고,0,0,1,1,차대차 - 측면충돌,기타,건조,맑음,교차로 - 교차로안,이륜,남,35세,부상신고,승용,남,61세,경상
2022122400100550,2022년 12월 24일 23시,토요일,대구광역시 달서구 본리동,중상사고,0,1,0,0,차대차 - 측면충돌,안전운전불이행,건조,흐림,단일로 - 기타,승용,남,31세,상해없음,승용,남,61세,중상
2022122500100008,2022년 12월 25일 00시,일요일,대구광역시 달서구 대천동,경상사고,0,0,6,1,차대차 - 기타,안전운전불이행,건조,맑음,교차로 - 교차로부근,승용,남,30세,상해없음,승용,남,67세,경상
2022122500100009,2022년 12월 25일 00시,일요일,대구광역시 서구 내당동,중상사고,0,1,0,0,차대차 - 측면충돌,안전거리미확보,건조,맑음,단일로 - 기타,승용,남,50세,상해없음,이륜,남,40세,중상
2022122500100019,2022년 12월 25일 01시,일요일,대구광역시 수성구 범어동,중상사고,0,1,0,0,차대사람 - 차도통행중,안전운전불이행,건조,맑음,교차로 - 교차로안,승용,남,20세,상해없음,보행자,남,26세,중상
2022122500100020,2022년 12월 25일 01시,일요일,대구광역시 달서구 대곡동,경상사고,0,0,1,0,차대차 - 기타,신호위반,건조,맑음,교차로 - 교차로안,이륜,남,18세,상해없음,승용,남,19세,경상
2022122500100025,2022년 12월 25일 02시,일요일,대구광역시 동구 신암동,경상사고,0,0,2,0,차대차 - 추돌,안전운전불이행,건조,맑음,교차로 - 교차로부근,승용,남,34세,상해없음,승용,남,32세,경상
2022122500100035,2022년 12월 25일 04시,일요일,대구광역시 중구 대봉동,중상사고,0,1,0,1,차대차 - 측면충돌,안전거리미확보,건조,맑음,단일로 - 기타,이륜,남,18세,부상신고,승용,남,30세,중상
2022122500100047,2022년 12월 25일 06시,일요일,대구광역시 동구 숙천동,경상사고,0,0,2,0,차대차 - 추돌,안전운전불이행,건조,맑음,단일로 - 기타,승용,남,33세,상해없음,승용,남,22세,경상
2022122500100064,2022년 12월 25일 08시,일요일,대구광역시 달서구 용산동,경상사고,0,0,1,0,차대차 - 측면충돌,신호위반,건조,맑음,교차로 - 교차로안,승합,남,51세,상해없음,승용,여,52세,경상
2022122500100110,2022년 12월 25일 11시,일요일,대구광역시 동구 율하동,중상사고,0,1,0,0,차대차 - 기타,안전거리미확보,건조,맑음,단일로 - 기타,승용,여,25세,상해없음,이륜,남,36세,중상
2022122500100111,2022년 12월 25일 11시,일요일,대구광역시 중구 대봉동,경상사고,0,0,6,0,차대차 - 추돌,안전운전불이행,건조,맑음,단일로 - 기타,승용,여,35세,경상,승용,남,47세,상해없음
2022122500100129,2022년 12월 25일 12시,일요일,대구광역시 달성군 다사읍,중상사고,0,1,0,0,차대사람 - 횡단중,안전운전불이행,건조,맑음,교차로 - 교차로안,승용,여,63세,상해없음,보행자,남,41세,중상
2022122500100130,2022년 12월 25일 12시,일요일,대구광역시 달서구 용산동,경상사고,0,0,2,0,차대차 - 후진중충돌,안전운전불이행,건조,맑음,기타 - 기타,승용,남,69세,상해없음,승용,남,51세,경상
2022122500100148,2022년 12월 25일 13시,일요일,대구광역시 동구 불로동,경상사고,0,0,1,0,차대차 - 측면충돌,안전운전불이행,건조,맑음,교차로 - 교차로부근,승용,남,56세,기타불명,이륜,남,23세,경상
2022122500100149,2022년 12월 25일 13시,일요일,대구광역시 달서구 진천동,경상사고,0,0,2,0,차대차 - 추돌,안전운전불이행,건조,맑음,기타 - 기타,승용,남,23세,상해없음,승용,남,58세,경상
2022122500100173,2022년 12월 25일 14시,일요일,대구광역시 달성군 논공읍,중상사고,0,1,0,0,차대차 - 기타,직진우회전진행방해,건조,맑음,기타 - 기타,승용,남,40세,상해없음,이륜,남,71세,중상
2022122500100208,2022년 12월 25일 15시,일요일,대구광역시 동구 신암동,중상사고,0,1,0,0,차대차 - 측면충돌,안전거리미확보,건조,맑음,단일로 - 기타,승용,여,51세,상해없음,승용,남,38세,중상
2022122500100209,2022년 12월 25일 15시,일요일,대구광역시 수성구 범어동,경상사고,0,0,1,0,차대차 - 측면충돌,차로위반,건조,맑음,단일로 - 기타,승용,남,61세,상해없음,이륜,남,33세,경상
2022122500100210,2022년 12월 25일 15시,일요일,대구광역시 수성구 만촌동,경상사고,0,0,1,0,차대차 - 측면충돌,안전운전불이행,건조,맑음,단일로 - 기타,승용,남,62세,상해없음,승용,남,34세,경상
2022122500100211,2022년 12월 25일 15시,일요일,대구광역시 북구 산격동,경상사고,0,0,1,0,차대차 - 추돌,안전운전불이행,건조,맑음,단일로 - 기타,승용,남,35세,상해없음,승용,여,53세,경상
2022122500100212,2022년 12월 25일 15시,일요일,대구광역시 중구 공평동,경상사고,0,0,2,0,차대차 - 기타,안전운전불이행,건조,맑음,교차로 - 교차로부근,승용,남,65세,상해없음,승용,여,55세,경상
2022122500100213,2022년 12월 25일 15시,일요일,대구광역시 북구 태전동,경상사고,0,0,1,0,차대차 - 기타,안전거리미확보,건조,맑음,단일로 - 기타,승용,남,57세,상해없음,이륜,남,18세,경상
2022122500100293,2022년 12월 25일 18시,일요일,대구광역시 수성구 만촌동,경상사고,0,0,1,0,차대차 - 측면충돌,신호위반,건조,맑음,교차로 - 교차로부근,승용,남,58세,상해없음,승용,남,51세,경상
2022122500100320,2022년 12월 25일 19시,일요일,대구광역시 동구 방촌동,경상사고,0,0,1,0,차대차 - 측면충돌,안전운전불이행,건조,맑음,교차로 - 교차로부근,이륜,남,60세,상해없음,이륜,남,48세,경상
2022122500100321,2022년 12월 25일 19시,일요일,대구광역시 수성구 범어동,경상사고,0,0,3,0,차대차 - 후진중충돌,안전운전불이행,건조,맑음,단일로 - 기타,승용,남,59세,상해없음,화물,남,30세,경상
2022122500100322,2022년 12월 25일 19시,일요일,대구광역시 달서구 진천동,경상사고,0,0,1,0,차대사람 - 기타,안전운전불이행,건조,맑음,기타 - 기타,기타불명,기타불명,미분류,기타불명,보행자,남,31세,경상
2022122500100342,2022년 12월 25일 20시,일요일,대구광역시 북구 칠성동2가,경상사고,0,0,2,0,차대사람 - 횡단중,보행자보호의무위반,건조,맑음,교차로 - 교차로횡단보도내,이륜,남,31세,경상,보행자,여,18세,경상
2022122500100357,2022년 12월 25일 21시,일요일,대구광역시 수성구 두산동,경상사고,0,0,2,0,차대차 - 측면충돌,안전운전불이행,건조,맑음,단일로 - 기타,원동기,남,41세,경상,승용,여,42세,경상
2022122500100376,2022년 12월 25일 22시,일요일,대구광역시 달서구 상인동,경상사고,0,0,1,0,차대차 - 기타,교차로운행방법위반,건조,맑음,교차로 - 교차로안,승용,여,42세,상해없음,개인형이동수단(PM),여,40세,경상
2022122500100377,2022년 12월 25일 22시,일요일,대구광역시 서구 내당동,경상사고,0,0,1,0,차대차 - 추돌,안전운전불이행,건조,맑음,단일로 - 기타,이륜,남,33세,상해없음,승용,여,60세,경상
2022122600100025,2022년 12월 26일 05시,월요일,대구광역시 북구 칠성동2가,사망사고,1,0,0,0,차대차 - 정면충돌,안전운전불이행,건조,맑음,교차로 - 교차로부근,화물,남,38세,기타불명,자전거,남,70세,사망
2022122600100061,2022년 12월 26일 07시,월요일,대구광역시 서구 원대동1가,경상사고,0,0,1,0,차대차 - 측면충돌,보행자보호의무위반,건조,맑음,교차로 - 교차로횡단보도내,자전거,남,24세,경상,승용,남,79세,상해없음
2022122600100095,2022년 12월 26일 08시,월요일,대구광역시 수성구 파동,부상신고사고,0,0,0,1,차대차 - 기타,기타,건조,맑음,교차로 - 교차로안,승용,여,62세,부상신고,화물,남,62세,상해없음
2022122600100096,2022년 12월 26일 08시,월요일,대구광역시 달서구 진천동,중상사고,0,1,0,0,차대차 - 측면충돌,교차로운행방법위반,건조,맑음,교차로 - 교차로안,자전거,남,13세,중상,승용,여,42세,상해없음
2022122600100097,2022년 12월 26일 08시,월요일,대구광역시 북구 침산동,중상사고,0,1,0,0,차대차 - 기타,교차로운행방법위반,건조,맑음,교차로 - 교차로안,승용,남,66세,상해없음,이륜,남,37세,중상
2022122600100098,2022년 12월 26일 08시,월요일,대구광역시 서구 내당동,경상사고,0,0,1,0,차대차 - 추돌,안전거리미확보,건조,맑음,단일로 - 기타,승용,여,61세,상해없음,승용,여,34세,경상
2022122600100099,2022년 12월 26일 08시,월요일,대구광역시 달서구 장기동,경상사고,0,0,1,0,차대차 - 후진중충돌,불법유턴,건조,맑음,교차로 - 교차로안,승용,여,50세,상해없음,승합,여,25세,경상
2022122600100167,2022년 12월 26일 10시,월요일,대구광역시 동구 지묘동,부상신고사고,0,0,0,1,차대사람 - 길가장자리구역통행중,안전운전불이행,건조,맑음,단일로 - 지하차도(도로)내,승용,여,65세,상해없음,보행자,남,26세,부상신고
2022122600100201,2022년 12월 26일 11시,월요일,대구광역시 서구 내당동,경상사고,0,0,2,0,차대차 - 측면충돌,안전운전불이행,건조,맑음,단일로 - 기타,승용,여,44세,경상,승용,남,33세,경상
2022122600100202,2022년 12월 26일 11시,월요일,대구광역시 달서구 두류동,경상사고,0,0,1,0,차량단독 - 공작물충돌,안전운전불이행,건조,맑음,기타 - 기타,승용,남,30세,상해없음,,,,
2022122600100226,2022년 12월 26일 12시,월요일,대구광역시 북구 산격동,경상사고,0,0,2,0,차대차 - 측면충돌,안전운전불이행,건조,맑음,교차로 - 교차로부근,승용,남,63세,기타불명,승용,여,46세,경상
2022122600100227,2022년 12월 26일 12시,월요일,대구광역시 서구 이현동,경상사고,0,0,1,0,차대차 - 측면충돌,안전운전불이행,건조,맑음,교차로 - 교차로안,승합,남,56세,상해없음,개인형이동수단(PM),여,32세,경상
2022122600100228,2022년 12월 26일 12시,월요일,대구광역시 달서구 갈산동,경상사고,0,0,1,0,차대차 - 기타,안전운전불이행,건조,맑음,교차로 - 교차로부근,화물,남,61세,상해없음,승용,여,41세,경상
2022122600100307,2022년 12월 26일 15시,월요일,대구광역시 수성구 파동,경상사고,0,0,1,0,차대사람 - 횡단중,안전운전불이행,건조,맑음,단일로 - 기타,승용,여,46세,상해없음,보행자,남,77세,경상
2022122600100308,2022년 12월 26일 15시,월요일,대구광역시 수성구 시지동,경상사고,0,0,2,0,차대차 - 기타,안전운전불이행,건조,맑음,단일로 - 기타,승용,남,61세,상해없음,승용,여,39세,경상
2022122600100309,2022년 12월 26일 15시,월요일,대구광역시 중구 대신동,경상사고,0,0,1,0,차대차 - 기타,안전운전불이행,건조,맑음,단일로 - 기타,승용,여,69세,상해없음,승용,남,64세,경상
2022122600100334,2022년 12월 26일 16시,월요일,대구광역시 달서구 월성동,경상사고,0,0,1,0,차대차 - 기타,안전운전불이행,건조,맑음,교차로 - 교차로부근,승용,남,43세,상해없음,승용,여,44세,상해없음
2022122600100335,2022년 12월 26일 16시,월요일,대구광역시 중구 삼덕동2가,경상사고,0,0,1,1,차대차 - 측면충돌,신호위반,건조,맑음,단일로 - 기타,승용,남,59세,부상신고,승합,남,60세,경상
2022122600100336,2022년 12월 26일 16시,월요일,대구광역시 남구 대명동,경상사고,0,0,1,0,차대차 - 기타,안전운전불이행,건조,맑음,교차로 - 교차로부근,승용,남,70세,상해없음,승용,남,21세,경상
2022122600100374,2022년 12월 26일 17시,월요일,대구광역시 달서구 유천동,경상사고,0,0,1,0,차대차 - 기타,안전운전불이행,건조,맑음,단일로 - 기타,화물,남,73세,상해없음,승합,남,61세,상해없음
2022122600100412,2022년 12월 26일 18시,월요일,대구광역시 수성구 수성동1가,경상사고,0,0,2,0,차대차 - 측면충돌,안전운전불이행,건조,맑음,단일로 - 교량,승용,여,28세,상해없음,승용,남,24세,경상
2022122600100413,2022년 12월 26일 18시,월요일,대구광역시 달서구 성당동,경상사고,0,0,1,0,차대차 - 측면충돌,안전운전불이행,건조,맑음,단일로 - 기타,승용,남,36세,상해없음,자전거,여,63세,경상
2022122600100453,2022년 12월 26일 19시,월요일,대구광역시 달서구 송현동,중상사고,0,1,1,0,차대차 - 측면충돌,기타,건조,맑음,교차로 - 교차로안,이륜,남,25세,중상,승용,남,41세,경상
2022122600100454,2022년 12월 26일 19시,월요일,대구광역시 달서구 용산동,경상사고,0,0,1,0,차대차 - 기타,안전거리미확보,건조,맑음,단일로 - 기타,화물,남,42세,상해없음,승용,남,24세,경상
2022122600100476,2022년 12월 26일 20시,월요일,대구광역시 달서구 대천동,경상사고,0,0,2,0,차대차 - 추돌,안전운전불이행,건조,흐림,단일로 - 기타,승용,여,57세,상해없음,이륜,남,28세,경상
2022122600100477,2022년 12월 26일 20시,월요일,대구광역시 달성군 다사읍,경상사고,0,0,1,0,차대차 - 기타,안전운전불이행,건조,맑음,기타 - 기타,건설기계,남,50세,상해없음,승용,남,45세,경상
2022122600100503,2022년 12월 26일 21시,월요일,대구광역시 북구 동천동,중상사고,0,1,0,0,차대사람 - 횡단중,안전운전불이행,건조,맑음,단일로 - 기타,이륜,남,25세,상해없음,보행자,여,54세,중상
2022122600100549,2022년 12월 26일 23시,월요일,대구광역시 남구 대명동,경상사고,0,0,1,0,차대차 - 측면충돌,안전운전불이행,건조,맑음,단일로 - 기타,승용,남,61세,상해없음,이륜,여,53세,경상
2022122700100059,2022년 12월 27일 06시,화요일,대구광역시 달성군 현풍읍,경상사고,0,0,1,0,차대차 - 추돌,안전운전불이행,건조,맑음,교차로 - 교차로안,승용,남,19세,상해없음,화물,남,62세,경상
2022122700100076,2022년 12월 27일 07시,화요일,대구광역시 동구 지저동,경상사고,0,0,1,0,차대차 - 측면충돌,안전운전불이행,건조,맑음,단일로 - 기타,승용,남,83세,상해없음,승용,남,50세,경상
2022122700100077,2022년 12월 27일 07시,화요일,대구광역시 북구 대현동,경상사고,0,0,1,0,차대차 - 정면충돌,신호위반,건조,맑음,교차로 - 교차로안,승용,남,71세,상해없음,승용,남,45세,경상
2022122700100120,2022년 12월 27일 08시,화요일,대구광역시 수성구 노변동,경상사고,0,0,1,0,차대차 - 측면충돌,교차로운행방법위반,건조,맑음,교차로 - 교차로안,화물,남,56세,상해없음,승용,여,39세,경상
2022122700100121,2022년 12월 27일 08시,화요일,대구광역시 달서구 유천동,경상사고,0,0,1,0,차대차 - 측면충돌,안전거리미확보,건조,맑음,단일로 - 기타,승용,남,53세,상해없음,승용,남,26세,경상
2022122700100156,2022년 12월 27일 09시,화요일,대구광역시 수성구 만촌동,부상신고사고,0,0,0,1,차대차 - 기타,안전운전불이행,건조,맑음,교차로 - 교차로안,승용,남,62세,상해없음,승용,남,35세,부상신고
2022122700100157,2022년 12월 27일 09시,화요일,대구광역시 달서구 대천동,중상사고,0,1,1,0,차대차 - 추돌,안전운전불이행,건조,맑음,교차로 - 교차로부근,화물,남,38세,중상,화물,남,59세,경상
2022122700100188,2022년 12월 27일 10시,화요일,대구광역시 동구 각산동,경상사고,0,0,1,0,차대차 - 측면충돌,안전운전불이행,건조,맑음,교차로 - 교차로부근,화물,남,66세,상해없음,이륜,남,66세,경상
2022122700100189,2022년 12월 27일 10시,화요일,대구광역시 북구 복현동,경상사고,0,0,1,0,차대차 - 추돌,안전운전불이행,건조,맑음,단일로 - 기타,화물,남,68세,상해없음,이륜,남,35세,경상
2022122700100190,2022년 12월 27일 10시,화요일,대구광역시 중구 계산동1가,중상사고,0,1,0,0,차대차 - 기타,안전거리미확보,건조,맑음,단일로 - 기타,승용,남,53세,상해없음,이륜,남,40세,중상