사고번호,사고일시,요일,시군구,사고내용,사망자수,중상자수,경상자수,부상신고자수,사고유형,법규위반,노면상태,기상상태,도로형태,가해운전자 차종,가해운전자 성별,가해운전자 연령,가해운전자 상해정도,피해운전자 차종,피해운전자 성별,피해운전자 연령,피해운전자 상해정도
2022122700100191,2022년 12월 27일 10시,화요일,대구광역시 달서구 감삼동,경상사고,0,0,1,1,차대차 - 측면충돌,안전거리미확보,건조,맑음,단일로 - 기타,승용,남,20세,상해없음,이륜,남,78세,경상
2022122700100217,2022년 12월 27일 11시,화요일,대구광역시 달성군 유가읍,경상사고,0,0,1,0,차대차 - 추돌,안전운전불이행,건조,맑음,교차로 - 교차로부근,승용,여,62세,상해없음,승용,남,30세,경상
2022122700100218,2022년 12월 27일 11시,화요일,대구광역시 달서구 성당동,경상사고,0,0,1,0,차대차 - 기타,직진우회전진행방해,건조,맑음,교차로 - 교차로안,승용,여,28세,상해없음,승용,남,74세,경상
2022122700100244,2022년 12월 27일 12시,화요일,대구광역시 달서구 진천동,경상사고,0,0,1,0,차대차 - 측면충돌,교차로운행방법위반,건조,맑음,교차로 - 교차로안,승용,여,59세,상해없음,이륜,남,24세,경상
2022122700100245,2022년 12월 27일 12시,화요일,대구광역시 서구 비산동,경상사고,0,0,1,0,차대사람 - 길가장자리구역통행중,안전운전불이행,건조,맑음,단일로 - 기타,승용,남,76세,상해없음,보행자,여,10세,경상
2022122700100274,2022년 12월 27일 13시,화요일,대구광역시 북구 동변동,중상사고,0,1,0,0,차대차 - 측면충돌,교차로운행방법위반,건조,맑음,교차로 - 교차로안,승용,남,39세,상해없음,이륜,남,54세,중상
2022122700100303,2022년 12월 27일 14시,화요일,대구광역시 달서구 유천동,경상사고,0,0,1,0,차대사람 - 횡단중,신호위반,건조,맑음,교차로 - 교차로안,승용,여,61세,상해없음,보행자,남,8세,경상
2022122700100324,2022년 12월 27일 15시,화요일,대구광역시 서구 이현동,경상사고,0,0,2,0,차대차 - 측면충돌,안전거리미확보,건조,맑음,단일로 - 기타,승합,남,41세,상해없음,화물,남,65세,상해없음
2022122700100325,2022년 12월 27일 15시,화요일,대구광역시 중구 대신동,중상사고,0,1,0,0,차대차 - 기타,불법유턴,건조,맑음,교차로 - 교차로안,이륜,남,57세,중상,승용,여,69세,상해없음
2022122700100404,2022년 12월 27일 17시,화요일,대구광역시 남구 봉덕동,경상사고,0,0,1,0,차대차 - 추돌,안전운전불이행,건조,맑음,단일로 - 지하차도(도로)내,승용,여,44세,상해없음,승용,여,30세,경상
2022122700100405,2022년 12월 27일 17시,화요일,대구광역시 북구 동호동,중상사고,0,1,4,0,차대차 - 측면충돌,안전거리미확보,건조,맑음,단일로 - 기타,화물,남,43세,상해없음,승용,남,61세,중상
2022122700100449,2022년 12월 27일 18시,화요일,대구광역시 수성구 만촌동,중상사고,0,1,0,0,차대차 - 추돌,안전운전불이행,건조,맑음,단일로 - 기타,승용,남,76세,상해없음,승용,여,52세,중상
2022122700100450,2022년 12월 27일 18시,화요일,대구광역시 달서구 상인동,경상사고,0,0,1,0,차대차 - 측면충돌,안전운전불이행,건조,맑음,교차로 - 교차로부근,승용,남,63세,상해없음,승용,남,41세,경상
2022122700100451,2022년 12월 27일 18시,화요일,대구광역시 달서구 월성동,경상사고,0,0,1,0,차대차 - 측면충돌,교차로운행방법위반,건조,맑음,교차로 - 교차로횡단보도내,승용,여,57세,상해없음,이륜,남,20세,경상
2022122700100495,2022년 12월 27일 19시,화요일,대구광역시 수성구 수성동1가,부상신고사고,0,0,0,1,차대차 - 기타,안전운전불이행,건조,맑음,교차로 - 교차로안,승용,남,69세,상해없음,승용,남,40세,부상신고
2022122700100496,2022년 12월 27일 19시,화요일,대구광역시 서구 비산동,중상사고,0,1,0,0,차대사람 - 횡단중,신호위반,건조,맑음,단일로 - 기타,승용,남,29세,상해없음,보행자,여,53세,중상
2022122700100524,2022년 12월 27일 20시,화요일,대구광역시 동구 신서동,경상사고,0,0,2,0,차대차 - 정면충돌,안전운전불이행,건조,맑음,단일로 - 기타,승용,여,23세,상해없음,승용,남,50세,경상
2022122700100525,2022년 12월 27일 20시,화요일,대구광역시 수성구 수성동1가,경상사고,0,0,1,0,차대차 - 측면충돌,안전거리미확보,건조,맑음,단일로 - 기타,승용,남,23세,상해없음,이륜,남,28세,경상
2022122700100526,2022년 12월 27일 20시,화요일,대구광역시 달서구 감삼동,경상사고,0,0,2,0,차대차 - 정면충돌,안전운전불이행,건조,맑음,단일로 - 기타,승용,남,43세,상해없음,승용,남,50세,경상
2022122700100547,2022년 12월 27일 21시,화요일,대구광역시 북구 조야동,중상사고,0,1,5,0,차대차 - 기타,안전운전불이행,건조,맑음,단일로 - 기타,승용,남,32세,상해없음,승합,남,58세,경상
2022122700100550,2022년 12월 27일 21시,화요일,대구광역시 동구 신천동,경상사고,0,0,1,0,차대차 - 추돌,안전운전불이행,건조,맑음,단일로 - 기타,승용,여,32세,상해없음,이륜,남,50세,경상
2022122700100551,2022년 12월 27일 21시,화요일,대구광역시 수성구 범어동,경상사고,0,0,1,0,차대차 - 기타,안전운전불이행,건조,맑음,단일로 - 기타,승용,여,47세,상해없음,이륜,남,53세,경상
2022122700100552,2022년 12월 27일 21시,화요일,대구광역시 수성구 사월동,경상사고,0,0,1,0,차대차 - 측면충돌,안전운전불이행,건조,맑음,단일로 - 기타,승용,남,51세,상해없음,승용,남,37세,경상
2022122700100553,2022년 12월 27일 21시,화요일,대구광역시 북구 동천동,경상사고,0,0,2,0,차대차 - 추돌,안전운전불이행,건조,맑음,단일로 - 지하차도(도로)내,승용,남,26세,상해없음,승용,남,30세,경상
2022122700100598,2022년 12월 27일 23시,화요일,대구광역시 달성군 유가읍,경상사고,0,0,2,0,차대차 - 기타,안전운전불이행,건조,맑음,단일로 - 기타,승용,남,33세,상해없음,승용,여,30세,경상
2022122700100599,2022년 12월 27일 23시,화요일,대구광역시 달성군 화원읍,경상사고,0,0,2,0,차대차 - 기타,안전운전불이행,건조,맑음,단일로 - 기타,승용,남,51세,상해없음,승용,남,32세,경상
2022122800100009,2022년 12월 28일 00시,수요일,대구광역시 북구 칠성동2가,경상사고,0,0,1,0,차대차 - 측면충돌,교차로운행방법위반,건조,맑음,교차로 - 교차로안,승용,남,48세,상해없음,승용,여,33세,경상
2022122800100016,2022년 12월 28일 01시,수요일,대구광역시 중구 삼덕동1가,경상사고,0,0,1,0,차대사람 - 기타,안전운전불이행,건조,맑음,단일로 - 기타,승용,남,19세,상해없음,보행자,여,21세,경상
2022122800100073,2022년 12월 28일 07시,수요일,대구광역시 북구 대현동,경상사고,0,0,1,0,차대차 - 측면충돌,차로위반,건조,맑음,단일로 - 기타,승용,남,69세,상해없음,승용,남,41세,경상
2022122800100103,2022년 12월 28일 08시,수요일,대구광역시 수성구 만촌동,경상사고,0,0,1,0,차대차 - 기타,안전운전불이행,건조,맑음,기타 - 기타,승용,남,49세,상해없음,승합,남,41세,상해없음
2022122800100104,2022년 12월 28일 08시,수요일,대구광역시 달서구 대천동,경상사고,0,0,2,0,차대차 - 추돌,안전운전불이행,건조,맑음,교차로 - 교차로부근,승용,남,69세,상해없음,승용,여,38세,경상
2022122800100105,2022년 12월 28일 08시,수요일,대구광역시 서구 비산동,중상사고,0,1,0,0,차대사람 - 횡단중,보행자보호의무위반,건조,맑음,교차로 - 교차로안,승용,여,62세,상해없음,보행자,남,22세,중상
2022122800100153,2022년 12월 28일 10시,수요일,대구광역시 달서구 대곡동,경상사고,0,0,2,0,차대차 - 후진중충돌,안전운전불이행,건조,맑음,단일로 - 기타,승용,남,74세,상해없음,승용,남,65세,경상
2022122800100216,2022년 12월 28일 12시,수요일,대구광역시 동구 송정동,경상사고,0,0,1,0,차대차 - 정면충돌,안전거리미확보,건조,맑음,교차로 - 교차로부근,승용,남,65세,기타불명,승용,여,54세,경상
2022122800100217,2022년 12월 28일 12시,수요일,대구광역시 중구 대신동,중상사고,0,1,0,0,차대사람 - 횡단중,보행자보호의무위반,건조,맑음,교차로 - 교차로횡단보도내,화물,남,76세,상해없음,보행자,여,75세,중상
2022122800100263,2022년 12월 28일 13시,수요일,대구광역시 수성구 상동,중상사고,0,1,0,0,차대차 - 측면충돌,차로위반,건조,맑음,교차로 - 교차로부근,승용,남,25세,상해없음,이륜,남,48세,중상
2022122800100264,2022년 12월 28일 13시,수요일,대구광역시 수성구 만촌동,경상사고,0,0,2,0,차대차 - 측면충돌,안전운전불이행,건조,맑음,단일로 - 기타,화물,남,64세,경상,이륜,여,26세,경상
2022122800100265,2022년 12월 28일 13시,수요일,대구광역시 북구 노원동3가,경상사고,0,0,1,0,차대차 - 추돌,안전거리미확보,건조,맑음,단일로 - 기타,화물,남,64세,상해없음,승용,여,61세,경상
2022122800100295,2022년 12월 28일 14시,수요일,대구광역시 수성구 만촌동,중상사고,0,1,1,0,차대차 - 추돌,안전거리미확보,건조,맑음,단일로 - 기타,승용,여,38세,경상,승용,남,58세,중상
2022122800100296,2022년 12월 28일 14시,수요일,대구광역시 달서구 송현동,중상사고,0,1,0,0,차대차 - 측면충돌,안전운전불이행,건조,맑음,단일로 - 기타,승용,여,64세,상해없음,자전거,여,68세,중상
2022122800100297,2022년 12월 28일 14시,수요일,대구광역시 중구 남산동,부상신고사고,0,0,0,1,차량단독 - 기타,기타,건조,맑음,기타 - 기타,승합,남,42세,상해없음,,,,
2022122800100373,2022년 12월 28일 16시,수요일,대구광역시 동구 불로동,경상사고,0,0,1,0,차대차 - 측면충돌,안전운전불이행,건조,맑음,교차로 - 교차로안,화물,남,60세,상해없음,승용,남,40세,경상
2022122800100374,2022년 12월 28일 16시,수요일,대구광역시 달서구 송현동,경상사고,0,0,2,0,차대차 - 정면충돌,안전운전불이행,건조,맑음,기타 - 기타,자전거,남,58세,경상,승용,남,22세,경상
2022122800100409,2022년 12월 28일 17시,수요일,대구광역시 서구 평리동,중상사고,0,1,0,0,차대사람 - 횡단중,보행자보호의무위반,건조,맑음,교차로 - 교차로안,승용,여,58세,상해없음,보행자,여,84세,중상
2022122800100541,2022년 12월 28일 20시,수요일,대구광역시 달서구 상인동,경상사고,0,0,1,0,차대사람 - 기타,안전운전불이행,건조,맑음,기타 - 기타,승용,여,29세,상해없음,보행자,남,31세,경상
2022122800100542,2022년 12월 28일 20시,수요일,대구광역시 서구 비산동,경상사고,0,0,2,0,차대차 - 추돌,안전운전불이행,건조,맑음,교차로 - 교차로부근,승용,남,62세,상해없음,승용,여,71세,경상
2022122800100621,2022년 12월 28일 23시,수요일,대구광역시 달성군 다사읍,경상사고,0,0,1,0,차대사람 - 횡단중,안전운전불이행,건조,맑음,기타 - 기타,승용,여,56세,상해없음,보행자,남,67세,경상
2022122800100622,2022년 12월 28일 23시,수요일,대구광역시 중구 공평동,경상사고,0,0,2,0,차대차 - 측면충돌,안전거리미확보,건조,맑음,단일로 - 기타,승용,남,26세,상해없음,승용,남,72세,경상
2022122900100010,2022년 12월 29일 00시,목요일,대구광역시 달성군 유가읍,중상사고,0,1,0,0,차량단독 - 공작물충돌,안전운전불이행,건조,맑음,단일로 - 기타,승용,남,41세,중상,,,,
2022122900100054,2022년 12월 29일 06시,목요일,대구광역시 남구 대명동,중상사고,0,1,0,0,차대사람 - 횡단중,안전운전불이행,건조,맑음,단일로 - 기타,승용,남,67세,상해없음,보행자,남,37세,중상
2022122900100055,2022년 12월 29일 06시,목요일,대구광역시 달서구 유천동,경상사고,0,0,1,0,차대차 - 기타,안전운전불이행,건조,맑음,기타 - 기타,승용,남,56세,상해없음,자전거,남,70세,경상
2022122900100056,2022년 12월 29일 06시,목요일,대구광역시 서구 내당동,중상사고,0,1,0,0,차대차 - 측면충돌,직진우회전진행방해,건조,맑음,교차로 - 교차로안,이륜,남,71세,상해없음,자전거,남,50세,중상
2022122900100130,2022년 12월 29일 09시,목요일,대구광역시 동구 신기동,경상사고,0,0,1,0,차대차 - 기타,교차로운행방법위반,건조,맑음,교차로 - 교차로안,승용,여,36세,상해없음,이륜,남,50세,경상
2022122900100131,2022년 12월 29일 09시,목요일,대구광역시 중구 동인동4가,부상신고사고,0,0,0,1,차대차 - 기타,안전운전불이행,건조,맑음,단일로 - 기타,자전거,남,67세,부상신고,건설기계,남,54세,상해없음
2022122900100242,2022년 12월 29일 13시,목요일,대구광역시 달서구 대곡동,경상사고,0,0,1,0,차대차 - 추돌,안전운전불이행,건조,맑음,기타 - 기타,승용,여,53세,상해없음,승용,여,25세,경상
2022122900100243,2022년 12월 29일 13시,목요일,대구광역시 중구 삼덕동2가,부상신고사고,0,0,0,1,차대차 - 기타,안전거리미확보,건조,맑음,단일로 - 기타,승용,남,71세,상해없음,이륜,남,45세,부상신고
2022122900100291,2022년 12월 29일 14시,목요일,대구광역시 남구 대명동,경상사고,0,0,1,0,차대차 - 측면충돌,안전운전불이행,건조,맑음,교차로 - 교차로안,승용,남,40세,상해없음,이륜,남,35세,경상
2022122900100292,2022년 12월 29일 14시,목요일,대구광역시 달성군 화원읍,경상사고,0,0,1,0,차대사람 - 기타,기타,건조,맑음,단일로 - 기타,승합,남,51세,상해없음,보행자,여,72세,경상
2022122900100355,2022년 12월 29일 16시,목요일,대구광역시 수성구 수성동4가,중상사고,0,1,0,1,차대차 - 추돌,안전거리미확보,건조,맑음,단일로 - 기타,승용,남,34세,상해없음,이륜,남,62세,중상
2022122900100356,2022년 12월 29일 16시,목요일,대구광역시 달서구 성당동,경상사고,0,0,2,0,차대차 - 측면충돌,신호위반,건조,맑음,교차로 - 교차로부근,이륜,남,18세,상해없음,승용,여,36세,경상
2022122900100357,2022년 12월 29일 16시,목요일,대구광역시 달서구 대천동,경상사고,0,0,1,0,차대차 - 측면충돌,교차로운행방법위반,건조,맑음,교차로 - 교차로안,승용,남,32세,상해없음,화물,남,42세,경상
2022122900100358,2022년 12월 29일 16시,목요일,대구광역시 달성군 화원읍,경상사고,0,0,1,0,차대사람 - 횡단중,보행자보호의무위반,건조,맑음,교차로 - 교차로안,승용,남,48세,상해없음,보행자,여,22세,경상
2022122900100407,2022년 12월 29일 17시,목요일,대구광역시 중구 수창동,부상신고사고,0,0,0,1,차대차 - 기타,신호위반,건조,맑음,교차로 - 교차로안,이륜,남,27세,부상신고,승용,여,30세,상해없음
2022122900100472,2022년 12월 29일 18시,목요일,대구광역시 수성구 범물동,경상사고,0,0,1,0,차대차 - 추돌,안전운전불이행,건조,맑음,교차로 - 교차로부근,승용,남,66세,상해없음,승용,여,64세,상해없음
2022122900100513,2022년 12월 29일 19시,목요일,대구광역시 동구 신천동,경상사고,0,0,1,0,차대차 - 측면충돌,안전운전불이행,건조,맑음,단일로 - 기타,승용,여,52세,상해없음,이륜,남,26세,경상
2022122900100514,2022년 12월 29일 19시,목요일,대구광역시 동구 입석동,중상사고,0,1,0,0,차대차 - 추돌,안전거리미확보,건조,맑음,교차로 - 교차로부근,승용,여,67세,상해없음,승용,여,31세,중상
2022122900100603,2022년 12월 29일 22시,목요일,대구광역시 달서구 대천동,중상사고,0,1,0,0,차대차 - 추돌,안전운전불이행,건조,맑음,단일로 - 기타,승용,남,36세,상해없음,승용,남,42세,중상
2022122900100604,2022년 12월 29일 22시,목요일,대구광역시 수성구 중동,경상사고,0,0,1,0,차대차 - 기타,안전거리미확보,건조,맑음,기타 - 기타,승용,남,62세,상해없음,승합,남,67세,경상
2022122900100605,2022년 12월 29일 22시,목요일,대구광역시 서구 평리동,경상사고,0,0,1,0,차대차 - 추돌,안전운전불이행,건조,맑음,단일로 - 기타,화물,남,73세,경상,건설기계,남,45세,기타불명
2022122900100606,2022년 12월 29일 22시,목요일,대구광역시 달서구 월암동,중상사고,0,1,1,0,차대차 - 추돌,안전운전불이행,건조,맑음,단일로 - 기타,승용,남,32세,상해없음,승용,남,62세,중상
2022122900100626,2022년 12월 29일 23시,목요일,대구광역시 남구 대명동,경상사고,0,0,1,0,차대차 - 측면충돌,안전거리미확보,건조,맑음,단일로 - 기타,승용,남,32세,기타불명,승용,남,24세,경상
2022122900100627,2022년 12월 29일 23시,목요일,대구광역시 동구 신천동,경상사고,0,0,2,0,차대차 - 기타,안전운전불이행,건조,맑음,단일로 - 지하차도(도로)내,승용,남,28세,상해없음,승용,남,65세,경상
2022122900100628,2022년 12월 29일 23시,목요일,대구광역시 북구 노원동3가,경상사고,0,0,1,0,차대차 - 측면충돌,안전거리미확보,건조,맑음,단일로 - 기타,승용,남,60세,상해없음,승용,남,25세,경상
2022123000100084,2022년 12월 30일 07시,금요일,대구광역시 북구 관음동,경상사고,0,0,1,0,차대사람 - 보도통행중,기타,건조,맑음,단일로 - 지하차도(도로)내,승합,남,50세,상해없음,보행자,여,60세,경상
2022123000100148,2022년 12월 30일 10시,금요일,대구광역시 동구 율하동,경상사고,0,0,1,0,차대차 - 측면충돌,교차로운행방법위반,건조,맑음,단일로 - 기타,승용,남,28세,상해없음,자전거,남,26세,경상
2022123000100181,2022년 12월 30일 11시,금요일,대구광역시 수성구 신매동,경상사고,0,0,1,0,차대사람 - 길가장자리구역통행중,안전운전불이행,건조,맑음,단일로 - 기타,승용,남,54세,상해없음,보행자,여,78세,경상
2022123000100182,2022년 12월 30일 11시,금요일,대구광역시 서구 내당동,경상사고,0,0,1,0,차대차 - 측면충돌,안전운전불이행,건조,맑음,교차로 - 교차로안,승용,여,39세,상해없음,승용,남,50세,경상
2022123000100183,2022년 12월 30일 11시,금요일,대구광역시 달서구 감삼동,경상사고,0,0,3,0,차대차 - 측면충돌,직진우회전진행방해,건조,맑음,교차로 - 교차로안,이륜,남,44세,경상,승용,남,35세,경상
2022123000100224,2022년 12월 30일 12시,금요일,대구광역시 동구 용계동,경상사고,0,0,1,0,차대차 - 추돌,안전거리미확보,건조,맑음,기타 - 기타,승용,여,30세,상해없음,화물,남,32세,경상
2022123000100225,2022년 12월 30일 12시,금요일,대구광역시 중구 남성로,경상사고,0,0,1,0,차대차 - 기타,직진우회전진행방해,건조,맑음,교차로 - 교차로안,승용,여,56세,상해없음,이륜,남,29세,경상
2022123000100274,2022년 12월 30일 13시,금요일,대구광역시 달서구 본리동,경상사고,0,0,1,0,차대차 - 추돌,안전운전불이행,건조,맑음,교차로 - 교차로부근,화물,남,59세,상해없음,승용,남,61세,경상
2022123000100311,2022년 12월 30일 14시,금요일,대구광역시 달서구 월성동,경상사고,0,0,1,0,차대차 - 측면충돌,안전운전불이행,건조,맑음,교차로 - 교차로안,화물,남,42세,상해없음,승용,여,40세,경상
2022123000100312,2022년 12월 30일 14시,금요일,대구광역시 달성군 논공읍,경상사고,0,0,3,0,차대차 - 추돌,차로위반,건조,맑음,단일로 - 기타,승용,여,38세,경상,승용,남,21세,경상
2022123000100313,2022년 12월 30일 14시,금요일,대구광역시 서구 비산동,경상사고,0,0,1,0,차대차 - 후진중충돌,안전운전불이행,건조,맑음,교차로 - 교차로부근,승용,남,58세,상해없음,이륜,남,49세,경상
2022123000100353,2022년 12월 30일 15시,금요일,대구광역시 서구 비산동,경상사고,0,0,1,0,차대차 - 추돌,안전운전불이행,건조,맑음,교차로 - 교차로부근,이륜,여,33세,경상,승용,남,19세,상해없음
2022123000100354,2022년 12월 30일 15시,금요일,대구광역시 중구 동인동2가,경상사고,0,0,1,0,차대차 - 측면충돌,안전운전불이행,건조,맑음,주차장 - 주차장,승용,여,43세,상해없음,승용,여,42세,경상
2022123000100355,2022년 12월 30일 15시,금요일,대구광역시 중구 대봉동,부상신고사고,0,0,0,4,차대차 - 측면충돌,안전운전불이행,건조,기타,주차장 - 주차장,승용,여,25세,부상신고,승용,여,39세,부상신고
2022123000100470,2022년 12월 30일 17시,금요일,대구광역시 동구 신암동,경상사고,0,0,2,0,차대차 - 추돌,안전거리미확보,건조,맑음,단일로 - 기타,승용,남,40세,상해없음,승용,남,42세,경상
2022123000100471,2022년 12월 30일 17시,금요일,대구광역시 수성구 범어동,경상사고,0,0,1,0,차대사람 - 기타,안전운전불이행,건조,맑음,교차로 - 교차로부근,승용,남,34세,상해없음,보행자,남,13세,경상
2022123000100472,2022년 12월 30일 17시,금요일,대구광역시 북구 칠성동2가,중상사고,0,1,0,0,차대차 - 측면충돌,안전운전불이행,건조,맑음,교차로 - 교차로부근,이륜,남,75세,중상,승용,남,56세,상해없음
2022123000100529,2022년 12월 30일 18시,금요일,대구광역시 동구 신암동,중상사고,0,1,0,0,차대차 - 측면충돌,기타,건조,맑음,단일로 - 기타,승용,남,78세,상해없음,이륜,남,63세,중상
2022123000100530,2022년 12월 30일 18시,금요일,대구광역시 북구 국우동,중상사고,0,1,0,1,차대차 - 측면충돌,안전운전불이행,건조,맑음,교차로 - 교차로안,승용,남,81세,부상신고,승용,여,54세,중상
2022123000100531,2022년 12월 30일 18시,금요일,대구광역시 북구 구암동,중상사고,0,1,0,0,차대사람 - 횡단중,보행자보호의무위반,건조,맑음,교차로 - 교차로횡단보도내,승용,남,39세,상해없음,보행자,여,80세,중상
2022123000100579,2022년 12월 30일 19시,금요일,대구광역시 동구 서호동,경상사고,0,0,1,0,차대차 - 추돌,안전운전불이행,건조,맑음,단일로 - 기타,승용,남,52세,상해없음,승용,여,24세,경상
2022123000100646,2022년 12월 30일 21시,금요일,대구광역시 북구 태전동,경상사고,0,0,1,0,차량단독 - 전도전복 - 전도,안전운전불이행,건조,맑음,기타 - 기타,개인형이동수단(PM),여,17세,경상,,,,
2022123000100667,2022년 12월 30일 22시,금요일,대구광역시 수성구 수성동4가,중상사고,0,1,0,0,차대차 - 기타,안전거리미확보,건조,맑음,단일로 - 기타,승용,남,56세,상해없음,이륜,남,44세,중상
2022123000100668,2022년 12월 30일 22시,금요일,대구광역시 북구 태전동,부상신고사고,0,0,0,1,차대차 - 측면충돌,안전운전불이행,건조,맑음,기타 - 기타,이륜,남,56세,부상신고,승용,남,44세,기타불명
2022123000100693,2022년 12월 30일 23시,금요일,대구광역시 동구 신천동,경상사고,0,0,2,0,차대차 - 측면충돌,안전운전불이행,건조,맑음,단일로 - 기타,승용,남,30세,상해없음,승용,남,52세,경상
2022123000100694,2022년 12월 30일 23시,금요일,대구광역시 수성구 황금동,중상사고,0,1,0,0,차대사람 - 횡단중,안전운전불이행,건조,맑음,단일로 - 기타,승용,남,22세,상해없음,보행자,남,51세,중상
2022123000100695,2022년 12월 30일 23시,금요일,대구광역시 달서구 상인동,중상사고,0,2,0,0,차대차 - 측면충돌,신호위반,건조,맑음,교차로 - 교차로부근,승용,남,27세,상해없음,승용,여,43세,중상
2022123100100042,2022년 12월 31일 01시,토요일,대구광역시 수성구 시지동,경상사고,0,0,1,0,차대차 - 기타,안전거리미확보,건조,맑음,단일로 - 기타,승용,남,70세,상해없음,이륜,남,32세,경상
2022123100100056,2022년 12월 31일 02시,토요일,대구광역시 북구 태전동,경상사고,0,0,1,0,차대사람 - 횡단중,신호위반,건조,맑음,교차로 - 교차로횡단보도내,승용,남,54세,상해없음,보행자,남,21세,경상
2022123100100076,2022년 12월 31일 04시,토요일,대구광역시 동구 동호동,경상사고,0,0,1,0,차대차 - 측면충돌,안전거리미확보,건조,맑음,단일로 - 기타,화물,남,49세,상해없음,승용,남,21세,경상
2022123100100092,2022년 12월 31일 06시,토요일,대구광역시 동구 신암동,경상사고,0,0,1,0,차대차 - 측면충돌,안전운전불이행,건조,맑음,교차로 - 교차로안,승용,여,27세,상해없음,승용,여,48세,경상
2022123100100101,2022년 12월 31일 07시,토요일,대구광역시 북구 읍내동,중상사고,0,1,0,0,차대사람 - 보도통행중,기타,건조,맑음,단일로 - 기타,자전거,여,65세,상해없음,보행자,남,49세,중상
2022123100100133,2022년 12월 31일 09시,토요일,대구광역시 동구 신천동,경상사고,0,0,1,0,차대차 - 추돌,안전운전불이행,건조,맑음,교차로 - 교차로안,승용,남,51세,상해없음,승용,여,36세,경상
2022123100100134,2022년 12월 31일 09시,토요일,대구광역시 달서구 호림동,경상사고,0,0,1,0,차대차 - 측면충돌,안전거리미확보,건조,맑음,교차로 - 교차로부근,화물,남,57세,상해없음,승용,남,40세,경상
2022123100100150,2022년 12월 31일 10시,토요일,대구광역시 수성구 만촌동,중상사고,0,1,0,0,차대차 - 측면충돌,안전거리미확보,건조,맑음,단일로 - 기타,승용,여,68세,상해없음,승용,여,43세,중상
2022123100100212,2022년 12월 31일 12시,토요일,대구광역시 남구 봉덕동,경상사고,0,0,2,0,차대차 - 기타,안전운전불이행,건조,맑음,단일로 - 기타,승용,여,61세,상해없음,승용,여,45세,경상
2022123100100213,2022년 12월 31일 12시,토요일,대구광역시 동구 율하동,경상사고,0,0,1,0,차대사람 - 횡단중,중앙선침범,건조,맑음,단일로 - 기타,승용,여,37세,상해없음,보행자,남,44세,경상
2022123100100214,2022년 12월 31일 12시,토요일,대구광역시 수성구 매호동,경상사고,0,0,4,0,차대차 - 추돌,안전운전불이행,건조,맑음,교차로 - 교차로부근,승용,남,42세,상해없음,승용,남,70세,경상
2022123100100215,2022년 12월 31일 12시,토요일,대구광역시 중구 포정동,중상사고,0,1,0,0,차대차 - 측면충돌,교차로운행방법위반,건조,맑음,교차로 - 교차로안,승용,남,36세,상해없음,자전거,여,58세,중상
2022123100100246,2022년 12월 31일 13시,토요일,대구광역시 수성구 범어동,중상사고,0,1,0,0,차대차 - 추돌,안전운전불이행,건조,맑음,단일로 - 기타,승용,남,69세,기타불명,이륜,남,30세,중상
2022123100100281,2022년 12월 31일 14시,토요일,대구광역시 수성구 범어동,경상사고,0,0,2,0,차대차 - 기타,안전운전불이행,건조,맑음,단일로 - 기타,승용,남,41세,상해없음,이륜,남,32세,경상
2022123100100282,2022년 12월 31일 14시,토요일,대구광역시 달서구 이곡동,경상사고,0,0,1,0,차대사람 - 차도통행중,안전운전불이행,건조,맑음,단일로 - 기타,승용,남,70세,상해없음,보행자,남,41세,경상
2022123100100363,2022년 12월 31일 17시,토요일,대구광역시 동구 용계동,중상사고,0,1,1,0,차대차 - 측면충돌,안전거리미확보,건조,맑음,단일로 - 기타,이륜,남,16세,상해없음,승용,남,40세,상해없음
2022123100100364,2022년 12월 31일 17시,토요일,대구광역시 동구 방촌동,부상신고사고,0,0,0,1,차대차 - 측면충돌,안전운전불이행,건조,맑음,단일로 - 기타,승용,남,36세,부상신고,승용,남,57세,기타불명
2022123100100365,2022년 12월 31일 17시,토요일,대구광역시 수성구 시지동,부상신고사고,0,0,0,1,차대사람 - 기타,안전운전불이행,건조,맑음,기타 - 기타,승용,남,39세,상해없음,보행자,여,73세,부상신고
2022123100100408,2022년 12월 31일 18시,토요일,대구광역시 남구 대명동,중상사고,0,1,5,0,차대차 - 기타,안전거리미확보,건조,맑음,단일로 - 터널,화물,남,66세,경상,승용,남,53세,경상
2022123100100409,2022년 12월 31일 18시,토요일,대구광역시 수성구 시지동,경상사고,0,0,2,0,차대차 - 추돌,안전운전불이행,건조,맑음,단일로 - 기타,화물,남,30세,상해없음,승용,남,23세,경상
2022123100100463,2022년 12월 31일 20시,토요일,대구광역시 수성구 연호동,경상사고,0,0,1,0,차대차 - 추돌,안전운전불이행,건조,맑음,단일로 - 기타,승용,남,63세,상해없음,화물,남,56세,상해없음
2022123100100464,2022년 12월 31일 20시,토요일,대구광역시 수성구 범물동,부상신고사고,0,0,0,1,차대차 - 기타,안전운전불이행,건조,맑음,교차로 - 교차로부근,기타불명,기타불명,미분류,기타불명,승용,남,33세,부상신고
2022123100100497,2022년 12월 31일 21시,토요일,대구광역시 동구 효목동,경상사고,0,0,1,0,차대차 - 측면충돌,안전운전불이행,건조,맑음,교차로 - 교차로부근,승용,남,61세,상해없음,이륜,남,37세,경상